const uint8_t Heebo_26pt8bBitmaps[] PROGMEM = {
  0x00, 0xFF, 0xFF, 0xFF, 0xFF, 0xFF, 0xFF, 0xFF, 0xFF, 0xFF, 0xFF, 0xFF,
  0xFF, 0xFF, 0xFF, 0xFF, 0xFF, 0xC0, 0x00, 0x00, 0x00, 0x27, 0xFF, 0xFF,
  0x90, 0xF1, 0xFE, 0x3F, 0xC7, 0xF8, 0xFF, 0x1F, 0xE3, 0xFC, 0x7F, 0x8F,
  0xF1, 0xFC, 0x3B, 0x87, 0x70, 0xE0, 0x00, 0x1E, 0x07, 0x80, 0x01, 0xC0,
  0x78, 0x00, 0x1C, 0x07, 0x00, 0x03, 0xC0, 0x70, 0x00, 0x3C, 0x0F, 0x00,
  0x03, 0xC0, 0xF0, 0x00, 0x38, 0x0F, 0x00, 0x03, 0x80, 0xE0, 0x00, 0x78,
  0x0E, 0x00, 0x07, 0x81, 0xE0, 0x3F, 0xFF, 0xFF, 0xF3, 0xFF, 0xFF, 0xFF,
  0x3F, 0xFF, 0xFF, 0xF3, 0xFF, 0xFF, 0xFF, 0x00, 0xF0, 0x3C, 0x00, 0x0F,
  0x03, 0xC0, 0x00, 0xF0, 0x3C, 0x00, 0x0E, 0x03, 0xC0, 0x00, 0xE0, 0x38,
  0x00, 0x1E, 0x03, 0x80, 0x01, 0xE0, 0x78, 0x00, 0x1E, 0x07, 0x80, 0x01,
  0xC0, 0x78, 0x0F, 0xFF, 0xFF, 0xFC, 0xFF, 0xFF, 0xFF, 0xCF, 0xFF, 0xFF,
  0xFC, 0xFF, 0xFF, 0xFF, 0xC0, 0x38, 0x0F, 0x00, 0x03, 0x80, 0xE0, 0x00,
  0x78, 0x0E, 0x00, 0x07, 0x81, 0xE0, 0x00, 0x78, 0x1E, 0x00, 0x07, 0x81,
  0xE0, 0x00, 0x70, 0x1C, 0x00, 0x07, 0x01, 0xC0, 0x00, 0xF0, 0x3C, 0x00,
  0x0F, 0x03, 0xC0, 0x00, 0x00, 0x3C, 0x00, 0x00, 0x78, 0x00, 0x00, 0xF0,
  0x00, 0x01, 0xE0, 0x00, 0x03, 0xC0, 0x00, 0x07, 0x80, 0x00, 0x7F, 0xE0,
  0x03, 0xFF, 0xF0, 0x0F, 0xFF, 0xF0, 0x3F, 0xFF, 0xF0, 0xFC, 0x07, 0xE1,
  0xF0, 0x07, 0xE7, 0xE0, 0x07, 0xCF, 0x80, 0x0F, 0xDF, 0x00, 0x0F, 0xBE,
  0x00, 0x1F, 0x7C, 0x00, 0x3E, 0xF8, 0x00, 0x01, 0xF8, 0x00, 0x01, 0xF8,
  0x00, 0x03, 0xF8, 0x00, 0x03, 0xFC, 0x00, 0x03, 0xFE, 0x00, 0x03, 0xFF,
  0x80, 0x03, 0xFF, 0xC0, 0x01, 0xFF, 0xC0, 0x00, 0x7F, 0xC0, 0x00, 0x3F,
  0xC0, 0x00, 0x1F, 0xC0, 0x00, 0x1F, 0x80, 0x00, 0x1F, 0x80, 0x00, 0x1F,
  0xF8, 0x00, 0x3F, 0xF0, 0x00, 0x7F, 0xE0, 0x00, 0xFF, 0xC0, 0x01, 0xF7,
  0xC0, 0x07, 0xEF, 0xC0, 0x0F, 0x9F, 0xC0, 0x7F, 0x1F, 0xFF, 0xFC, 0x1F,
  0xFF, 0xF0, 0x1F, 0xFF, 0xC0, 0x0F, 0xFE, 0x00, 0x01, 0xE0, 0x00, 0x03,
  0xC0, 0x00, 0x07, 0x80, 0x00, 0x0F, 0x00, 0x00, 0x1E, 0x00, 0x01, 0x00,
  0x00, 0x00, 0x0F, 0xE0, 0x00, 0x00, 0x3F, 0xF8, 0x00, 0x00, 0x7F, 0xFC,
  0x00, 0x00, 0x78, 0x3C, 0x00, 0x00, 0xF0, 0x1E, 0x01, 0x80, 0xE0, 0x0E,
  0x03, 0xC0, 0xE0, 0x0E, 0x03, 0x80, 0xE0, 0x0E, 0x07, 0x80, 0xE0, 0x0E,
  0x0F, 0x00, 0xE0, 0x0E, 0x0F, 0x00, 0xE0, 0x0E, 0x1E, 0x00, 0xE0, 0x0E,
  0x1C, 0x00, 0x70, 0x1C, 0x3C, 0x00, 0x78, 0x3C, 0x78, 0x00, 0x3F, 0xF8,
  0x78, 0x00, 0x1F, 0xF0, 0xF0, 0x00, 0x07, 0xC0, 0xE0, 0x00, 0x00, 0x01,
  0xE0, 0x00, 0x00, 0x03, 0xC0, 0x00, 0x00, 0x03, 0x80, 0x00, 0x00, 0x07,
  0x83, 0xF0, 0x00, 0x0F, 0x07, 0xF8, 0x00, 0x0F, 0x0F, 0xFC, 0x00, 0x1E,
  0x1E, 0x1E, 0x00, 0x1C, 0x1C, 0x0E, 0x00, 0x3C, 0x38, 0x07, 0x00, 0x78,
  0x38, 0x07, 0x00, 0x70, 0x38, 0x07, 0x00, 0xF0, 0x38, 0x07, 0x00, 0xE0,
  0x38, 0x07, 0x01, 0xE0, 0x38, 0x07, 0x03, 0xC0, 0x38, 0x07, 0x03, 0x80,
  0x3C, 0x0F, 0x01, 0x80, 0x1C, 0x0E, 0x00, 0x00, 0x1F, 0xFE, 0x00, 0x00,
  0x0F, 0xFC, 0x00, 0x00, 0x07, 0xF8, 0x00, 0x00, 0x00, 0x00, 0x00, 0x08,
  0x00, 0x00, 0x0F, 0xFC, 0x00, 0x00, 0xFF, 0xF0, 0x00, 0x0F, 0xFF, 0xC0,
  0x00, 0xFF, 0xFF, 0x00, 0x07, 0xC0, 0xF8, 0x00, 0x7E, 0x07, 0xE0, 0x03,
  0xE0, 0x1F, 0x00, 0x1F, 0x00, 0xF8, 0x00, 0xF8, 0x07, 0xC0, 0x07, 0xC0,
  0x3E, 0x00, 0x3E, 0x03, 0xE0, 0x00, 0xF8, 0x3F, 0x00, 0x07, 0xC3, 0xF0,
  0x00, 0x1F, 0x3F, 0x00, 0x00, 0xFF, 0xF0, 0x00, 0x03, 0xFF, 0x00, 0x00,
  0x0F, 0xE0, 0x00, 0x00, 0xFE, 0x00, 0x00, 0x0F, 0xF8, 0x00, 0x00, 0xFF,
  0xE0, 0x00, 0x0F, 0xDF, 0x80, 0xF0, 0xFC, 0x7E, 0x07, 0x8F, 0xC1, 0xF0,
  0x3C, 0x7C, 0x07, 0xC1, 0xE7, 0xE0, 0x3F, 0x1F, 0x3E, 0x00, 0xFC, 0xF1,
  0xF0, 0x03, 0xF7, 0x8F, 0x80, 0x0F, 0xFC, 0x7C, 0x00, 0x3F, 0xC3, 0xE0,
  0x00, 0xFE, 0x1F, 0x80, 0x07, 0xE0, 0x7E, 0x00, 0x3F, 0x83, 0xF8, 0x07,
  0xFC, 0x0F, 0xFF, 0xFF, 0xF0, 0x3F, 0xFF, 0xF7, 0xC0, 0xFF, 0xFE, 0x3F,
  0x01, 0xFF, 0xC0, 0xFC, 0x00, 0x40, 0x00, 0x00, 0xFF, 0xFF, 0xFF, 0xFF,
  0xFF, 0xFF, 0x00, 0x08, 0x00, 0x60, 0x03, 0x80, 0x1E, 0x00, 0xF0, 0x07,
  0x80, 0x3E, 0x01, 0xF0, 0x07, 0x80, 0x3E, 0x00, 0xF0, 0x07, 0xC0, 0x1E,
  0x00, 0xF8, 0x03, 0xE0, 0x0F, 0x00, 0x7C, 0x01, 0xF0, 0x07, 0xC0, 0x1F,
  0x00, 0xF8, 0x03, 0xE0, 0x0F, 0x80, 0x3E, 0x00, 0xF8, 0x03, 0xE0, 0x0F,
  0x80, 0x3E, 0x00, 0xF8, 0x03, 0xE0, 0x0F, 0x80, 0x3E, 0x00, 0xF8, 0x03,
  0xE0, 0x07, 0x80, 0x1F, 0x00, 0x7C, 0x01, 0xF0, 0x03, 0xC0, 0x0F, 0x80,
  0x3E, 0x00, 0x78, 0x01, 0xF0, 0x03, 0xC0, 0x0F, 0x80, 0x1E, 0x00, 0x7C,
  0x00, 0xF0, 0x01, 0xE0, 0x07, 0xC0, 0x0F, 0x80, 0x1E, 0x00, 0x38, 0x00,
  0x20, 0x40, 0x01, 0x80, 0x07, 0x00, 0x1E, 0x00, 0x3C, 0x00, 0x78, 0x01,
  0xF0, 0x03, 0xE0, 0x07, 0x80, 0x1F, 0x00, 0x3C, 0x00, 0xF8, 0x01, 0xE0,
  0x07, 0xC0, 0x1F, 0x00, 0x3C, 0x00, 0xF8, 0x03, 0xE0, 0x0F, 0x80, 0x3E,
  0x00, 0x78, 0x01, 0xF0, 0x07, 0xC0, 0x1F, 0x00, 0x7C, 0x01, 0xF0, 0x07,
  0xC0, 0x1F, 0x00, 0x7C, 0x01, 0xF0, 0x07, 0xC0, 0x1F, 0x00, 0x7C, 0x01,
  0xF0, 0x0F, 0x80, 0x3E, 0x00, 0xF8, 0x03, 0xE0, 0x0F, 0x00, 0x7C, 0x01,
  0xF0, 0x07, 0x80, 0x3E, 0x00, 0xF0, 0x07, 0xC0, 0x1E, 0x00, 0xF8, 0x03,
  0xC0, 0x1E, 0x00, 0xF8, 0x07, 0xC0, 0x1E, 0x00, 0x70, 0x01, 0x00, 0x00,
  0x00, 0x78, 0x00, 0x03, 0xC0, 0x00, 0x1E, 0x00, 0x00, 0xF0, 0x00, 0x07,
  0x80, 0x00, 0x3C, 0x01, 0x81, 0xE0, 0x4F, 0x8F, 0x0F, 0x7F, 0x7B, 0xFB,
  0xFF, 0xFF, 0xC7, 0xFF, 0xFC, 0x07, 0xFE, 0x00, 0x0F, 0xC0, 0x00, 0xFF,
  0x00, 0x0F, 0xF8, 0x00, 0xF9, 0xE0, 0x07, 0x8F, 0x80, 0x7C, 0x3E, 0x07,
  0xC0, 0xF0, 0x1C, 0x07, 0x80, 0x60, 0x18, 0x00, 0x00, 0x00, 0x00, 0x3E,
  0x00, 0x00, 0x1F, 0x00, 0x00, 0x0F, 0x80, 0x00, 0x07, 0xC0, 0x00, 0x03,
  0xE0, 0x00, 0x01, 0xF0, 0x00, 0x00, 0xF8, 0x00, 0x00, 0x7C, 0x00, 0x00,
  0x3E, 0x00, 0x00, 0x1F, 0x00, 0x00, 0x0F, 0x80, 0x1F, 0xFF, 0xFF, 0xFF,
  0xFF, 0xFF, 0xFF, 0xFF, 0xFF, 0xFF, 0xFF, 0xFF, 0xFE, 0x00, 0x7C, 0x00,
  0x00, 0x3E, 0x00, 0x00, 0x1F, 0x00, 0x00, 0x0F, 0x80, 0x00, 0x07, 0xC0,
  0x00, 0x03, 0xE0, 0x00, 0x01, 0xF0, 0x00, 0x00, 0xF8, 0x00, 0x00, 0x7C,
  0x00, 0x00, 0x3E, 0x00, 0x00, 0x1F, 0x00, 0x00, 0x0F, 0x80, 0x00, 0x3E,
  0x7C, 0xF9, 0xF3, 0xE7, 0xCF, 0xBE, 0x7C, 0xF3, 0xE7, 0x82, 0x00, 0xFF,
  0xFF, 0xFF, 0xFF, 0xFF, 0xFF, 0x01, 0xEF, 0xFF, 0xF8, 0x80, 0x00, 0x01,
  0xE0, 0x00, 0x1E, 0x00, 0x01, 0xE0, 0x00, 0x3C, 0x00, 0x03, 0xC0, 0x00,
  0x78, 0x00, 0x07, 0x80, 0x00, 0x78, 0x00, 0x0F, 0x00, 0x00, 0xF0, 0x00,
  0x0F, 0x00, 0x01, 0xE0, 0x00, 0x1E, 0x00, 0x03, 0xC0, 0x00, 0x3C, 0x00,
  0x03, 0xC0, 0x00, 0x78, 0x00, 0x07, 0x80, 0x00, 0x78, 0x00, 0x0F, 0x00,
  0x00, 0xF0, 0x00, 0x1E, 0x00, 0x01, 0xE0, 0x00, 0x1E, 0x00, 0x03, 0xC0,
  0x00, 0x3C, 0x00, 0x03, 0xC0, 0x00, 0x78, 0x00, 0x07, 0x80, 0x00, 0xF0,
  0x00, 0x0F, 0x00, 0x00, 0xF0, 0x00, 0x1E, 0x00, 0x01, 0xE0, 0x00, 0x1E,
  0x00, 0x03, 0xC0, 0x00, 0x3C, 0x00, 0x07, 0x80, 0x00, 0x78, 0x00, 0x07,
  0x80, 0x00, 0x00, 0x10, 0x00, 0x07, 0xFF, 0x00, 0x1F, 0xFF, 0x00, 0x7F,
  0xFF, 0x01, 0xFF, 0xFF, 0x07, 0xE0, 0x3F, 0x0F, 0x80, 0x3E, 0x3E, 0x00,
  0x3E, 0x7C, 0x00, 0x7C, 0xF8, 0x00, 0xFB, 0xE0, 0x00, 0xFF, 0xC0, 0x01,
  0xFF, 0x80, 0x03, 0xFF, 0x00, 0x07, 0xFE, 0x00, 0x0F, 0xFC, 0x00, 0x1F,
  0xF8, 0x00, 0x3F, 0xF0, 0x00, 0x7F, 0xE0, 0x00, 0xFF, 0xC0, 0x01, 0xFF,
  0x80, 0x03, 0xFF, 0x00, 0x07, 0xFE, 0x00, 0x0F, 0xFC, 0x00, 0x1F, 0xF8,
  0x00, 0x3F, 0xF0, 0x00, 0x7F, 0xE0, 0x00, 0xFF, 0xC0, 0x01, 0xFF, 0xC0,
  0x07, 0xCF, 0x80, 0x0F, 0x9F, 0x00, 0x1F, 0x3F, 0x00, 0x7E, 0x3E, 0x00,
  0xF8, 0x7E, 0x03, 0xF0, 0x7F, 0xFF, 0xC0, 0x7F, 0xFF, 0x00, 0x7F, 0xFC,
  0x00, 0x3F, 0xF0, 0x00, 0x04, 0x00, 0x00, 0x00, 0x0C, 0x01, 0xF0, 0x1F,
  0xC3, 0xFF, 0x7F, 0xFF, 0xFF, 0xFF, 0xE7, 0xFE, 0x1F, 0xC0, 0x7C, 0x01,
  0xF0, 0x07, 0xC0, 0x1F, 0x00, 0x7C, 0x01, 0xF0, 0x07, 0xC0, 0x1F, 0x00,
  0x7C, 0x01, 0xF0, 0x07, 0xC0, 0x1F, 0x00, 0x7C, 0x01, 0xF0, 0x07, 0xC0,
  0x1F, 0x00, 0x7C, 0x01, 0xF0, 0x07, 0xC0, 0x1F, 0x00, 0x7C, 0x01, 0xF0,
  0x07, 0xC0, 0x1F, 0x00, 0x7C, 0x01, 0xF0, 0x07, 0xC0, 0x1F, 0x00, 0x7C,
  0x00, 0x00, 0x00, 0x00, 0xFF, 0xC0, 0x01, 0xFF, 0xF8, 0x03, 0xFF, 0xFE,
  0x03, 0xFF, 0xFF, 0x81, 0xF8, 0x0F, 0xE1, 0xF8, 0x03, 0xF0, 0xF8, 0x00,
  0xFC, 0xFC, 0x00, 0x3E, 0x7C, 0x00, 0x1F, 0x3E, 0x00, 0x0F, 0x9F, 0x00,
  0x07, 0xC0, 0x00, 0x03, 0xE0, 0x00, 0x01, 0xF0, 0x00, 0x01, 0xF0, 0x00,
  0x00, 0xF8, 0x00, 0x00, 0xF8, 0x00, 0x00, 0x7C, 0x00, 0x00, 0x7C, 0x00,
  0x00, 0x7C, 0x00, 0x00, 0x7E, 0x00, 0x00, 0x7E, 0x00, 0x00, 0x7E, 0x00,
  0x00, 0x3E, 0x00, 0x00, 0x3E, 0x00, 0x00, 0x3E, 0x00, 0x00, 0x3E, 0x00,
  0x00, 0x3E, 0x00, 0x00, 0x3F, 0x00, 0x00, 0x3F, 0x00, 0x00, 0x3F, 0x00,
  0x00, 0x1F, 0x00, 0x00, 0x1F, 0x00, 0x00, 0x1F, 0x00, 0x00, 0x1F, 0xFF,
  0xFF, 0xEF, 0xFF, 0xFF, 0xF7, 0xFF, 0xFF, 0xFB, 0xFF, 0xFF, 0xFC, 0x00,
  0x00, 0x00, 0x07, 0xFF, 0x00, 0x3F, 0xFF, 0x80, 0xFF, 0xFF, 0x83, 0xFF,
  0xFF, 0x8F, 0xE0, 0x1F, 0x9F, 0x00, 0x1F, 0x7E, 0x00, 0x3F, 0xF8, 0x00,
  0x3F, 0xF0, 0x00, 0x7F, 0xE0, 0x00, 0xF8, 0x00, 0x01, 0xF0, 0x00, 0x03,
  0xE0, 0x00, 0x0F, 0xC0, 0x00, 0x1F, 0x00, 0x00, 0x7C, 0x00, 0x03, 0xF8,
  0x03, 0xFF, 0xE0, 0x07, 0xFF, 0x00, 0x0F, 0xFF, 0x00, 0x1F, 0xFF, 0x00,
  0x00, 0x7F, 0x00, 0x00, 0x3F, 0x00, 0x00, 0x3E, 0x00, 0x00, 0x7E, 0x00,
  0x00, 0x7C, 0x00, 0x00, 0xF8, 0x00, 0x01, 0xFF, 0x80, 0x03, 0xFF, 0x00,
  0x07, 0xFE, 0x00, 0x0F, 0xFE, 0x00, 0x3E, 0x7E, 0x00, 0x7C, 0xFE, 0x03,
  0xF0, 0xFF, 0xFF, 0xE0, 0xFF, 0xFF, 0x80, 0xFF, 0xFE, 0x00, 0x7F, 0xF0,
  0x00, 0x04, 0x00, 0x00, 0x00, 0x00, 0xFC, 0x00, 0x00, 0x1F, 0x80, 0x00,
  0x07, 0xF0, 0x00, 0x01, 0xFE, 0x00, 0x00, 0x3F, 0xC0, 0x00, 0x0F, 0xF8,
  0x00, 0x03, 0xFF, 0x00, 0x00, 0x7B, 0xE0, 0x00, 0x1F, 0x7C, 0x00, 0x03,
  0xCF, 0x80, 0x00, 0xF9, 0xF0, 0x00, 0x3E, 0x3E, 0x00, 0x07, 0x87, 0xC0,
  0x01, 0xF0, 0xF8, 0x00, 0x7C, 0x1F, 0x00, 0x0F, 0x03, 0xE0, 0x03, 0xE0,
  0x7C, 0x00, 0xF8, 0x0F, 0x80, 0x1E, 0x01, 0xF0, 0x07, 0xC0, 0x3E, 0x01,
  0xF0, 0x07, 0xC0, 0x3C, 0x00, 0xF8, 0x0F, 0x80, 0x1F, 0x01, 0xE0, 0x03,
  0xE0, 0x7F, 0xFF, 0xFF, 0xFF, 0xFF, 0xFF, 0xFF, 0xFF, 0xFF, 0xFF, 0xFF,
  0xFF, 0xFF, 0xF0, 0x00, 0x07, 0xC0, 0x00, 0x00, 0xF8, 0x00, 0x00, 0x1F,
  0x00, 0x00, 0x03, 0xE0, 0x00, 0x00, 0x7C, 0x00, 0x00, 0x0F, 0x80, 0x00,
  0x01, 0xF0, 0x00, 0x00, 0x3E, 0x00, 0x00, 0x07, 0xC0, 0x1F, 0xFF, 0xFC,
  0x3F, 0xFF, 0xF8, 0x7F, 0xFF, 0xF0, 0xFF, 0xFF, 0xE1, 0xE0, 0x00, 0x07,
  0xC0, 0x00, 0x0F, 0x80, 0x00, 0x1F, 0x00, 0x00, 0x3E, 0x00, 0x00, 0x78,
  0x00, 0x00, 0xF0, 0x00, 0x01, 0xE0, 0x00, 0x03, 0xC0, 0x00, 0x07, 0x9F,
  0xE0, 0x0F, 0xFF, 0xF0, 0x3F, 0xFF, 0xF0, 0x7F, 0xFF, 0xF0, 0xFE, 0x07,
  0xF0, 0xF0, 0x07, 0xF0, 0x00, 0x07, 0xE0, 0x00, 0x07, 0xC0, 0x00, 0x0F,
  0xC0, 0x00, 0x0F, 0x80, 0x00, 0x1F, 0x00, 0x00, 0x3E, 0x00, 0x00, 0x7C,
  0x00, 0x00, 0xFF, 0x80, 0x01, 0xFF, 0x80, 0x03, 0xFF, 0x00, 0x0F, 0x9E,
  0x00, 0x1F, 0x3E, 0x00, 0x7E, 0x3E, 0x01, 0xF8, 0x7F, 0xFF, 0xF0, 0x7F,
  0xFF, 0xC0, 0x7F, 0xFF, 0x00, 0x3F, 0xF8, 0x00, 0x02, 0x00, 0x00, 0x00,
  0x0F, 0x80, 0x00, 0xFF, 0x00, 0x07, 0xFE, 0x00, 0x1F, 0xFC, 0x00, 0x7F,
  0x80, 0x01, 0xFC, 0x00, 0x07, 0xE0, 0x00, 0x0F, 0x80, 0x00, 0x3F, 0x00,
  0x00, 0x7C, 0x00, 0x00, 0xF0, 0x00, 0x03, 0xE0, 0x00, 0x07, 0xC0, 0x00,
  0x0F, 0x0F, 0xE0, 0x1E, 0x7F, 0xF0, 0x7D, 0xFF, 0xF0, 0xFF, 0xFF, 0xF1,
  0xFF, 0x07, 0xF3, 0xF8, 0x03, 0xF7, 0xE0, 0x07, 0xEF, 0xC0, 0x07, 0xDF,
  0x00, 0x0F, 0xFE, 0x00, 0x0F, 0xFC, 0x00, 0x1F, 0xF8, 0x00, 0x3F, 0xF0,
  0x00, 0x7F, 0xE0, 0x00, 0xFF, 0xC0, 0x01, 0xF7, 0xC0, 0x03, 0xEF, 0x80,
  0x0F, 0x9F, 0x80, 0x1F, 0x1F, 0x80, 0x7E, 0x1F, 0x81, 0xF8, 0x3F, 0xFF,
  0xE0, 0x3F, 0xFF, 0xC0, 0x3F, 0xFE, 0x00, 0x1F, 0xF8, 0x00, 0x02, 0x00,
  0x00, 0xFF, 0xFF, 0xFF, 0xFF, 0xFF, 0xFF, 0xFF, 0xFF, 0xFF, 0xFF, 0xFF,
  0xFF, 0xF0, 0x00, 0x00, 0xF0, 0x00, 0x00, 0xF8, 0x00, 0x00, 0x78, 0x00,
  0x00, 0x7C, 0x00, 0x00, 0x3C, 0x00, 0x00, 0x3E, 0x00, 0x00, 0x1F, 0x00,
  0x00, 0x1F, 0x00, 0x00, 0x0F, 0x80, 0x00, 0x07, 0x80, 0x00, 0x07, 0xC0,
  0x00, 0x03, 0xC0, 0x00, 0x03, 0xE0, 0x00, 0x01, 0xE0, 0x00, 0x01, 0xF0,
  0x00, 0x00, 0xF8, 0x00, 0x00, 0xF8, 0x00, 0x00, 0x7C, 0x00, 0x00, 0x7C,
  0x00, 0x00, 0x3E, 0x00, 0x00, 0x3E, 0x00, 0x00, 0x1F, 0x00, 0x00, 0x0F,
  0x00, 0x00, 0x0F, 0x80, 0x00, 0x07, 0xC0, 0x00, 0x07, 0xC0, 0x00, 0x03,
  0xE0, 0x00, 0x03, 0xE0, 0x00, 0x01, 0xF0, 0x00, 0x01, 0xF0, 0x00, 0x00,
  0xF8, 0x00, 0x00, 0xF8, 0x00, 0x00, 0x7C, 0x00, 0x00, 0x00, 0x00, 0x00,
  0x07, 0xFF, 0x00, 0x1F, 0xFF, 0x00, 0x7F, 0xFF, 0x01, 0xFF, 0xFF, 0x07,
  0xE0, 0x3F, 0x0F, 0x80, 0x3E, 0x3F, 0x00, 0x7E, 0x7C, 0x00, 0x7C, 0xF8,
  0x00, 0xF9, 0xF0, 0x01, 0xF3, 0xE0, 0x03, 0xE7, 0xC0, 0x07, 0xCF, 0x80,
  0x0F, 0x8F, 0x80, 0x3E, 0x1F, 0x80, 0xFC, 0x1F, 0x83, 0xF0, 0x1F, 0xFF,
  0xC0, 0x0F, 0xFE, 0x00, 0x3F, 0xFE, 0x00, 0xFF, 0xFE, 0x03, 0xE0, 0x3E,
  0x0F, 0x80, 0x3E, 0x3E, 0x00, 0x3E, 0x7C, 0x00, 0x7D, 0xF0, 0x00, 0x7F,
  0xE0, 0x00, 0xFF, 0xC0, 0x01, 0xFF, 0x80, 0x03, 0xFF, 0x00, 0x07, 0xFE,
  0x00, 0x0F, 0xFE, 0x00, 0x3F, 0x7E, 0x00, 0xFC, 0xFE, 0x03, 0xF8, 0xFF,
  0xFF, 0xE0, 0xFF, 0xFF, 0x80, 0xFF, 0xFE, 0x00, 0x7F, 0xF0, 0x00, 0x04,
  0x00, 0x00, 0x00, 0x10, 0x00, 0x07, 0xFE, 0x00, 0x1F, 0xFF, 0x00, 0x7F,
  0xFF, 0x01, 0xFF, 0xFF, 0x07, 0xE0, 0x7F, 0x1F, 0x80, 0x7E, 0x3E, 0x00,
  0x7E, 0x7C, 0x00, 0x7D, 0xF8, 0x00, 0xFB, 0xE0, 0x01, 0xF7, 0xC0, 0x01,
  0xFF, 0x80, 0x03, 0xFF, 0x00, 0x07, 0xFE, 0x00, 0x0F, 0xFC, 0x00, 0x1F,
  0xF8, 0x00, 0x3F, 0xF8, 0x00, 0x7D, 0xF0, 0x01, 0xFB, 0xF0, 0x07, 0xF3,
  0xF0, 0x1F, 0xE7, 0xF0, 0x7F, 0xC7, 0xFF, 0xFF, 0x87, 0xFF, 0xDF, 0x07,
  0xFE, 0x3C, 0x03, 0xF0, 0x78, 0x00, 0x01, 0xF0, 0x00, 0x03, 0xE0, 0x00,
  0x07, 0x80, 0x00, 0x1F, 0x00, 0x00, 0x7C, 0x00, 0x01, 0xF8, 0x00, 0x07,
  0xE0, 0x00, 0x7F, 0x80, 0x0F, 0xFE, 0x00, 0x1F, 0xF8, 0x00, 0x3F, 0xC0,
  0x00, 0x7C, 0x00, 0x00, 0x27, 0xFF, 0xFF, 0x90, 0x00, 0x00, 0x00, 0x00,
  0x00, 0x00, 0x00, 0x00, 0x00, 0x00, 0x04, 0xFF, 0xFF, 0xF2, 0x00, 0x00,
  0x1E, 0x3F, 0x3F, 0x3E, 0x08, 0x00, 0x00, 0x00, 0x00, 0x00, 0x00, 0x00,
  0x00, 0x00, 0x00, 0x00, 0x00, 0x00, 0x00, 0x00, 0x00, 0x1F, 0x1F, 0x1F,
  0x1F, 0x1F, 0x1F, 0x1F, 0x3E, 0x3E, 0x7C, 0x7C, 0x78, 0x10, 0x00, 0x00,
  0x08, 0x00, 0x01, 0xC0, 0x00, 0x7E, 0x00, 0x0F, 0xF0, 0x01, 0xFF, 0x80,
  0x3F, 0xF0, 0x07, 0xFE, 0x00, 0xFF, 0xC0, 0x1F, 0xF0, 0x07, 0xFE, 0x00,
  0x3F, 0xC0, 0x01, 0xF0, 0x00, 0x0F, 0xE0, 0x00, 0x7F, 0xE0, 0x00, 0xFF,
  0xC0, 0x01, 0xFF, 0x80, 0x01, 0xFF, 0x80, 0x03, 0xFF, 0x00, 0x07, 0xFE,
  0x00, 0x0F, 0xF0, 0x00, 0x1F, 0x80, 0x00, 0x3C, 0x00, 0x00, 0x60, 0xFF,
  0xFF, 0xFF, 0xFF, 0xFF, 0xFF, 0xFF, 0xFF, 0xFF, 0xFF, 0xF0, 0x00, 0x00,
  0x00, 0x00, 0x00, 0x00, 0x00, 0x00, 0x00, 0x00, 0x00, 0x00, 0x00, 0x00,
  0x00, 0x00, 0x00, 0x01, 0xFF, 0xFF, 0xFF, 0xFF, 0xFF, 0xFF, 0xFF, 0xFF,
  0xFF, 0xFF, 0xE0, 0x80, 0x00, 0x07, 0x00, 0x00, 0x3E, 0x00, 0x01, 0xFC,
  0x00, 0x0F, 0xFC, 0x00, 0x1F, 0xF8, 0x00, 0x3F, 0xF0, 0x00, 0x7F, 0xE0,
  0x00, 0x7F, 0xC0, 0x00, 0xFF, 0xC0, 0x00, 0xFE, 0x00, 0x01, 0xF0, 0x00,
  0x3F, 0x80, 0x0F, 0xFC, 0x01, 0xFF, 0x00, 0x7F, 0xE0, 0x0F, 0xFC, 0x01,
  0xFF, 0x80, 0x3F, 0xF0, 0x01, 0xFE, 0x00, 0x0F, 0x80, 0x00, 0x70, 0x00,
  0x02, 0x00, 0x00, 0x00, 0x00, 0x00, 0x00, 0x7F, 0xE0, 0x1F, 0xFF, 0x83,
  0xFF, 0xFC, 0x3F, 0xFF, 0xC7, 0xE0, 0x7E, 0xFC, 0x03, 0xEF, 0x80, 0x1F,
  0xF8, 0x01, 0xFF, 0x80, 0x1F, 0x00, 0x01, 0xF0, 0x00, 0x1F, 0x00, 0x01,
  0xF0, 0x00, 0x3F, 0x00, 0x03, 0xE0, 0x00, 0x7E, 0x00, 0x0F, 0xC0, 0x01,
  0xFC, 0x00, 0x1F, 0x80, 0x03, 0xF0, 0x00, 0x7E, 0x00, 0x0F, 0xC0, 0x00,
  0xF8, 0x00, 0x1F, 0x80, 0x01, 0xF0, 0x00, 0x1F, 0x00, 0x01, 0xF0, 0x00,
  0x1F, 0x00, 0x00, 0x00, 0x00, 0x00, 0x00, 0x00, 0x00, 0x00, 0x00, 0x00,
  0x00, 0x00, 0x00, 0x04, 0x00, 0x01, 0xF0, 0x00, 0x1F, 0x00, 0x01, 0xF0,
  0x00, 0x1F, 0x00, 0x00, 0x40, 0x00, 0x00, 0x00, 0xFF, 0xC0, 0x00, 0x00,
  0x07, 0xFF, 0xF8, 0x00, 0x00, 0x1F, 0xFF, 0xFE, 0x00, 0x00, 0x3F, 0xFF,
  0xFF, 0x00, 0x00, 0xFF, 0x80, 0x3F, 0x80, 0x01, 0xFC, 0x00, 0x07, 0xC0,
  0x03, 0xF0, 0x00, 0x03, 0xE0, 0x07, 0xE0, 0x00, 0x00, 0xF0, 0x07, 0xC0,
  0x00, 0x00, 0x78, 0x0F, 0x80, 0x00, 0x00, 0x78, 0x1F, 0x00, 0x00, 0x00,
  0x3C, 0x1E, 0x00, 0x1F, 0x80, 0x1C, 0x3E, 0x00, 0x7F, 0xE0, 0x1C, 0x3C,
  0x00, 0xFF, 0xF0, 0x1E, 0x3C, 0x01, 0xFF, 0xF8, 0x0E, 0x7C, 0x03, 0xF0,
  0xF8, 0x0E, 0x78, 0x03, 0xC0, 0x78, 0x0E, 0x78, 0x07, 0xC0, 0x70, 0x0F,
  0x78, 0x07, 0x80, 0x70, 0x07, 0xF0, 0x0F, 0x00, 0x70, 0x07, 0xF0, 0x0F,
  0x00, 0x70, 0x07, 0xF0, 0x0F, 0x00, 0xF0, 0x07, 0xF0, 0x1E, 0x00, 0xF0,
  0x07, 0xF0, 0x1E, 0x00, 0xF0, 0x07, 0xF0, 0x1E, 0x00, 0xF0, 0x07, 0xF0,
  0x1E, 0x00, 0xF0, 0x07, 0xF0, 0x1E, 0x00, 0xF0, 0x07, 0xF0, 0x1E, 0x00,
  0xF0, 0x07, 0xF0, 0x1E, 0x00, 0xE0, 0x0E, 0xF0, 0x1E, 0x01, 0xE0, 0x0E,
  0xF0, 0x1E, 0x01, 0xE0, 0x0E, 0x78, 0x1E, 0x03, 0xF0, 0x1C, 0x78, 0x1F,
  0x07, 0xF0, 0x1C, 0x78, 0x0F, 0xFF, 0xF0, 0x38, 0x78, 0x0F, 0xFE, 0x7F,
  0xF8, 0x3C, 0x07, 0xFC, 0x7F, 0xF0, 0x3C, 0x03, 0xF8, 0x3F, 0xC0, 0x3C,
  0x00, 0x40, 0x04, 0x00, 0x1E, 0x00, 0x00, 0x00, 0x00, 0x1F, 0x00, 0x00,
  0x00, 0x00, 0x0F, 0x00, 0x00, 0x00, 0x00, 0x0F, 0x80, 0x00, 0x00, 0x00,
  0x07, 0xC0, 0x00, 0x00, 0x00, 0x03, 0xF0, 0x00, 0x00, 0x00, 0x01, 0xFC,
  0x00, 0x70, 0x00, 0x00, 0x7F, 0xFF, 0xF0, 0x00, 0x00, 0x3F, 0xFF, 0xF0,
  0x00, 0x00, 0x07, 0xFF, 0xC0, 0x00, 0x00, 0x00, 0x30, 0x00, 0x00, 0x00,
  0x03, 0xC0, 0x00, 0x00, 0x07, 0xE0, 0x00, 0x00, 0x07, 0xE0, 0x00, 0x00,
  0x07, 0xE0, 0x00, 0x00, 0x0F, 0xF0, 0x00, 0x00, 0x0F, 0xF0, 0x00, 0x00,
  0x1F, 0xF0, 0x00, 0x00, 0x1E, 0xF8, 0x00, 0x00, 0x1E, 0x78, 0x00, 0x00,
  0x3E, 0x7C, 0x00, 0x00, 0x3C, 0x7C, 0x00, 0x00, 0x3C, 0x3C, 0x00, 0x00,
  0x7C, 0x3E, 0x00, 0x00, 0x78, 0x1E, 0x00, 0x00, 0xF8, 0x1E, 0x00, 0x00,
  0xF8, 0x1F, 0x00, 0x00, 0xF0, 0x0F, 0x00, 0x01, 0xF0, 0x0F, 0x00, 0x01,
  0xF0, 0x0F, 0x80, 0x01, 0xE0, 0x07, 0x80, 0x03, 0xE0, 0x07, 0xC0, 0x03,
  0xE0, 0x07, 0xC0, 0x07, 0xC0, 0x03, 0xC0, 0x07, 0xFF, 0xFF, 0xE0, 0x07,
  0xFF, 0xFF, 0xE0, 0x0F, 0xFF, 0xFF, 0xE0, 0x0F, 0xFF, 0xFF, 0xF0, 0x0F,
  0x00, 0x01, 0xF0, 0x1F, 0x00, 0x00, 0xF0, 0x1F, 0x00, 0x00, 0xF8, 0x3E,
  0x00, 0x00, 0xF8, 0x3E, 0x00, 0x00, 0x7C, 0x3E, 0x00, 0x00, 0x7C, 0x7C,
  0x00, 0x00, 0x7C, 0x7C, 0x00, 0x00, 0x3E, 0x7C, 0x00, 0x00, 0x3E, 0xF8,
  0x00, 0x00, 0x3E, 0xFF, 0xFF, 0x80, 0x7F, 0xFF, 0xF0, 0x3F, 0xFF, 0xFE,
  0x1F, 0xFF, 0xFF, 0x8F, 0x80, 0x1F, 0xE7, 0xC0, 0x03, 0xF3, 0xE0, 0x00,
  0xFD, 0xF0, 0x00, 0x3E, 0xF8, 0x00, 0x1F, 0x7C, 0x00, 0x0F, 0xBE, 0x00,
  0x07, 0xDF, 0x00, 0x03, 0xEF, 0x80, 0x03, 0xF7, 0xC0, 0x01, 0xF3, 0xE0,
  0x01, 0xF9, 0xF0, 0x03, 0xF8, 0xFF, 0xFF, 0xF8, 0x7F, 0xFF, 0xF0, 0x3F,
  0xFF, 0xFE, 0x1F, 0xFF, 0xFF, 0x8F, 0x80, 0x0F, 0xE7, 0xC0, 0x01, 0xFB,
  0xE0, 0x00, 0x7D, 0xF0, 0x00, 0x3F, 0xF8, 0x00, 0x0F, 0xFC, 0x00, 0x07,
  0xFE, 0x00, 0x03, 0xFF, 0x00, 0x01, 0xFF, 0x80, 0x00, 0xFF, 0xC0, 0x00,
  0xFF, 0xE0, 0x00, 0x7D, 0xF0, 0x00, 0x7E, 0xF8, 0x00, 0xFE, 0x7F, 0xFF,
  0xFF, 0x3F, 0xFF, 0xFE, 0x1F, 0xFF, 0xFE, 0x0F, 0xFF, 0xF8, 0x00, 0x00,
  0x00, 0x00, 0x00, 0x07, 0xFF, 0x00, 0x01, 0xFF, 0xFC, 0x00, 0x3F, 0xFF,
  0xF0, 0x07, 0xFF, 0xFF, 0x80, 0xFC, 0x01, 0xF8, 0x1F, 0x80, 0x07, 0xC3,
  0xF0, 0x00, 0x7E, 0x3E, 0x00, 0x03, 0xE7, 0xE0, 0x00, 0x3E, 0x7C, 0x00,
  0x01, 0xF7, 0xC0, 0x00, 0x1F, 0xFC, 0x00, 0x01, 0xFF, 0x80, 0x00, 0x00,
  0xF8, 0x00, 0x00, 0x0F, 0x80, 0x00, 0x00, 0xF8, 0x00, 0x00, 0x0F, 0x80,
  0x00, 0x00, 0xF8, 0x00, 0x00, 0x0F, 0x80, 0x00, 0x00, 0xF8, 0x00, 0x00,
  0x0F, 0x80, 0x00, 0x00, 0xF8, 0x00, 0x00, 0x0F, 0x80, 0x00, 0x00, 0xF8,
  0x00, 0x00, 0x0F, 0x80, 0x00, 0x00, 0xFC, 0x00, 0x01, 0xF7, 0xC0, 0x00,
  0x1F, 0x7C, 0x00, 0x01, 0xF7, 0xE0, 0x00, 0x3E, 0x3E, 0x00, 0x03, 0xE3,
  0xF0, 0x00, 0x7E, 0x1F, 0x80, 0x07, 0xC0, 0xFC, 0x01, 0xF8, 0x0F, 0xFF,
  0xFF, 0x80, 0x3F, 0xFF, 0xF0, 0x01, 0xFF, 0xFC, 0x00, 0x07, 0xFF, 0x00,
  0x00, 0x06, 0x00, 0x00, 0xFF, 0xFE, 0x00, 0x3F, 0xFF, 0xE0, 0x0F, 0xFF,
  0xFE, 0x03, 0xFF, 0xFF, 0xC0, 0xF8, 0x03, 0xF8, 0x3E, 0x00, 0x3F, 0x0F,
  0x80, 0x07, 0xE3, 0xE0, 0x00, 0xFC, 0xF8, 0x00, 0x1F, 0x3E, 0x00, 0x07,
  0xEF, 0x80, 0x00, 0xFB, 0xE0, 0x00, 0x3E, 0xF8, 0x00, 0x0F, 0xFE, 0x00,
  0x01, 0xFF, 0x80, 0x00, 0x7F, 0xE0, 0x00, 0x1F, 0xF8, 0x00, 0x07, 0xFE,
  0x00, 0x01, 0xFF, 0x80, 0x00, 0x7F, 0xE0, 0x00, 0x1F, 0xF8, 0x00, 0x07,
  0xFE, 0x00, 0x01, 0xFF, 0x80, 0x00, 0x7F, 0xE0, 0x00, 0x1F, 0xF8, 0x00,
  0x0F, 0xFE, 0x00, 0x03, 0xEF, 0x80, 0x00, 0xFB, 0xE0, 0x00, 0x7E, 0xF8,
  0x00, 0x1F, 0x3E, 0x00, 0x0F, 0xCF, 0x80, 0x07, 0xE3, 0xE0, 0x03, 0xF0,
  0xF8, 0x07, 0xF8, 0x3F, 0xFF, 0xFC, 0x0F, 0xFF, 0xFE, 0x03, 0xFF, 0xFE,
  0x00, 0xFF, 0xFC, 0x00, 0x00, 0xFF, 0xFF, 0xFF, 0xFF, 0xFF, 0xFF, 0xFF,
  0xFF, 0xFF, 0xFF, 0xFF, 0xFF, 0x80, 0x00, 0x1F, 0x00, 0x00, 0x3E, 0x00,
  0x00, 0x7C, 0x00, 0x00, 0xF8, 0x00, 0x01, 0xF0, 0x00, 0x03, 0xE0, 0x00,
  0x07, 0xC0, 0x00, 0x0F, 0x80, 0x00, 0x1F, 0x00, 0x00, 0x3E, 0x00, 0x00,
  0x7C, 0x00, 0x00, 0xFF, 0xFF, 0xF9, 0xFF, 0xFF, 0xF3, 0xFF, 0xFF, 0xE7,
  0xFF, 0xFF, 0xCF, 0x80, 0x00, 0x1F, 0x00, 0x00, 0x3E, 0x00, 0x00, 0x7C,
  0x00, 0x00, 0xF8, 0x00, 0x01, 0xF0, 0x00, 0x03, 0xE0, 0x00, 0x07, 0xC0,
  0x00, 0x0F, 0x80, 0x00, 0x1F, 0x00, 0x00, 0x3E, 0x00, 0x00, 0x7C, 0x00,
  0x00, 0xF8, 0x00, 0x01, 0xFF, 0xFF, 0xFF, 0xFF, 0xFF, 0xFF, 0xFF, 0xFF,
  0xFF, 0xFF, 0xFF, 0xE0, 0xFF, 0xFF, 0xFF, 0xFF, 0xFF, 0xFF, 0xFF, 0xFF,
  0xFF, 0xFF, 0xFF, 0xFF, 0x80, 0x00, 0x1F, 0x00, 0x00, 0x3E, 0x00, 0x00,
  0x7C, 0x00, 0x00, 0xF8, 0x00, 0x01, 0xF0, 0x00, 0x03, 0xE0, 0x00, 0x07,
  0xC0, 0x00, 0x0F, 0x80, 0x00, 0x1F, 0x00, 0x00, 0x3E, 0x00, 0x00, 0x7C,
  0x00, 0x00, 0xF8, 0x00, 0x01, 0xFF, 0xFF, 0xE3, 0xFF, 0xFF, 0xC7, 0xFF,
  0xFF, 0x8F, 0xFF, 0xFF, 0x1F, 0x00, 0x00, 0x3E, 0x00, 0x00, 0x7C, 0x00,
  0x00, 0xF8, 0x00, 0x01, 0xF0, 0x00, 0x03, 0xE0, 0x00, 0x07, 0xC0, 0x00,
  0x0F, 0x80, 0x00, 0x1F, 0x00, 0x00, 0x3E, 0x00, 0x00, 0x7C, 0x00, 0x00,
  0xF8, 0x00, 0x01, 0xF0, 0x00, 0x03, 0xE0, 0x00, 0x07, 0xC0, 0x00, 0x0F,
  0x80, 0x00, 0x00, 0x00, 0x00, 0x00, 0x00, 0x07, 0xFF, 0x80, 0x01, 0xFF,
  0xFC, 0x00, 0x7F, 0xFF, 0xF0, 0x0F, 0xFF, 0xFF, 0x81, 0xFC, 0x01, 0xFC,
  0x1F, 0x80, 0x0F, 0xC3, 0xF0, 0x00, 0x7E, 0x3E, 0x00, 0x03, 0xE7, 0xE0,
  0x00, 0x3E, 0x7C, 0x00, 0x01, 0xF7, 0xC0, 0x00, 0x1F, 0xFC, 0x00, 0x00,
  0x0F, 0x80, 0x00, 0x00, 0xF8, 0x00, 0x00, 0x0F, 0x80, 0x00, 0x00, 0xF8,
  0x00, 0x00, 0x0F, 0x80, 0x00, 0x00, 0xF8, 0x00, 0x00, 0x0F, 0x80, 0x00,
  0x00, 0xF8, 0x01, 0xFF, 0xFF, 0x80, 0x1F, 0xFF, 0xF8, 0x01, 0xFF, 0xFF,
  0x80, 0x1F, 0xFF, 0xF8, 0x00, 0x01, 0xFF, 0x80, 0x00, 0x1F, 0x7C, 0x00,
  0x01, 0xF7, 0xC0, 0x00, 0x1F, 0x7C, 0x00, 0x01, 0xF3, 0xE0, 0x00, 0x1F,
  0x3F, 0x00, 0x01, 0xF1, 0xF0, 0x00, 0x1F, 0x1F, 0x80, 0x03, 0xF0, 0xFE,
  0x00, 0x7F, 0x07, 0xFF, 0xFF, 0xE0, 0x3F, 0xFF, 0xFC, 0x01, 0xFF, 0xFF,
  0x00, 0x07, 0xFF, 0xC0, 0x00, 0x03, 0x00, 0x00, 0xF8, 0x00, 0x01, 0xFF,
  0x80, 0x00, 0x1F, 0xF8, 0x00, 0x01, 0xFF, 0x80, 0x00, 0x1F, 0xF8, 0x00,
  0x01, 0xFF, 0x80, 0x00, 0x1F, 0xF8, 0x00, 0x01, 0xFF, 0x80, 0x00, 0x1F,
  0xF8, 0x00, 0x01, 0xFF, 0x80, 0x00, 0x1F, 0xF8, 0x00, 0x01, 0xFF, 0x80,
  0x00, 0x1F, 0xF8, 0x00, 0x01, 0xFF, 0x80, 0x00, 0x1F, 0xF8, 0x00, 0x01,
  0xFF, 0x80, 0x00, 0x1F, 0xFF, 0xFF, 0xFF, 0xFF, 0xFF, 0xFF, 0xFF, 0xFF,
  0xFF, 0xFF, 0xFF, 0xFF, 0xFF, 0xFF, 0xF8, 0x00, 0x01, 0xFF, 0x80, 0x00,
  0x1F, 0xF8, 0x00, 0x01, 0xFF, 0x80, 0x00, 0x1F, 0xF8, 0x00, 0x01, 0xFF,
  0x80, 0x00, 0x1F, 0xF8, 0x00, 0x01, 0xFF, 0x80, 0x00, 0x1F, 0xF8, 0x00,
  0x01, 0xFF, 0x80, 0x00, 0x1F, 0xF8, 0x00, 0x01, 0xFF, 0x80, 0x00, 0x1F,
  0xF8, 0x00, 0x01, 0xFF, 0x80, 0x00, 0x1F, 0xF8, 0x00, 0x01, 0xFF, 0x80,
  0x00, 0x1F, 0xF8, 0x00, 0x01, 0xF0, 0xFF, 0xFF, 0xFF, 0xFF, 0xFF, 0xFF,
  0xFF, 0xFF, 0xFF, 0xFF, 0xFF, 0xFF, 0xFF, 0xFF, 0xFF, 0xFF, 0xFF, 0xFF,
  0xFF, 0xFF, 0xFF, 0xFF, 0xFF, 0x80, 0x00, 0x00, 0x3E, 0x00, 0x00, 0x7C,
  0x00, 0x00, 0xF8, 0x00, 0x01, 0xF0, 0x00, 0x03, 0xE0, 0x00, 0x07, 0xC0,
  0x00, 0x0F, 0x80, 0x00, 0x1F, 0x00, 0x00, 0x3E, 0x00, 0x00, 0x7C, 0x00,
  0x00, 0xF8, 0x00, 0x01, 0xF0, 0x00, 0x03, 0xE0, 0x00, 0x07, 0xC0, 0x00,
  0x0F, 0x80, 0x00, 0x1F, 0x00, 0x00, 0x3E, 0x00, 0x00, 0x7C, 0x00, 0x00,
  0xF8, 0x00, 0x01, 0xF0, 0x00, 0x03, 0xE0, 0x00, 0x07, 0xC0, 0x00, 0x0F,
  0x80, 0x00, 0x1F, 0x00, 0x00, 0x3E, 0x00, 0x00, 0x7C, 0x00, 0x00, 0xFF,
  0xC0, 0x01, 0xFF, 0x80, 0x03, 0xFF, 0x00, 0x0F, 0xFF, 0x00, 0x1F, 0x3E,
  0x00, 0x7E, 0x7F, 0x01, 0xF8, 0x7F, 0xFF, 0xF0, 0x7F, 0xFF, 0xC0, 0x7F,
  0xFF, 0x00, 0x3F, 0xF8, 0x00, 0x02, 0x00, 0x00, 0xF8, 0x00, 0x07, 0xCF,
  0x80, 0x00, 0xFC, 0xF8, 0x00, 0x1F, 0x8F, 0x80, 0x03, 0xF0, 0xF8, 0x00,
  0x7E, 0x0F, 0x80, 0x0F, 0xC0, 0xF8, 0x01, 0xF8, 0x0F, 0x80, 0x3F, 0x00,
  0xF8, 0x03, 0xE0, 0x0F, 0x80, 0x7E, 0x00, 0xF8, 0x0F, 0xC0, 0x0F, 0x81,
  0xF8, 0x00, 0xF8, 0x3F, 0x00, 0x0F, 0x87, 0xE0, 0x00, 0xF8, 0xFC, 0x00,
  0x0F, 0x9F, 0x80, 0x00, 0xFB, 0xF8, 0x00, 0x0F, 0xBF, 0xC0, 0x00, 0xFF,
  0xFC, 0x00, 0x0F, 0xFF, 0xE0, 0x00, 0xFF, 0xBF, 0x00, 0x0F, 0xF1, 0xF0,
  0x00, 0xFE, 0x1F, 0x80, 0x0F, 0xC0, 0xFC, 0x00, 0xF8, 0x07, 0xE0, 0x0F,
  0x80, 0x3E, 0x00, 0xF8, 0x03, 0xF0, 0x0F, 0x80, 0x1F, 0x80, 0xF8, 0x00,
  0xFC, 0x0F, 0x80, 0x07, 0xC0, 0xF8, 0x00, 0x7E, 0x0F, 0x80, 0x03, 0xF0,
  0xF8, 0x00, 0x1F, 0x8F, 0x80, 0x00, 0xF8, 0xF8, 0x00, 0x0F, 0xCF, 0x80,
  0x00, 0x7E, 0xF8, 0x00, 0x03, 0xF0, 0xF8, 0x00, 0x03, 0xE0, 0x00, 0x0F,
  0x80, 0x00, 0x3E, 0x00, 0x00, 0xF8, 0x00, 0x03, 0xE0, 0x00, 0x0F, 0x80,
  0x00, 0x3E, 0x00, 0x00, 0xF8, 0x00, 0x03, 0xE0, 0x00, 0x0F, 0x80, 0x00,
  0x3E, 0x00, 0x00, 0xF8, 0x00, 0x03, 0xE0, 0x00, 0x0F, 0x80, 0x00, 0x3E,
  0x00, 0x00, 0xF8, 0x00, 0x03, 0xE0, 0x00, 0x0F, 0x80, 0x00, 0x3E, 0x00,
  0x00, 0xF8, 0x00, 0x03, 0xE0, 0x00, 0x0F, 0x80, 0x00, 0x3E, 0x00, 0x00,
  0xF8, 0x00, 0x03, 0xE0, 0x00, 0x0F, 0x80, 0x00, 0x3E, 0x00, 0x00, 0xF8,
  0x00, 0x03, 0xE0, 0x00, 0x0F, 0x80, 0x00, 0x3E, 0x00, 0x00, 0xF8, 0x00,
  0x03, 0xFF, 0xFF, 0xFF, 0xFF, 0xFF, 0xFF, 0xFF, 0xFF, 0xFF, 0xFF, 0xFC,
  0xFE, 0x00, 0x00, 0x07, 0xFF, 0xE0, 0x00, 0x00, 0x7F, 0xFF, 0x00, 0x00,
  0x0F, 0xFF, 0xF0, 0x00, 0x00, 0xFF, 0xFF, 0x00, 0x00, 0x0F, 0xFF, 0xF8,
  0x00, 0x01, 0xFF, 0xFF, 0x80, 0x00, 0x1F, 0xFF, 0xFC, 0x00, 0x01, 0xFF,
  0xFF, 0xC0, 0x00, 0x3F, 0xFF, 0xFC, 0x00, 0x03, 0xFF, 0xFB, 0xE0, 0x00,
  0x7D, 0xFF, 0xBE, 0x00, 0x07, 0xDF, 0xF9, 0xE0, 0x00, 0x79, 0xFF, 0x9F,
  0x00, 0x0F, 0x9F, 0xF9, 0xF0, 0x00, 0xF9, 0xFF, 0x8F, 0x00, 0x0F, 0x1F,
  0xF8, 0xF8, 0x01, 0xF1, 0xFF, 0x87, 0x80, 0x1E, 0x1F, 0xF8, 0x7C, 0x03,
  0xE1, 0xFF, 0x87, 0xC0, 0x3E, 0x1F, 0xF8, 0x3C, 0x03, 0xC1, 0xFF, 0x83,
  0xE0, 0x7C, 0x1F, 0xF8, 0x1E, 0x07, 0x81, 0xFF, 0x81, 0xE0, 0x78, 0x1F,
  0xF8, 0x1F, 0x0F, 0x81, 0xFF, 0x80, 0xF0, 0xF0, 0x1F, 0xF8, 0x0F, 0x9F,
  0x01, 0xFF, 0x80, 0x79, 0xE0, 0x1F, 0xF8, 0x07, 0x9E, 0x01, 0xFF, 0x80,
  0x7F, 0xE0, 0x1F, 0xF8, 0x03, 0xFC, 0x01, 0xFF, 0x80, 0x3F, 0xC0, 0x1F,
  0xF8, 0x03, 0xFC, 0x01, 0xFF, 0x80, 0x1F, 0x80, 0x1F, 0xF8, 0x01, 0xF8,
  0x01, 0xFF, 0x80, 0x0F, 0x00, 0x1F, 0xF8, 0x00, 0xF0, 0x01, 0xF0, 0xF8,
  0x00, 0x01, 0xFF, 0xC0, 0x00, 0x1F, 0xFE, 0x00, 0x01, 0xFF, 0xE0, 0x00,
  0x1F, 0xFF, 0x00, 0x01, 0xFF, 0xF0, 0x00, 0x1F, 0xFF, 0x80, 0x01, 0xFF,
  0xFC, 0x00, 0x1F, 0xFF, 0xC0, 0x01, 0xFF, 0xBE, 0x00, 0x1F, 0xFB, 0xF0,
  0x01, 0xFF, 0x9F, 0x00, 0x1F, 0xF8, 0xF8, 0x01, 0xFF, 0x8F, 0x80, 0x1F,
  0xF8, 0x7C, 0x01, 0xFF, 0x87, 0xE0, 0x1F, 0xF8, 0x3E, 0x01, 0xFF, 0x81,
  0xF0, 0x1F, 0xF8, 0x1F, 0x81, 0xFF, 0x80, 0xF8, 0x1F, 0xF8, 0x07, 0xC1,
  0xFF, 0x80, 0x7C, 0x1F, 0xF8, 0x03, 0xE1, 0xFF, 0x80, 0x3F, 0x1F, 0xF8,
  0x01, 0xF1, 0xFF, 0x80, 0x0F, 0x9F, 0xF8, 0x00, 0xFD, 0xFF, 0x80, 0x07,
  0xDF, 0xF8, 0x00, 0x3F, 0xFF, 0x80, 0x03, 0xFF, 0xF8, 0x00, 0x1F, 0xFF,
  0x80, 0x01, 0xFF, 0xF8, 0x00, 0x0F, 0xFF, 0x80, 0x00, 0x7F, 0xF8, 0x00,
  0x07, 0xFF, 0x80, 0x00, 0x3F, 0xF8, 0x00, 0x01, 0xF0, 0x00, 0x02, 0x00,
  0x00, 0x03, 0xFF, 0x80, 0x00, 0x7F, 0xFF, 0x00, 0x07, 0xFF, 0xFC, 0x00,
  0x7F, 0xFF, 0xF0, 0x07, 0xE0, 0x0F, 0xC0, 0x7E, 0x00, 0x3F, 0x07, 0xE0,
  0x00, 0xFC, 0x3E, 0x00, 0x03, 0xE1, 0xF0, 0x00, 0x1F, 0x1F, 0x00, 0x00,
  0x7C, 0xF8, 0x00, 0x03, 0xE7, 0xC0, 0x00, 0x1F, 0x7C, 0x00, 0x00, 0x7F,
  0xE0, 0x00, 0x03, 0xFF, 0x00, 0x00, 0x1F, 0xF8, 0x00, 0x00, 0xFF, 0xC0,
  0x00, 0x07, 0xFE, 0x00, 0x00, 0x3F, 0xF0, 0x00, 0x01, 0xFF, 0x80, 0x00,
  0x0F, 0xFC, 0x00, 0x00, 0x7F, 0xE0, 0x00, 0x03, 0xFF, 0x00, 0x00, 0x1F,
  0xF8, 0x00, 0x00, 0xFF, 0xC0, 0x00, 0x07, 0xDF, 0x00, 0x00, 0x7C, 0xF8,
  0x00, 0x03, 0xE7, 0xC0, 0x00, 0x1F, 0x1F, 0x00, 0x01, 0xF8, 0xF8, 0x00,
  0x0F, 0x87, 0xE0, 0x00, 0xFC, 0x1F, 0x80, 0x0F, 0xC0, 0x7E, 0x00, 0xFC,
  0x01, 0xFF, 0xFF, 0xC0, 0x07, 0xFF, 0xFC, 0x00, 0x1F, 0xFF, 0xC0, 0x00,
  0x3F, 0xF8, 0x00, 0x00, 0x08, 0x00, 0x00, 0xFF, 0xFF, 0xC0, 0x3F, 0xFF,
  0xFC, 0x0F, 0xFF, 0xFF, 0xC3, 0xFF, 0xFF, 0xF8, 0xF8, 0x00, 0xFF, 0x3E,
  0x00, 0x0F, 0xEF, 0x80, 0x01, 0xFB, 0xE0, 0x00, 0x3E, 0xF8, 0x00, 0x0F,
  0xFE, 0x00, 0x01, 0xFF, 0x80, 0x00, 0x7F, 0xE0, 0x00, 0x1F, 0xF8, 0x00,
  0x07, 0xFE, 0x00, 0x01, 0xFF, 0x80, 0x00, 0x7F, 0xE0, 0x00, 0x3E, 0xF8,
  0x00, 0x0F, 0xBE, 0x00, 0x07, 0xEF, 0x80, 0x07, 0xF3, 0xFF, 0xFF, 0xF8,
  0xFF, 0xFF, 0xFC, 0x3F, 0xFF, 0xFE, 0x0F, 0xFF, 0xFC, 0x03, 0xE0, 0x00,
  0x00, 0xF8, 0x00, 0x00, 0x3E, 0x00, 0x00, 0x0F, 0x80, 0x00, 0x03, 0xE0,
  0x00, 0x00, 0xF8, 0x00, 0x00, 0x3E, 0x00, 0x00, 0x0F, 0x80, 0x00, 0x03,
  0xE0, 0x00, 0x00, 0xF8, 0x00, 0x00, 0x3E, 0x00, 0x00, 0x0F, 0x80, 0x00,
  0x03, 0xE0, 0x00, 0x00, 0xF8, 0x00, 0x00, 0x00, 0x00, 0x02, 0x00, 0x00,
  0x03, 0xFF, 0x80, 0x00, 0x7F, 0xFF, 0x00, 0x07, 0xFF, 0xFC, 0x00, 0x7F,
  0xFF, 0xF0, 0x07, 0xE0, 0x0F, 0xC0, 0x7E, 0x00, 0x3F, 0x07, 0xE0, 0x00,
  0xFC, 0x3E, 0x00, 0x03, 0xE1, 0xF0, 0x00, 0x1F, 0x1F, 0x00, 0x00, 0x7C,
  0xF8, 0x00, 0x03, 0xE7, 0xC0, 0x00, 0x1F, 0x7C, 0x00, 0x00, 0x7F, 0xE0,
  0x00, 0x03, 0xFF, 0x00, 0x00, 0x1F, 0xF8, 0x00, 0x00, 0xFF, 0xC0, 0x00,
  0x07, 0xFE, 0x00, 0x00, 0x3F, 0xF0, 0x00, 0x01, 0xFF, 0x80, 0x00, 0x0F,
  0xFC, 0x00, 0x00, 0x7F, 0xE0, 0x00, 0x03, 0xFF, 0x00, 0x00, 0x1F, 0xF8,
  0x00, 0x00, 0xFF, 0xC0, 0x00, 0x07, 0xDF, 0x00, 0x00, 0x7C, 0xF8, 0x00,
  0x03, 0xE7, 0xC0, 0x00, 0x1F, 0x1F, 0x00, 0x01, 0xF8, 0xF8, 0x00, 0x0F,
  0x87, 0xE0, 0x00, 0xFC, 0x1F, 0x80, 0x0F, 0xC0, 0x7E, 0x00, 0xFC, 0x01,
  0xFF, 0xFF, 0xC0, 0x07, 0xFF, 0xFC, 0x00, 0x1F, 0xFF, 0xE0, 0x00, 0x3F,
  0xFF, 0x80, 0x00, 0x08, 0x7F, 0x00, 0x00, 0x01, 0xFC, 0x00, 0x00, 0x07,
  0xF0, 0x00, 0x00, 0x1F, 0xC0, 0x00, 0x00, 0x3C, 0x00, 0x00, 0x00, 0xC0,
  0xFF, 0xFF, 0x80, 0x1F, 0xFF, 0xFE, 0x03, 0xFF, 0xFF, 0xE0, 0x7F, 0xFF,
  0xFE, 0x0F, 0x80, 0x0F, 0xE1, 0xF0, 0x00, 0x7E, 0x3E, 0x00, 0x07, 0xC7,
  0xC0, 0x00, 0xFC, 0xF8, 0x00, 0x0F, 0x9F, 0x00, 0x01, 0xF3, 0xE0, 0x00,
  0x3E, 0x7C, 0x00, 0x07, 0xCF, 0x80, 0x00, 0xF9, 0xF0, 0x00, 0x1F, 0x3E,
  0x00, 0x07, 0xC7, 0xC0, 0x01, 0xF8, 0xF8, 0x00, 0x7F, 0x1F, 0x00, 0x1F,
  0xC3, 0xFF, 0xFF, 0xF0, 0x7F, 0xFF, 0xFC, 0x0F, 0xFF, 0xFE, 0x01, 0xFF,
  0xFF, 0x80, 0x3E, 0x00, 0xF8, 0x07, 0xC0, 0x1F, 0x00, 0xF8, 0x01, 0xF0,
  0x1F, 0x00, 0x3E, 0x03, 0xE0, 0x03, 0xE0, 0x7C, 0x00, 0x7C, 0x0F, 0x80,
  0x07, 0xC1, 0xF0, 0x00, 0xFC, 0x3E, 0x00, 0x0F, 0x87, 0xC0, 0x01, 0xF8,
  0xF8, 0x00, 0x1F, 0x1F, 0x00, 0x03, 0xF3, 0xE0, 0x00, 0x3E, 0x7C, 0x00,
  0x03, 0xEF, 0x80, 0x00, 0x7C, 0x00, 0x00, 0x00, 0x00, 0x3F, 0xF8, 0x00,
  0x3F, 0xFF, 0x80, 0x3F, 0xFF, 0xF0, 0x1F, 0xFF, 0xFE, 0x0F, 0xE0, 0x0F,
  0xC3, 0xE0, 0x01, 0xF9, 0xF8, 0x00, 0x3E, 0x7C, 0x00, 0x0F, 0xDF, 0x00,
  0x01, 0xF7, 0xC0, 0x00, 0x7D, 0xF0, 0x00, 0x1F, 0x7C, 0x00, 0x00, 0x1F,
  0x80, 0x00, 0x03, 0xF0, 0x00, 0x00, 0xFF, 0x00, 0x00, 0x1F, 0xF0, 0x00,
  0x03, 0xFF, 0x80, 0x00, 0x3F, 0xFC, 0x00, 0x07, 0xFF, 0xC0, 0x00, 0x3F,
  0xFC, 0x00, 0x01, 0xFF, 0x80, 0x00, 0x0F, 0xF0, 0x00, 0x00, 0xFE, 0x00,
  0x00, 0x1F, 0x80, 0x00, 0x03, 0xF0, 0x00, 0x00, 0x7F, 0xE0, 0x00, 0x1F,
  0xF8, 0x00, 0x07, 0xFE, 0x00, 0x01, 0xFF, 0xC0, 0x00, 0x7D, 0xF0, 0x00,
  0x3F, 0x7E, 0x00, 0x1F, 0x8F, 0xE0, 0x0F, 0xE1, 0xFF, 0xFF, 0xF0, 0x3F,
  0xFF, 0xF8, 0x03, 0xFF, 0xFC, 0x00, 0x3F, 0xFC, 0x00, 0x00, 0x40, 0x00,
  0xFF, 0xFF, 0xFF, 0xFF, 0xFF, 0xFF, 0xFF, 0xFF, 0xFF, 0xFF, 0xFF, 0xFF,
  0xFF, 0xFF, 0xF0, 0x00, 0xF8, 0x00, 0x00, 0x07, 0xC0, 0x00, 0x00, 0x3E,
  0x00, 0x00, 0x01, 0xF0, 0x00, 0x00, 0x0F, 0x80, 0x00, 0x00, 0x7C, 0x00,
  0x00, 0x03, 0xE0, 0x00, 0x00, 0x1F, 0x00, 0x00, 0x00, 0xF8, 0x00, 0x00,
  0x07, 0xC0, 0x00, 0x00, 0x3E, 0x00, 0x00, 0x01, 0xF0, 0x00, 0x00, 0x0F,
  0x80, 0x00, 0x00, 0x7C, 0x00, 0x00, 0x03, 0xE0, 0x00, 0x00, 0x1F, 0x00,
  0x00, 0x00, 0xF8, 0x00, 0x00, 0x07, 0xC0, 0x00, 0x00, 0x3E, 0x00, 0x00,
  0x01, 0xF0, 0x00, 0x00, 0x0F, 0x80, 0x00, 0x00, 0x7C, 0x00, 0x00, 0x03,
  0xE0, 0x00, 0x00, 0x1F, 0x00, 0x00, 0x00, 0xF8, 0x00, 0x00, 0x07, 0xC0,
  0x00, 0x00, 0x3E, 0x00, 0x00, 0x01, 0xF0, 0x00, 0x00, 0x0F, 0x80, 0x00,
  0x00, 0x7C, 0x00, 0x00, 0x03, 0xE0, 0x00, 0x00, 0x1F, 0x00, 0x00, 0x00,
  0xF8, 0x00, 0x00, 0xF8, 0x00, 0x07, 0xFE, 0x00, 0x01, 0xFF, 0x80, 0x00,
  0x7F, 0xE0, 0x00, 0x1F, 0xF8, 0x00, 0x07, 0xFE, 0x00, 0x01, 0xFF, 0x80,
  0x00, 0x7F, 0xE0, 0x00, 0x1F, 0xF8, 0x00, 0x07, 0xFE, 0x00, 0x01, 0xFF,
  0x80, 0x00, 0x7F, 0xE0, 0x00, 0x1F, 0xF8, 0x00, 0x07, 0xFE, 0x00, 0x01,
  0xFF, 0x80, 0x00, 0x7F, 0xE0, 0x00, 0x1F, 0xF8, 0x00, 0x07, 0xFE, 0x00,
  0x01, 0xFF, 0x80, 0x00, 0x7F, 0xE0, 0x00, 0x1F, 0xF8, 0x00, 0x07, 0xFE,
  0x00, 0x01, 0xFF, 0x80, 0x00, 0x7F, 0xE0, 0x00, 0x1F, 0xF8, 0x00, 0x07,
  0xFE, 0x00, 0x01, 0xFF, 0x80, 0x00, 0x7F, 0xE0, 0x00, 0x1F, 0xF8, 0x00,
  0x07, 0xDF, 0x00, 0x03, 0xE7, 0xC0, 0x00, 0xF9, 0xF8, 0x00, 0x7C, 0x3F,
  0x80, 0x7F, 0x07, 0xFF, 0xFF, 0x80, 0xFF, 0xFF, 0xC0, 0x1F, 0xFF, 0xE0,
  0x01, 0xFF, 0xC0, 0x00, 0x02, 0x00, 0x00, 0xF8, 0x00, 0x00, 0x7F, 0xF0,
  0x00, 0x00, 0xF9, 0xF0, 0x00, 0x01, 0xF3, 0xE0, 0x00, 0x07, 0xE7, 0xC0,
  0x00, 0x0F, 0x87, 0xC0, 0x00, 0x1F, 0x0F, 0x80, 0x00, 0x7C, 0x1F, 0x00,
  0x00, 0xF8, 0x1F, 0x00, 0x01, 0xF0, 0x3E, 0x00, 0x07, 0xC0, 0x3E, 0x00,
  0x0F, 0x80, 0x7C, 0x00, 0x1F, 0x00, 0xF8, 0x00, 0x7C, 0x00, 0xF8, 0x00,
  0xF8, 0x01, 0xF0, 0x01, 0xF0, 0x03, 0xE0, 0x07, 0xC0, 0x03, 0xE0, 0x0F,
  0x80, 0x07, 0xC0, 0x1E, 0x00, 0x0F, 0x80, 0x7C, 0x00, 0x0F, 0x80, 0xF8,
  0x00, 0x1F, 0x01, 0xE0, 0x00, 0x3E, 0x07, 0xC0, 0x00, 0x3E, 0x0F, 0x80,
  0x00, 0x7C, 0x1E, 0x00, 0x00, 0x78, 0x7C, 0x00, 0x00, 0xF8, 0xF8, 0x00,
  0x01, 0xF1, 0xE0, 0x00, 0x01, 0xE7, 0xC0, 0x00, 0x03, 0xEF, 0x00, 0x00,
  0x07, 0xDE, 0x00, 0x00, 0x07, 0xFC, 0x00, 0x00, 0x0F, 0xF0, 0x00, 0x00,
  0x1F, 0xE0, 0x00, 0x00, 0x1F, 0xC0, 0x00, 0x00, 0x3F, 0x00, 0x00, 0x00,
  0x3E, 0x00, 0x00, 0x00, 0x7C, 0x00, 0x00, 0xF0, 0x00, 0x1E, 0x00, 0x07,
  0xFE, 0x00, 0x0F, 0x80, 0x01, 0xFF, 0x80, 0x03, 0xF0, 0x00, 0x7B, 0xE0,
  0x00, 0xFC, 0x00, 0x3E, 0x78, 0x00, 0x3F, 0x00, 0x0F, 0x9F, 0x00, 0x1F,
  0xC0, 0x03, 0xE7, 0xC0, 0x07, 0xF8, 0x00, 0xF9, 0xF0, 0x01, 0xFE, 0x00,
  0x3C, 0x3C, 0x00, 0x7F, 0x80, 0x1F, 0x0F, 0x00, 0x3D, 0xF0, 0x07, 0xC3,
  0xE0, 0x0F, 0x3C, 0x01, 0xF0, 0xF8, 0x03, 0xCF, 0x00, 0x78, 0x3E, 0x01,
  0xF3, 0xC0, 0x3E, 0x07, 0x80, 0x78, 0xF8, 0x0F, 0x81, 0xF0, 0x1E, 0x1E,
  0x03, 0xE0, 0x7C, 0x07, 0x87, 0x80, 0xF0, 0x1F, 0x03, 0xE1, 0xE0, 0x3C,
  0x03, 0xC0, 0xF0, 0x3C, 0x1F, 0x00, 0xF0, 0x3C, 0x0F, 0x07, 0xC0, 0x3E,
  0x1F, 0x03, 0xC1, 0xE0, 0x0F, 0x87, 0x80, 0xF0, 0x78, 0x01, 0xE1, 0xE0,
  0x1E, 0x1E, 0x00, 0x78, 0x78, 0x07, 0x8F, 0x80, 0x1F, 0x3E, 0x01, 0xE3,
  0xE0, 0x07, 0xCF, 0x00, 0x7C, 0xF0, 0x00, 0xF3, 0xC0, 0x0F, 0x3C, 0x00,
  0x3C, 0xF0, 0x03, 0xDF, 0x00, 0x0F, 0x78, 0x00, 0xF7, 0xC0, 0x03, 0xDE,
  0x00, 0x1F, 0xE0, 0x00, 0xFF, 0x80, 0x07, 0xF8, 0x00, 0x1F, 0xE0, 0x01,
  0xFE, 0x00, 0x07, 0xF0, 0x00, 0x7F, 0x80, 0x01, 0xFC, 0x00, 0x0F, 0xC0,
  0x00, 0x7F, 0x00, 0x03, 0xF0, 0x00, 0x0F, 0x80, 0x00, 0xFC, 0x00, 0x03,
  0xE0, 0x00, 0x1F, 0x00, 0x00, 0xF8, 0x00, 0x07, 0x80, 0x00, 0x7E, 0x00,
  0x01, 0xF8, 0xF8, 0x00, 0x07, 0xC3, 0xF0, 0x00, 0x3F, 0x07, 0xE0, 0x00,
  0xF8, 0x1F, 0x80, 0x07, 0xE0, 0x3F, 0x00, 0x3F, 0x00, 0x7C, 0x00, 0xF8,
  0x01, 0xF8, 0x07, 0xE0, 0x03, 0xF0, 0x3F, 0x00, 0x07, 0xC0, 0xF8, 0x00,
  0x1F, 0x87, 0xE0, 0x00, 0x3E, 0x1F, 0x00, 0x00, 0xFC, 0xFC, 0x00, 0x01,
  0xFF, 0xE0, 0x00, 0x03, 0xFF, 0x00, 0x00, 0x0F, 0xFC, 0x00, 0x00, 0x1F,
  0xE0, 0x00, 0x00, 0x3F, 0x00, 0x00, 0x00, 0xFC, 0x00, 0x00, 0x07, 0xF8,
  0x00, 0x00, 0x1F, 0xE0, 0x00, 0x00, 0xFF, 0xC0, 0x00, 0x03, 0xFF, 0x80,
  0x00, 0x1F, 0x3E, 0x00, 0x00, 0xFC, 0xFC, 0x00, 0x03, 0xE1, 0xF0, 0x00,
  0x1F, 0x87, 0xE0, 0x00, 0xFC, 0x0F, 0xC0, 0x03, 0xE0, 0x1F, 0x00, 0x1F,
  0x80, 0x7E, 0x00, 0x7C, 0x00, 0xFC, 0x03, 0xF0, 0x01, 0xF0, 0x1F, 0x80,
  0x07, 0xE0, 0x7C, 0x00, 0x0F, 0x83, 0xF0, 0x00, 0x3F, 0x1F, 0x80, 0x00,
  0x7E, 0x7C, 0x00, 0x00, 0xF8, 0xF8, 0x00, 0x00, 0xFF, 0xE0, 0x00, 0x0F,
  0xDF, 0x00, 0x00, 0x7C, 0xFC, 0x00, 0x07, 0xE3, 0xE0, 0x00, 0x3E, 0x1F,
  0x80, 0x03, 0xF0, 0x7C, 0x00, 0x1F, 0x01, 0xF0, 0x01, 0xF0, 0x0F, 0x80,
  0x0F, 0x80, 0x3E, 0x00, 0xF8, 0x01, 0xF0, 0x07, 0xC0, 0x07, 0xC0, 0x7C,
  0x00, 0x3E, 0x03, 0xE0, 0x00, 0xF8, 0x3E, 0x00, 0x07, 0xC1, 0xF0, 0x00,
  0x1F, 0x1F, 0x00, 0x00, 0xF8, 0xF8, 0x00, 0x03, 0xEF, 0x80, 0x00, 0x1F,
  0x7C, 0x00, 0x00, 0x7F, 0xC0, 0x00, 0x01, 0xFC, 0x00, 0x00, 0x0F, 0xE0,
  0x00, 0x00, 0x3E, 0x00, 0x00, 0x01, 0xF0, 0x00, 0x00, 0x0F, 0x80, 0x00,
  0x00, 0x7C, 0x00, 0x00, 0x03, 0xE0, 0x00, 0x00, 0x1F, 0x00, 0x00, 0x00,
  0xF8, 0x00, 0x00, 0x07, 0xC0, 0x00, 0x00, 0x3E, 0x00, 0x00, 0x01, 0xF0,
  0x00, 0x00, 0x0F, 0x80, 0x00, 0x00, 0x7C, 0x00, 0x00, 0x03, 0xE0, 0x00,
  0x00, 0x1F, 0x00, 0x00, 0x00, 0xF8, 0x00, 0x00, 0x7F, 0xFF, 0xFF, 0xCF,
  0xFF, 0xFF, 0xF9, 0xFF, 0xFF, 0xFF, 0x3F, 0xFF, 0xFF, 0xE0, 0x00, 0x00,
  0xFC, 0x00, 0x00, 0x3F, 0x00, 0x00, 0x07, 0xC0, 0x00, 0x01, 0xF0, 0x00,
  0x00, 0x7E, 0x00, 0x00, 0x0F, 0x80, 0x00, 0x03, 0xE0, 0x00, 0x00, 0xFC,
  0x00, 0x00, 0x1F, 0x00, 0x00, 0x07, 0xC0, 0x00, 0x01, 0xF8, 0x00, 0x00,
  0x3E, 0x00, 0x00, 0x0F, 0x80, 0x00, 0x03, 0xF0, 0x00, 0x00, 0x7C, 0x00,
  0x00, 0x1F, 0x00, 0x00, 0x07, 0xE0, 0x00, 0x01, 0xF8, 0x00, 0x00, 0x3E,
  0x00, 0x00, 0x0F, 0x80, 0x00, 0x03, 0xF0, 0x00, 0x00, 0x7C, 0x00, 0x00,
  0x1F, 0x00, 0x00, 0x07, 0xE0, 0x00, 0x00, 0xF8, 0x00, 0x00, 0x3E, 0x00,
  0x00, 0x0F, 0xC0, 0x00, 0x01, 0xF0, 0x00, 0x00, 0x7C, 0x00, 0x00, 0x1F,
  0xFF, 0xFF, 0xFF, 0xFF, 0xFF, 0xFF, 0xFF, 0xFF, 0xFF, 0xFF, 0xFF, 0xFF,
  0xFE, 0xFF, 0xFF, 0xFF, 0xFF, 0xFF, 0xF8, 0x3E, 0x0F, 0x83, 0xE0, 0xF8,
  0x3E, 0x0F, 0x83, 0xE0, 0xF8, 0x3E, 0x0F, 0x83, 0xE0, 0xF8, 0x3E, 0x0F,
  0x83, 0xE0, 0xF8, 0x3E, 0x0F, 0x83, 0xE0, 0xF8, 0x3E, 0x0F, 0x83, 0xE0,
  0xF8, 0x3E, 0x0F, 0x83, 0xE0, 0xF8, 0x3E, 0x0F, 0x83, 0xE0, 0xF8, 0x3E,
  0x0F, 0x83, 0xE0, 0xF8, 0x3E, 0x0F, 0x83, 0xE0, 0xF8, 0x3E, 0x0F, 0xFF,
  0xFF, 0xFF, 0xFF, 0xF0, 0xF8, 0x00, 0x07, 0x80, 0x00, 0x78, 0x00, 0x07,
  0xC0, 0x00, 0x3C, 0x00, 0x03, 0xC0, 0x00, 0x3E, 0x00, 0x01, 0xE0, 0x00,
  0x1F, 0x00, 0x00, 0xF0, 0x00, 0x0F, 0x00, 0x00, 0xF8, 0x00, 0x07, 0x80,
  0x00, 0x7C, 0x00, 0x07, 0xC0, 0x00, 0x3C, 0x00, 0x03, 0xE0, 0x00, 0x1E,
  0x00, 0x01, 0xE0, 0x00, 0x1F, 0x00, 0x00, 0xF0, 0x00, 0x0F, 0x80, 0x00,
  0x78, 0x00, 0x07, 0x80, 0x00, 0x7C, 0x00, 0x03, 0xC0, 0x00, 0x3C, 0x00,
  0x03, 0xE0, 0x00, 0x1E, 0x00, 0x01, 0xF0, 0x00, 0x0F, 0x00, 0x00, 0xF0,
  0x00, 0x0F, 0x80, 0x00, 0x78, 0x00, 0x07, 0x80, 0x00, 0x7C, 0x00, 0x03,
  0xC0, 0x00, 0x3E, 0x00, 0x01, 0xE0, 0x00, 0x1E, 0xFF, 0xFF, 0xFF, 0xFF,
  0xFF, 0x07, 0xC1, 0xF0, 0x7C, 0x1F, 0x07, 0xC1, 0xF0, 0x7C, 0x1F, 0x07,
  0xC1, 0xF0, 0x7C, 0x1F, 0x07, 0xC1, 0xF0, 0x7C, 0x1F, 0x07, 0xC1, 0xF0,
  0x7C, 0x1F, 0x07, 0xC1, 0xF0, 0x7C, 0x1F, 0x07, 0xC1, 0xF0, 0x7C, 0x1F,
  0x07, 0xC1, 0xF0, 0x7C, 0x1F, 0x07, 0xC1, 0xF0, 0x7C, 0x1F, 0x07, 0xC1,
  0xF0, 0x7C, 0x1F, 0x07, 0xC1, 0xFF, 0xFF, 0xFF, 0xFF, 0xFF, 0xF0, 0x01,
  0xC0, 0x00, 0x78, 0x00, 0x3E, 0x00, 0x0F, 0x80, 0x07, 0xF0, 0x01, 0xFC,
  0x00, 0x7F, 0x80, 0x3D, 0xE0, 0x0F, 0x78, 0x07, 0xCF, 0x01, 0xE3, 0xC0,
  0x78, 0x78, 0x3C, 0x1E, 0x0F, 0x07, 0xC7, 0xC0, 0xF1, 0xE0, 0x3C, 0x78,
  0x0F, 0xBE, 0x01, 0xEF, 0x00, 0x7C, 0xFF, 0xFF, 0xFF, 0xFF, 0xFF, 0xFF,
  0xFF, 0xFF, 0xFF, 0xFF, 0xFF, 0xF0, 0xFC, 0x0F, 0xC0, 0xF8, 0x0F, 0x80,
  0xF8, 0x0F, 0x00, 0xF0, 0x1F, 0x00, 0x00, 0x00, 0x1F, 0xFC, 0x00, 0xFF,
  0xFC, 0x0F, 0xFF, 0xF8, 0x7F, 0xFF, 0xF1, 0xF8, 0x0F, 0xCF, 0xC0, 0x1F,
  0xBE, 0x00, 0x3E, 0x00, 0x00, 0xF8, 0x00, 0x03, 0xE0, 0x00, 0x0F, 0x80,
  0x7F, 0xFE, 0x07, 0xFF, 0xF8, 0x7F, 0xFF, 0xE3, 0xFF, 0xFF, 0x9F, 0xE0,
  0x3E, 0x7E, 0x00, 0xFB, 0xF0, 0x03, 0xEF, 0x80, 0x0F, 0xBE, 0x00, 0x3E,
  0xF8, 0x00, 0xFB, 0xE0, 0x07, 0xEF, 0xC0, 0x1F, 0x9F, 0x81, 0xFE, 0x7F,
  0xFF, 0xF8, 0xFF, 0xFF, 0xE1, 0xFF, 0xEF, 0xC3, 0xFE, 0x1F, 0x00, 0x80,
  0x00, 0xF8, 0x00, 0x01, 0xF0, 0x00, 0x03, 0xE0, 0x00, 0x07, 0xC0, 0x00,
  0x0F, 0x80, 0x00, 0x1F, 0x00, 0x00, 0x3E, 0x00, 0x00, 0x7C, 0x00, 0x00,
  0xF8, 0x00, 0x01, 0xF0, 0x00, 0x03, 0xE0, 0x00, 0x07, 0xC0, 0x40, 0x0F,
  0x8F, 0xF8, 0x1F, 0x7F, 0xFC, 0x3F, 0xFF, 0xFC, 0x7F, 0xFF, 0xF8, 0xFF,
  0x01, 0xF9, 0xF8, 0x01, 0xFB, 0xF0, 0x01, 0xF7, 0xC0, 0x03, 0xEF, 0x80,
  0x07, 0xDF, 0x00, 0x07, 0xFE, 0x00, 0x0F, 0xFC, 0x00, 0x1F, 0xF8, 0x00,
  0x3F, 0xF0, 0x00, 0x7F, 0xE0, 0x00, 0xFF, 0xC0, 0x01, 0xFF, 0x80, 0x03,
  0xFF, 0x00, 0x07, 0xFE, 0x00, 0x1F, 0x7C, 0x00, 0x3E, 0xFC, 0x00, 0x7D,
  0xF8, 0x01, 0xF3, 0xFC, 0x07, 0xE7, 0xFF, 0xFF, 0x8F, 0xFF, 0xFF, 0x1F,
  0x7F, 0xFC, 0x3E, 0x3F, 0xE0, 0x00, 0x04, 0x00, 0x00, 0x00, 0x00, 0x03,
  0xFF, 0x00, 0x1F, 0xFF, 0x80, 0x7F, 0xFF, 0x81, 0xFF, 0xFF, 0x87, 0xE0,
  0x1F, 0x0F, 0x80, 0x1F, 0x3F, 0x00, 0x3E, 0x7C, 0x00, 0x3C, 0xF8, 0x00,
  0x7B, 0xE0, 0x00, 0x07, 0xC0, 0x00, 0x0F, 0x80, 0x00, 0x1F, 0x00, 0x00,
  0x3E, 0x00, 0x00, 0x7C, 0x00, 0x00, 0xF8, 0x00, 0x01, 0xF0, 0x00, 0x03,
  0xE0, 0x00, 0x03, 0xE0, 0x01, 0xF7, 0xC0, 0x03, 0xCF, 0x80, 0x07, 0x8F,
  0x80, 0x1F, 0x1F, 0x80, 0x7C, 0x1F, 0xFF, 0xF8, 0x1F, 0xFF, 0xE0, 0x1F,
  0xFF, 0x00, 0x0F, 0xFC, 0x00, 0x01, 0x00, 0x00, 0x00, 0x00, 0x3E, 0x00,
  0x00, 0x7C, 0x00, 0x00, 0xF8, 0x00, 0x01, 0xF0, 0x00, 0x03, 0xE0, 0x00,
  0x07, 0xC0, 0x00, 0x0F, 0x80, 0x00, 0x1F, 0x00, 0x00, 0x3E, 0x00, 0x00,
  0x7C, 0x00, 0x00, 0xF8, 0x00, 0x01, 0xF0, 0x3F, 0xE3, 0xE0, 0xFF, 0xF7,
  0xC3, 0xFF, 0xFF, 0x8F, 0xFF, 0xFF, 0x3F, 0x00, 0xFE, 0x7C, 0x00, 0xFD,
  0xF8, 0x00, 0xFB, 0xE0, 0x01, 0xFF, 0xC0, 0x03, 0xFF, 0x00, 0x07, 0xFE,
  0x00, 0x0F, 0xFC, 0x00, 0x1F, 0xF8, 0x00, 0x3F, 0xF0, 0x00, 0x7F, 0xE0,
  0x00, 0xFF, 0xC0, 0x01, 0xFF, 0x80, 0x03, 0xFF, 0x00, 0x07, 0xDF, 0x00,
  0x0F, 0xBE, 0x00, 0x1F, 0x7E, 0x00, 0x3E, 0x7C, 0x00, 0xFC, 0xFC, 0x03,
  0xF8, 0xFF, 0xFF, 0xF0, 0xFF, 0xFF, 0xE0, 0xFF, 0xF7, 0xC0, 0xFF, 0x8F,
  0x80, 0x10, 0x00, 0x00, 0x00, 0x00, 0x03, 0xFF, 0x00, 0x0F, 0xFF, 0x80,
  0x7F, 0xFF, 0x81, 0xFF, 0xFF, 0x03, 0xF0, 0x3F, 0x0F, 0x80, 0x3F, 0x3F,
  0x00, 0x3E, 0x7C, 0x00, 0x7C, 0xF8, 0x00, 0x7F, 0xE0, 0x00, 0xFF, 0xC0,
  0x01, 0xFF, 0xFF, 0xFF, 0xFF, 0xFF, 0xFF, 0xFF, 0xFF, 0xFF, 0xFF, 0xFF,
  0xFF, 0xF8, 0x00, 0x01, 0xF0, 0x00, 0x03, 0xE0, 0x00, 0x07, 0xE0, 0x00,
  0x07, 0xC0, 0x00, 0x0F, 0xC0, 0x02, 0x0F, 0xC0, 0x0F, 0x1F, 0xC0, 0x3E,
  0x1F, 0xFF, 0xFC, 0x1F, 0xFF, 0xF0, 0x1F, 0xFF, 0x80, 0x0F, 0xFE, 0x00,
  0x00, 0x80, 0x00, 0x00, 0x3F, 0x01, 0xFF, 0x03, 0xFF, 0x07, 0xFF, 0x07,
  0xE0, 0x0F, 0xC0, 0x0F, 0x80, 0x0F, 0x80, 0x0F, 0x80, 0x0F, 0x80, 0x0F,
  0x80, 0x0F, 0x80, 0x0F, 0x80, 0xFF, 0xFE, 0xFF, 0xFE, 0xFF, 0xFE, 0xFF,
  0xFE, 0x0F, 0x80, 0x0F, 0x80, 0x0F, 0x80, 0x0F, 0x80, 0x0F, 0x80, 0x0F,
  0x80, 0x0F, 0x80, 0x0F, 0x80, 0x0F, 0x80, 0x0F, 0x80, 0x0F, 0x80, 0x0F,
  0x80, 0x0F, 0x80, 0x0F, 0x80, 0x0F, 0x80, 0x0F, 0x80, 0x0F, 0x80, 0x0F,
  0x80, 0x0F, 0x80, 0x0F, 0x80, 0x0F, 0x80, 0x0F, 0x80, 0x0F, 0x80, 0x00,
  0x00, 0x00, 0x07, 0xFC, 0x7C, 0x1F, 0xFE, 0xF8, 0x7F, 0xFF, 0xF1, 0xFF,
  0xFF, 0xE7, 0xE0, 0x1F, 0xCF, 0x80, 0x1F, 0xBF, 0x00, 0x1F, 0x7C, 0x00,
  0x3F, 0xF8, 0x00, 0x7F, 0xE0, 0x00, 0xFF, 0xC0, 0x01, 0xFF, 0x80, 0x03,
  0xFF, 0x00, 0x07, 0xFE, 0x00, 0x0F, 0xFC, 0x00, 0x1F, 0xF8, 0x00, 0x3F,
  0xF0, 0x00, 0x7F, 0xE0, 0x00, 0xFB, 0xE0, 0x01, 0xF7, 0xC0, 0x03, 0xEF,
  0xC0, 0x0F, 0xCF, 0x80, 0x1F, 0x9F, 0x80, 0x7F, 0x1F, 0xFF, 0xFE, 0x1F,
  0xFF, 0xFC, 0x1F, 0xFE, 0xF8, 0x1F, 0xF1, 0xF0, 0x02, 0x03, 0xE0, 0x00,
  0x07, 0xC0, 0x00, 0x0F, 0x80, 0x00, 0x3F, 0x18, 0x00, 0x7C, 0x78, 0x01,
  0xF9, 0xF8, 0x07, 0xE1, 0xFF, 0xFF, 0xC1, 0xFF, 0xFF, 0x00, 0xFF, 0xFC,
  0x00, 0x7F, 0xE0, 0x00, 0x08, 0x00, 0xF8, 0x00, 0x07, 0xC0, 0x00, 0x3E,
  0x00, 0x01, 0xF0, 0x00, 0x0F, 0x80, 0x00, 0x7C, 0x00, 0x03, 0xE0, 0x00,
  0x1F, 0x00, 0x00, 0xF8, 0x00, 0x07, 0xC0, 0x00, 0x3E, 0x00, 0x01, 0xF0,
  0x10, 0x0F, 0x8F, 0xF8, 0x7D, 0xFF, 0xE3, 0xFF, 0xFF, 0x9F, 0xFF, 0xFE,
  0xFF, 0x03, 0xF7, 0xE0, 0x0F, 0xFF, 0x00, 0x3F, 0xF0, 0x01, 0xFF, 0x80,
  0x0F, 0xFC, 0x00, 0x7F, 0xE0, 0x03, 0xFF, 0x00, 0x1F, 0xF8, 0x00, 0xFF,
  0xC0, 0x07, 0xFE, 0x00, 0x3F, 0xF0, 0x01, 0xFF, 0x80, 0x0F, 0xFC, 0x00,
  0x7F, 0xE0, 0x03, 0xFF, 0x00, 0x1F, 0xF8, 0x00, 0xFF, 0xC0, 0x07, 0xFE,
  0x00, 0x3F, 0xF0, 0x01, 0xFF, 0x80, 0x0F, 0xFC, 0x00, 0x7F, 0xE0, 0x03,
  0xE0, 0x27, 0xFF, 0xFF, 0x90, 0x00, 0x00, 0x01, 0xFF, 0xFF, 0xFF, 0xFF,
  0xFF, 0xFF, 0xFF, 0xFF, 0xFF, 0xFF, 0xFF, 0xFF, 0xFF, 0xFF, 0xFF, 0xFF,
  0xFC, 0x03, 0x81, 0xF0, 0x7C, 0x1F, 0x03, 0x80, 0x00, 0x00, 0x00, 0x07,
  0xC1, 0xF0, 0x7C, 0x1F, 0x07, 0xC1, 0xF0, 0x7C, 0x1F, 0x07, 0xC1, 0xF0,
  0x7C, 0x1F, 0x07, 0xC1, 0xF0, 0x7C, 0x1F, 0x07, 0xC1, 0xF0, 0x7C, 0x1F,
  0x07, 0xC1, 0xF0, 0x7C, 0x1F, 0x07, 0xC1, 0xF0, 0x7C, 0x1F, 0x07, 0xC1,
  0xF0, 0x7C, 0x1F, 0x07, 0xC3, 0xFF, 0xFB, 0xFE, 0xFF, 0x3F, 0x82, 0x00,
  0xF8, 0x00, 0x01, 0xF0, 0x00, 0x03, 0xE0, 0x00, 0x07, 0xC0, 0x00, 0x0F,
  0x80, 0x00, 0x1F, 0x00, 0x00, 0x3E, 0x00, 0x00, 0x7C, 0x00, 0x00, 0xF8,
  0x00, 0x01, 0xF0, 0x00, 0x03, 0xE0, 0x00, 0x07, 0xC0, 0x00, 0x0F, 0x80,
  0x1F, 0x9F, 0x00, 0x7E, 0x3E, 0x01, 0xF8, 0x7C, 0x07, 0xE0, 0xF8, 0x0F,
  0x81, 0xF0, 0x3E, 0x03, 0xE0, 0xF8, 0x07, 0xC3, 0xE0, 0x0F, 0x8F, 0x80,
  0x1F, 0x3F, 0x00, 0x3E, 0xFC, 0x00, 0x7F, 0xF0, 0x00, 0xFF, 0xF0, 0x01,
  0xFF, 0xF0, 0x03, 0xFF, 0xE0, 0x07, 0xF3, 0xE0, 0x0F, 0xC7, 0xE0, 0x1F,
  0x07, 0xE0, 0x3E, 0x07, 0xC0, 0x7C, 0x07, 0xC0, 0xF8, 0x0F, 0xC1, 0xF0,
  0x0F, 0xC3, 0xE0, 0x0F, 0x87, 0xC0, 0x0F, 0x8F, 0x80, 0x1F, 0x9F, 0x00,
  0x1F, 0xBE, 0x00, 0x1F, 0x00, 0xFF, 0xFF, 0xFF, 0xFF, 0xFF, 0xFF, 0xFF,
  0xFF, 0xFF, 0xFF, 0xFF, 0xFF, 0xFF, 0xFF, 0xFF, 0xFF, 0xFF, 0xFF, 0xFF,
  0xFF, 0xFF, 0xFF, 0xFF, 0xFF, 0xE0, 0x00, 0x08, 0x00, 0x00, 0x03, 0xE3,
  0xFE, 0x03, 0xFF, 0x0F, 0xBF, 0xFC, 0x3F, 0xFE, 0x3F, 0xFF, 0xF9, 0xFF,
  0xFC, 0xFF, 0xFF, 0xFF, 0xFF, 0xFB, 0xF8, 0x0F, 0xFC, 0x07, 0xEF, 0xC0,
  0x1F, 0xC0, 0x0F, 0xFE, 0x00, 0x3F, 0x00, 0x1F, 0xF8, 0x00, 0xF8, 0x00,
  0x7F, 0xE0, 0x03, 0xE0, 0x01, 0xFF, 0x80, 0x0F, 0x80, 0x07, 0xFE, 0x00,
  0x3E, 0x00, 0x1F, 0xF8, 0x00, 0xF8, 0x00, 0x7F, 0xE0, 0x03, 0xE0, 0x01,
  0xFF, 0x80, 0x0F, 0x80, 0x07, 0xFE, 0x00, 0x3E, 0x00, 0x1F, 0xF8, 0x00,
  0xF8, 0x00, 0x7F, 0xE0, 0x03, 0xE0, 0x01, 0xFF, 0x80, 0x0F, 0x80, 0x07,
  0xFE, 0x00, 0x3E, 0x00, 0x1F, 0xF8, 0x00, 0xF8, 0x00, 0x7F, 0xE0, 0x03,
  0xE0, 0x01, 0xFF, 0x80, 0x0F, 0x80, 0x07, 0xFE, 0x00, 0x3E, 0x00, 0x1F,
  0xF8, 0x00, 0xF8, 0x00, 0x7F, 0xE0, 0x03, 0xE0, 0x01, 0xFF, 0x80, 0x0F,
  0x80, 0x07, 0xFE, 0x00, 0x3E, 0x00, 0x1F, 0x00, 0x00, 0x07, 0xC7, 0xFC,
  0x3E, 0xFF, 0xF1, 0xFF, 0xFF, 0xCF, 0xFF, 0xFF, 0x7F, 0x81, 0xFB, 0xF0,
  0x07, 0xFF, 0x80, 0x1F, 0xF8, 0x00, 0xFF, 0xC0, 0x07, 0xFE, 0x00, 0x3F,
  0xF0, 0x01, 0xFF, 0x80, 0x0F, 0xFC, 0x00, 0x7F, 0xE0, 0x03, 0xFF, 0x00,
  0x1F, 0xF8, 0x00, 0xFF, 0xC0, 0x07, 0xFE, 0x00, 0x3F, 0xF0, 0x01, 0xFF,
  0x80, 0x0F, 0xFC, 0x00, 0x7F, 0xE0, 0x03, 0xFF, 0x00, 0x1F, 0xF8, 0x00,
  0xFF, 0xC0, 0x07, 0xFE, 0x00, 0x3F, 0xF0, 0x01, 0xF0, 0x00, 0x08, 0x00,
  0x00, 0xFF, 0xE0, 0x00, 0xFF, 0xF8, 0x01, 0xFF, 0xFF, 0x01, 0xFF, 0xFF,
  0xC0, 0xFC, 0x07, 0xE0, 0xFC, 0x01, 0xF8, 0xFC, 0x00, 0x7E, 0x7C, 0x00,
  0x1F, 0x3E, 0x00, 0x0F, 0xBF, 0x00, 0x07, 0xFF, 0x00, 0x01, 0xFF, 0x80,
  0x00, 0xFF, 0xC0, 0x00, 0x7F, 0xE0, 0x00, 0x3F, 0xF0, 0x00, 0x1F, 0xF8,
  0x00, 0x0F, 0xFC, 0x00, 0x07, 0xFE, 0x00, 0x07, 0xEF, 0x80, 0x03, 0xE7,
  0xC0, 0x01, 0xF3, 0xF0, 0x01, 0xF8, 0xFC, 0x01, 0xF8, 0x3F, 0x01, 0xF8,
  0x1F, 0xFF, 0xFC, 0x07, 0xFF, 0xFC, 0x00, 0xFF, 0xFC, 0x00, 0x3F, 0xF8,
  0x00, 0x00, 0x80, 0x00, 0x00, 0x08, 0x01, 0xF1, 0xFF, 0x03, 0xEF, 0xFF,
  0x87, 0xFF, 0xFF, 0x8F, 0xFF, 0xFF, 0x1F, 0xC0, 0x3F, 0x3F, 0x00, 0x3F,
  0x7C, 0x00, 0x7E, 0xF8, 0x00, 0x7D, 0xF0, 0x00, 0xFB, 0xE0, 0x00, 0xFF,
  0xC0, 0x01, 0xFF, 0x80, 0x03, 0xFF, 0x00, 0x07, 0xFE, 0x00, 0x0F, 0xFC,
  0x00, 0x1F, 0xF8, 0x00, 0x3F, 0xF0, 0x00, 0x7F, 0xE0, 0x00, 0xFF, 0xC0,
  0x03, 0xEF, 0x80, 0x07, 0xDF, 0x00, 0x1F, 0xBF, 0x00, 0x3E, 0x7F, 0x00,
  0xFC, 0xFF, 0xFF, 0xF1, 0xFF, 0xFF, 0xC3, 0xEF, 0xFF, 0x07, 0xC7, 0xFC,
  0x0F, 0x80, 0x80, 0x1F, 0x00, 0x00, 0x3E, 0x00, 0x00, 0x7C, 0x00, 0x00,
  0xF8, 0x00, 0x01, 0xF0, 0x00, 0x03, 0xE0, 0x00, 0x07, 0xC0, 0x00, 0x0F,
  0x80, 0x00, 0x1F, 0x00, 0x00, 0x3E, 0x00, 0x00, 0x00, 0x00, 0x00, 0x00,
  0x07, 0xFE, 0x7C, 0x1F, 0xFE, 0xF8, 0x7F, 0xFF, 0xF1, 0xFF, 0xFF, 0xE7,
  0xF0, 0x1F, 0xCF, 0x80, 0x1F, 0xBF, 0x00, 0x1F, 0x7C, 0x00, 0x3F, 0xF8,
  0x00, 0x7F, 0xE0, 0x00, 0xFF, 0xC0, 0x01, 0xFF, 0x80, 0x03, 0xFF, 0x00,
  0x07, 0xFE, 0x00, 0x0F, 0xFC, 0x00, 0x1F, 0xF8, 0x00, 0x3F, 0xF0, 0x00,
  0x7F, 0xE0, 0x00, 0xFB, 0xE0, 0x01, 0xF7, 0xC0, 0x03, 0xEF, 0xC0, 0x07,
  0xCF, 0x80, 0x1F, 0x9F, 0x80, 0x7F, 0x1F, 0xFF, 0xFE, 0x1F, 0xFF, 0xFC,
  0x1F, 0xFE, 0xF8, 0x1F, 0xF9, 0xF0, 0x02, 0x03, 0xE0, 0x00, 0x07, 0xC0,
  0x00, 0x0F, 0x80, 0x00, 0x1F, 0x00, 0x00, 0x3E, 0x00, 0x00, 0x7C, 0x00,
  0x00, 0xF8, 0x00, 0x01, 0xF0, 0x00, 0x03, 0xE0, 0x00, 0x07, 0xC0, 0x00,
  0x0F, 0x80, 0x00, 0x07, 0xCF, 0xFE, 0xFF, 0xFF, 0xFF, 0xFF, 0xFF, 0x03,
  0xF0, 0x1F, 0x00, 0xF8, 0x07, 0xC0, 0x3E, 0x01, 0xF0, 0x0F, 0x80, 0x7C,
  0x03, 0xE0, 0x1F, 0x00, 0xF8, 0x07, 0xC0, 0x3E, 0x01, 0xF0, 0x0F, 0x80,
  0x7C, 0x03, 0xE0, 0x1F, 0x00, 0xF8, 0x07, 0xC0, 0x3E, 0x01, 0xF0, 0x00,
  0x00, 0x00, 0x00, 0x0F, 0xFC, 0x00, 0xFF, 0xFC, 0x07, 0xFF, 0xF8, 0x3F,
  0xFF, 0xF0, 0xF8, 0x0F, 0xC7, 0xE0, 0x1F, 0x9F, 0x00, 0x3E, 0x7C, 0x00,
  0xF9, 0xF0, 0x00, 0x07, 0xE0, 0x00, 0x0F, 0xC0, 0x00, 0x1F, 0xF0, 0x00,
  0x3F, 0xFC, 0x00, 0x3F, 0xFC, 0x00, 0x1F, 0xFC, 0x00, 0x07, 0xF8, 0x00,
  0x07, 0xE0, 0x00, 0x0F, 0xC0, 0x00, 0x1F, 0xF8, 0x00, 0x7F, 0xE0, 0x01,
  0xF7, 0xC0, 0x0F, 0xDF, 0x80, 0x7E, 0x3F, 0xFF, 0xF8, 0x7F, 0xFF, 0xC0,
  0xFF, 0xFE, 0x00, 0xFF, 0xE0, 0x00, 0x30, 0x00, 0x07, 0xC0, 0x0F, 0x80,
  0x1F, 0x00, 0x3E, 0x00, 0x7C, 0x00, 0xF8, 0x01, 0xF0, 0x7F, 0xFF, 0xFF,
  0xFF, 0xFF, 0xFF, 0xFF, 0xF8, 0x3E, 0x00, 0x7C, 0x00, 0xF8, 0x01, 0xF0,
  0x03, 0xE0, 0x07, 0xC0, 0x0F, 0x80, 0x1F, 0x00, 0x3E, 0x00, 0x7C, 0x00,
  0xF8, 0x01, 0xF0, 0x03, 0xE0, 0x07, 0xC0, 0x0F, 0x80, 0x1F, 0x00, 0x3E,
  0x00, 0x7C, 0x00, 0xFC, 0x01, 0xFF, 0x81, 0xFF, 0x03, 0xFE, 0x03, 0xFC,
  0x00, 0x40, 0xF8, 0x00, 0xFF, 0xC0, 0x07, 0xFE, 0x00, 0x3F, 0xF0, 0x01,
  0xFF, 0x80, 0x0F, 0xFC, 0x00, 0x7F, 0xE0, 0x03, 0xFF, 0x00, 0x1F, 0xF8,
  0x00, 0xFF, 0xC0, 0x07, 0xFE, 0x00, 0x3F, 0xF0, 0x01, 0xFF, 0x80, 0x0F,
  0xFC, 0x00, 0x7F, 0xE0, 0x03, 0xFF, 0x00, 0x1F, 0xF8, 0x00, 0xFF, 0xC0,
  0x07, 0xFE, 0x00, 0x3F, 0xF0, 0x01, 0xFF, 0x80, 0x1F, 0xFE, 0x00, 0xFD,
  0xF8, 0x0F, 0xEF, 0xFF, 0xFF, 0x3F, 0xFF, 0xF8, 0xFF, 0xF7, 0xC3, 0xFF,
  0x3E, 0x01, 0x00, 0x00, 0xF8, 0x00, 0x3F, 0xF0, 0x00, 0xF9, 0xE0, 0x01,
  0xF3, 0xE0, 0x03, 0xE7, 0xC0, 0x07, 0x87, 0x80, 0x1F, 0x0F, 0x80, 0x3C,
  0x0F, 0x00, 0x78, 0x1E, 0x01, 0xF0, 0x3E, 0x03, 0xC0, 0x3C, 0x07, 0x80,
  0x78, 0x1F, 0x00, 0xF8, 0x3C, 0x00, 0xF0, 0x78, 0x01, 0xE1, 0xF0, 0x03,
  0xE3, 0xC0, 0x03, 0xC7, 0x80, 0x07, 0x9F, 0x00, 0x0F, 0xBC, 0x00, 0x0F,
  0x78, 0x00, 0x1F, 0xE0, 0x00, 0x1F, 0xC0, 0x00, 0x3F, 0x80, 0x00, 0x7E,
  0x00, 0x00, 0x7C, 0x00, 0x00, 0xF8, 0x00, 0x01, 0xE0, 0x00, 0xF8, 0x00,
  0xF0, 0x01, 0xF7, 0x80, 0x0F, 0x00, 0x1F, 0x78, 0x01, 0xF8, 0x01, 0xE7,
  0xC0, 0x1F, 0x80, 0x1E, 0x7C, 0x01, 0xF8, 0x03, 0xE3, 0xC0, 0x3F, 0xC0,
  0x3E, 0x3C, 0x03, 0xFC, 0x03, 0xC3, 0xE0, 0x3F, 0xC0, 0x3C, 0x1E, 0x03,
  0x9E, 0x07, 0xC1, 0xE0, 0x79, 0xE0, 0x78, 0x1E, 0x07, 0x9E, 0x07, 0x81,
  0xF0, 0x70, 0xF0, 0x78, 0x0F, 0x0F, 0x0F, 0x0F, 0x00, 0xF0, 0xF0, 0xF0,
  0xF0, 0x0F, 0x8F, 0x07, 0x0F, 0x00, 0x79, 0xE0, 0x78, 0xF0, 0x07, 0x9E,
  0x07, 0x9E, 0x00, 0x79, 0xE0, 0x79, 0xE0, 0x07, 0xFC, 0x03, 0xDE, 0x00,
  0x3F, 0xC0, 0x3D, 0xC0, 0x03, 0xFC, 0x03, 0xFC, 0x00, 0x3F, 0x80, 0x1F,
  0xC0, 0x01, 0xF8, 0x01, 0xFC, 0x00, 0x1F, 0x80, 0x1F, 0x80, 0x01, 0xF0,
  0x00, 0xF8, 0x00, 0x1F, 0x00, 0x0F, 0x80, 0x00, 0xF0, 0x00, 0xF0, 0x00,
  0x7C, 0x00, 0x7E, 0xFC, 0x00, 0xF8, 0xF8, 0x03, 0xE0, 0xF8, 0x0F, 0xC1,
  0xF0, 0x1F, 0x01, 0xF0, 0x7C, 0x01, 0xE0, 0xF8, 0x03, 0xE3, 0xE0, 0x03,
  0xEF, 0x80, 0x03, 0xDF, 0x00, 0x07, 0xFC, 0x00, 0x07, 0xF0, 0x00, 0x07,
  0xE0, 0x00, 0x0F, 0x80, 0x00, 0x3F, 0x80, 0x00, 0x7F, 0x80, 0x01, 0xFF,
  0x00, 0x07, 0xDF, 0x00, 0x0F, 0x9F, 0x00, 0x3E, 0x3E, 0x00, 0xF8, 0x3E,
  0x01, 0xF0, 0x7C, 0x07, 0xC0, 0x7C, 0x1F, 0x80, 0x7C, 0x3E, 0x00, 0xF8,
  0xF8, 0x00, 0xFB, 0xF0, 0x01, 0xF8, 0x7C, 0x00, 0x3E, 0xF8, 0x00, 0x7D,
  0xF0, 0x00, 0xF1, 0xF0, 0x03, 0xE3, 0xE0, 0x07, 0xC7, 0xC0, 0x0F, 0x07,
  0xC0, 0x3E, 0x0F, 0x80, 0x7C, 0x1F, 0x00, 0xF0, 0x1F, 0x03, 0xE0, 0x3E,
  0x07, 0xC0, 0x7C, 0x0F, 0x00, 0x78, 0x1E, 0x00, 0xF8, 0x7C, 0x01, 0xF0,
  0xF0, 0x01, 0xE1, 0xE0, 0x03, 0xE7, 0xC0, 0x07, 0xCF, 0x00, 0x07, 0x9E,
  0x00, 0x0F, 0xFC, 0x00, 0x0F, 0xF0, 0x00, 0x1F, 0xE0, 0x00, 0x3F, 0xC0,
  0x00, 0x3F, 0x00, 0x00, 0x7E, 0x00, 0x00, 0xFC, 0x00, 0x00, 0xF0, 0x00,
  0x01, 0xE0, 0x00, 0x07, 0xC0, 0x00, 0x0F, 0x00, 0x00, 0x1E, 0x00, 0x00,
  0x7C, 0x00, 0x00, 0xF0, 0x00, 0x03, 0xE0, 0x00, 0xFF, 0x80, 0x01, 0xFE,
  0x00, 0x03, 0xFC, 0x00, 0x07, 0xE0, 0x00, 0x02, 0x00, 0x00, 0x00, 0xFF,
  0xFF, 0xFB, 0xFF, 0xFF, 0xEF, 0xFF, 0xFF, 0xBF, 0xFF, 0xFE, 0x00, 0x01,
  0xF0, 0x00, 0x0F, 0xC0, 0x00, 0x7E, 0x00, 0x03, 0xF0, 0x00, 0x0F, 0x80,
  0x00, 0x7E, 0x00, 0x03, 0xF0, 0x00, 0x1F, 0x80, 0x00, 0xFC, 0x00, 0x03,
  0xE0, 0x00, 0x1F, 0x80, 0x00, 0xFC, 0x00, 0x07, 0xE0, 0x00, 0x1F, 0x00,
  0x00, 0xFC, 0x00, 0x07, 0xE0, 0x00, 0x3F, 0x00, 0x01, 0xF8, 0x00, 0x07,
  0xE0, 0x00, 0x3F, 0xFF, 0xFF, 0xFF, 0xFF, 0xFF, 0xFF, 0xFF, 0xFF, 0xFF,
  0xFF, 0xC0, 0x00, 0x00, 0x00, 0x0F, 0x00, 0x3F, 0x00, 0x7E, 0x00, 0xFC,
  0x00, 0xF8, 0x01, 0xF0, 0x01, 0xF0, 0x03, 0xE0, 0x03, 0xE0, 0x03, 0xE0,
  0x03, 0xE0, 0x03, 0xE0, 0x03, 0xE0, 0x03, 0xE0, 0x03, 0xE0, 0x03, 0xE0,
  0x03, 0xE0, 0x03, 0xE0, 0x03, 0xE0, 0x07, 0xC0, 0x07, 0xC0, 0x0F, 0x80,
  0xFF, 0x00, 0xFE, 0x00, 0xFE, 0x00, 0xFF, 0x00, 0x0F, 0x80, 0x07, 0xC0,
  0x07, 0xC0, 0x03, 0xE0, 0x03, 0xE0, 0x03, 0xE0, 0x03, 0xE0, 0x03, 0xE0,
  0x03, 0xE0, 0x03, 0xE0, 0x03, 0xE0, 0x03, 0xE0, 0x03, 0xE0, 0x03, 0xE0,
  0x03, 0xE0, 0x01, 0xF0, 0x01, 0xF0, 0x00, 0xF8, 0x00, 0xFC, 0x00, 0x7F,
  0x00, 0x3F, 0x00, 0x0F, 0x00, 0x00, 0xFF, 0xFF, 0xFF, 0xFF, 0xFF, 0xFF,
  0xFF, 0xFF, 0xFF, 0xFF, 0xFF, 0xFF, 0xFF, 0xFF, 0xFF, 0xFF, 0xFF, 0xFF,
  0xFF, 0xFF, 0xFF, 0xFF, 0x40, 0x01, 0xF0, 0x03, 0xF0, 0x03, 0xF0, 0x01,
  0xF0, 0x03, 0xF0, 0x03, 0xE0, 0x07, 0xC0, 0x07, 0xC0, 0x0F, 0x80, 0x1F,
  0x00, 0x3E, 0x00, 0x7C, 0x00, 0xF8, 0x01, 0xF0, 0x03, 0xE0, 0x07, 0xC0,
  0x0F, 0x80, 0x1F, 0x00, 0x3E, 0x00, 0x3E, 0x00, 0x7C, 0x00, 0xFC, 0x00,
  0xFF, 0x00, 0x7E, 0x00, 0xFC, 0x07, 0xF8, 0x0F, 0xC0, 0x3E, 0x00, 0x7C,
  0x01, 0xF0, 0x03, 0xE0, 0x07, 0xC0, 0x0F, 0x80, 0x1F, 0x00, 0x3E, 0x00,
  0x7C, 0x00, 0xF8, 0x01, 0xF0, 0x03, 0xE0, 0x07, 0xC0, 0x0F, 0x80, 0x3E,
  0x00, 0x7C, 0x00, 0xF8, 0x03, 0xE0, 0x1F, 0x80, 0x7E, 0x00, 0xF8, 0x00,
  0xC0, 0x00, 0x07, 0xE0, 0x00, 0x01, 0xFF, 0x80, 0x0F, 0x3F, 0xFC, 0x00,
  0xF3, 0xFF, 0xE0, 0x1F, 0x7C, 0x3F, 0x01, 0xE7, 0x81, 0xFC, 0x3E, 0xF0,
  0x07, 0xFF, 0xCF, 0x00, 0x3F, 0xFC, 0xF0, 0x01, 0xFF, 0x00, 0x00, 0x07,
  0xE0, 0xFF, 0xFF, 0xFF, 0xFF, 0xFF, 0xFF, 0xFF, 0xFF, 0xFF, 0xFF, 0xFF,
  0xFF, 0xF8, 0x00, 0x1F, 0xF8, 0x00, 0x1F, 0xF8, 0x00, 0x1F, 0xF8, 0x00,
  0x1F, 0xF8, 0x00, 0x1F, 0xF8, 0x00, 0x1F, 0xF8, 0x00, 0x1F, 0xF8, 0x00,
  0x1F, 0xF8, 0x00, 0x1F, 0xF8, 0x00, 0x1F, 0xF8, 0x00, 0x1F, 0xF8, 0x00,
  0x1F, 0xF8, 0x00, 0x1F, 0xF8, 0x00, 0x1F, 0xF8, 0x00, 0x1F, 0xF8, 0x00,
  0x1F, 0xF8, 0x00, 0x1F, 0xF8, 0x00, 0x1F, 0xF8, 0x00, 0x1F, 0xF8, 0x00,
  0x1F, 0xF8, 0x00, 0x1F, 0xF8, 0x00, 0x1F, 0xF8, 0x00, 0x1F, 0xF8, 0x00,
  0x1F, 0xF8, 0x00, 0x1F, 0xF8, 0x00, 0x1F, 0xF8, 0x00, 0x1F, 0xF8, 0x00,
  0x1F, 0xF8, 0x00, 0x1F, 0xF8, 0x00, 0x1F, 0xF8, 0x00, 0x1F, 0xF8, 0x00,
  0x1F, 0xF8, 0x00, 0x1F, 0xF8, 0x00, 0x1F, 0xF8, 0x00, 0x1F, 0xF8, 0x00,
  0x1F, 0xFF, 0xFF, 0xFF, 0xFF, 0xFF, 0xFF, 0xFF, 0xFF, 0xFF, 0xFF, 0xFF,
  0xFF, 0xFF, 0xFF, 0xFF, 0xFF, 0xFF, 0xFF, 0xFF, 0xFF, 0xFF, 0xFF, 0xFF,
  0xFF, 0xF8, 0x00, 0x1F, 0xF8, 0x00, 0x1F, 0xF8, 0x00, 0x1F, 0xF8, 0x00,
  0x1F, 0xF8, 0x00, 0x1F, 0xF8, 0x00, 0x1F, 0xF8, 0x00, 0x1F, 0xF8, 0x00,
  0x1F, 0xF8, 0x00, 0x1F, 0xF8, 0x00, 0x1F, 0xF8, 0x00, 0x1F, 0xF8, 0x00,
  0x1F, 0xF8, 0x00, 0x1F, 0xF8, 0x00, 0x1F, 0xF8, 0x00, 0x1F, 0xF8, 0x00,
  0x1F, 0xF8, 0x00, 0x1F, 0xF8, 0x00, 0x1F, 0xF8, 0x00, 0x1F, 0xF8, 0x00,
  0x1F, 0xF8, 0x00, 0x1F, 0xF8, 0x00, 0x1F, 0xF8, 0x00, 0x1F, 0xF8, 0x00,
  0x1F, 0xF8, 0x00, 0x1F, 0xF8, 0x00, 0x1F, 0xF8, 0x00, 0x1F, 0xF8, 0x00,
  0x1F, 0xF8, 0x00, 0x1F, 0xF8, 0x00, 0x1F, 0xF8, 0x00, 0x1F, 0xF8, 0x00,
  0x1F, 0xF8, 0x00, 0x1F, 0xF8, 0x00, 0x1F, 0xF8, 0x00, 0x1F, 0xF8, 0x00,
  0x1F, 0xFF, 0xFF, 0xFF, 0xFF, 0xFF, 0xFF, 0xFF, 0xFF, 0xFF, 0xFF, 0xFF,
  0xFF, 0xFF, 0xFF, 0xFF, 0xFF, 0xFF, 0xFF, 0xFF, 0xFF, 0xFF, 0xFF, 0xFF,
  0xFF, 0xF8, 0x00, 0x1F, 0xF8, 0x00, 0x1F, 0xF8, 0x00, 0x1F, 0xF8, 0x00,
  0x1F, 0xF8, 0x00, 0x1F, 0xF8, 0x00, 0x1F, 0xF8, 0x00, 0x1F, 0xF8, 0x00,
  0x1F, 0xF8, 0x00, 0x1F, 0xF8, 0x00, 0x1F, 0xF8, 0x00, 0x1F, 0xF8, 0x00,
  0x1F, 0xF8, 0x00, 0x1F, 0xF8, 0x00, 0x1F, 0xF8, 0x00, 0x1F, 0xF8, 0x00,
  0x1F, 0xF8, 0x00, 0x1F, 0xF8, 0x00, 0x1F, 0xF8, 0x00, 0x1F, 0xF8, 0x00,
  0x1F, 0xF8, 0x00, 0x1F, 0xF8, 0x00, 0x1F, 0xF8, 0x00, 0x1F, 0xF8, 0x00,
  0x1F, 0xF8, 0x00, 0x1F, 0xF8, 0x00, 0x1F, 0xF8, 0x00, 0x1F, 0xF8, 0x00,
  0x1F, 0xF8, 0x00, 0x1F, 0xF8, 0x00, 0x1F, 0xF8, 0x00, 0x1F, 0xF8, 0x00,
  0x1F, 0xF8, 0x00, 0x1F, 0xF8, 0x00, 0x1F, 0xF8, 0x00, 0x1F, 0xF8, 0x00,
  0x1F, 0xFF, 0xFF, 0xFF, 0xFF, 0xFF, 0xFF, 0xFF, 0xFF, 0xFF, 0xFF, 0xFF,
  0xFF, 0xFF, 0xFF, 0xFF, 0xFF, 0xFF, 0xFF, 0xFF, 0xFF, 0xFF, 0xFF, 0xFF,
  0xFF, 0xF8, 0x00, 0x1F, 0xF8, 0x00, 0x1F, 0xF8, 0x00, 0x1F, 0xF8, 0x00,
  0x1F, 0xF8, 0x00, 0x1F, 0xF8, 0x00, 0x1F, 0xF8, 0x00, 0x1F, 0xF8, 0x00,
  0x1F, 0xF8, 0x00, 0x1F, 0xF8, 0x00, 0x1F, 0xF8, 0x00, 0x1F, 0xF8, 0x00,
  0x1F, 0xF8, 0x00, 0x1F, 0xF8, 0x00, 0x1F, 0xF8, 0x00, 0x1F, 0xF8, 0x00,
  0x1F, 0xF8, 0x00, 0x1F, 0xF8, 0x00, 0x1F, 0xF8, 0x00, 0x1F, 0xF8, 0x00,
  0x1F, 0xF8, 0x00, 0x1F, 0xF8, 0x00, 0x1F, 0xF8, 0x00, 0x1F, 0xF8, 0x00,
  0x1F, 0xF8, 0x00, 0x1F, 0xF8, 0x00, 0x1F, 0xF8, 0x00, 0x1F, 0xF8, 0x00,
  0x1F, 0xF8, 0x00, 0x1F, 0xF8, 0x00, 0x1F, 0xF8, 0x00, 0x1F, 0xF8, 0x00,
  0x1F, 0xF8, 0x00, 0x1F, 0xF8, 0x00, 0x1F, 0xF8, 0x00, 0x1F, 0xF8, 0x00,
  0x1F, 0xFF, 0xFF, 0xFF, 0xFF, 0xFF, 0xFF, 0xFF, 0xFF, 0xFF, 0xFF, 0xFF,
  0xFF, 0xFF, 0xFF, 0xFF, 0xFF, 0xFF, 0xFF, 0xFF, 0xFF, 0xFF, 0xFF, 0xFF,
  0xFF, 0xF8, 0x00, 0x1F, 0xF8, 0x00, 0x1F, 0xF8, 0x00, 0x1F, 0xF8, 0x00,
  0x1F, 0xF8, 0x00, 0x1F, 0xF8, 0x00, 0x1F, 0xF8, 0x00, 0x1F, 0xF8, 0x00,
  0x1F, 0xF8, 0x00, 0x1F, 0xF8, 0x00, 0x1F, 0xF8, 0x00, 0x1F, 0xF8, 0x00,
  0x1F, 0xF8, 0x00, 0x1F, 0xF8, 0x00, 0x1F, 0xF8, 0x00, 0x1F, 0xF8, 0x00,
  0x1F, 0xF8, 0x00, 0x1F, 0xF8, 0x00, 0x1F, 0xF8, 0x00, 0x1F, 0xF8, 0x00,
  0x1F, 0xF8, 0x00, 0x1F, 0xF8, 0x00, 0x1F, 0xF8, 0x00, 0x1F, 0xF8, 0x00,
  0x1F, 0xF8, 0x00, 0x1F, 0xF8, 0x00, 0x1F, 0xF8, 0x00, 0x1F, 0xF8, 0x00,
  0x1F, 0xF8, 0x00, 0x1F, 0xF8, 0x00, 0x1F, 0xF8, 0x00, 0x1F, 0xF8, 0x00,
  0x1F, 0xF8, 0x00, 0x1F, 0xF8, 0x00, 0x1F, 0xF8, 0x00, 0x1F, 0xF8, 0x00,
  0x1F, 0xFF, 0xFF, 0xFF, 0xFF, 0xFF, 0xFF, 0xFF, 0xFF, 0xFF, 0xFF, 0xFF,
  0xFF, 0xFF, 0xFF, 0xFF, 0xFF, 0xFF, 0xFF, 0xFF, 0xFF, 0xFF, 0xFF, 0xFF,
  0xFF, 0xF8, 0x00, 0x1F, 0xF8, 0x00, 0x1F, 0xF8, 0x00, 0x1F, 0xF8, 0x00,
  0x1F, 0xF8, 0x00, 0x1F, 0xF8, 0x00, 0x1F, 0xF8, 0x00, 0x1F, 0xF8, 0x00,
  0x1F, 0xF8, 0x00, 0x1F, 0xF8, 0x00, 0x1F, 0xF8, 0x00, 0x1F, 0xF8, 0x00,
  0x1F, 0xF8, 0x00, 0x1F, 0xF8, 0x00, 0x1F, 0xF8, 0x00, 0x1F, 0xF8, 0x00,
  0x1F, 0xF8, 0x00, 0x1F, 0xF8, 0x00, 0x1F, 0xF8, 0x00, 0x1F, 0xF8, 0x00,
  0x1F, 0xF8, 0x00, 0x1F, 0xF8, 0x00, 0x1F, 0xF8, 0x00, 0x1F, 0xF8, 0x00,
  0x1F, 0xF8, 0x00, 0x1F, 0xF8, 0x00, 0x1F, 0xF8, 0x00, 0x1F, 0xF8, 0x00,
  0x1F, 0xF8, 0x00, 0x1F, 0xF8, 0x00, 0x1F, 0xF8, 0x00, 0x1F, 0xF8, 0x00,
  0x1F, 0xF8, 0x00, 0x1F, 0xF8, 0x00, 0x1F, 0xF8, 0x00, 0x1F, 0xF8, 0x00,
  0x1F, 0xFF, 0xFF, 0xFF, 0xFF, 0xFF, 0xFF, 0xFF, 0xFF, 0xFF, 0xFF, 0xFF,
  0xFF, 0xFF, 0xFF, 0xFF, 0xFF, 0xFF, 0xFF, 0xFF, 0xFF, 0xFF, 0xFF, 0xFF,
  0xFF, 0xF8, 0x00, 0x1F, 0xF8, 0x00, 0x1F, 0xF8, 0x00, 0x1F, 0xF8, 0x00,
  0x1F, 0xF8, 0x00, 0x1F, 0xF8, 0x00, 0x1F, 0xF8, 0x00, 0x1F, 0xF8, 0x00,
  0x1F, 0xF8, 0x00, 0x1F, 0xF8, 0x00, 0x1F, 0xF8, 0x00, 0x1F, 0xF8, 0x00,
  0x1F, 0xF8, 0x00, 0x1F, 0xF8, 0x00, 0x1F, 0xF8, 0x00, 0x1F, 0xF8, 0x00,
  0x1F, 0xF8, 0x00, 0x1F, 0xF8, 0x00, 0x1F, 0xF8, 0x00, 0x1F, 0xF8, 0x00,
  0x1F, 0xF8, 0x00, 0x1F, 0xF8, 0x00, 0x1F, 0xF8, 0x00, 0x1F, 0xF8, 0x00,
  0x1F, 0xF8, 0x00, 0x1F, 0xF8, 0x00, 0x1F, 0xF8, 0x00, 0x1F, 0xF8, 0x00,
  0x1F, 0xF8, 0x00, 0x1F, 0xF8, 0x00, 0x1F, 0xF8, 0x00, 0x1F, 0xF8, 0x00,
  0x1F, 0xF8, 0x00, 0x1F, 0xF8, 0x00, 0x1F, 0xF8, 0x00, 0x1F, 0xF8, 0x00,
  0x1F, 0xFF, 0xFF, 0xFF, 0xFF, 0xFF, 0xFF, 0xFF, 0xFF, 0xFF, 0xFF, 0xFF,
  0xFF, 0xFF, 0xFF, 0xFF, 0xFF, 0xFF, 0xFF, 0xFF, 0xFF, 0xFF, 0xFF, 0xFF,
  0xFF, 0xF8, 0x00, 0x1F, 0xF8, 0x00, 0x1F, 0xF8, 0x00, 0x1F, 0xF8, 0x00,
  0x1F, 0xF8, 0x00, 0x1F, 0xF8, 0x00, 0x1F, 0xF8, 0x00, 0x1F, 0xF8, 0x00,
  0x1F, 0xF8, 0x00, 0x1F, 0xF8, 0x00, 0x1F, 0xF8, 0x00, 0x1F, 0xF8, 0x00,
  0x1F, 0xF8, 0x00, 0x1F, 0xF8, 0x00, 0x1F, 0xF8, 0x00, 0x1F, 0xF8, 0x00,
  0x1F, 0xF8, 0x00, 0x1F, 0xF8, 0x00, 0x1F, 0xF8, 0x00, 0x1F, 0xF8, 0x00,
  0x1F, 0xF8, 0x00, 0x1F, 0xF8, 0x00, 0x1F, 0xF8, 0x00, 0x1F, 0xF8, 0x00,
  0x1F, 0xF8, 0x00, 0x1F, 0xF8, 0x00, 0x1F, 0xF8, 0x00, 0x1F, 0xF8, 0x00,
  0x1F, 0xF8, 0x00, 0x1F, 0xF8, 0x00, 0x1F, 0xF8, 0x00, 0x1F, 0xF8, 0x00,
  0x1F, 0xF8, 0x00, 0x1F, 0xF8, 0x00, 0x1F, 0xF8, 0x00, 0x1F, 0xF8, 0x00,
  0x1F, 0xFF, 0xFF, 0xFF, 0xFF, 0xFF, 0xFF, 0xFF, 0xFF, 0xFF, 0xFF, 0xFF,
  0xFF, 0xFF, 0xFF, 0xFF, 0xFF, 0xFF, 0xFF, 0xFF, 0xFF, 0xFF, 0xFF, 0xFF,
  0xFF, 0xF8, 0x00, 0x1F, 0xF8, 0x00, 0x1F, 0xF8, 0x00, 0x1F, 0xF8, 0x00,
  0x1F, 0xF8, 0x00, 0x1F, 0xF8, 0x00, 0x1F, 0xF8, 0x00, 0x1F, 0xF8, 0x00,
  0x1F, 0xF8, 0x00, 0x1F, 0xF8, 0x00, 0x1F, 0xF8, 0x00, 0x1F, 0xF8, 0x00,
  0x1F, 0xF8, 0x00, 0x1F, 0xF8, 0x00, 0x1F, 0xF8, 0x00, 0x1F, 0xF8, 0x00,
  0x1F, 0xF8, 0x00, 0x1F, 0xF8, 0x00, 0x1F, 0xF8, 0x00, 0x1F, 0xF8, 0x00,
  0x1F, 0xF8, 0x00, 0x1F, 0xF8, 0x00, 0x1F, 0xF8, 0x00, 0x1F, 0xF8, 0x00,
  0x1F, 0xF8, 0x00, 0x1F, 0xF8, 0x00, 0x1F, 0xF8, 0x00, 0x1F, 0xF8, 0x00,
  0x1F, 0xF8, 0x00, 0x1F, 0xF8, 0x00, 0x1F, 0xF8, 0x00, 0x1F, 0xF8, 0x00,
  0x1F, 0xF8, 0x00, 0x1F, 0xF8, 0x00, 0x1F, 0xF8, 0x00, 0x1F, 0xF8, 0x00,
  0x1F, 0xFF, 0xFF, 0xFF, 0xFF, 0xFF, 0xFF, 0xFF, 0xFF, 0xFF, 0xFF, 0xFF,
  0xFF, 0xFF, 0xFF, 0xFF, 0xFF, 0xFF, 0xFF, 0xFF, 0xFF, 0xFF, 0xFF, 0xFF,
  0xFF, 0xF8, 0x00, 0x1F, 0xF8, 0x00, 0x1F, 0xF8, 0x00, 0x1F, 0xF8, 0x00,
  0x1F, 0xF8, 0x00, 0x1F, 0xF8, 0x00, 0x1F, 0xF8, 0x00, 0x1F, 0xF8, 0x00,
  0x1F, 0xF8, 0x00, 0x1F, 0xF8, 0x00, 0x1F, 0xF8, 0x00, 0x1F, 0xF8, 0x00,
  0x1F, 0xF8, 0x00, 0x1F, 0xF8, 0x00, 0x1F, 0xF8, 0x00, 0x1F, 0xF8, 0x00,
  0x1F, 0xF8, 0x00, 0x1F, 0xF8, 0x00, 0x1F, 0xF8, 0x00, 0x1F, 0xF8, 0x00,
  0x1F, 0xF8, 0x00, 0x1F, 0xF8, 0x00, 0x1F, 0xF8, 0x00, 0x1F, 0xF8, 0x00,
  0x1F, 0xF8, 0x00, 0x1F, 0xF8, 0x00, 0x1F, 0xF8, 0x00, 0x1F, 0xF8, 0x00,
  0x1F, 0xF8, 0x00, 0x1F, 0xF8, 0x00, 0x1F, 0xF8, 0x00, 0x1F, 0xF8, 0x00,
  0x1F, 0xF8, 0x00, 0x1F, 0xF8, 0x00, 0x1F, 0xF8, 0x00, 0x1F, 0xF8, 0x00,
  0x1F, 0xFF, 0xFF, 0xFF, 0xFF, 0xFF, 0xFF, 0xFF, 0xFF, 0xFF, 0xFF, 0xFF,
  0xFF, 0xFF, 0xFF, 0xFF, 0xFF, 0xFF, 0xFF, 0xFF, 0xFF, 0xFF, 0xFF, 0xFF,
  0xFF, 0xF8, 0x00, 0x1F, 0xF8, 0x00, 0x1F, 0xF8, 0x00, 0x1F, 0xF8, 0x00,
  0x1F, 0xF8, 0x00, 0x1F, 0xF8, 0x00, 0x1F, 0xF8, 0x00, 0x1F, 0xF8, 0x00,
  0x1F, 0xF8, 0x00, 0x1F, 0xF8, 0x00, 0x1F, 0xF8, 0x00, 0x1F, 0xF8, 0x00,
  0x1F, 0xF8, 0x00, 0x1F, 0xF8, 0x00, 0x1F, 0xF8, 0x00, 0x1F, 0xF8, 0x00,
  0x1F, 0xF8, 0x00, 0x1F, 0xF8, 0x00, 0x1F, 0xF8, 0x00, 0x1F, 0xF8, 0x00,
  0x1F, 0xF8, 0x00, 0x1F, 0xF8, 0x00, 0x1F, 0xF8, 0x00, 0x1F, 0xF8, 0x00,
  0x1F, 0xF8, 0x00, 0x1F, 0xF8, 0x00, 0x1F, 0xF8, 0x00, 0x1F, 0xF8, 0x00,
  0x1F, 0xF8, 0x00, 0x1F, 0xF8, 0x00, 0x1F, 0xF8, 0x00, 0x1F, 0xF8, 0x00,
  0x1F, 0xF8, 0x00, 0x1F, 0xF8, 0x00, 0x1F, 0xF8, 0x00, 0x1F, 0xF8, 0x00,
  0x1F, 0xFF, 0xFF, 0xFF, 0xFF, 0xFF, 0xFF, 0xFF, 0xFF, 0xFF, 0xFF, 0xFF,
  0xFF, 0xFF, 0xFF, 0xFF, 0xFF, 0xFF, 0xFF, 0xFF, 0xFF, 0xFF, 0xFF, 0xFF,
  0xFF, 0xF8, 0x00, 0x1F, 0xF8, 0x00, 0x1F, 0xF8, 0x00, 0x1F, 0xF8, 0x00,
  0x1F, 0xF8, 0x00, 0x1F, 0xF8, 0x00, 0x1F, 0xF8, 0x00, 0x1F, 0xF8, 0x00,
  0x1F, 0xF8, 0x00, 0x1F, 0xF8, 0x00, 0x1F, 0xF8, 0x00, 0x1F, 0xF8, 0x00,
  0x1F, 0xF8, 0x00, 0x1F, 0xF8, 0x00, 0x1F, 0xF8, 0x00, 0x1F, 0xF8, 0x00,
  0x1F, 0xF8, 0x00, 0x1F, 0xF8, 0x00, 0x1F, 0xF8, 0x00, 0x1F, 0xF8, 0x00,
  0x1F, 0xF8, 0x00, 0x1F, 0xF8, 0x00, 0x1F, 0xF8, 0x00, 0x1F, 0xF8, 0x00,
  0x1F, 0xF8, 0x00, 0x1F, 0xF8, 0x00, 0x1F, 0xF8, 0x00, 0x1F, 0xF8, 0x00,
  0x1F, 0xF8, 0x00, 0x1F, 0xF8, 0x00, 0x1F, 0xF8, 0x00, 0x1F, 0xF8, 0x00,
  0x1F, 0xF8, 0x00, 0x1F, 0xF8, 0x00, 0x1F, 0xF8, 0x00, 0x1F, 0xF8, 0x00,
  0x1F, 0xFF, 0xFF, 0xFF, 0xFF, 0xFF, 0xFF, 0xFF, 0xFF, 0xFF, 0xFF, 0xFF,
  0xFF, 0xFF, 0xFF, 0xFF, 0xFF, 0xFF, 0xFF, 0xFF, 0xFF, 0xFF, 0xFF, 0xFF,
  0xFF, 0xF8, 0x00, 0x1F, 0xF8, 0x00, 0x1F, 0xF8, 0x00, 0x1F, 0xF8, 0x00,
  0x1F, 0xF8, 0x00, 0x1F, 0xF8, 0x00, 0x1F, 0xF8, 0x00, 0x1F, 0xF8, 0x00,
  0x1F, 0xF8, 0x00, 0x1F, 0xF8, 0x00, 0x1F, 0xF8, 0x00, 0x1F, 0xF8, 0x00,
  0x1F, 0xF8, 0x00, 0x1F, 0xF8, 0x00, 0x1F, 0xF8, 0x00, 0x1F, 0xF8, 0x00,
  0x1F, 0xF8, 0x00, 0x1F, 0xF8, 0x00, 0x1F, 0xF8, 0x00, 0x1F, 0xF8, 0x00,
  0x1F, 0xF8, 0x00, 0x1F, 0xF8, 0x00, 0x1F, 0xF8, 0x00, 0x1F, 0xF8, 0x00,
  0x1F, 0xF8, 0x00, 0x1F, 0xF8, 0x00, 0x1F, 0xF8, 0x00, 0x1F, 0xF8, 0x00,
  0x1F, 0xF8, 0x00, 0x1F, 0xF8, 0x00, 0x1F, 0xF8, 0x00, 0x1F, 0xF8, 0x00,
  0x1F, 0xF8, 0x00, 0x1F, 0xF8, 0x00, 0x1F, 0xF8, 0x00, 0x1F, 0xF8, 0x00,
  0x1F, 0xFF, 0xFF, 0xFF, 0xFF, 0xFF, 0xFF, 0xFF, 0xFF, 0xFF, 0xFF, 0xFF,
  0xFF, 0xFF, 0xFF, 0xFF, 0xFF, 0xFF, 0xFF, 0xFF, 0xFF, 0xFF, 0xFF, 0xFF,
  0xFF, 0xF8, 0x00, 0x1F, 0xF8, 0x00, 0x1F, 0xF8, 0x00, 0x1F, 0xF8, 0x00,
  0x1F, 0xF8, 0x00, 0x1F, 0xF8, 0x00, 0x1F, 0xF8, 0x00, 0x1F, 0xF8, 0x00,
  0x1F, 0xF8, 0x00, 0x1F, 0xF8, 0x00, 0x1F, 0xF8, 0x00, 0x1F, 0xF8, 0x00,
  0x1F, 0xF8, 0x00, 0x1F, 0xF8, 0x00, 0x1F, 0xF8, 0x00, 0x1F, 0xF8, 0x00,
  0x1F, 0xF8, 0x00, 0x1F, 0xF8, 0x00, 0x1F, 0xF8, 0x00, 0x1F, 0xF8, 0x00,
  0x1F, 0xF8, 0x00, 0x1F, 0xF8, 0x00, 0x1F, 0xF8, 0x00, 0x1F, 0xF8, 0x00,
  0x1F, 0xF8, 0x00, 0x1F, 0xF8, 0x00, 0x1F, 0xF8, 0x00, 0x1F, 0xF8, 0x00,
  0x1F, 0xF8, 0x00, 0x1F, 0xF8, 0x00, 0x1F, 0xF8, 0x00, 0x1F, 0xF8, 0x00,
  0x1F, 0xF8, 0x00, 0x1F, 0xF8, 0x00, 0x1F, 0xF8, 0x00, 0x1F, 0xF8, 0x00,
  0x1F, 0xFF, 0xFF, 0xFF, 0xFF, 0xFF, 0xFF, 0xFF, 0xFF, 0xFF, 0xFF, 0xFF,
  0xFF, 0xFF, 0xFF, 0xFF, 0xFF, 0xFF, 0xFF, 0xFF, 0xFF, 0xFF, 0xFF, 0xFF,
  0xFF, 0xF8, 0x00, 0x1F, 0xF8, 0x00, 0x1F, 0xF8, 0x00, 0x1F, 0xF8, 0x00,
  0x1F, 0xF8, 0x00, 0x1F, 0xF8, 0x00, 0x1F, 0xF8, 0x00, 0x1F, 0xF8, 0x00,
  0x1F, 0xF8, 0x00, 0x1F, 0xF8, 0x00, 0x1F, 0xF8, 0x00, 0x1F, 0xF8, 0x00,
  0x1F, 0xF8, 0x00, 0x1F, 0xF8, 0x00, 0x1F, 0xF8, 0x00, 0x1F, 0xF8, 0x00,
  0x1F, 0xF8, 0x00, 0x1F, 0xF8, 0x00, 0x1F, 0xF8, 0x00, 0x1F, 0xF8, 0x00,
  0x1F, 0xF8, 0x00, 0x1F, 0xF8, 0x00, 0x1F, 0xF8, 0x00, 0x1F, 0xF8, 0x00,
  0x1F, 0xF8, 0x00, 0x1F, 0xF8, 0x00, 0x1F, 0xF8, 0x00, 0x1F, 0xF8, 0x00,
  0x1F, 0xF8, 0x00, 0x1F, 0xF8, 0x00, 0x1F, 0xF8, 0x00, 0x1F, 0xF8, 0x00,
  0x1F, 0xF8, 0x00, 0x1F, 0xF8, 0x00, 0x1F, 0xF8, 0x00, 0x1F, 0xF8, 0x00,
  0x1F, 0xFF, 0xFF, 0xFF, 0xFF, 0xFF, 0xFF, 0xFF, 0xFF, 0xFF, 0xFF, 0xFF,
  0xFF, 0xFF, 0xFF, 0xFF, 0xFF, 0xFF, 0xFF, 0xFF, 0xFF, 0xFF, 0xFF, 0xFF,
  0xFF, 0xF8, 0x00, 0x1F, 0xF8, 0x00, 0x1F, 0xF8, 0x00, 0x1F, 0xF8, 0x00,
  0x1F, 0xF8, 0x00, 0x1F, 0xF8, 0x00, 0x1F, 0xF8, 0x00, 0x1F, 0xF8, 0x00,
  0x1F, 0xF8, 0x00, 0x1F, 0xF8, 0x00, 0x1F, 0xF8, 0x00, 0x1F, 0xF8, 0x00,
  0x1F, 0xF8, 0x00, 0x1F, 0xF8, 0x00, 0x1F, 0xF8, 0x00, 0x1F, 0xF8, 0x00,
  0x1F, 0xF8, 0x00, 0x1F, 0xF8, 0x00, 0x1F, 0xF8, 0x00, 0x1F, 0xF8, 0x00,
  0x1F, 0xF8, 0x00, 0x1F, 0xF8, 0x00, 0x1F, 0xF8, 0x00, 0x1F, 0xF8, 0x00,
  0x1F, 0xF8, 0x00, 0x1F, 0xF8, 0x00, 0x1F, 0xF8, 0x00, 0x1F, 0xF8, 0x00,
  0x1F, 0xF8, 0x00, 0x1F, 0xF8, 0x00, 0x1F, 0xF8, 0x00, 0x1F, 0xF8, 0x00,
  0x1F, 0xF8, 0x00, 0x1F, 0xF8, 0x00, 0x1F, 0xF8, 0x00, 0x1F, 0xF8, 0x00,
  0x1F, 0xFF, 0xFF, 0xFF, 0xFF, 0xFF, 0xFF, 0xFF, 0xFF, 0xFF, 0xFF, 0xFF,
  0xFF, 0xFF, 0xFF, 0xFF, 0xFF, 0xFF, 0xFF, 0xFF, 0xFF, 0xFF, 0xFF, 0xFF,
  0xFF, 0xF8, 0x00, 0x1F, 0xF8, 0x00, 0x1F, 0xF8, 0x00, 0x1F, 0xF8, 0x00,
  0x1F, 0xF8, 0x00, 0x1F, 0xF8, 0x00, 0x1F, 0xF8, 0x00, 0x1F, 0xF8, 0x00,
  0x1F, 0xF8, 0x00, 0x1F, 0xF8, 0x00, 0x1F, 0xF8, 0x00, 0x1F, 0xF8, 0x00,
  0x1F, 0xF8, 0x00, 0x1F, 0xF8, 0x00, 0x1F, 0xF8, 0x00, 0x1F, 0xF8, 0x00,
  0x1F, 0xF8, 0x00, 0x1F, 0xF8, 0x00, 0x1F, 0xF8, 0x00, 0x1F, 0xF8, 0x00,
  0x1F, 0xF8, 0x00, 0x1F, 0xF8, 0x00, 0x1F, 0xF8, 0x00, 0x1F, 0xF8, 0x00,
  0x1F, 0xF8, 0x00, 0x1F, 0xF8, 0x00, 0x1F, 0xF8, 0x00, 0x1F, 0xF8, 0x00,
  0x1F, 0xF8, 0x00, 0x1F, 0xF8, 0x00, 0x1F, 0xF8, 0x00, 0x1F, 0xF8, 0x00,
  0x1F, 0xF8, 0x00, 0x1F, 0xF8, 0x00, 0x1F, 0xF8, 0x00, 0x1F, 0xF8, 0x00,
  0x1F, 0xFF, 0xFF, 0xFF, 0xFF, 0xFF, 0xFF, 0xFF, 0xFF, 0xFF, 0xFF, 0xFF,
  0xFF, 0xFF, 0xFF, 0xFF, 0xFF, 0xFF, 0xFF, 0xFF, 0xFF, 0xFF, 0xFF, 0xFF,
  0xFF, 0xF8, 0x00, 0x1F, 0xF8, 0x00, 0x1F, 0xF8, 0x00, 0x1F, 0xF8, 0x00,
  0x1F, 0xF8, 0x00, 0x1F, 0xF8, 0x00, 0x1F, 0xF8, 0x00, 0x1F, 0xF8, 0x00,
  0x1F, 0xF8, 0x00, 0x1F, 0xF8, 0x00, 0x1F, 0xF8, 0x00, 0x1F, 0xF8, 0x00,
  0x1F, 0xF8, 0x00, 0x1F, 0xF8, 0x00, 0x1F, 0xF8, 0x00, 0x1F, 0xF8, 0x00,
  0x1F, 0xF8, 0x00, 0x1F, 0xF8, 0x00, 0x1F, 0xF8, 0x00, 0x1F, 0xF8, 0x00,
  0x1F, 0xF8, 0x00, 0x1F, 0xF8, 0x00, 0x1F, 0xF8, 0x00, 0x1F, 0xF8, 0x00,
  0x1F, 0xF8, 0x00, 0x1F, 0xF8, 0x00, 0x1F, 0xF8, 0x00, 0x1F, 0xF8, 0x00,
  0x1F, 0xF8, 0x00, 0x1F, 0xF8, 0x00, 0x1F, 0xF8, 0x00, 0x1F, 0xF8, 0x00,
  0x1F, 0xF8, 0x00, 0x1F, 0xF8, 0x00, 0x1F, 0xF8, 0x00, 0x1F, 0xF8, 0x00,
  0x1F, 0xFF, 0xFF, 0xFF, 0xFF, 0xFF, 0xFF, 0xFF, 0xFF, 0xFF, 0xFF, 0xFF,
  0xFF, 0xFF, 0xFF, 0xFF, 0xFF, 0xFF, 0xFF, 0xFF, 0xFF, 0xFF, 0xFF, 0xFF,
  0xFF, 0xF8, 0x00, 0x1F, 0xF8, 0x00, 0x1F, 0xF8, 0x00, 0x1F, 0xF8, 0x00,
  0x1F, 0xF8, 0x00, 0x1F, 0xF8, 0x00, 0x1F, 0xF8, 0x00, 0x1F, 0xF8, 0x00,
  0x1F, 0xF8, 0x00, 0x1F, 0xF8, 0x00, 0x1F, 0xF8, 0x00, 0x1F, 0xF8, 0x00,
  0x1F, 0xF8, 0x00, 0x1F, 0xF8, 0x00, 0x1F, 0xF8, 0x00, 0x1F, 0xF8, 0x00,
  0x1F, 0xF8, 0x00, 0x1F, 0xF8, 0x00, 0x1F, 0xF8, 0x00, 0x1F, 0xF8, 0x00,
  0x1F, 0xF8, 0x00, 0x1F, 0xF8, 0x00, 0x1F, 0xF8, 0x00, 0x1F, 0xF8, 0x00,
  0x1F, 0xF8, 0x00, 0x1F, 0xF8, 0x00, 0x1F, 0xF8, 0x00, 0x1F, 0xF8, 0x00,
  0x1F, 0xF8, 0x00, 0x1F, 0xF8, 0x00, 0x1F, 0xF8, 0x00, 0x1F, 0xF8, 0x00,
  0x1F, 0xF8, 0x00, 0x1F, 0xF8, 0x00, 0x1F, 0xF8, 0x00, 0x1F, 0xF8, 0x00,
  0x1F, 0xFF, 0xFF, 0xFF, 0xFF, 0xFF, 0xFF, 0xFF, 0xFF, 0xFF, 0xFF, 0xFF,
  0xFF, 0xFF, 0xFF, 0xFF, 0xFF, 0xFF, 0xFF, 0xFF, 0xFF, 0xFF, 0xFF, 0xFF,
  0xFF, 0xF8, 0x00, 0x1F, 0xF8, 0x00, 0x1F, 0xF8, 0x00, 0x1F, 0xF8, 0x00,
  0x1F, 0xF8, 0x00, 0x1F, 0xF8, 0x00, 0x1F, 0xF8, 0x00, 0x1F, 0xF8, 0x00,
  0x1F, 0xF8, 0x00, 0x1F, 0xF8, 0x00, 0x1F, 0xF8, 0x00, 0x1F, 0xF8, 0x00,
  0x1F, 0xF8, 0x00, 0x1F, 0xF8, 0x00, 0x1F, 0xF8, 0x00, 0x1F, 0xF8, 0x00,
  0x1F, 0xF8, 0x00, 0x1F, 0xF8, 0x00, 0x1F, 0xF8, 0x00, 0x1F, 0xF8, 0x00,
  0x1F, 0xF8, 0x00, 0x1F, 0xF8, 0x00, 0x1F, 0xF8, 0x00, 0x1F, 0xF8, 0x00,
  0x1F, 0xF8, 0x00, 0x1F, 0xF8, 0x00, 0x1F, 0xF8, 0x00, 0x1F, 0xF8, 0x00,
  0x1F, 0xF8, 0x00, 0x1F, 0xF8, 0x00, 0x1F, 0xF8, 0x00, 0x1F, 0xF8, 0x00,
  0x1F, 0xF8, 0x00, 0x1F, 0xF8, 0x00, 0x1F, 0xF8, 0x00, 0x1F, 0xF8, 0x00,
  0x1F, 0xFF, 0xFF, 0xFF, 0xFF, 0xFF, 0xFF, 0xFF, 0xFF, 0xFF, 0xFF, 0xFF,
  0xFF, 0xFF, 0xFF, 0xFF, 0xFF, 0xFF, 0xFF, 0xFF, 0xFF, 0xFF, 0xFF, 0xFF,
  0xFF, 0xF8, 0x00, 0x1F, 0xF8, 0x00, 0x1F, 0xF8, 0x00, 0x1F, 0xF8, 0x00,
  0x1F, 0xF8, 0x00, 0x1F, 0xF8, 0x00, 0x1F, 0xF8, 0x00, 0x1F, 0xF8, 0x00,
  0x1F, 0xF8, 0x00, 0x1F, 0xF8, 0x00, 0x1F, 0xF8, 0x00, 0x1F, 0xF8, 0x00,
  0x1F, 0xF8, 0x00, 0x1F, 0xF8, 0x00, 0x1F, 0xF8, 0x00, 0x1F, 0xF8, 0x00,
  0x1F, 0xF8, 0x00, 0x1F, 0xF8, 0x00, 0x1F, 0xF8, 0x00, 0x1F, 0xF8, 0x00,
  0x1F, 0xF8, 0x00, 0x1F, 0xF8, 0x00, 0x1F, 0xF8, 0x00, 0x1F, 0xF8, 0x00,
  0x1F, 0xF8, 0x00, 0x1F, 0xF8, 0x00, 0x1F, 0xF8, 0x00, 0x1F, 0xF8, 0x00,
  0x1F, 0xF8, 0x00, 0x1F, 0xF8, 0x00, 0x1F, 0xF8, 0x00, 0x1F, 0xF8, 0x00,
  0x1F, 0xF8, 0x00, 0x1F, 0xF8, 0x00, 0x1F, 0xF8, 0x00, 0x1F, 0xF8, 0x00,
  0x1F, 0xFF, 0xFF, 0xFF, 0xFF, 0xFF, 0xFF, 0xFF, 0xFF, 0xFF, 0xFF, 0xFF,
  0xFF, 0xFF, 0xFF, 0xFF, 0xFF, 0xFF, 0xFF, 0xFF, 0xFF, 0xFF, 0xFF, 0xFF,
  0xFF, 0xF8, 0x00, 0x1F, 0xF8, 0x00, 0x1F, 0xF8, 0x00, 0x1F, 0xF8, 0x00,
  0x1F, 0xF8, 0x00, 0x1F, 0xF8, 0x00, 0x1F, 0xF8, 0x00, 0x1F, 0xF8, 0x00,
  0x1F, 0xF8, 0x00, 0x1F, 0xF8, 0x00, 0x1F, 0xF8, 0x00, 0x1F, 0xF8, 0x00,
  0x1F, 0xF8, 0x00, 0x1F, 0xF8, 0x00, 0x1F, 0xF8, 0x00, 0x1F, 0xF8, 0x00,
  0x1F, 0xF8, 0x00, 0x1F, 0xF8, 0x00, 0x1F, 0xF8, 0x00, 0x1F, 0xF8, 0x00,
  0x1F, 0xF8, 0x00, 0x1F, 0xF8, 0x00, 0x1F, 0xF8, 0x00, 0x1F, 0xF8, 0x00,
  0x1F, 0xF8, 0x00, 0x1F, 0xF8, 0x00, 0x1F, 0xF8, 0x00, 0x1F, 0xF8, 0x00,
  0x1F, 0xF8, 0x00, 0x1F, 0xF8, 0x00, 0x1F, 0xF8, 0x00, 0x1F, 0xF8, 0x00,
  0x1F, 0xF8, 0x00, 0x1F, 0xF8, 0x00, 0x1F, 0xF8, 0x00, 0x1F, 0xF8, 0x00,
  0x1F, 0xFF, 0xFF, 0xFF, 0xFF, 0xFF, 0xFF, 0xFF, 0xFF, 0xFF, 0xFF, 0xFF,
  0xFF, 0xFF, 0xFF, 0xFF, 0xFF, 0xFF, 0xFF, 0xFF, 0xFF, 0xFF, 0xFF, 0xFF,
  0xFF, 0xF8, 0x00, 0x1F, 0xF8, 0x00, 0x1F, 0xF8, 0x00, 0x1F, 0xF8, 0x00,
  0x1F, 0xF8, 0x00, 0x1F, 0xF8, 0x00, 0x1F, 0xF8, 0x00, 0x1F, 0xF8, 0x00,
  0x1F, 0xF8, 0x00, 0x1F, 0xF8, 0x00, 0x1F, 0xF8, 0x00, 0x1F, 0xF8, 0x00,
  0x1F, 0xF8, 0x00, 0x1F, 0xF8, 0x00, 0x1F, 0xF8, 0x00, 0x1F, 0xF8, 0x00,
  0x1F, 0xF8, 0x00, 0x1F, 0xF8, 0x00, 0x1F, 0xF8, 0x00, 0x1F, 0xF8, 0x00,
  0x1F, 0xF8, 0x00, 0x1F, 0xF8, 0x00, 0x1F, 0xF8, 0x00, 0x1F, 0xF8, 0x00,
  0x1F, 0xF8, 0x00, 0x1F, 0xF8, 0x00, 0x1F, 0xF8, 0x00, 0x1F, 0xF8, 0x00,
  0x1F, 0xF8, 0x00, 0x1F, 0xF8, 0x00, 0x1F, 0xF8, 0x00, 0x1F, 0xF8, 0x00,
  0x1F, 0xF8, 0x00, 0x1F, 0xF8, 0x00, 0x1F, 0xF8, 0x00, 0x1F, 0xF8, 0x00,
  0x1F, 0xFF, 0xFF, 0xFF, 0xFF, 0xFF, 0xFF, 0xFF, 0xFF, 0xFF, 0xFF, 0xFF,
  0xFF, 0xFF, 0xFF, 0xFF, 0xFF, 0xFF, 0xFF, 0xFF, 0xFF, 0xFF, 0xFF, 0xFF,
  0xFF, 0xF8, 0x00, 0x1F, 0xF8, 0x00, 0x1F, 0xF8, 0x00, 0x1F, 0xF8, 0x00,
  0x1F, 0xF8, 0x00, 0x1F, 0xF8, 0x00, 0x1F, 0xF8, 0x00, 0x1F, 0xF8, 0x00,
  0x1F, 0xF8, 0x00, 0x1F, 0xF8, 0x00, 0x1F, 0xF8, 0x00, 0x1F, 0xF8, 0x00,
  0x1F, 0xF8, 0x00, 0x1F, 0xF8, 0x00, 0x1F, 0xF8, 0x00, 0x1F, 0xF8, 0x00,
  0x1F, 0xF8, 0x00, 0x1F, 0xF8, 0x00, 0x1F, 0xF8, 0x00, 0x1F, 0xF8, 0x00,
  0x1F, 0xF8, 0x00, 0x1F, 0xF8, 0x00, 0x1F, 0xF8, 0x00, 0x1F, 0xF8, 0x00,
  0x1F, 0xF8, 0x00, 0x1F, 0xF8, 0x00, 0x1F, 0xF8, 0x00, 0x1F, 0xF8, 0x00,
  0x1F, 0xF8, 0x00, 0x1F, 0xF8, 0x00, 0x1F, 0xF8, 0x00, 0x1F, 0xF8, 0x00,
  0x1F, 0xF8, 0x00, 0x1F, 0xF8, 0x00, 0x1F, 0xF8, 0x00, 0x1F, 0xF8, 0x00,
  0x1F, 0xFF, 0xFF, 0xFF, 0xFF, 0xFF, 0xFF, 0xFF, 0xFF, 0xFF, 0xFF, 0xFF,
  0xFF, 0xFF, 0xFF, 0xFF, 0xFF, 0xFF, 0xFF, 0xFF, 0xFF, 0xFF, 0xFF, 0xFF,
  0xFF, 0xF8, 0x00, 0x1F, 0xF8, 0x00, 0x1F, 0xF8, 0x00, 0x1F, 0xF8, 0x00,
  0x1F, 0xF8, 0x00, 0x1F, 0xF8, 0x00, 0x1F, 0xF8, 0x00, 0x1F, 0xF8, 0x00,
  0x1F, 0xF8, 0x00, 0x1F, 0xF8, 0x00, 0x1F, 0xF8, 0x00, 0x1F, 0xF8, 0x00,
  0x1F, 0xF8, 0x00, 0x1F, 0xF8, 0x00, 0x1F, 0xF8, 0x00, 0x1F, 0xF8, 0x00,
  0x1F, 0xF8, 0x00, 0x1F, 0xF8, 0x00, 0x1F, 0xF8, 0x00, 0x1F, 0xF8, 0x00,
  0x1F, 0xF8, 0x00, 0x1F, 0xF8, 0x00, 0x1F, 0xF8, 0x00, 0x1F, 0xF8, 0x00,
  0x1F, 0xF8, 0x00, 0x1F, 0xF8, 0x00, 0x1F, 0xF8, 0x00, 0x1F, 0xF8, 0x00,
  0x1F, 0xF8, 0x00, 0x1F, 0xF8, 0x00, 0x1F, 0xF8, 0x00, 0x1F, 0xF8, 0x00,
  0x1F, 0xF8, 0x00, 0x1F, 0xF8, 0x00, 0x1F, 0xF8, 0x00, 0x1F, 0xF8, 0x00,
  0x1F, 0xFF, 0xFF, 0xFF, 0xFF, 0xFF, 0xFF, 0xFF, 0xFF, 0xFF, 0xFF, 0xFF,
  0xFF, 0xFF, 0xFF, 0xFF, 0xFF, 0xFF, 0xFF, 0xFF, 0xFF, 0xFF, 0xFF, 0xFF,
  0xFF, 0xF8, 0x00, 0x1F, 0xF8, 0x00, 0x1F, 0xF8, 0x00, 0x1F, 0xF8, 0x00,
  0x1F, 0xF8, 0x00, 0x1F, 0xF8, 0x00, 0x1F, 0xF8, 0x00, 0x1F, 0xF8, 0x00,
  0x1F, 0xF8, 0x00, 0x1F, 0xF8, 0x00, 0x1F, 0xF8, 0x00, 0x1F, 0xF8, 0x00,
  0x1F, 0xF8, 0x00, 0x1F, 0xF8, 0x00, 0x1F, 0xF8, 0x00, 0x1F, 0xF8, 0x00,
  0x1F, 0xF8, 0x00, 0x1F, 0xF8, 0x00, 0x1F, 0xF8, 0x00, 0x1F, 0xF8, 0x00,
  0x1F, 0xF8, 0x00, 0x1F, 0xF8, 0x00, 0x1F, 0xF8, 0x00, 0x1F, 0xF8, 0x00,
  0x1F, 0xF8, 0x00, 0x1F, 0xF8, 0x00, 0x1F, 0xF8, 0x00, 0x1F, 0xF8, 0x00,
  0x1F, 0xF8, 0x00, 0x1F, 0xF8, 0x00, 0x1F, 0xF8, 0x00, 0x1F, 0xF8, 0x00,
  0x1F, 0xF8, 0x00, 0x1F, 0xF8, 0x00, 0x1F, 0xF8, 0x00, 0x1F, 0xF8, 0x00,
  0x1F, 0xFF, 0xFF, 0xFF, 0xFF, 0xFF, 0xFF, 0xFF, 0xFF, 0xFF, 0xFF, 0xFF,
  0xFF, 0xFF, 0xFF, 0xFF, 0xFF, 0xFF, 0xFF, 0xFF, 0xFF, 0xFF, 0xFF, 0xFF,
  0xFF, 0xF8, 0x00, 0x1F, 0xF8, 0x00, 0x1F, 0xF8, 0x00, 0x1F, 0xF8, 0x00,
  0x1F, 0xF8, 0x00, 0x1F, 0xF8, 0x00, 0x1F, 0xF8, 0x00, 0x1F, 0xF8, 0x00,
  0x1F, 0xF8, 0x00, 0x1F, 0xF8, 0x00, 0x1F, 0xF8, 0x00, 0x1F, 0xF8, 0x00,
  0x1F, 0xF8, 0x00, 0x1F, 0xF8, 0x00, 0x1F, 0xF8, 0x00, 0x1F, 0xF8, 0x00,
  0x1F, 0xF8, 0x00, 0x1F, 0xF8, 0x00, 0x1F, 0xF8, 0x00, 0x1F, 0xF8, 0x00,
  0x1F, 0xF8, 0x00, 0x1F, 0xF8, 0x00, 0x1F, 0xF8, 0x00, 0x1F, 0xF8, 0x00,
  0x1F, 0xF8, 0x00, 0x1F, 0xF8, 0x00, 0x1F, 0xF8, 0x00, 0x1F, 0xF8, 0x00,
  0x1F, 0xF8, 0x00, 0x1F, 0xF8, 0x00, 0x1F, 0xF8, 0x00, 0x1F, 0xF8, 0x00,
  0x1F, 0xF8, 0x00, 0x1F, 0xF8, 0x00, 0x1F, 0xF8, 0x00, 0x1F, 0xF8, 0x00,
  0x1F, 0xFF, 0xFF, 0xFF, 0xFF, 0xFF, 0xFF, 0xFF, 0xFF, 0xFF, 0xFF, 0xFF,
  0xFF, 0xFF, 0xFF, 0xFF, 0xFF, 0xFF, 0xFF, 0xFF, 0xFF, 0xFF, 0xFF, 0xFF,
  0xFF, 0xF8, 0x00, 0x1F, 0xF8, 0x00, 0x1F, 0xF8, 0x00, 0x1F, 0xF8, 0x00,
  0x1F, 0xF8, 0x00, 0x1F, 0xF8, 0x00, 0x1F, 0xF8, 0x00, 0x1F, 0xF8, 0x00,
  0x1F, 0xF8, 0x00, 0x1F, 0xF8, 0x00, 0x1F, 0xF8, 0x00, 0x1F, 0xF8, 0x00,
  0x1F, 0xF8, 0x00, 0x1F, 0xF8, 0x00, 0x1F, 0xF8, 0x00, 0x1F, 0xF8, 0x00,
  0x1F, 0xF8, 0x00, 0x1F, 0xF8, 0x00, 0x1F, 0xF8, 0x00, 0x1F, 0xF8, 0x00,
  0x1F, 0xF8, 0x00, 0x1F, 0xF8, 0x00, 0x1F, 0xF8, 0x00, 0x1F, 0xF8, 0x00,
  0x1F, 0xF8, 0x00, 0x1F, 0xF8, 0x00, 0x1F, 0xF8, 0x00, 0x1F, 0xF8, 0x00,
  0x1F, 0xF8, 0x00, 0x1F, 0xF8, 0x00, 0x1F, 0xF8, 0x00, 0x1F, 0xF8, 0x00,
  0x1F, 0xF8, 0x00, 0x1F, 0xF8, 0x00, 0x1F, 0xF8, 0x00, 0x1F, 0xF8, 0x00,
  0x1F, 0xFF, 0xFF, 0xFF, 0xFF, 0xFF, 0xFF, 0xFF, 0xFF, 0xFF, 0xFF, 0xFF,
  0xFF, 0xFF, 0xFF, 0xFF, 0xFF, 0xFF, 0xFF, 0xFF, 0xFF, 0xFF, 0xFF, 0xFF,
  0xFF, 0xF8, 0x00, 0x1F, 0xF8, 0x00, 0x1F, 0xF8, 0x00, 0x1F, 0xF8, 0x00,
  0x1F, 0xF8, 0x00, 0x1F, 0xF8, 0x00, 0x1F, 0xF8, 0x00, 0x1F, 0xF8, 0x00,
  0x1F, 0xF8, 0x00, 0x1F, 0xF8, 0x00, 0x1F, 0xF8, 0x00, 0x1F, 0xF8, 0x00,
  0x1F, 0xF8, 0x00, 0x1F, 0xF8, 0x00, 0x1F, 0xF8, 0x00, 0x1F, 0xF8, 0x00,
  0x1F, 0xF8, 0x00, 0x1F, 0xF8, 0x00, 0x1F, 0xF8, 0x00, 0x1F, 0xF8, 0x00,
  0x1F, 0xF8, 0x00, 0x1F, 0xF8, 0x00, 0x1F, 0xF8, 0x00, 0x1F, 0xF8, 0x00,
  0x1F, 0xF8, 0x00, 0x1F, 0xF8, 0x00, 0x1F, 0xF8, 0x00, 0x1F, 0xF8, 0x00,
  0x1F, 0xF8, 0x00, 0x1F, 0xF8, 0x00, 0x1F, 0xF8, 0x00, 0x1F, 0xF8, 0x00,
  0x1F, 0xF8, 0x00, 0x1F, 0xF8, 0x00, 0x1F, 0xF8, 0x00, 0x1F, 0xF8, 0x00,
  0x1F, 0xFF, 0xFF, 0xFF, 0xFF, 0xFF, 0xFF, 0xFF, 0xFF, 0xFF, 0xFF, 0xFF,
  0xFF, 0xFF, 0xFF, 0xFF, 0xFF, 0xFF, 0xFF, 0xFF, 0xFF, 0xFF, 0xFF, 0xFF,
  0xFF, 0xF8, 0x00, 0x1F, 0xF8, 0x00, 0x1F, 0xF8, 0x00, 0x1F, 0xF8, 0x00,
  0x1F, 0xF8, 0x00, 0x1F, 0xF8, 0x00, 0x1F, 0xF8, 0x00, 0x1F, 0xF8, 0x00,
  0x1F, 0xF8, 0x00, 0x1F, 0xF8, 0x00, 0x1F, 0xF8, 0x00, 0x1F, 0xF8, 0x00,
  0x1F, 0xF8, 0x00, 0x1F, 0xF8, 0x00, 0x1F, 0xF8, 0x00, 0x1F, 0xF8, 0x00,
  0x1F, 0xF8, 0x00, 0x1F, 0xF8, 0x00, 0x1F, 0xF8, 0x00, 0x1F, 0xF8, 0x00,
  0x1F, 0xF8, 0x00, 0x1F, 0xF8, 0x00, 0x1F, 0xF8, 0x00, 0x1F, 0xF8, 0x00,
  0x1F, 0xF8, 0x00, 0x1F, 0xF8, 0x00, 0x1F, 0xF8, 0x00, 0x1F, 0xF8, 0x00,
  0x1F, 0xF8, 0x00, 0x1F, 0xF8, 0x00, 0x1F, 0xF8, 0x00, 0x1F, 0xF8, 0x00,
  0x1F, 0xF8, 0x00, 0x1F, 0xF8, 0x00, 0x1F, 0xF8, 0x00, 0x1F, 0xF8, 0x00,
  0x1F, 0xFF, 0xFF, 0xFF, 0xFF, 0xFF, 0xFF, 0xFF, 0xFF, 0xFF, 0xFF, 0xFF,
  0xFF, 0xFF, 0xFF, 0xFF, 0xFF, 0xFF, 0xFF, 0xFF, 0xFF, 0xFF, 0xFF, 0xFF,
  0xFF, 0xF8, 0x00, 0x1F, 0xF8, 0x00, 0x1F, 0xF8, 0x00, 0x1F, 0xF8, 0x00,
  0x1F, 0xF8, 0x00, 0x1F, 0xF8, 0x00, 0x1F, 0xF8, 0x00, 0x1F, 0xF8, 0x00,
  0x1F, 0xF8, 0x00, 0x1F, 0xF8, 0x00, 0x1F, 0xF8, 0x00, 0x1F, 0xF8, 0x00,
  0x1F, 0xF8, 0x00, 0x1F, 0xF8, 0x00, 0x1F, 0xF8, 0x00, 0x1F, 0xF8, 0x00,
  0x1F, 0xF8, 0x00, 0x1F, 0xF8, 0x00, 0x1F, 0xF8, 0x00, 0x1F, 0xF8, 0x00,
  0x1F, 0xF8, 0x00, 0x1F, 0xF8, 0x00, 0x1F, 0xF8, 0x00, 0x1F, 0xF8, 0x00,
  0x1F, 0xF8, 0x00, 0x1F, 0xF8, 0x00, 0x1F, 0xF8, 0x00, 0x1F, 0xF8, 0x00,
  0x1F, 0xF8, 0x00, 0x1F, 0xF8, 0x00, 0x1F, 0xF8, 0x00, 0x1F, 0xF8, 0x00,
  0x1F, 0xF8, 0x00, 0x1F, 0xF8, 0x00, 0x1F, 0xF8, 0x00, 0x1F, 0xF8, 0x00,
  0x1F, 0xFF, 0xFF, 0xFF, 0xFF, 0xFF, 0xFF, 0xFF, 0xFF, 0xFF, 0xFF, 0xFF,
  0xFF, 0xFF, 0xFF, 0xFF, 0xFF, 0xFF, 0xFF, 0xFF, 0xFF, 0xFF, 0xFF, 0xFF,
  0xFF, 0xF8, 0x00, 0x1F, 0xF8, 0x00, 0x1F, 0xF8, 0x00, 0x1F, 0xF8, 0x00,
  0x1F, 0xF8, 0x00, 0x1F, 0xF8, 0x00, 0x1F, 0xF8, 0x00, 0x1F, 0xF8, 0x00,
  0x1F, 0xF8, 0x00, 0x1F, 0xF8, 0x00, 0x1F, 0xF8, 0x00, 0x1F, 0xF8, 0x00,
  0x1F, 0xF8, 0x00, 0x1F, 0xF8, 0x00, 0x1F, 0xF8, 0x00, 0x1F, 0xF8, 0x00,
  0x1F, 0xF8, 0x00, 0x1F, 0xF8, 0x00, 0x1F, 0xF8, 0x00, 0x1F, 0xF8, 0x00,
  0x1F, 0xF8, 0x00, 0x1F, 0xF8, 0x00, 0x1F, 0xF8, 0x00, 0x1F, 0xF8, 0x00,
  0x1F, 0xF8, 0x00, 0x1F, 0xF8, 0x00, 0x1F, 0xF8, 0x00, 0x1F, 0xF8, 0x00,
  0x1F, 0xF8, 0x00, 0x1F, 0xF8, 0x00, 0x1F, 0xF8, 0x00, 0x1F, 0xF8, 0x00,
  0x1F, 0xF8, 0x00, 0x1F, 0xF8, 0x00, 0x1F, 0xF8, 0x00, 0x1F, 0xF8, 0x00,
  0x1F, 0xFF, 0xFF, 0xFF, 0xFF, 0xFF, 0xFF, 0xFF, 0xFF, 0xFF, 0xFF, 0xFF,
  0xFF, 0xFF, 0xFF, 0xFF, 0xFF, 0xFF, 0xFF, 0xFF, 0xFF, 0xFF, 0xFF, 0xFF,
  0xFF, 0xF8, 0x00, 0x1F, 0xF8, 0x00, 0x1F, 0xF8, 0x00, 0x1F, 0xF8, 0x00,
  0x1F, 0xF8, 0x00, 0x1F, 0xF8, 0x00, 0x1F, 0xF8, 0x00, 0x1F, 0xF8, 0x00,
  0x1F, 0xF8, 0x00, 0x1F, 0xF8, 0x00, 0x1F, 0xF8, 0x00, 0x1F, 0xF8, 0x00,
  0x1F, 0xF8, 0x00, 0x1F, 0xF8, 0x00, 0x1F, 0xF8, 0x00, 0x1F, 0xF8, 0x00,
  0x1F, 0xF8, 0x00, 0x1F, 0xF8, 0x00, 0x1F, 0xF8, 0x00, 0x1F, 0xF8, 0x00,
  0x1F, 0xF8, 0x00, 0x1F, 0xF8, 0x00, 0x1F, 0xF8, 0x00, 0x1F, 0xF8, 0x00,
  0x1F, 0xF8, 0x00, 0x1F, 0xF8, 0x00, 0x1F, 0xF8, 0x00, 0x1F, 0xF8, 0x00,
  0x1F, 0xF8, 0x00, 0x1F, 0xF8, 0x00, 0x1F, 0xF8, 0x00, 0x1F, 0xF8, 0x00,
  0x1F, 0xF8, 0x00, 0x1F, 0xF8, 0x00, 0x1F, 0xF8, 0x00, 0x1F, 0xF8, 0x00,
  0x1F, 0xFF, 0xFF, 0xFF, 0xFF, 0xFF, 0xFF, 0xFF, 0xFF, 0xFF, 0xFF, 0xFF,
  0xFF, 0x00, 0xFF, 0xFF, 0xFF, 0xFF, 0xFF, 0xFF, 0xFF, 0xFF, 0xFF, 0xFF,
  0xFF, 0xFF, 0xF8, 0x00, 0x1F, 0xF8, 0x00, 0x1F, 0xF8, 0x00, 0x1F, 0xF8,
  0x00, 0x1F, 0xF8, 0x00, 0x1F, 0xF8, 0x00, 0x1F, 0xF8, 0x00, 0x1F, 0xF8,
  0x00, 0x1F, 0xF8, 0x00, 0x1F, 0xF8, 0x00, 0x1F, 0xF8, 0x00, 0x1F, 0xF8,
  0x00, 0x1F, 0xF8, 0x00, 0x1F, 0xF8, 0x00, 0x1F, 0xF8, 0x00, 0x1F, 0xF8,
  0x00, 0x1F, 0xF8, 0x00, 0x1F, 0xF8, 0x00, 0x1F, 0xF8, 0x00, 0x1F, 0xF8,
  0x00, 0x1F, 0xF8, 0x00, 0x1F, 0xF8, 0x00, 0x1F, 0xF8, 0x00, 0x1F, 0xF8,
  0x00, 0x1F, 0xF8, 0x00, 0x1F, 0xF8, 0x00, 0x1F, 0xF8, 0x00, 0x1F, 0xF8,
  0x00, 0x1F, 0xF8, 0x00, 0x1F, 0xF8, 0x00, 0x1F, 0xF8, 0x00, 0x1F, 0xF8,
  0x00, 0x1F, 0xF8, 0x00, 0x1F, 0xF8, 0x00, 0x1F, 0xF8, 0x00, 0x1F, 0xF8,
  0x00, 0x1F, 0xFF, 0xFF, 0xFF, 0xFF, 0xFF, 0xFF, 0xFF, 0xFF, 0xFF, 0xFF,
  0xFF, 0xFF, 0x00, 0x7C, 0x00, 0x00, 0xF8, 0x00, 0x01, 0xF0, 0x00, 0x03,
  0xE0, 0x00, 0x07, 0xC0, 0x00, 0x0F, 0x80, 0x00, 0x1F, 0x00, 0x00, 0xFF,
  0xC0, 0x07, 0xFF, 0xC0, 0x1F, 0xFF, 0xE0, 0x7F, 0xFF, 0xE1, 0xF8, 0x0F,
  0xC3, 0xE0, 0x07, 0xCF, 0xC0, 0x0F, 0x9F, 0x00, 0x0F, 0x3E, 0x00, 0x1E,
  0xF8, 0x00, 0x3D, 0xF0, 0x00, 0x03, 0xE0, 0x00, 0x07, 0xC0, 0x00, 0x0F,
  0x80, 0x00, 0x1F, 0x00, 0x00, 0x3E, 0x00, 0x00, 0x7C, 0x00, 0x00, 0xF8,
  0x00, 0x00, 0xF0, 0x00, 0x01, 0xF0, 0x00, 0xF3, 0xE0, 0x01, 0xE3, 0xE0,
  0x07, 0xC7, 0xC0, 0x0F, 0x07, 0xE0, 0x7E, 0x07, 0xFF, 0xF8, 0x07, 0xFF,
  0xC0, 0x03, 0xFF, 0x00, 0x01, 0xF0, 0x00, 0x03, 0xE0, 0x00, 0x07, 0xC0,
  0x00, 0x0F, 0x80, 0x00, 0x1F, 0x00, 0x00, 0x3E, 0x00, 0x00, 0x00, 0x00,
  0x00, 0x0F, 0xFC, 0x00, 0x0F, 0xFF, 0xC0, 0x07, 0xFF, 0xF8, 0x03, 0xFF,
  0xFE, 0x01, 0xFC, 0x0F, 0xC0, 0x7C, 0x01, 0xF0, 0x1F, 0x00, 0x7E, 0x0F,
  0x80, 0x0F, 0x83, 0xE0, 0x03, 0xE0, 0xF8, 0x00, 0x00, 0x3E, 0x00, 0x00,
  0x0F, 0x80, 0x00, 0x03, 0xE0, 0x00, 0x00, 0xF8, 0x00, 0x00, 0x3E, 0x00,
  0x00, 0x0F, 0x80, 0x00, 0x03, 0xE0, 0x00, 0x0F, 0xFF, 0xF8, 0x03, 0xFF,
  0xFE, 0x00, 0xFF, 0xFF, 0x80, 0x3F, 0xFF, 0xE0, 0x00, 0xF8, 0x00, 0x00,
  0x3E, 0x00, 0x00, 0x0F, 0x80, 0x00, 0x03, 0xE0, 0x00, 0x00, 0xF8, 0x00,
  0x00, 0x3E, 0x00, 0x00, 0x0F, 0x80, 0x00, 0x03, 0xE0, 0x00, 0x00, 0xF8,
  0x00, 0x00, 0x3E, 0x00, 0x00, 0x1F, 0x00, 0x00, 0x07, 0xC0, 0x00, 0x0F,
  0xFF, 0xFF, 0xFF, 0xFF, 0xFF, 0xFF, 0xFF, 0xFF, 0xFF, 0xFF, 0xFF, 0xFF,
  0xF0, 0x10, 0x00, 0x00, 0x08, 0x38, 0x0F, 0xF0, 0x1C, 0x7C, 0x7F, 0xFC,
  0x3E, 0xFE, 0xFF, 0xFF, 0x7F, 0x7F, 0xFF, 0xFF, 0xFE, 0x3F, 0xF8, 0x1F,
  0xFC, 0x1F, 0xE0, 0x07, 0xF8, 0x0F, 0xC0, 0x03, 0xF0, 0x1F, 0x80, 0x01,
  0xF8, 0x1F, 0x00, 0x00, 0xF8, 0x3F, 0x00, 0x00, 0xFC, 0x3E, 0x00, 0x00,
  0x7C, 0x7E, 0x00, 0x00, 0x7C, 0x7C, 0x00, 0x00, 0x3E, 0x7C, 0x00, 0x00,
  0x3E, 0x7C, 0x00, 0x00, 0x3E, 0x7C, 0x00, 0x00, 0x3E, 0x7C, 0x00, 0x00,
  0x3E, 0x7C, 0x00, 0x00, 0x3E, 0x7C, 0x00, 0x00, 0x3E, 0x7E, 0x00, 0x00,
  0x7E, 0x3E, 0x00, 0x00, 0x7C, 0x3E, 0x00, 0x00, 0x7C, 0x3F, 0x00, 0x00,
  0xFC, 0x1F, 0x80, 0x01, 0xF8, 0x1F, 0x80, 0x01, 0xF8, 0x1F, 0xC0, 0x03,
  0xF8, 0x3F, 0xF0, 0x0F, 0xFC, 0x7F, 0xFF, 0xFF, 0xFE, 0xFF, 0xFF, 0xFF,
  0xFF, 0x7C, 0x7F, 0xFE, 0x3E, 0x38, 0x1F, 0xF8, 0x1C, 0x10, 0x01, 0x00,
  0x08, 0x7C, 0x00, 0x07, 0xCF, 0xC0, 0x00, 0xF8, 0xF8, 0x00, 0x3E, 0x1F,
  0x80, 0x07, 0xC1, 0xF0, 0x01, 0xF0, 0x3E, 0x00, 0x3E, 0x03, 0xE0, 0x0F,
  0x80, 0x7C, 0x01, 0xF0, 0x07, 0xC0, 0x7C, 0x00, 0xF8, 0x0F, 0x80, 0x0F,
  0x83, 0xE0, 0x01, 0xF0, 0x7C, 0x00, 0x1F, 0x1F, 0x00, 0x03, 0xE3, 0xE0,
  0x00, 0x3E, 0xF8, 0x00, 0x07, 0xDF, 0x00, 0x00, 0x7F, 0xC0, 0x00, 0x0F,
  0xF8, 0x00, 0x7F, 0xFF, 0xFC, 0x0F, 0xFF, 0xFF, 0x81, 0xFF, 0xFF, 0xF0,
  0x00, 0x3E, 0x00, 0x00, 0x07, 0xC0, 0x00, 0x00, 0xF8, 0x00, 0x00, 0x1F,
  0x00, 0x00, 0x03, 0xE0, 0x00, 0x7F, 0xFF, 0xFC, 0x0F, 0xFF, 0xFF, 0x81,
  0xFF, 0xFF, 0xF0, 0x00, 0x3E, 0x00, 0x00, 0x07, 0xC0, 0x00, 0x00, 0xF8,
  0x00, 0x00, 0x1F, 0x00, 0x00, 0x03, 0xE0, 0x00, 0x00, 0x7C, 0x00, 0x00,
  0x0F, 0x80, 0x00, 0x01, 0xF0, 0x00, 0xFF, 0xFF, 0xFF, 0xFF, 0xFF, 0xFF,
  0xFF, 0xFF, 0xFF, 0xFF, 0xFF, 0xFE, 0x00, 0x00, 0x00, 0xFF, 0xFF, 0xFF,
  0xFF, 0xFF, 0xFF, 0xFF, 0xFF, 0xFF, 0xFF, 0xFF, 0xFF, 0xF0, 0x00, 0x04,
  0x00, 0x00, 0x7F, 0xF8, 0x00, 0x7F, 0xFF, 0x80, 0x3F, 0xFF, 0xF8, 0x1F,
  0xFF, 0xFF, 0x0F, 0xE0, 0x0F, 0xC3, 0xE0, 0x01, 0xF9, 0xF8, 0x00, 0x3E,
  0x7C, 0x00, 0x0F, 0xDF, 0x00, 0x01, 0xF7, 0xC0, 0x00, 0x7D, 0xF0, 0x00,
  0x1F, 0x7E, 0x00, 0x00, 0x0F, 0xC0, 0x00, 0x03, 0xF8, 0x00, 0x00, 0x7F,
  0xC0, 0x00, 0x0F, 0xFE, 0x00, 0x03, 0xFF, 0xF0, 0x01, 0xFF, 0xFF, 0x00,
  0xFC, 0xFF, 0xF0, 0x7C, 0x07, 0xFF, 0x3F, 0x00, 0x3F, 0xCF, 0x80, 0x03,
  0xFB, 0xE0, 0x00, 0x3E, 0xF8, 0x00, 0x0F, 0xFE, 0x00, 0x01, 0xFF, 0x80,
  0x00, 0x7F, 0xF0, 0x00, 0x1F, 0x7E, 0x00, 0x07, 0xDF, 0xF0, 0x03, 0xF3,
  0xFF, 0x01, 0xF8, 0x7F, 0xFC, 0xFC, 0x07, 0xFF, 0xFE, 0x00, 0x7F, 0xFF,
  0x00, 0x03, 0xFF, 0xC0, 0x00, 0x1F, 0xF8, 0x00, 0x00, 0xFF, 0x00, 0x00,
  0x0F, 0xC0, 0x00, 0x01, 0xF8, 0x00, 0x00, 0x3E, 0xF8, 0x00, 0x0F, 0xBE,
  0x00, 0x03, 0xEF, 0x80, 0x00, 0xFB, 0xF0, 0x00, 0x3E, 0x7E, 0x00, 0x1F,
  0x9F, 0xC0, 0x0F, 0xC3, 0xFC, 0x0F, 0xF0, 0x7F, 0xFF, 0xF8, 0x0F, 0xFF,
  0xFC, 0x00, 0xFF, 0xFC, 0x00, 0x07, 0xF8, 0x00, 0x70, 0x0E, 0xF8, 0x1F,
  0xF8, 0x1F, 0xF8, 0x1F, 0x70, 0x0E, 0x00, 0x07, 0xFC, 0x00, 0x00, 0x03,
  0xFF, 0xE0, 0x00, 0x01, 0xFF, 0xFF, 0x00, 0x00, 0xFE, 0x03, 0xF8, 0x00,
  0x3E, 0x00, 0x0F, 0x80, 0x0F, 0x80, 0x00, 0xF8, 0x03, 0xC0, 0x00, 0x07,
  0x80, 0xF0, 0x00, 0x00, 0x78, 0x1C, 0x03, 0xF8, 0x07, 0x07, 0x81, 0xFF,
  0xC0, 0xF0, 0xE0, 0x7F, 0xFC, 0x0E, 0x3C, 0x1F, 0x07, 0xC1, 0xE7, 0x07,
  0xC0, 0x78, 0x1C, 0xE0, 0xF0, 0x07, 0x83, 0xBC, 0x3C, 0x00, 0xF0, 0x7F,
  0x07, 0x80, 0x1E, 0x07, 0xE0, 0xF0, 0x00, 0x00, 0xFC, 0x1E, 0x00, 0x00,
  0x1F, 0x83, 0xC0, 0x00, 0x03, 0xF0, 0x78, 0x00, 0x00, 0x7E, 0x0F, 0x00,
  0x00, 0x0F, 0xC1, 0xE0, 0x00, 0x01, 0xF8, 0x3C, 0x00, 0xF0, 0x3F, 0x87,
  0x80, 0x1E, 0x0F, 0x70, 0x78, 0x03, 0xC1, 0xCE, 0x0F, 0x80, 0xF0, 0x39,
  0xE0, 0xF8, 0x3E, 0x0F, 0x1C, 0x0F, 0xFF, 0x81, 0xC3, 0xC0, 0xFF, 0xE0,
  0x78, 0x3C, 0x07, 0xF0, 0x1E, 0x07, 0x80, 0x00, 0x03, 0x80, 0x78, 0x00,
  0x00, 0xF0, 0x07, 0xC0, 0x00, 0x7C, 0x00, 0x7C, 0x00, 0x1F, 0x00, 0x07,
  0xF0, 0x1F, 0xC0, 0x00, 0x3F, 0xFF, 0xE0, 0x00, 0x01, 0xFF, 0xF0, 0x00,
  0x00, 0x0F, 0xF8, 0x00, 0x00, 0x10, 0x00, 0x18, 0x70, 0x00, 0x79, 0xF0,
  0x01, 0xFB, 0xF0, 0x07, 0xE3, 0xF0, 0x1F, 0x83, 0xF0, 0x7E, 0x03, 0xF1,
  0xF8, 0x03, 0xF7, 0xE0, 0x03, 0xFF, 0x80, 0x03, 0xFE, 0x00, 0x03, 0xF8,
  0x00, 0x07, 0xF0, 0x00, 0x1F, 0xF0, 0x00, 0x7F, 0xF0, 0x01, 0xFB, 0xF0,
  0x03, 0xF3, 0xF0, 0x0F, 0xC3, 0xF0, 0x3F, 0x03, 0xF0, 0xFC, 0x03, 0xF3,
  0xF0, 0x03, 0xF7, 0xC0, 0x03, 0xC7, 0x00, 0x03, 0x04, 0x00, 0x00, 0x00,
  0x01, 0xE0, 0xE0, 0x1C, 0x1E, 0x03, 0xC3, 0xC0, 0x78, 0x78, 0x0F, 0x07,
  0x80, 0xF0, 0xF0, 0x1E, 0x1E, 0x03, 0xE3, 0xE0, 0x7C, 0x3C, 0x07, 0x87,
  0x80, 0x78, 0x7C, 0x07, 0xC3, 0xC0, 0x3E, 0x3E, 0x01, 0xE1, 0xE0, 0x0F,
  0x0F, 0x00, 0xF8, 0x78, 0x07, 0x87, 0x80, 0x3C, 0x3C, 0x01, 0xC1, 0xE0,
  0x1E, 0x0E, 0xFF, 0xFF, 0xFF, 0xFF, 0xFF, 0xFF, 0xFF, 0xFF, 0xFF, 0xFF,
  0xF0, 0x00, 0x0F, 0x80, 0x00, 0x7C, 0x00, 0x03, 0xE0, 0x00, 0x1F, 0x00,
  0x00, 0xF8, 0x00, 0x07, 0xC0, 0x00, 0x3E, 0xFF, 0xFF, 0xFF, 0xFF, 0xFF,
  0xFF, 0xFF, 0xFF, 0xFF, 0xFF, 0xFF, 0xFF, 0xF8, 0x00, 0x1F, 0xF8, 0x00,
  0x1F, 0xF8, 0x00, 0x1F, 0xF8, 0x00, 0x1F, 0xF8, 0x00, 0x1F, 0xF8, 0x00,
  0x1F, 0xF8, 0x00, 0x1F, 0xF8, 0x00, 0x1F, 0xF8, 0x00, 0x1F, 0xF8, 0x00,
  0x1F, 0xF8, 0x00, 0x1F, 0xF8, 0x00, 0x1F, 0xF8, 0x00, 0x1F, 0xF8, 0x00,
  0x1F, 0xF8, 0x00, 0x1F, 0xF8, 0x00, 0x1F, 0xF8, 0x00, 0x1F, 0xF8, 0x00,
  0x1F, 0xF8, 0x00, 0x1F, 0xF8, 0x00, 0x1F, 0xF8, 0x00, 0x1F, 0xF8, 0x00,
  0x1F, 0xF8, 0x00, 0x1F, 0xF8, 0x00, 0x1F, 0xF8, 0x00, 0x1F, 0xF8, 0x00,
  0x1F, 0xF8, 0x00, 0x1F, 0xF8, 0x00, 0x1F, 0xF8, 0x00, 0x1F, 0xF8, 0x00,
  0x1F, 0xF8, 0x00, 0x1F, 0xF8, 0x00, 0x1F, 0xF8, 0x00, 0x1F, 0xF8, 0x00,
  0x1F, 0xF8, 0x00, 0x1F, 0xF8, 0x00, 0x1F, 0xFF, 0xFF, 0xFF, 0xFF, 0xFF,
  0xFF, 0xFF, 0xFF, 0xFF, 0xFF, 0xFF, 0xFF, 0x00, 0x07, 0xFC, 0x00, 0x00,
  0x03, 0xFF, 0xE0, 0x00, 0x01, 0xFF, 0xFF, 0x00, 0x00, 0xFE, 0x03, 0xF8,
  0x00, 0x3E, 0x00, 0x0F, 0x80, 0x0F, 0x80, 0x00, 0xF8, 0x03, 0xC0, 0x00,
  0x07, 0x80, 0xF0, 0x00, 0x00, 0x78, 0x1C, 0x3F, 0xF8, 0x07, 0x07, 0x87,
  0xFF, 0xC0, 0xF0, 0xE0, 0xFF, 0xFC, 0x0E, 0x3C, 0x1E, 0x07, 0x81, 0xE7,
  0x03, 0xC0, 0x78, 0x1C, 0xE0, 0x78, 0x0F, 0x03, 0xBC, 0x0F, 0x01, 0xE0,
  0x7F, 0x01, 0xE0, 0x3C, 0x07, 0xE0, 0x3C, 0x0F, 0x80, 0xFC, 0x07, 0x83,
  0xE0, 0x1F, 0x80, 0xFF, 0xF8, 0x03, 0xF0, 0x1F, 0xFE, 0x00, 0x7E, 0x03,
  0xFF, 0xE0, 0x0F, 0xC0, 0x78, 0x1E, 0x01, 0xF8, 0x0F, 0x01, 0xE0, 0x3F,
  0x81, 0xE0, 0x3C, 0x0F, 0x70, 0x3C, 0x07, 0x81, 0xCE, 0x07, 0x80, 0xF0,
  0x39, 0xE0, 0xF0, 0x1E, 0x0F, 0x1C, 0x1E, 0x03, 0xC1, 0xC3, 0xC3, 0xC0,
  0x78, 0x78, 0x38, 0x78, 0x0F, 0x1E, 0x07, 0x80, 0x00, 0x03, 0x80, 0x78,
  0x00, 0x00, 0xF0, 0x07, 0xC0, 0x00, 0x7C, 0x00, 0x7C, 0x00, 0x1F, 0x00,
  0x07, 0xF0, 0x1F, 0xC0, 0x00, 0x3F, 0xFF, 0xE0, 0x00, 0x01, 0xFF, 0xF0,
  0x00, 0x00, 0x0F, 0xF8, 0x00, 0x00, 0xFF, 0xFF, 0xFF, 0xFF, 0xFF, 0xFF,
  0xFF, 0xFF, 0xF0, 0x0F, 0x81, 0xFF, 0x1F, 0xFC, 0xF1, 0xEF, 0x07, 0xF0,
  0x1F, 0x80, 0xFC, 0x07, 0xF0, 0x7B, 0xC7, 0x9F, 0xFC, 0x7F, 0xC0, 0xF8,
  0x00, 0x00, 0x78, 0x00, 0x00, 0xF0, 0x00, 0x01, 0xE0, 0x00, 0x03, 0xC0,
  0x00, 0x07, 0x80, 0x00, 0x0F, 0x00, 0x00, 0x1E, 0x00, 0x00, 0x3C, 0x00,
  0x00, 0x78, 0x00, 0x00, 0xF0, 0x03, 0xFF, 0xFF, 0xFF, 0xFF, 0xFF, 0xFF,
  0xFF, 0xFF, 0xFF, 0xFF, 0xFF, 0xC0, 0x1E, 0x00, 0x00, 0x3C, 0x00, 0x00,
  0x78, 0x00, 0x00, 0xF0, 0x00, 0x01, 0xE0, 0x00, 0x03, 0xC0, 0x00, 0x07,
  0x80, 0x00, 0x0F, 0x00, 0x00, 0x1E, 0x00, 0x00, 0x3C, 0x00, 0x00, 0x78,
  0x00, 0x00, 0x00, 0x00, 0x00, 0x00, 0x00, 0x00, 0x00, 0x07, 0xFF, 0xFF,
  0xCF, 0xFF, 0xFF, 0x9F, 0xFF, 0xFF, 0x3F, 0xFF, 0xFE, 0x0F, 0xE0, 0x7F,
  0xF1, 0xFF, 0xF3, 0xE1, 0xFF, 0x01, 0xFE, 0x03, 0xC0, 0x07, 0x80, 0x1F,
  0x00, 0x7C, 0x01, 0xF0, 0x07, 0xC0, 0x1F, 0x00, 0x7C, 0x01, 0xF0, 0x0F,
  0xC0, 0x3E, 0x00, 0xFF, 0xFF, 0xFF, 0xFF, 0xFF, 0xF8, 0x0F, 0xE0, 0x7F,
  0xF1, 0xFF, 0xF7, 0xC1, 0xFF, 0x01, 0xE0, 0x03, 0xC0, 0x0F, 0x03, 0xFE,
  0x07, 0xF0, 0x0F, 0xF0, 0x00, 0xF0, 0x00, 0xF0, 0x01, 0xFE, 0x03, 0xFC,
  0x07, 0xFC, 0x1F, 0x7F, 0xFC, 0x7F, 0xF0, 0x3F, 0x80, 0x07, 0xE0, 0xF8,
  0x3E, 0x0F, 0x81, 0xE0, 0x78, 0x1F, 0x03, 0xC0, 0xF8, 0x00, 0x7F, 0xE0,
  0x01, 0xFF, 0x80, 0x07, 0xFE, 0x00, 0x1F, 0xF8, 0x00, 0x7F, 0xE0, 0x01,
  0xFF, 0x80, 0x07, 0xFE, 0x00, 0x1F, 0xF8, 0x00, 0x7F, 0xE0, 0x01, 0xFF,
  0x80, 0x07, 0xFE, 0x00, 0x1F, 0xF8, 0x00, 0x7F, 0xE0, 0x01, 0xFF, 0x80,
  0x07, 0xFE, 0x00, 0x1F, 0xF8, 0x00, 0x7F, 0xE0, 0x01, 0xFF, 0x80, 0x07,
  0xFE, 0x00, 0x1F, 0xF8, 0x00, 0xFF, 0xF0, 0x03, 0xFF, 0xE0, 0x3F, 0xFF,
  0xFF, 0xFF, 0xFF, 0xFF, 0xFF, 0xFF, 0xFD, 0xFF, 0xFF, 0xC7, 0xFE, 0x30,
  0x00, 0xF8, 0x00, 0x03, 0xE0, 0x00, 0x0F, 0x80, 0x00, 0x3E, 0x00, 0x00,
  0xF8, 0x00, 0x03, 0xE0, 0x00, 0x0F, 0x80, 0x00, 0x3E, 0x00, 0x00, 0xF8,
  0x00, 0x03, 0xE0, 0x00, 0x00, 0x00, 0x7F, 0xF0, 0x3F, 0xFF, 0x07, 0xFF,
  0xF0, 0xFF, 0xFF, 0x1F, 0xFF, 0xF3, 0xFF, 0xFF, 0x3F, 0xFF, 0xF7, 0xFF,
  0xFF, 0x7F, 0xFF, 0xF7, 0xFF, 0xFF, 0x7F, 0xFF, 0xFF, 0xFF, 0xFF, 0x7F,
  0xFF, 0xF7, 0xFF, 0xFF, 0x7F, 0xFF, 0xF7, 0xFF, 0xFF, 0x7F, 0xFF, 0xF3,
  0xFF, 0xFF, 0x3F, 0xFF, 0xF1, 0xFF, 0xFF, 0x0F, 0xFF, 0xF0, 0x7F, 0xFF,
  0x03, 0xFF, 0xF0, 0x07, 0xFF, 0x00, 0x01, 0xF0, 0x00, 0x1F, 0x00, 0x01,
  0xF0, 0x00, 0x1F, 0x00, 0x01, 0xF0, 0x00, 0x1F, 0x00, 0x01, 0xF0, 0x00,
  0x1F, 0x00, 0x01, 0xF0, 0x00, 0x1F, 0x00, 0x01, 0xF0, 0x00, 0x1F, 0x00,
  0x01, 0xF0, 0x7B, 0xFF, 0xFF, 0x78, 0x70, 0xF0, 0xFC, 0xFE, 0x1F, 0x0F,
  0x0F, 0x0F, 0x3E, 0xFC, 0xF0, 0x00, 0x00, 0xF1, 0xFF, 0xFF, 0xFF, 0xFC,
  0xF0, 0x3C, 0x0F, 0x03, 0xC0, 0xF0, 0x3C, 0x0F, 0x03, 0xC0, 0xF0, 0x3C,
  0x0F, 0x03, 0xC0, 0xF0, 0x3C, 0x0F, 0x00, 0x1C, 0x00, 0x00, 0x1F, 0x00,
  0x00, 0x0F, 0x80, 0x00, 0x07, 0xC0, 0x00, 0x01, 0xC0, 0x00, 0x00, 0x00,
  0x00, 0x00, 0x00, 0x00, 0x00, 0x00, 0x00, 0x00, 0x00, 0x00, 0x00, 0x00,
  0x00, 0x00, 0x00, 0x00, 0x1F, 0xFF, 0xFF, 0xFF, 0xFF, 0xFF, 0xFF, 0xFF,
  0xFF, 0xFF, 0xFF, 0xFF, 0xFE, 0x00, 0x00, 0x00, 0x00, 0x00, 0x00, 0x00,
  0x00, 0x00, 0x00, 0x00, 0x00, 0x00, 0x00, 0x00, 0x00, 0x00, 0x00, 0x00,
  0x00, 0xE0, 0x00, 0x00, 0xF8, 0x00, 0x00, 0x7C, 0x00, 0x00, 0x3E, 0x00,
  0x00, 0x0E, 0x00, 0x00, 0xE0, 0x70, 0x0E, 0x0F, 0x01, 0xE0, 0xF0, 0x1E,
  0x1E, 0x03, 0xC1, 0xE0, 0x3C, 0x1E, 0x03, 0xC3, 0xE0, 0x7C, 0x3C, 0x07,
  0x83, 0xC0, 0x78, 0x7C, 0x0F, 0x0F, 0x83, 0xE1, 0xE0, 0xF8, 0x7C, 0x1E,
  0x1F, 0x07, 0x83, 0xC1, 0xF0, 0xF0, 0x3C, 0x1C, 0x0F, 0x07, 0x81, 0xC1,
  0xE0, 0x70, 0x38, 0x00, 0x01, 0xC0, 0x00, 0x80, 0x07, 0xE0, 0x00, 0x70,
  0x1F, 0xF0, 0x00, 0x78, 0x1F, 0xF8, 0x00, 0x38, 0x0F, 0xFC, 0x00, 0x3C,
  0x06, 0x1E, 0x00, 0x3C, 0x00, 0x0F, 0x00, 0x1C, 0x00, 0x07, 0x80, 0x1E,
  0x00, 0x03, 0xC0, 0x0E, 0x00, 0x01, 0xE0, 0x0F, 0x00, 0x00, 0xF0, 0x0F,
  0x00, 0x00, 0x78, 0x07, 0x00, 0x00, 0x3C, 0x07, 0x80, 0x00, 0x1E, 0x03,
  0x81, 0xE0, 0x0F, 0x03, 0xC1, 0xF0, 0x07, 0x83, 0xC1, 0xF8, 0x03, 0xC1,
  0xC0, 0xFC, 0x01, 0xE1, 0xE0, 0xFE, 0x00, 0xF1, 0xE0, 0xFF, 0x00, 0x78,
  0xF0, 0x77, 0x80, 0x00, 0xF0, 0x73, 0xC0, 0x00, 0x70, 0x79, 0xE0, 0x00,
  0x78, 0x78, 0xF0, 0x00, 0x78, 0x38, 0x78, 0x00, 0x38, 0x38, 0x3C, 0x00,
  0x3C, 0x3F, 0xFF, 0xC0, 0x1C, 0x1F, 0xFF, 0xE0, 0x1E, 0x0F, 0xFF, 0xF0,
  0x1E, 0x07, 0xFF, 0xF8, 0x06, 0x00, 0x01, 0xE0, 0x00, 0x00, 0x00, 0xF0,
  0x00, 0x00, 0x00, 0x78, 0x00, 0x00, 0x00, 0x3C, 0x00, 0x00, 0x00, 0x1E,
  0x00, 0x00, 0x00, 0x00, 0x00, 0x00, 0x78, 0x00, 0x18, 0x00, 0x7F, 0x00,
  0x03, 0x80, 0x7F, 0xE0, 0x00, 0xF0, 0x0F, 0xFC, 0x00, 0x3C, 0x01, 0xF7,
  0x80, 0x07, 0x80, 0x20, 0xF0, 0x01, 0xE0, 0x00, 0x1E, 0x00, 0x38, 0x00,
  0x03, 0xC0, 0x0F, 0x00, 0x00, 0x78, 0x03, 0xC0, 0x00, 0x0F, 0x00, 0x78,
  0x00, 0x01, 0xE0, 0x1E, 0x00, 0x00, 0x3C, 0x03, 0x80, 0x00, 0x07, 0x80,
  0xF0, 0x00, 0x00, 0xF0, 0x3C, 0x3F, 0x80, 0x1E, 0x07, 0x1F, 0xFC, 0x03,
  0xC1, 0xE7, 0xFF, 0xC0, 0x78, 0x78, 0xF8, 0x7C, 0x0F, 0x0F, 0x3C, 0x07,
  0x81, 0xE3, 0xC7, 0x80, 0xF0, 0x00, 0x70, 0x00, 0x1E, 0x00, 0x1E, 0x00,
  0x07, 0xC0, 0x07, 0x80, 0x00, 0xF0, 0x00, 0xE0, 0x00, 0x3E, 0x00, 0x3C,
  0x00, 0x0F, 0x80, 0x07, 0x00, 0x03, 0xE0, 0x01, 0xE0, 0x00, 0xF8, 0x00,
  0x78, 0x00, 0x7E, 0x00, 0x0E, 0x00, 0x1F, 0x80, 0x03, 0xC0, 0x07, 0xC0,
  0x00, 0x30, 0x01, 0xF0, 0x00, 0x00, 0x00, 0x7F, 0xFF, 0x00, 0x00, 0x0F,
  0xFF, 0xE0, 0x00, 0x01, 0xFF, 0xFC, 0x0F, 0xE0, 0x00, 0x00, 0x01, 0xFF,
  0xC0, 0x00, 0x60, 0x1F, 0xFF, 0x00, 0x07, 0x81, 0xF0, 0x7C, 0x00, 0x38,
  0x0F, 0x01, 0xE0, 0x03, 0xC0, 0x78, 0x0F, 0x00, 0x1C, 0x00, 0x00, 0x78,
  0x01, 0xE0, 0x00, 0x03, 0xC0, 0x1E, 0x00, 0x00, 0x3C, 0x00, 0xE0, 0x00,
  0x3F, 0xC0, 0x0F, 0x00, 0x01, 0xFC, 0x00, 0x70, 0x00, 0x0F, 0xF0, 0x07,
  0x80, 0x00, 0x03, 0xC0, 0x78, 0x00, 0x00, 0x0F, 0x03, 0x80, 0x00, 0x00,
  0x78, 0x3C, 0x0F, 0x1E, 0x03, 0xC1, 0xC0, 0xF8, 0xF0, 0x1E, 0x1E, 0x0F,
  0xC7, 0xC1, 0xF1, 0xE0, 0x7E, 0x1F, 0xFF, 0x0E, 0x07, 0xF0, 0x7F, 0xF0,
  0xF0, 0x7F, 0x80, 0xFE, 0x07, 0x07, 0xBC, 0x00, 0x00, 0x78, 0x39, 0xE0,
  0x00, 0x07, 0x83, 0x8F, 0x00, 0x00, 0x38, 0x3C, 0x78, 0x00, 0x03, 0xC3,
  0xC3, 0xC0, 0x00, 0x1C, 0x3C, 0x1E, 0x00, 0x01, 0xE1, 0xFF, 0xFE, 0x00,
  0x1E, 0x1F, 0xFF, 0xF0, 0x00, 0xE0, 0xFF, 0xFF, 0x80, 0x0F, 0x07, 0xFF,
  0xFC, 0x00, 0x30, 0x00, 0x0F, 0x00, 0x00, 0x00, 0x00, 0x78, 0x00, 0x00,
  0x00, 0x03, 0xC0, 0x00, 0x00, 0x00, 0x1E, 0x00, 0x00, 0x00, 0x00, 0xF0,
  0xFF, 0xFF, 0xFF, 0xFF, 0xFF, 0xFF, 0xFF, 0xFF, 0xFF, 0xFF, 0xFF, 0xFF,
  0xF8, 0x00, 0x1F, 0xF8, 0x00, 0x1F, 0xF8, 0x00, 0x1F, 0xF8, 0x00, 0x1F,
  0xF8, 0x00, 0x1F, 0xF8, 0x00, 0x1F, 0xF8, 0x00, 0x1F, 0xF8, 0x00, 0x1F,
  0xF8, 0x00, 0x1F, 0xF8, 0x00, 0x1F, 0xF8, 0x00, 0x1F, 0xF8, 0x00, 0x1F,
  0xF8, 0x00, 0x1F, 0xF8, 0x00, 0x1F, 0xF8, 0x00, 0x1F, 0xF8, 0x00, 0x1F,
  0xF8, 0x00, 0x1F, 0xF8, 0x00, 0x1F, 0xF8, 0x00, 0x1F, 0xF8, 0x00, 0x1F,
  0xF8, 0x00, 0x1F, 0xF8, 0x00, 0x1F, 0xF8, 0x00, 0x1F, 0xF8, 0x00, 0x1F,
  0xF8, 0x00, 0x1F, 0xF8, 0x00, 0x1F, 0xF8, 0x00, 0x1F, 0xF8, 0x00, 0x1F,
  0xF8, 0x00, 0x1F, 0xF8, 0x00, 0x1F, 0xF8, 0x00, 0x1F, 0xF8, 0x00, 0x1F,
  0xF8, 0x00, 0x1F, 0xF8, 0x00, 0x1F, 0xF8, 0x00, 0x1F, 0xF8, 0x00, 0x1F,
  0xFF, 0xFF, 0xFF, 0xFF, 0xFF, 0xFF, 0xFF, 0xFF, 0xFF, 0xFF, 0xFF, 0xFF,
  0xFF, 0xFF, 0xFF, 0xFF, 0xFF, 0xFF, 0xFF, 0xFF, 0xFF, 0xFF, 0xFF, 0xFF,
  0xF8, 0x00, 0x1F, 0xF8, 0x00, 0x1F, 0xF8, 0x00, 0x1F, 0xF8, 0x00, 0x1F,
  0xF8, 0x00, 0x1F, 0xF8, 0x00, 0x1F, 0xF8, 0x00, 0x1F, 0xF8, 0x00, 0x1F,
  0xF8, 0x00, 0x1F, 0xF8, 0x00, 0x1F, 0xF8, 0x00, 0x1F, 0xF8, 0x00, 0x1F,
  0xF8, 0x00, 0x1F, 0xF8, 0x00, 0x1F, 0xF8, 0x00, 0x1F, 0xF8, 0x00, 0x1F,
  0xF8, 0x00, 0x1F, 0xF8, 0x00, 0x1F, 0xF8, 0x00, 0x1F, 0xF8, 0x00, 0x1F,
  0xF8, 0x00, 0x1F, 0xF8, 0x00, 0x1F, 0xF8, 0x00, 0x1F, 0xF8, 0x00, 0x1F,
  0xF8, 0x00, 0x1F, 0xF8, 0x00, 0x1F, 0xF8, 0x00, 0x1F, 0xF8, 0x00, 0x1F,
  0xF8, 0x00, 0x1F, 0xF8, 0x00, 0x1F, 0xF8, 0x00, 0x1F, 0xF8, 0x00, 0x1F,
  0xF8, 0x00, 0x1F, 0xF8, 0x00, 0x1F, 0xF8, 0x00, 0x1F, 0xF8, 0x00, 0x1F,
  0xFF, 0xFF, 0xFF, 0xFF, 0xFF, 0xFF, 0xFF, 0xFF, 0xFF, 0xFF, 0xFF, 0xFF,
  0xFF, 0xFF, 0xFF, 0xFF, 0xFF, 0xFF, 0xFF, 0xFF, 0xFF, 0xFF, 0xFF, 0xFF,
  0xF8, 0x00, 0x1F, 0xF8, 0x00, 0x1F, 0xF8, 0x00, 0x1F, 0xF8, 0x00, 0x1F,
  0xF8, 0x00, 0x1F, 0xF8, 0x00, 0x1F, 0xF8, 0x00, 0x1F, 0xF8, 0x00, 0x1F,
  0xF8, 0x00, 0x1F, 0xF8, 0x00, 0x1F, 0xF8, 0x00, 0x1F, 0xF8, 0x00, 0x1F,
  0xF8, 0x00, 0x1F, 0xF8, 0x00, 0x1F, 0xF8, 0x00, 0x1F, 0xF8, 0x00, 0x1F,
  0xF8, 0x00, 0x1F, 0xF8, 0x00, 0x1F, 0xF8, 0x00, 0x1F, 0xF8, 0x00, 0x1F,
  0xF8, 0x00, 0x1F, 0xF8, 0x00, 0x1F, 0xF8, 0x00, 0x1F, 0xF8, 0x00, 0x1F,
  0xF8, 0x00, 0x1F, 0xF8, 0x00, 0x1F, 0xF8, 0x00, 0x1F, 0xF8, 0x00, 0x1F,
  0xF8, 0x00, 0x1F, 0xF8, 0x00, 0x1F, 0xF8, 0x00, 0x1F, 0xF8, 0x00, 0x1F,
  0xF8, 0x00, 0x1F, 0xF8, 0x00, 0x1F, 0xF8, 0x00, 0x1F, 0xF8, 0x00, 0x1F,
  0xFF, 0xFF, 0xFF, 0xFF, 0xFF, 0xFF, 0xFF, 0xFF, 0xFF, 0xFF, 0xFF, 0xFF,
  0xFF, 0xFF, 0xFF, 0xFF, 0xFF, 0xFF, 0xFF, 0xFF, 0xFF, 0xFF, 0xFF, 0xFF,
  0xF8, 0x00, 0x1F, 0xF8, 0x00, 0x1F, 0xF8, 0x00, 0x1F, 0xF8, 0x00, 0x1F,
  0xF8, 0x00, 0x1F, 0xF8, 0x00, 0x1F, 0xF8, 0x00, 0x1F, 0xF8, 0x00, 0x1F,
  0xF8, 0x00, 0x1F, 0xF8, 0x00, 0x1F, 0xF8, 0x00, 0x1F, 0xF8, 0x00, 0x1F,
  0xF8, 0x00, 0x1F, 0xF8, 0x00, 0x1F, 0xF8, 0x00, 0x1F, 0xF8, 0x00, 0x1F,
  0xF8, 0x00, 0x1F, 0xF8, 0x00, 0x1F, 0xF8, 0x00, 0x1F, 0xF8, 0x00, 0x1F,
  0xF8, 0x00, 0x1F, 0xF8, 0x00, 0x1F, 0xF8, 0x00, 0x1F, 0xF8, 0x00, 0x1F,
  0xF8, 0x00, 0x1F, 0xF8, 0x00, 0x1F, 0xF8, 0x00, 0x1F, 0xF8, 0x00, 0x1F,
  0xF8, 0x00, 0x1F, 0xF8, 0x00, 0x1F, 0xF8, 0x00, 0x1F, 0xF8, 0x00, 0x1F,
  0xF8, 0x00, 0x1F, 0xF8, 0x00, 0x1F, 0xF8, 0x00, 0x1F, 0xF8, 0x00, 0x1F,
  0xFF, 0xFF, 0xFF, 0xFF, 0xFF, 0xFF, 0xFF, 0xFF, 0xFF, 0xFF, 0xFF, 0xFF,
  0xFF, 0xFF, 0xFF, 0xFF, 0xFF, 0xFF, 0xFF, 0xFF, 0xFF, 0xFF, 0xFF, 0xFF,
  0xF8, 0x00, 0x1F, 0xF8, 0x00, 0x1F, 0xF8, 0x00, 0x1F, 0xF8, 0x00, 0x1F,
  0xF8, 0x00, 0x1F, 0xF8, 0x00, 0x1F, 0xF8, 0x00, 0x1F, 0xF8, 0x00, 0x1F,
  0xF8, 0x00, 0x1F, 0xF8, 0x00, 0x1F, 0xF8, 0x00, 0x1F, 0xF8, 0x00, 0x1F,
  0xF8, 0x00, 0x1F, 0xF8, 0x00, 0x1F, 0xF8, 0x00, 0x1F, 0xF8, 0x00, 0x1F,
  0xF8, 0x00, 0x1F, 0xF8, 0x00, 0x1F, 0xF8, 0x00, 0x1F, 0xF8, 0x00, 0x1F,
  0xF8, 0x00, 0x1F, 0xF8, 0x00, 0x1F, 0xF8, 0x00, 0x1F, 0xF8, 0x00, 0x1F,
  0xF8, 0x00, 0x1F, 0xF8, 0x00, 0x1F, 0xF8, 0x00, 0x1F, 0xF8, 0x00, 0x1F,
  0xF8, 0x00, 0x1F, 0xF8, 0x00, 0x1F, 0xF8, 0x00, 0x1F, 0xF8, 0x00, 0x1F,
  0xF8, 0x00, 0x1F, 0xF8, 0x00, 0x1F, 0xF8, 0x00, 0x1F, 0xF8, 0x00, 0x1F,
  0xFF, 0xFF, 0xFF, 0xFF, 0xFF, 0xFF, 0xFF, 0xFF, 0xFF, 0xFF, 0xFF, 0xFF,
  0xFF, 0xFF, 0xFF, 0xFF, 0xFF, 0xFF, 0xFF, 0xFF, 0xFF, 0xFF, 0xFF, 0xFF,
  0xF8, 0x00, 0x1F, 0xF8, 0x00, 0x1F, 0xF8, 0x00, 0x1F, 0xF8, 0x00, 0x1F,
  0xF8, 0x00, 0x1F, 0xF8, 0x00, 0x1F, 0xF8, 0x00, 0x1F, 0xF8, 0x00, 0x1F,
  0xF8, 0x00, 0x1F, 0xF8, 0x00, 0x1F, 0xF8, 0x00, 0x1F, 0xF8, 0x00, 0x1F,
  0xF8, 0x00, 0x1F, 0xF8, 0x00, 0x1F, 0xF8, 0x00, 0x1F, 0xF8, 0x00, 0x1F,
  0xF8, 0x00, 0x1F, 0xF8, 0x00, 0x1F, 0xF8, 0x00, 0x1F, 0xF8, 0x00, 0x1F,
  0xF8, 0x00, 0x1F, 0xF8, 0x00, 0x1F, 0xF8, 0x00, 0x1F, 0xF8, 0x00, 0x1F,
  0xF8, 0x00, 0x1F, 0xF8, 0x00, 0x1F, 0xF8, 0x00, 0x1F, 0xF8, 0x00, 0x1F,
  0xF8, 0x00, 0x1F, 0xF8, 0x00, 0x1F, 0xF8, 0x00, 0x1F, 0xF8, 0x00, 0x1F,
  0xF8, 0x00, 0x1F, 0xF8, 0x00, 0x1F, 0xF8, 0x00, 0x1F, 0xF8, 0x00, 0x1F,
  0xFF, 0xFF, 0xFF, 0xFF, 0xFF, 0xFF, 0xFF, 0xFF, 0xFF, 0xFF, 0xFF, 0xFF,
  0xFF, 0xFF, 0xFF, 0xFF, 0xFF, 0xFF, 0xFF, 0xFF, 0xFF, 0xFF, 0xFF, 0xFF,
  0xF8, 0x00, 0x1F, 0xF8, 0x00, 0x1F, 0xF8, 0x00, 0x1F, 0xF8, 0x00, 0x1F,
  0xF8, 0x00, 0x1F, 0xF8, 0x00, 0x1F, 0xF8, 0x00, 0x1F, 0xF8, 0x00, 0x1F,
  0xF8, 0x00, 0x1F, 0xF8, 0x00, 0x1F, 0xF8, 0x00, 0x1F, 0xF8, 0x00, 0x1F,
  0xF8, 0x00, 0x1F, 0xF8, 0x00, 0x1F, 0xF8, 0x00, 0x1F, 0xF8, 0x00, 0x1F,
  0xF8, 0x00, 0x1F, 0xF8, 0x00, 0x1F, 0xF8, 0x00, 0x1F, 0xF8, 0x00, 0x1F,
  0xF8, 0x00, 0x1F, 0xF8, 0x00, 0x1F, 0xF8, 0x00, 0x1F, 0xF8, 0x00, 0x1F,
  0xF8, 0x00, 0x1F, 0xF8, 0x00, 0x1F, 0xF8, 0x00, 0x1F, 0xF8, 0x00, 0x1F,
  0xF8, 0x00, 0x1F, 0xF8, 0x00, 0x1F, 0xF8, 0x00, 0x1F, 0xF8, 0x00, 0x1F,
  0xF8, 0x00, 0x1F, 0xF8, 0x00, 0x1F, 0xF8, 0x00, 0x1F, 0xF8, 0x00, 0x1F,
  0xFF, 0xFF, 0xFF, 0xFF, 0xFF, 0xFF, 0xFF, 0xFF, 0xFF, 0xFF, 0xFF, 0xFF,
  0xFF, 0xFF, 0xFF, 0xFF, 0xFF, 0xFF, 0xFF, 0xFF, 0xFF, 0xFF, 0xFF, 0xFF,
  0xF8, 0x00, 0x1F, 0xF8, 0x00, 0x1F, 0xF8, 0x00, 0x1F, 0xF8, 0x00, 0x1F,
  0xF8, 0x00, 0x1F, 0xF8, 0x00, 0x1F, 0xF8, 0x00, 0x1F, 0xF8, 0x00, 0x1F,
  0xF8, 0x00, 0x1F, 0xF8, 0x00, 0x1F, 0xF8, 0x00, 0x1F, 0xF8, 0x00, 0x1F,
  0xF8, 0x00, 0x1F, 0xF8, 0x00, 0x1F, 0xF8, 0x00, 0x1F, 0xF8, 0x00, 0x1F,
  0xF8, 0x00, 0x1F, 0xF8, 0x00, 0x1F, 0xF8, 0x00, 0x1F, 0xF8, 0x00, 0x1F,
  0xF8, 0x00, 0x1F, 0xF8, 0x00, 0x1F, 0xF8, 0x00, 0x1F, 0xF8, 0x00, 0x1F,
  0xF8, 0x00, 0x1F, 0xF8, 0x00, 0x1F, 0xF8, 0x00, 0x1F, 0xF8, 0x00, 0x1F,
  0xF8, 0x00, 0x1F, 0xF8, 0x00, 0x1F, 0xF8, 0x00, 0x1F, 0xF8, 0x00, 0x1F,
  0xF8, 0x00, 0x1F, 0xF8, 0x00, 0x1F, 0xF8, 0x00, 0x1F, 0xF8, 0x00, 0x1F,
  0xFF, 0xFF, 0xFF, 0xFF, 0xFF, 0xFF, 0xFF, 0xFF, 0xFF, 0xFF, 0xFF, 0xFF,
  0xFF, 0xFF, 0xFF, 0xFF, 0xFF, 0xFF, 0xFF, 0xFF, 0xFF, 0xFF, 0xFF, 0xFF,
  0xF8, 0x00, 0x1F, 0xF8, 0x00, 0x1F, 0xF8, 0x00, 0x1F, 0xF8, 0x00, 0x1F,
  0xF8, 0x00, 0x1F, 0xF8, 0x00, 0x1F, 0xF8, 0x00, 0x1F, 0xF8, 0x00, 0x1F,
  0xF8, 0x00, 0x1F, 0xF8, 0x00, 0x1F, 0xF8, 0x00, 0x1F, 0xF8, 0x00, 0x1F,
  0xF8, 0x00, 0x1F, 0xF8, 0x00, 0x1F, 0xF8, 0x00, 0x1F, 0xF8, 0x00, 0x1F,
  0xF8, 0x00, 0x1F, 0xF8, 0x00, 0x1F, 0xF8, 0x00, 0x1F, 0xF8, 0x00, 0x1F,
  0xF8, 0x00, 0x1F, 0xF8, 0x00, 0x1F, 0xF8, 0x00, 0x1F, 0xF8, 0x00, 0x1F,
  0xF8, 0x00, 0x1F, 0xF8, 0x00, 0x1F, 0xF8, 0x00, 0x1F, 0xF8, 0x00, 0x1F,
  0xF8, 0x00, 0x1F, 0xF8, 0x00, 0x1F, 0xF8, 0x00, 0x1F, 0xF8, 0x00, 0x1F,
  0xF8, 0x00, 0x1F, 0xF8, 0x00, 0x1F, 0xF8, 0x00, 0x1F, 0xF8, 0x00, 0x1F,
  0xFF, 0xFF, 0xFF, 0xFF, 0xFF, 0xFF, 0xFF, 0xFF, 0xFF, 0xFF, 0xFF, 0xFF,
  0xFF, 0xFF, 0xFF, 0xFF, 0xFF, 0xFF, 0xFF, 0xFF, 0xFF, 0xFF, 0xFF, 0xFF,
  0xF8, 0x00, 0x1F, 0xF8, 0x00, 0x1F, 0xF8, 0x00, 0x1F, 0xF8, 0x00, 0x1F,
  0xF8, 0x00, 0x1F, 0xF8, 0x00, 0x1F, 0xF8, 0x00, 0x1F, 0xF8, 0x00, 0x1F,
  0xF8, 0x00, 0x1F, 0xF8, 0x00, 0x1F, 0xF8, 0x00, 0x1F, 0xF8, 0x00, 0x1F,
  0xF8, 0x00, 0x1F, 0xF8, 0x00, 0x1F, 0xF8, 0x00, 0x1F, 0xF8, 0x00, 0x1F,
  0xF8, 0x00, 0x1F, 0xF8, 0x00, 0x1F, 0xF8, 0x00, 0x1F, 0xF8, 0x00, 0x1F,
  0xF8, 0x00, 0x1F, 0xF8, 0x00, 0x1F, 0xF8, 0x00, 0x1F, 0xF8, 0x00, 0x1F,
  0xF8, 0x00, 0x1F, 0xF8, 0x00, 0x1F, 0xF8, 0x00, 0x1F, 0xF8, 0x00, 0x1F,
  0xF8, 0x00, 0x1F, 0xF8, 0x00, 0x1F, 0xF8, 0x00, 0x1F, 0xF8, 0x00, 0x1F,
  0xF8, 0x00, 0x1F, 0xF8, 0x00, 0x1F, 0xF8, 0x00, 0x1F, 0xF8, 0x00, 0x1F,
  0xFF, 0xFF, 0xFF, 0xFF, 0xFF, 0xFF, 0xFF, 0xFF, 0xFF, 0xFF, 0xFF, 0xFF,
  0xFF, 0xFF, 0xFF, 0xFF, 0xFF, 0xFF, 0xFF, 0xFF, 0xFF, 0xFF, 0xFF, 0xFF,
  0xF8, 0x00, 0x1F, 0xF8, 0x00, 0x1F, 0xF8, 0x00, 0x1F, 0xF8, 0x00, 0x1F,
  0xF8, 0x00, 0x1F, 0xF8, 0x00, 0x1F, 0xF8, 0x00, 0x1F, 0xF8, 0x00, 0x1F,
  0xF8, 0x00, 0x1F, 0xF8, 0x00, 0x1F, 0xF8, 0x00, 0x1F, 0xF8, 0x00, 0x1F,
  0xF8, 0x00, 0x1F, 0xF8, 0x00, 0x1F, 0xF8, 0x00, 0x1F, 0xF8, 0x00, 0x1F,
  0xF8, 0x00, 0x1F, 0xF8, 0x00, 0x1F, 0xF8, 0x00, 0x1F, 0xF8, 0x00, 0x1F,
  0xF8, 0x00, 0x1F, 0xF8, 0x00, 0x1F, 0xF8, 0x00, 0x1F, 0xF8, 0x00, 0x1F,
  0xF8, 0x00, 0x1F, 0xF8, 0x00, 0x1F, 0xF8, 0x00, 0x1F, 0xF8, 0x00, 0x1F,
  0xF8, 0x00, 0x1F, 0xF8, 0x00, 0x1F, 0xF8, 0x00, 0x1F, 0xF8, 0x00, 0x1F,
  0xF8, 0x00, 0x1F, 0xF8, 0x00, 0x1F, 0xF8, 0x00, 0x1F, 0xF8, 0x00, 0x1F,
  0xFF, 0xFF, 0xFF, 0xFF, 0xFF, 0xFF, 0xFF, 0xFF, 0xFF, 0xFF, 0xFF, 0xFF,
  0xFF, 0xFF, 0xFF, 0xFF, 0xFF, 0xFF, 0xFF, 0xFF, 0xFF, 0xFF, 0xFF, 0xFF,
  0xF8, 0x00, 0x1F, 0xF8, 0x00, 0x1F, 0xF8, 0x00, 0x1F, 0xF8, 0x00, 0x1F,
  0xF8, 0x00, 0x1F, 0xF8, 0x00, 0x1F, 0xF8, 0x00, 0x1F, 0xF8, 0x00, 0x1F,
  0xF8, 0x00, 0x1F, 0xF8, 0x00, 0x1F, 0xF8, 0x00, 0x1F, 0xF8, 0x00, 0x1F,
  0xF8, 0x00, 0x1F, 0xF8, 0x00, 0x1F, 0xF8, 0x00, 0x1F, 0xF8, 0x00, 0x1F,
  0xF8, 0x00, 0x1F, 0xF8, 0x00, 0x1F, 0xF8, 0x00, 0x1F, 0xF8, 0x00, 0x1F,
  0xF8, 0x00, 0x1F, 0xF8, 0x00, 0x1F, 0xF8, 0x00, 0x1F, 0xF8, 0x00, 0x1F,
  0xF8, 0x00, 0x1F, 0xF8, 0x00, 0x1F, 0xF8, 0x00, 0x1F, 0xF8, 0x00, 0x1F,
  0xF8, 0x00, 0x1F, 0xF8, 0x00, 0x1F, 0xF8, 0x00, 0x1F, 0xF8, 0x00, 0x1F,
  0xF8, 0x00, 0x1F, 0xF8, 0x00, 0x1F, 0xF8, 0x00, 0x1F, 0xF8, 0x00, 0x1F,
  0xFF, 0xFF, 0xFF, 0xFF, 0xFF, 0xFF, 0xFF, 0xFF, 0xFF, 0xFF, 0xFF, 0xFF,
  0xFF, 0xFF, 0xFF, 0xFF, 0xFF, 0xFF, 0xFF, 0xFF, 0xFF, 0xFF, 0xFF, 0xFF,
  0xF8, 0x00, 0x1F, 0xF8, 0x00, 0x1F, 0xF8, 0x00, 0x1F, 0xF8, 0x00, 0x1F,
  0xF8, 0x00, 0x1F, 0xF8, 0x00, 0x1F, 0xF8, 0x00, 0x1F, 0xF8, 0x00, 0x1F,
  0xF8, 0x00, 0x1F, 0xF8, 0x00, 0x1F, 0xF8, 0x00, 0x1F, 0xF8, 0x00, 0x1F,
  0xF8, 0x00, 0x1F, 0xF8, 0x00, 0x1F, 0xF8, 0x00, 0x1F, 0xF8, 0x00, 0x1F,
  0xF8, 0x00, 0x1F, 0xF8, 0x00, 0x1F, 0xF8, 0x00, 0x1F, 0xF8, 0x00, 0x1F,
  0xF8, 0x00, 0x1F, 0xF8, 0x00, 0x1F, 0xF8, 0x00, 0x1F, 0xF8, 0x00, 0x1F,
  0xF8, 0x00, 0x1F, 0xF8, 0x00, 0x1F, 0xF8, 0x00, 0x1F, 0xF8, 0x00, 0x1F,
  0xF8, 0x00, 0x1F, 0xF8, 0x00, 0x1F, 0xF8, 0x00, 0x1F, 0xF8, 0x00, 0x1F,
  0xF8, 0x00, 0x1F, 0xF8, 0x00, 0x1F, 0xF8, 0x00, 0x1F, 0xF8, 0x00, 0x1F,
  0xFF, 0xFF, 0xFF, 0xFF, 0xFF, 0xFF, 0xFF, 0xFF, 0xFF, 0xFF, 0xFF, 0xFF,
  0xFF, 0xFF, 0xFF, 0xFF, 0xFF, 0xFF, 0xFF, 0xFF, 0xFF, 0xFF, 0xFF, 0xFF,
  0xF8, 0x00, 0x1F, 0xF8, 0x00, 0x1F, 0xF8, 0x00, 0x1F, 0xF8, 0x00, 0x1F,
  0xF8, 0x00, 0x1F, 0xF8, 0x00, 0x1F, 0xF8, 0x00, 0x1F, 0xF8, 0x00, 0x1F,
  0xF8, 0x00, 0x1F, 0xF8, 0x00, 0x1F, 0xF8, 0x00, 0x1F, 0xF8, 0x00, 0x1F,
  0xF8, 0x00, 0x1F, 0xF8, 0x00, 0x1F, 0xF8, 0x00, 0x1F, 0xF8, 0x00, 0x1F,
  0xF8, 0x00, 0x1F, 0xF8, 0x00, 0x1F, 0xF8, 0x00, 0x1F, 0xF8, 0x00, 0x1F,
  0xF8, 0x00, 0x1F, 0xF8, 0x00, 0x1F, 0xF8, 0x00, 0x1F, 0xF8, 0x00, 0x1F,
  0xF8, 0x00, 0x1F, 0xF8, 0x00, 0x1F, 0xF8, 0x00, 0x1F, 0xF8, 0x00, 0x1F,
  0xF8, 0x00, 0x1F, 0xF8, 0x00, 0x1F, 0xF8, 0x00, 0x1F, 0xF8, 0x00, 0x1F,
  0xF8, 0x00, 0x1F, 0xF8, 0x00, 0x1F, 0xF8, 0x00, 0x1F, 0xF8, 0x00, 0x1F,
  0xFF, 0xFF, 0xFF, 0xFF, 0xFF, 0xFF, 0xFF, 0xFF, 0xFF, 0xFF, 0xFF, 0xFF,
  0xFF, 0xFF, 0xFF, 0xFF, 0xFF, 0xFF, 0xFF, 0xFF, 0xFF, 0xFF, 0xFF, 0xFF,
  0xF8, 0x00, 0x1F, 0xF8, 0x00, 0x1F, 0xF8, 0x00, 0x1F, 0xF8, 0x00, 0x1F,
  0xF8, 0x00, 0x1F, 0xF8, 0x00, 0x1F, 0xF8, 0x00, 0x1F, 0xF8, 0x00, 0x1F,
  0xF8, 0x00, 0x1F, 0xF8, 0x00, 0x1F, 0xF8, 0x00, 0x1F, 0xF8, 0x00, 0x1F,
  0xF8, 0x00, 0x1F, 0xF8, 0x00, 0x1F, 0xF8, 0x00, 0x1F, 0xF8, 0x00, 0x1F,
  0xF8, 0x00, 0x1F, 0xF8, 0x00, 0x1F, 0xF8, 0x00, 0x1F, 0xF8, 0x00, 0x1F,
  0xF8, 0x00, 0x1F, 0xF8, 0x00, 0x1F, 0xF8, 0x00, 0x1F, 0xF8, 0x00, 0x1F,
  0xF8, 0x00, 0x1F, 0xF8, 0x00, 0x1F, 0xF8, 0x00, 0x1F, 0xF8, 0x00, 0x1F,
  0xF8, 0x00, 0x1F, 0xF8, 0x00, 0x1F, 0xF8, 0x00, 0x1F, 0xF8, 0x00, 0x1F,
  0xF8, 0x00, 0x1F, 0xF8, 0x00, 0x1F, 0xF8, 0x00, 0x1F, 0xF8, 0x00, 0x1F,
  0xFF, 0xFF, 0xFF, 0xFF, 0xFF, 0xFF, 0xFF, 0xFF, 0xFF, 0xFF, 0xFF, 0xFF,
  0xFF, 0xFF, 0xFF, 0xFF, 0xFF, 0xFF, 0xFF, 0xFF, 0xFF, 0xFF, 0xFF, 0xFF,
  0xF8, 0x00, 0x1F, 0xF8, 0x00, 0x1F, 0xF8, 0x00, 0x1F, 0xF8, 0x00, 0x1F,
  0xF8, 0x00, 0x1F, 0xF8, 0x00, 0x1F, 0xF8, 0x00, 0x1F, 0xF8, 0x00, 0x1F,
  0xF8, 0x00, 0x1F, 0xF8, 0x00, 0x1F, 0xF8, 0x00, 0x1F, 0xF8, 0x00, 0x1F,
  0xF8, 0x00, 0x1F, 0xF8, 0x00, 0x1F, 0xF8, 0x00, 0x1F, 0xF8, 0x00, 0x1F,
  0xF8, 0x00, 0x1F, 0xF8, 0x00, 0x1F, 0xF8, 0x00, 0x1F, 0xF8, 0x00, 0x1F,
  0xF8, 0x00, 0x1F, 0xF8, 0x00, 0x1F, 0xF8, 0x00, 0x1F, 0xF8, 0x00, 0x1F,
  0xF8, 0x00, 0x1F, 0xF8, 0x00, 0x1F, 0xF8, 0x00, 0x1F, 0xF8, 0x00, 0x1F,
  0xF8, 0x00, 0x1F, 0xF8, 0x00, 0x1F, 0xF8, 0x00, 0x1F, 0xF8, 0x00, 0x1F,
  0xF8, 0x00, 0x1F, 0xF8, 0x00, 0x1F, 0xF8, 0x00, 0x1F, 0xF8, 0x00, 0x1F,
  0xFF, 0xFF, 0xFF, 0xFF, 0xFF, 0xFF, 0xFF, 0xFF, 0xFF, 0xFF, 0xFF, 0xFF,
  0xFF, 0xFF, 0xFF, 0xFF, 0xFF, 0xFF, 0xFF, 0xFF, 0xFF, 0xFF, 0xFF, 0xFF,
  0xF8, 0x00, 0x1F, 0xF8, 0x00, 0x1F, 0xF8, 0x00, 0x1F, 0xF8, 0x00, 0x1F,
  0xF8, 0x00, 0x1F, 0xF8, 0x00, 0x1F, 0xF8, 0x00, 0x1F, 0xF8, 0x00, 0x1F,
  0xF8, 0x00, 0x1F, 0xF8, 0x00, 0x1F, 0xF8, 0x00, 0x1F, 0xF8, 0x00, 0x1F,
  0xF8, 0x00, 0x1F, 0xF8, 0x00, 0x1F, 0xF8, 0x00, 0x1F, 0xF8, 0x00, 0x1F,
  0xF8, 0x00, 0x1F, 0xF8, 0x00, 0x1F, 0xF8, 0x00, 0x1F, 0xF8, 0x00, 0x1F,
  0xF8, 0x00, 0x1F, 0xF8, 0x00, 0x1F, 0xF8, 0x00, 0x1F, 0xF8, 0x00, 0x1F,
  0xF8, 0x00, 0x1F, 0xF8, 0x00, 0x1F, 0xF8, 0x00, 0x1F, 0xF8, 0x00, 0x1F,
  0xF8, 0x00, 0x1F, 0xF8, 0x00, 0x1F, 0xF8, 0x00, 0x1F, 0xF8, 0x00, 0x1F,
  0xF8, 0x00, 0x1F, 0xF8, 0x00, 0x1F, 0xF8, 0x00, 0x1F, 0xF8, 0x00, 0x1F,
  0xFF, 0xFF, 0xFF, 0xFF, 0xFF, 0xFF, 0xFF, 0xFF, 0xFF, 0xFF, 0xFF, 0xFF,
  0xFF, 0xFF, 0xFF, 0xFF, 0xFF, 0xFF, 0xFF, 0xFF, 0xFF, 0xFF, 0xFF, 0xFF,
  0xF8, 0x00, 0x1F, 0xF8, 0x00, 0x1F, 0xF8, 0x00, 0x1F, 0xF8, 0x00, 0x1F,
  0xF8, 0x00, 0x1F, 0xF8, 0x00, 0x1F, 0xF8, 0x00, 0x1F, 0xF8, 0x00, 0x1F,
  0xF8, 0x00, 0x1F, 0xF8, 0x00, 0x1F, 0xF8, 0x00, 0x1F, 0xF8, 0x00, 0x1F,
  0xF8, 0x00, 0x1F, 0xF8, 0x00, 0x1F, 0xF8, 0x00, 0x1F, 0xF8, 0x00, 0x1F,
  0xF8, 0x00, 0x1F, 0xF8, 0x00, 0x1F, 0xF8, 0x00, 0x1F, 0xF8, 0x00, 0x1F,
  0xF8, 0x00, 0x1F, 0xF8, 0x00, 0x1F, 0xF8, 0x00, 0x1F, 0xF8, 0x00, 0x1F,
  0xF8, 0x00, 0x1F, 0xF8, 0x00, 0x1F, 0xF8, 0x00, 0x1F, 0xF8, 0x00, 0x1F,
  0xF8, 0x00, 0x1F, 0xF8, 0x00, 0x1F, 0xF8, 0x00, 0x1F, 0xF8, 0x00, 0x1F,
  0xF8, 0x00, 0x1F, 0xF8, 0x00, 0x1F, 0xF8, 0x00, 0x1F, 0xF8, 0x00, 0x1F,
  0xFF, 0xFF, 0xFF, 0xFF, 0xFF, 0xFF, 0xFF, 0xFF, 0xFF, 0xFF, 0xFF, 0xFF,
  0xFF, 0xFF, 0xFF, 0xFF, 0xFF, 0xFF, 0xFF, 0xFF, 0xFF, 0xFF, 0xFF, 0xFF,
  0xF8, 0x00, 0x1F, 0xF8, 0x00, 0x1F, 0xF8, 0x00, 0x1F, 0xF8, 0x00, 0x1F,
  0xF8, 0x00, 0x1F, 0xF8, 0x00, 0x1F, 0xF8, 0x00, 0x1F, 0xF8, 0x00, 0x1F,
  0xF8, 0x00, 0x1F, 0xF8, 0x00, 0x1F, 0xF8, 0x00, 0x1F, 0xF8, 0x00, 0x1F,
  0xF8, 0x00, 0x1F, 0xF8, 0x00, 0x1F, 0xF8, 0x00, 0x1F, 0xF8, 0x00, 0x1F,
  0xF8, 0x00, 0x1F, 0xF8, 0x00, 0x1F, 0xF8, 0x00, 0x1F, 0xF8, 0x00, 0x1F,
  0xF8, 0x00, 0x1F, 0xF8, 0x00, 0x1F, 0xF8, 0x00, 0x1F, 0xF8, 0x00, 0x1F,
  0xF8, 0x00, 0x1F, 0xF8, 0x00, 0x1F, 0xF8, 0x00, 0x1F, 0xF8, 0x00, 0x1F,
  0xF8, 0x00, 0x1F, 0xF8, 0x00, 0x1F, 0xF8, 0x00, 0x1F, 0xF8, 0x00, 0x1F,
  0xF8, 0x00, 0x1F, 0xF8, 0x00, 0x1F, 0xF8, 0x00, 0x1F, 0xF8, 0x00, 0x1F,
  0xFF, 0xFF, 0xFF, 0xFF, 0xFF, 0xFF, 0xFF, 0xFF, 0xFF, 0xFF, 0xFF, 0xFF,
  0xFF, 0xFF, 0xFF, 0xFF, 0xFF, 0xFF, 0xFF, 0xFF, 0xFF, 0xFF, 0xFF, 0xFF,
  0xF8, 0x00, 0x1F, 0xF8, 0x00, 0x1F, 0xF8, 0x00, 0x1F, 0xF8, 0x00, 0x1F,
  0xF8, 0x00, 0x1F, 0xF8, 0x00, 0x1F, 0xF8, 0x00, 0x1F, 0xF8, 0x00, 0x1F,
  0xF8, 0x00, 0x1F, 0xF8, 0x00, 0x1F, 0xF8, 0x00, 0x1F, 0xF8, 0x00, 0x1F,
  0xF8, 0x00, 0x1F, 0xF8, 0x00, 0x1F, 0xF8, 0x00, 0x1F, 0xF8, 0x00, 0x1F,
  0xF8, 0x00, 0x1F, 0xF8, 0x00, 0x1F, 0xF8, 0x00, 0x1F, 0xF8, 0x00, 0x1F,
  0xF8, 0x00, 0x1F, 0xF8, 0x00, 0x1F, 0xF8, 0x00, 0x1F, 0xF8, 0x00, 0x1F,
  0xF8, 0x00, 0x1F, 0xF8, 0x00, 0x1F, 0xF8, 0x00, 0x1F, 0xF8, 0x00, 0x1F,
  0xF8, 0x00, 0x1F, 0xF8, 0x00, 0x1F, 0xF8, 0x00, 0x1F, 0xF8, 0x00, 0x1F,
  0xF8, 0x00, 0x1F, 0xF8, 0x00, 0x1F, 0xF8, 0x00, 0x1F, 0xF8, 0x00, 0x1F,
  0xFF, 0xFF, 0xFF, 0xFF, 0xFF, 0xFF, 0xFF, 0xFF, 0xFF, 0xFF, 0xFF, 0xFF,
  0xFF, 0xFF, 0xFF, 0xFF, 0xFF, 0xFF, 0xFF, 0xFF, 0xFF, 0xFF, 0xFF, 0xFF,
  0xF8, 0x00, 0x1F, 0xF8, 0x00, 0x1F, 0xF8, 0x00, 0x1F, 0xF8, 0x00, 0x1F,
  0xF8, 0x00, 0x1F, 0xF8, 0x00, 0x1F, 0xF8, 0x00, 0x1F, 0xF8, 0x00, 0x1F,
  0xF8, 0x00, 0x1F, 0xF8, 0x00, 0x1F, 0xF8, 0x00, 0x1F, 0xF8, 0x00, 0x1F,
  0xF8, 0x00, 0x1F, 0xF8, 0x00, 0x1F, 0xF8, 0x00, 0x1F, 0xF8, 0x00, 0x1F,
  0xF8, 0x00, 0x1F, 0xF8, 0x00, 0x1F, 0xF8, 0x00, 0x1F, 0xF8, 0x00, 0x1F,
  0xF8, 0x00, 0x1F, 0xF8, 0x00, 0x1F, 0xF8, 0x00, 0x1F, 0xF8, 0x00, 0x1F,
  0xF8, 0x00, 0x1F, 0xF8, 0x00, 0x1F, 0xF8, 0x00, 0x1F, 0xF8, 0x00, 0x1F,
  0xF8, 0x00, 0x1F, 0xF8, 0x00, 0x1F, 0xF8, 0x00, 0x1F, 0xF8, 0x00, 0x1F,
  0xF8, 0x00, 0x1F, 0xF8, 0x00, 0x1F, 0xF8, 0x00, 0x1F, 0xF8, 0x00, 0x1F,
  0xFF, 0xFF, 0xFF, 0xFF, 0xFF, 0xFF, 0xFF, 0xFF, 0xFF, 0xFF, 0xFF, 0xFF,
  0xFF, 0xFF, 0xFF, 0xFF, 0xFF, 0xFF, 0xFF, 0xFF, 0xFF, 0xFF, 0xFF, 0xFF,
  0xF8, 0x00, 0x1F, 0xF8, 0x00, 0x1F, 0xF8, 0x00, 0x1F, 0xF8, 0x00, 0x1F,
  0xF8, 0x00, 0x1F, 0xF8, 0x00, 0x1F, 0xF8, 0x00, 0x1F, 0xF8, 0x00, 0x1F,
  0xF8, 0x00, 0x1F, 0xF8, 0x00, 0x1F, 0xF8, 0x00, 0x1F, 0xF8, 0x00, 0x1F,
  0xF8, 0x00, 0x1F, 0xF8, 0x00, 0x1F, 0xF8, 0x00, 0x1F, 0xF8, 0x00, 0x1F,
  0xF8, 0x00, 0x1F, 0xF8, 0x00, 0x1F, 0xF8, 0x00, 0x1F, 0xF8, 0x00, 0x1F,
  0xF8, 0x00, 0x1F, 0xF8, 0x00, 0x1F, 0xF8, 0x00, 0x1F, 0xF8, 0x00, 0x1F,
  0xF8, 0x00, 0x1F, 0xF8, 0x00, 0x1F, 0xF8, 0x00, 0x1F, 0xF8, 0x00, 0x1F,
  0xF8, 0x00, 0x1F, 0xF8, 0x00, 0x1F, 0xF8, 0x00, 0x1F, 0xF8, 0x00, 0x1F,
  0xF8, 0x00, 0x1F, 0xF8, 0x00, 0x1F, 0xF8, 0x00, 0x1F, 0xF8, 0x00, 0x1F,
  0xFF, 0xFF, 0xFF, 0xFF, 0xFF, 0xFF, 0xFF, 0xFF, 0xFF, 0xFF, 0xFF, 0xFF,
  0xFF, 0xFF, 0xFF, 0xFF, 0xFF, 0xFF, 0xFF, 0xFF, 0xFF, 0xFF, 0xFF, 0xFF,
  0xF8, 0x00, 0x1F, 0xF8, 0x00, 0x1F, 0xF8, 0x00, 0x1F, 0xF8, 0x00, 0x1F,
  0xF8, 0x00, 0x1F, 0xF8, 0x00, 0x1F, 0xF8, 0x00, 0x1F, 0xF8, 0x00, 0x1F,
  0xF8, 0x00, 0x1F, 0xF8, 0x00, 0x1F, 0xF8, 0x00, 0x1F, 0xF8, 0x00, 0x1F,
  0xF8, 0x00, 0x1F, 0xF8, 0x00, 0x1F, 0xF8, 0x00, 0x1F, 0xF8, 0x00, 0x1F,
  0xF8, 0x00, 0x1F, 0xF8, 0x00, 0x1F, 0xF8, 0x00, 0x1F, 0xF8, 0x00, 0x1F,
  0xF8, 0x00, 0x1F, 0xF8, 0x00, 0x1F, 0xF8, 0x00, 0x1F, 0xF8, 0x00, 0x1F,
  0xF8, 0x00, 0x1F, 0xF8, 0x00, 0x1F, 0xF8, 0x00, 0x1F, 0xF8, 0x00, 0x1F,
  0xF8, 0x00, 0x1F, 0xF8, 0x00, 0x1F, 0xF8, 0x00, 0x1F, 0xF8, 0x00, 0x1F,
  0xF8, 0x00, 0x1F, 0xF8, 0x00, 0x1F, 0xF8, 0x00, 0x1F, 0xF8, 0x00, 0x1F,
  0xFF, 0xFF, 0xFF, 0xFF, 0xFF, 0xFF, 0xFF, 0xFF, 0xFF, 0xFF, 0xFF, 0xFF,
  0xFF, 0xFF, 0xFF, 0xFF, 0xFF, 0xFF, 0xFF, 0xFF, 0xFF, 0xFF, 0xFF, 0xFF,
  0xF8, 0x00, 0x1F, 0xF8, 0x00, 0x1F, 0xF8, 0x00, 0x1F, 0xF8, 0x00, 0x1F,
  0xF8, 0x00, 0x1F, 0xF8, 0x00, 0x1F, 0xF8, 0x00, 0x1F, 0xF8, 0x00, 0x1F,
  0xF8, 0x00, 0x1F, 0xF8, 0x00, 0x1F, 0xF8, 0x00, 0x1F, 0xF8, 0x00, 0x1F,
  0xF8, 0x00, 0x1F, 0xF8, 0x00, 0x1F, 0xF8, 0x00, 0x1F, 0xF8, 0x00, 0x1F,
  0xF8, 0x00, 0x1F, 0xF8, 0x00, 0x1F, 0xF8, 0x00, 0x1F, 0xF8, 0x00, 0x1F,
  0xF8, 0x00, 0x1F, 0xF8, 0x00, 0x1F, 0xF8, 0x00, 0x1F, 0xF8, 0x00, 0x1F,
  0xF8, 0x00, 0x1F, 0xF8, 0x00, 0x1F, 0xF8, 0x00, 0x1F, 0xF8, 0x00, 0x1F,
  0xF8, 0x00, 0x1F, 0xF8, 0x00, 0x1F, 0xF8, 0x00, 0x1F, 0xF8, 0x00, 0x1F,
  0xF8, 0x00, 0x1F, 0xF8, 0x00, 0x1F, 0xF8, 0x00, 0x1F, 0xF8, 0x00, 0x1F,
  0xFF, 0xFF, 0xFF, 0xFF, 0xFF, 0xFF, 0xFF, 0xFF, 0xFF, 0xFF, 0xFF, 0xFF,
  0xFF, 0xFF, 0xFF, 0xFF, 0xFF, 0xFF, 0xFF, 0xFF, 0xFF, 0xFF, 0xFF, 0xFF,
  0xF8, 0x00, 0x1F, 0xF8, 0x00, 0x1F, 0xF8, 0x00, 0x1F, 0xF8, 0x00, 0x1F,
  0xF8, 0x00, 0x1F, 0xF8, 0x00, 0x1F, 0xF8, 0x00, 0x1F, 0xF8, 0x00, 0x1F,
  0xF8, 0x00, 0x1F, 0xF8, 0x00, 0x1F, 0xF8, 0x00, 0x1F, 0xF8, 0x00, 0x1F,
  0xF8, 0x00, 0x1F, 0xF8, 0x00, 0x1F, 0xF8, 0x00, 0x1F, 0xF8, 0x00, 0x1F,
  0xF8, 0x00, 0x1F, 0xF8, 0x00, 0x1F, 0xF8, 0x00, 0x1F, 0xF8, 0x00, 0x1F,
  0xF8, 0x00, 0x1F, 0xF8, 0x00, 0x1F, 0xF8, 0x00, 0x1F, 0xF8, 0x00, 0x1F,
  0xF8, 0x00, 0x1F, 0xF8, 0x00, 0x1F, 0xF8, 0x00, 0x1F, 0xF8, 0x00, 0x1F,
  0xF8, 0x00, 0x1F, 0xF8, 0x00, 0x1F, 0xF8, 0x00, 0x1F, 0xF8, 0x00, 0x1F,
  0xF8, 0x00, 0x1F, 0xF8, 0x00, 0x1F, 0xF8, 0x00, 0x1F, 0xF8, 0x00, 0x1F,
  0xFF, 0xFF, 0xFF, 0xFF, 0xFF, 0xFF, 0xFF, 0xFF, 0xFF, 0xFF, 0xFF, 0xFF,
  0xFF, 0xFF, 0xFF, 0xFF, 0xFF, 0xFF, 0xFF, 0xFF, 0xFF, 0xFF, 0xFF, 0xFF,
  0xF8, 0x00, 0x1F, 0xF8, 0x00, 0x1F, 0xF8, 0x00, 0x1F, 0xF8, 0x00, 0x1F,
  0xF8, 0x00, 0x1F, 0xF8, 0x00, 0x1F, 0xF8, 0x00, 0x1F, 0xF8, 0x00, 0x1F,
  0xF8, 0x00, 0x1F, 0xF8, 0x00, 0x1F, 0xF8, 0x00, 0x1F, 0xF8, 0x00, 0x1F,
  0xF8, 0x00, 0x1F, 0xF8, 0x00, 0x1F, 0xF8, 0x00, 0x1F, 0xF8, 0x00, 0x1F,
  0xF8, 0x00, 0x1F, 0xF8, 0x00, 0x1F, 0xF8, 0x00, 0x1F, 0xF8, 0x00, 0x1F,
  0xF8, 0x00, 0x1F, 0xF8, 0x00, 0x1F, 0xF8, 0x00, 0x1F, 0xF8, 0x00, 0x1F,
  0xF8, 0x00, 0x1F, 0xF8, 0x00, 0x1F, 0xF8, 0x00, 0x1F, 0xF8, 0x00, 0x1F,
  0xF8, 0x00, 0x1F, 0xF8, 0x00, 0x1F, 0xF8, 0x00, 0x1F, 0xF8, 0x00, 0x1F,
  0xF8, 0x00, 0x1F, 0xF8, 0x00, 0x1F, 0xF8, 0x00, 0x1F, 0xF8, 0x00, 0x1F,
  0xFF, 0xFF, 0xFF, 0xFF, 0xFF, 0xFF, 0xFF, 0xFF, 0xFF, 0xFF, 0xFF, 0xFF,
  0xFF, 0xFF, 0xFF, 0xFF, 0xFF, 0xFF, 0xFF, 0xFF, 0xFF, 0xFF, 0xFF, 0xFF,
  0xF8, 0x00, 0x1F, 0xF8, 0x00, 0x1F, 0xF8, 0x00, 0x1F, 0xF8, 0x00, 0x1F,
  0xF8, 0x00, 0x1F, 0xF8, 0x00, 0x1F, 0xF8, 0x00, 0x1F, 0xF8, 0x00, 0x1F,
  0xF8, 0x00, 0x1F, 0xF8, 0x00, 0x1F, 0xF8, 0x00, 0x1F, 0xF8, 0x00, 0x1F,
  0xF8, 0x00, 0x1F, 0xF8, 0x00, 0x1F, 0xF8, 0x00, 0x1F, 0xF8, 0x00, 0x1F,
  0xF8, 0x00, 0x1F, 0xF8, 0x00, 0x1F, 0xF8, 0x00, 0x1F, 0xF8, 0x00, 0x1F,
  0xF8, 0x00, 0x1F, 0xF8, 0x00, 0x1F, 0xF8, 0x00, 0x1F, 0xF8, 0x00, 0x1F,
  0xF8, 0x00, 0x1F, 0xF8, 0x00, 0x1F, 0xF8, 0x00, 0x1F, 0xF8, 0x00, 0x1F,
  0xF8, 0x00, 0x1F, 0xF8, 0x00, 0x1F, 0xF8, 0x00, 0x1F, 0xF8, 0x00, 0x1F,
  0xF8, 0x00, 0x1F, 0xF8, 0x00, 0x1F, 0xF8, 0x00, 0x1F, 0xF8, 0x00, 0x1F,
  0xFF, 0xFF, 0xFF, 0xFF, 0xFF, 0xFF, 0xFF, 0xFF, 0xFF, 0xFF, 0xFF, 0xFF,
  0xFF, 0xFF, 0xFF, 0xFF, 0xFF, 0xFF, 0xFF, 0xFF, 0xFF, 0xFF, 0xFF, 0xFF,
  0xF8, 0x00, 0x1F, 0xF8, 0x00, 0x1F, 0xF8, 0x00, 0x1F, 0xF8, 0x00, 0x1F,
  0xF8, 0x00, 0x1F, 0xF8, 0x00, 0x1F, 0xF8, 0x00, 0x1F, 0xF8, 0x00, 0x1F,
  0xF8, 0x00, 0x1F, 0xF8, 0x00, 0x1F, 0xF8, 0x00, 0x1F, 0xF8, 0x00, 0x1F,
  0xF8, 0x00, 0x1F, 0xF8, 0x00, 0x1F, 0xF8, 0x00, 0x1F, 0xF8, 0x00, 0x1F,
  0xF8, 0x00, 0x1F, 0xF8, 0x00, 0x1F, 0xF8, 0x00, 0x1F, 0xF8, 0x00, 0x1F,
  0xF8, 0x00, 0x1F, 0xF8, 0x00, 0x1F, 0xF8, 0x00, 0x1F, 0xF8, 0x00, 0x1F,
  0xF8, 0x00, 0x1F, 0xF8, 0x00, 0x1F, 0xF8, 0x00, 0x1F, 0xF8, 0x00, 0x1F,
  0xF8, 0x00, 0x1F, 0xF8, 0x00, 0x1F, 0xF8, 0x00, 0x1F, 0xF8, 0x00, 0x1F,
  0xF8, 0x00, 0x1F, 0xF8, 0x00, 0x1F, 0xF8, 0x00, 0x1F, 0xF8, 0x00, 0x1F,
  0xFF, 0xFF, 0xFF, 0xFF, 0xFF, 0xFF, 0xFF, 0xFF, 0xFF, 0xFF, 0xFF, 0xFF,
  0xFF, 0xFF, 0xFF, 0xFF, 0xFF, 0xFF, 0xFF, 0xFF, 0xFF, 0xFF, 0xFF, 0xFF,
  0xF8, 0x00, 0x1F, 0xF8, 0x00, 0x1F, 0xF8, 0x00, 0x1F, 0xF8, 0x00, 0x1F,
  0xF8, 0x00, 0x1F, 0xF8, 0x00, 0x1F, 0xF8, 0x00, 0x1F, 0xF8, 0x00, 0x1F,
  0xF8, 0x00, 0x1F, 0xF8, 0x00, 0x1F, 0xF8, 0x00, 0x1F, 0xF8, 0x00, 0x1F,
  0xF8, 0x00, 0x1F, 0xF8, 0x00, 0x1F, 0xF8, 0x00, 0x1F, 0xF8, 0x00, 0x1F,
  0xF8, 0x00, 0x1F, 0xF8, 0x00, 0x1F, 0xF8, 0x00, 0x1F, 0xF8, 0x00, 0x1F,
  0xF8, 0x00, 0x1F, 0xF8, 0x00, 0x1F, 0xF8, 0x00, 0x1F, 0xF8, 0x00, 0x1F,
  0xF8, 0x00, 0x1F, 0xF8, 0x00, 0x1F, 0xF8, 0x00, 0x1F, 0xF8, 0x00, 0x1F,
  0xF8, 0x00, 0x1F, 0xF8, 0x00, 0x1F, 0xF8, 0x00, 0x1F, 0xF8, 0x00, 0x1F,
  0xF8, 0x00, 0x1F, 0xF8, 0x00, 0x1F, 0xF8, 0x00, 0x1F, 0xF8, 0x00, 0x1F,
  0xFF, 0xFF, 0xFF, 0xFF, 0xFF, 0xFF, 0xFF, 0xFF, 0xFF, 0xFF, 0xFF, 0xFF,
  0xFF, 0xFF, 0xFF, 0xFF, 0xFF, 0xFF, 0xFF, 0xFF, 0xFF, 0xFF, 0xFF, 0xFF,
  0xF8, 0x00, 0x1F, 0xF8, 0x00, 0x1F, 0xF8, 0x00, 0x1F, 0xF8, 0x00, 0x1F,
  0xF8, 0x00, 0x1F, 0xF8, 0x00, 0x1F, 0xF8, 0x00, 0x1F, 0xF8, 0x00, 0x1F,
  0xF8, 0x00, 0x1F, 0xF8, 0x00, 0x1F, 0xF8, 0x00, 0x1F, 0xF8, 0x00, 0x1F,
  0xF8, 0x00, 0x1F, 0xF8, 0x00, 0x1F, 0xF8, 0x00, 0x1F, 0xF8, 0x00, 0x1F,
  0xF8, 0x00, 0x1F, 0xF8, 0x00, 0x1F, 0xF8, 0x00, 0x1F, 0xF8, 0x00, 0x1F,
  0xF8, 0x00, 0x1F, 0xF8, 0x00, 0x1F, 0xF8, 0x00, 0x1F, 0xF8, 0x00, 0x1F,
  0xF8, 0x00, 0x1F, 0xF8, 0x00, 0x1F, 0xF8, 0x00, 0x1F, 0xF8, 0x00, 0x1F,
  0xF8, 0x00, 0x1F, 0xF8, 0x00, 0x1F, 0xF8, 0x00, 0x1F, 0xF8, 0x00, 0x1F,
  0xF8, 0x00, 0x1F, 0xF8, 0x00, 0x1F, 0xF8, 0x00, 0x1F, 0xF8, 0x00, 0x1F,
  0xFF, 0xFF, 0xFF, 0xFF, 0xFF, 0xFF, 0xFF, 0xFF, 0xFF, 0xFF, 0xFF, 0xFF,
  0xFF, 0xFF, 0xFF, 0xFF, 0xFF, 0xFF, 0xFF, 0xFF, 0xFF, 0xFF, 0xFF, 0xFF,
  0xF8, 0x00, 0x1F, 0xF8, 0x00, 0x1F, 0xF8, 0x00, 0x1F, 0xF8, 0x00, 0x1F,
  0xF8, 0x00, 0x1F, 0xF8, 0x00, 0x1F, 0xF8, 0x00, 0x1F, 0xF8, 0x00, 0x1F,
  0xF8, 0x00, 0x1F, 0xF8, 0x00, 0x1F, 0xF8, 0x00, 0x1F, 0xF8, 0x00, 0x1F,
  0xF8, 0x00, 0x1F, 0xF8, 0x00, 0x1F, 0xF8, 0x00, 0x1F, 0xF8, 0x00, 0x1F,
  0xF8, 0x00, 0x1F, 0xF8, 0x00, 0x1F, 0xF8, 0x00, 0x1F, 0xF8, 0x00, 0x1F,
  0xF8, 0x00, 0x1F, 0xF8, 0x00, 0x1F, 0xF8, 0x00, 0x1F, 0xF8, 0x00, 0x1F,
  0xF8, 0x00, 0x1F, 0xF8, 0x00, 0x1F, 0xF8, 0x00, 0x1F, 0xF8, 0x00, 0x1F,
  0xF8, 0x00, 0x1F, 0xF8, 0x00, 0x1F, 0xF8, 0x00, 0x1F, 0xF8, 0x00, 0x1F,
  0xF8, 0x00, 0x1F, 0xF8, 0x00, 0x1F, 0xF8, 0x00, 0x1F, 0xF8, 0x00, 0x1F,
  0xFF, 0xFF, 0xFF, 0xFF, 0xFF, 0xFF, 0xFF, 0xFF, 0xFF, 0xFF, 0xFF, 0xFF,
  0xFF, 0xFF, 0xFF, 0xFF, 0xFF, 0xFF, 0xFF, 0xFF, 0xFF, 0xFF, 0xFF, 0xFF,
  0xF8, 0x00, 0x1F, 0xF8, 0x00, 0x1F, 0xF8, 0x00, 0x1F, 0xF8, 0x00, 0x1F,
  0xF8, 0x00, 0x1F, 0xF8, 0x00, 0x1F, 0xF8, 0x00, 0x1F, 0xF8, 0x00, 0x1F,
  0xF8, 0x00, 0x1F, 0xF8, 0x00, 0x1F, 0xF8, 0x00, 0x1F, 0xF8, 0x00, 0x1F,
  0xF8, 0x00, 0x1F, 0xF8, 0x00, 0x1F, 0xF8, 0x00, 0x1F, 0xF8, 0x00, 0x1F,
  0xF8, 0x00, 0x1F, 0xF8, 0x00, 0x1F, 0xF8, 0x00, 0x1F, 0xF8, 0x00, 0x1F,
  0xF8, 0x00, 0x1F, 0xF8, 0x00, 0x1F, 0xF8, 0x00, 0x1F, 0xF8, 0x00, 0x1F,
  0xF8, 0x00, 0x1F, 0xF8, 0x00, 0x1F, 0xF8, 0x00, 0x1F, 0xF8, 0x00, 0x1F,
  0xF8, 0x00, 0x1F, 0xF8, 0x00, 0x1F, 0xF8, 0x00, 0x1F, 0xF8, 0x00, 0x1F,
  0xF8, 0x00, 0x1F, 0xF8, 0x00, 0x1F, 0xF8, 0x00, 0x1F, 0xF8, 0x00, 0x1F,
  0xFF, 0xFF, 0xFF, 0xFF, 0xFF, 0xFF, 0xFF, 0xFF, 0xFF, 0xFF, 0xFF, 0xFF,
  0xFF, 0xFF, 0xFF, 0xFF, 0xFF, 0xFF, 0xFF, 0xFF, 0xFF, 0xFF, 0xFF, 0xFF,
  0xF8, 0x00, 0x1F, 0xF8, 0x00, 0x1F, 0xF8, 0x00, 0x1F, 0xF8, 0x00, 0x1F,
  0xF8, 0x00, 0x1F, 0xF8, 0x00, 0x1F, 0xF8, 0x00, 0x1F, 0xF8, 0x00, 0x1F,
  0xF8, 0x00, 0x1F, 0xF8, 0x00, 0x1F, 0xF8, 0x00, 0x1F, 0xF8, 0x00, 0x1F,
  0xF8, 0x00, 0x1F, 0xF8, 0x00, 0x1F, 0xF8, 0x00, 0x1F, 0xF8, 0x00, 0x1F,
  0xF8, 0x00, 0x1F, 0xF8, 0x00, 0x1F, 0xF8, 0x00, 0x1F, 0xF8, 0x00, 0x1F,
  0xF8, 0x00, 0x1F, 0xF8, 0x00, 0x1F, 0xF8, 0x00, 0x1F, 0xF8, 0x00, 0x1F,
  0xF8, 0x00, 0x1F, 0xF8, 0x00, 0x1F, 0xF8, 0x00, 0x1F, 0xF8, 0x00, 0x1F,
  0xF8, 0x00, 0x1F, 0xF8, 0x00, 0x1F, 0xF8, 0x00, 0x1F, 0xF8, 0x00, 0x1F,
  0xF8, 0x00, 0x1F, 0xF8, 0x00, 0x1F, 0xF8, 0x00, 0x1F, 0xF8, 0x00, 0x1F,
  0xFF, 0xFF, 0xFF, 0xFF, 0xFF, 0xFF, 0xFF, 0xFF, 0xFF, 0xFF, 0xFF, 0xFF,
  0xFC, 0x00, 0x03, 0xEF, 0xC0, 0x00, 0xF8, 0xF8, 0x00, 0x3F, 0x0F, 0x80,
  0x07, 0xC1, 0xF8, 0x01, 0xF0, 0x1F, 0x80, 0x3E, 0x01, 0xF0, 0x0F, 0x80,
  0x1F, 0x01, 0xF0, 0x03, 0xF0, 0x7C, 0x00, 0xFF, 0x1F, 0x80, 0x3F, 0xE3,
  0xE0, 0x0F, 0xBE, 0xF8, 0x03, 0xE7, 0xFF, 0x00, 0x7C, 0x7F, 0xC0, 0x1F,
  0x07, 0xF8, 0x03, 0xE0, 0x7E, 0x00, 0x7C, 0x0F, 0xC0, 0x0F, 0x80, 0xF8,
  0x01, 0xF0, 0x0F, 0x80, 0x3E, 0x00, 0xF8, 0x07, 0xC0, 0x1F, 0x80, 0xF8,
  0x01, 0xF0, 0x1F, 0x00, 0x1F, 0x03, 0xE0, 0x01, 0xF0, 0x7C, 0x00, 0x3F,
  0x0F, 0x80, 0x03, 0xE1, 0xF0, 0x00, 0x3E, 0x3E, 0x00, 0x03, 0xE7, 0xC0,
  0x00, 0x7E, 0x3F, 0xFC, 0x00, 0x3F, 0xFF, 0x00, 0x3F, 0xFF, 0xC0, 0x00,
  0x0F, 0xE0, 0x00, 0x03, 0xE0, 0x00, 0x01, 0xF0, 0x00, 0x01, 0xF0, 0x00,
  0x00, 0xF8, 0x00, 0x00, 0xF8, 0x00, 0x00, 0xF8, 0x00, 0x00, 0xF8, 0x00,
  0x00, 0xF8, 0x00, 0x00, 0xF8, 0x00, 0x00, 0xF8, 0x00, 0x00, 0xF8, 0x00,
  0x00, 0xF8, 0x00, 0x00, 0xF8, 0x00, 0x00, 0xF8, 0x00, 0x00, 0xF8, 0x00,
  0x00, 0xF8, 0x00, 0x00, 0xF8, 0x00, 0x00, 0xF8, 0x00, 0x00, 0xF8, 0x00,
  0x00, 0xF8, 0x00, 0x00, 0xF8, 0x00, 0x00, 0xF8, 0xFF, 0xFF, 0xFF, 0xFF,
  0xFF, 0xFF, 0xFF, 0xFF, 0xFF, 0x1F, 0xFE, 0x07, 0xFF, 0x81, 0xFF, 0xE0,
  0x00, 0xF8, 0x00, 0x3E, 0x00, 0x0F, 0x80, 0x03, 0xE0, 0x00, 0xF8, 0x00,
  0x3E, 0x00, 0x0F, 0x80, 0x03, 0xE0, 0x00, 0xF8, 0x00, 0x3E, 0x00, 0x0F,
  0x80, 0x03, 0xE0, 0x00, 0xF8, 0x00, 0x3E, 0x00, 0x0F, 0x80, 0x03, 0xE0,
  0x00, 0xF8, 0x00, 0x7F, 0x00, 0x1F, 0xC0, 0x0F, 0xF0, 0x07, 0x3C, 0x03,
  0xCF, 0x83, 0xE3, 0xEF, 0xF0, 0xFB, 0xF8, 0x1E, 0xF0, 0x07, 0x80, 0xFF,
  0xFF, 0xFF, 0xFF, 0xFF, 0xFF, 0xFF, 0xFF, 0xF8, 0x00, 0x1F, 0x00, 0x00,
  0x3E, 0x00, 0x00, 0x7C, 0x00, 0x00, 0xF8, 0x00, 0x01, 0xF0, 0x00, 0x03,
  0xE0, 0x00, 0x07, 0xC0, 0x00, 0x0F, 0x80, 0x00, 0x1F, 0x00, 0x00, 0x3E,
  0x00, 0x00, 0x7C, 0x00, 0x00, 0xF8, 0x00, 0x01, 0xF0, 0x00, 0x03, 0xE0,
  0x00, 0x07, 0xC0, 0x00, 0x0F, 0x80, 0x00, 0x1F, 0x00, 0x00, 0x3E, 0x00,
  0x00, 0x7C, 0x00, 0x00, 0xF8, 0x00, 0x01, 0xF0, 0x00, 0x03, 0xE0, 0x00,
  0x07, 0xC0, 0x00, 0x0F, 0x80, 0x00, 0x1F, 0x00, 0x00, 0x3E, 0x00, 0xFF,
  0xFF, 0x01, 0xFF, 0xFF, 0x83, 0xFF, 0xFF, 0xC0, 0x00, 0x1F, 0xC0, 0x00,
  0x0F, 0x80, 0x00, 0x0F, 0x80, 0x00, 0x1F, 0x00, 0x00, 0x1F, 0x00, 0x00,
  0x3E, 0x00, 0x00, 0x7C, 0x00, 0x00, 0xF8, 0x00, 0x01, 0xF0, 0x00, 0x03,
  0xEF, 0x00, 0x07, 0xDE, 0x00, 0x0F, 0xFC, 0x00, 0x1F, 0xF8, 0x00, 0x3F,
  0xF0, 0x00, 0x7F, 0xE0, 0x00, 0xFF, 0xC0, 0x01, 0xFF, 0x80, 0x03, 0xFF,
  0x00, 0x07, 0xFE, 0x00, 0x0F, 0xFC, 0x00, 0x1F, 0xF8, 0x00, 0x3F, 0xF0,
  0x00, 0x7F, 0xE0, 0x00, 0xFF, 0xC0, 0x01, 0xFF, 0x80, 0x03, 0xE0, 0xFF,
  0xFF, 0xFF, 0xE1, 0xF0, 0xF8, 0x7C, 0x3E, 0x1F, 0x0F, 0x87, 0xC3, 0xE1,
  0xF0, 0xF8, 0x7C, 0x3E, 0x1F, 0x0F, 0x87, 0xC3, 0xE1, 0xF0, 0xF8, 0x7C,
  0x3E, 0x1F, 0x0F, 0x87, 0xC3, 0xE1, 0xF0, 0xF8, 0xFF, 0xFF, 0xFF, 0xFF,
  0xFF, 0xCF, 0x80, 0x3E, 0x00, 0xF8, 0x01, 0xE0, 0x07, 0x80, 0x1E, 0x00,
  0x7C, 0x01, 0xF0, 0x07, 0xC0, 0x1F, 0x00, 0x3C, 0x00, 0xF0, 0x03, 0xE0,
  0x0F, 0x80, 0x3E, 0x00, 0xF8, 0x01, 0xE0, 0x07, 0x80, 0x1E, 0x00, 0x7C,
  0x01, 0xF0, 0x07, 0xC0, 0x1F, 0x00, 0x3C, 0x00, 0xF0, 0x03, 0xE0, 0xFF,
  0xFF, 0x01, 0xFF, 0xFF, 0x83, 0xFF, 0xFF, 0xC7, 0xC0, 0x1F, 0xCF, 0x80,
  0x0F, 0x9F, 0x00, 0x0F, 0xBE, 0x00, 0x1F, 0x7C, 0x00, 0x1F, 0xF8, 0x00,
  0x3F, 0xF0, 0x00, 0x7F, 0xE0, 0x00, 0xFF, 0xC0, 0x01, 0xFF, 0x80, 0x03,
  0xFF, 0x00, 0x07, 0xFE, 0x00, 0x0F, 0xFC, 0x00, 0x1F, 0xF8, 0x00, 0x3F,
  0xF0, 0x00, 0x7F, 0xE0, 0x00, 0xFF, 0xC0, 0x01, 0xFF, 0x80, 0x03, 0xFF,
  0x00, 0x07, 0xFE, 0x00, 0x0F, 0xFC, 0x00, 0x1F, 0xF8, 0x00, 0x3F, 0xF0,
  0x00, 0x7F, 0xE0, 0x00, 0xFF, 0xC0, 0x01, 0xFF, 0x80, 0x03, 0xE0, 0xF8,
  0x07, 0xE0, 0xF8, 0x1F, 0xF8, 0xF8, 0x1F, 0xFC, 0xF8, 0x18, 0x7E, 0xF8,
  0x00, 0x3E, 0xF8, 0x00, 0x1F, 0xF8, 0x00, 0x1F, 0xF8, 0x00, 0x1F, 0xF8,
  0x00, 0x1F, 0xF8, 0x00, 0x1F, 0xF8, 0x00, 0x1F, 0xF8, 0x00, 0x1F, 0xF8,
  0x00, 0x1F, 0xF8, 0x00, 0x1F, 0xF8, 0x00, 0x1F, 0xF8, 0x00, 0x1F, 0xF8,
  0x00, 0x1F, 0xF8, 0x00, 0x1F, 0xF8, 0x00, 0x1F, 0xF8, 0x00, 0x1F, 0xF8,
  0x00, 0x1F, 0xF8, 0x00, 0x1F, 0x7C, 0x00, 0x3E, 0x7C, 0x00, 0x3E, 0x3E,
  0x00, 0x7C, 0x1F, 0x00, 0xF8, 0x1F, 0xFF, 0xF8, 0x07, 0xFF, 0xE0, 0x01,
  0xFF, 0x80, 0x00, 0x10, 0x00, 0xFF, 0xFF, 0xFF, 0xFF, 0x81, 0xF0, 0x3E,
  0x07, 0xC0, 0xF8, 0x1F, 0x03, 0xE0, 0x7C, 0x0F, 0x81, 0xF0, 0x3E, 0x07,
  0xC0, 0xF8, 0x1F, 0xFF, 0xFF, 0xFF, 0xFF, 0xFF, 0xFF, 0xFF, 0xF0, 0x00,
  0x1F, 0x00, 0x01, 0xF0, 0x00, 0x1F, 0x00, 0x01, 0xF0, 0x00, 0x1F, 0x00,
  0x01, 0xF0, 0x00, 0x1F, 0x00, 0x01, 0xF0, 0x00, 0x1F, 0x00, 0x01, 0xF0,
  0x00, 0x1F, 0x00, 0x01, 0xF0, 0x00, 0x1F, 0x00, 0x01, 0xF0, 0x00, 0x1F,
  0x00, 0x01, 0xF0, 0x00, 0x1F, 0x00, 0x01, 0xF0, 0x00, 0x1F, 0x00, 0x01,
  0xF0, 0x00, 0x1F, 0x00, 0x01, 0xF0, 0x00, 0x1F, 0x00, 0x01, 0xF0, 0x00,
  0x1F, 0x00, 0x01, 0xF0, 0x00, 0x1F, 0x00, 0x01, 0xF0, 0x00, 0x1F, 0x00,
  0x01, 0xF0, 0x00, 0x1F, 0x00, 0x01, 0xF0, 0x00, 0x1F, 0x00, 0x01, 0xF0,
  0x00, 0x1F, 0x00, 0x01, 0xF0, 0x7F, 0xFF, 0xFB, 0xFF, 0xFF, 0xDF, 0xFF,
  0xFE, 0x00, 0x01, 0xF0, 0x00, 0x0F, 0x80, 0x00, 0x7C, 0x00, 0x03, 0xE0,
  0x00, 0x1F, 0x00, 0x00, 0xF8, 0x00, 0x07, 0xC0, 0x00, 0x3E, 0x00, 0x01,
  0xF0, 0x00, 0x0F, 0x80, 0x00, 0x7C, 0x00, 0x03, 0xE0, 0x00, 0x1F, 0x00,
  0x00, 0xF8, 0x00, 0x07, 0xC0, 0x00, 0x3E, 0x00, 0x01, 0xF0, 0x00, 0x0F,
  0x80, 0x00, 0x78, 0x00, 0x07, 0xC0, 0x00, 0x3E, 0x00, 0x03, 0xE0, 0x00,
  0x7E, 0x3F, 0xFF, 0xF1, 0xFF, 0xFE, 0x0F, 0xFF, 0xC0, 0x00, 0xC0, 0x00,
  0xF8, 0x00, 0x01, 0xF0, 0x00, 0x03, 0xE0, 0x00, 0x07, 0xC0, 0x00, 0x0F,
  0x80, 0x00, 0x1F, 0x00, 0x00, 0x3E, 0x00, 0x00, 0x7C, 0x00, 0x00, 0xF8,
  0x00, 0x01, 0xFF, 0xFF, 0xFF, 0xFF, 0xFF, 0xFF, 0xFF, 0xFF, 0xE0, 0x00,
  0x07, 0xC0, 0x00, 0x0F, 0x80, 0x00, 0x3E, 0x00, 0x00, 0x7C, 0x00, 0x00,
  0xF0, 0x00, 0x03, 0xE0, 0x00, 0x07, 0xC0, 0x00, 0x1F, 0x00, 0x00, 0x3E,
  0x00, 0x00, 0x78, 0x00, 0x01, 0xF0, 0x00, 0x03, 0xE0, 0x00, 0x0F, 0x80,
  0x00, 0x1F, 0x00, 0x00, 0x3C, 0x00, 0x00, 0xF8, 0x00, 0x01, 0xF0, 0x00,
  0x07, 0xC0, 0x00, 0x0F, 0x80, 0x00, 0x1E, 0x00, 0x00, 0x7C, 0x00, 0x00,
  0xF8, 0x00, 0x03, 0xE0, 0x00, 0x07, 0xC0, 0x00, 0x0F, 0x00, 0x00, 0x3E,
  0x00, 0x00, 0xFF, 0xFF, 0xFF, 0xFF, 0xFF, 0xFF, 0xFF, 0xFF, 0xFF, 0xF8,
  0x00, 0x1F, 0xF8, 0x00, 0x1F, 0xF8, 0x00, 0x1F, 0xF8, 0x00, 0x1F, 0xF8,
  0x00, 0x1F, 0xF8, 0x00, 0x1F, 0xF8, 0x00, 0x1F, 0xF8, 0x00, 0x1F, 0xF8,
  0x00, 0x1F, 0xF8, 0x00, 0x1F, 0xF8, 0x00, 0x1F, 0xF8, 0x00, 0x1F, 0xF8,
  0x00, 0x1F, 0xF8, 0x00, 0x1F, 0xF8, 0x00, 0x1F, 0xF8, 0x00, 0x1F, 0xF8,
  0x00, 0x1F, 0xF8, 0x00, 0x1F, 0xF8, 0x00, 0x1F, 0xF8, 0x00, 0x1F, 0xF8,
  0x00, 0x1F, 0xF8, 0x00, 0x1F, 0xF8, 0x00, 0x1F, 0xFF, 0xFF, 0xFF, 0xFF,
  0xFF, 0xFF, 0xFF, 0xFF, 0xFF, 0x00, 0x00, 0x00, 0x03, 0xFF, 0xFC, 0x0F,
  0xFF, 0xFF, 0x81, 0xFF, 0xFF, 0xF8, 0x73, 0xE0, 0x3F, 0x00, 0xF0, 0x07,
  0xC0, 0x78, 0x00, 0xF8, 0x3E, 0x00, 0x3E, 0x0F, 0x00, 0x07, 0xC3, 0xC0,
  0x01, 0xF0, 0xF0, 0x00, 0x7C, 0x7C, 0x00, 0x1F, 0x1F, 0x00, 0x07, 0xC7,
  0xC0, 0x01, 0xF1, 0xF0, 0x00, 0x7C, 0x7C, 0x00, 0x1F, 0x1E, 0x00, 0x07,
  0xC7, 0x80, 0x01, 0xF1, 0xE0, 0x00, 0x7C, 0x78, 0x00, 0x1F, 0x3E, 0x00,
  0x07, 0xCF, 0x80, 0x01, 0xF3, 0xE0, 0x00, 0x7C, 0xF8, 0x00, 0x1F, 0x3C,
  0x00, 0x07, 0xCF, 0x00, 0x01, 0xF3, 0xC0, 0x00, 0x7C, 0xF0, 0x1F, 0xFF,
  0x7C, 0x07, 0xFF, 0xDF, 0x01, 0xFF, 0xF0, 0xFF, 0xFF, 0xFF, 0xE1, 0xF0,
  0xF8, 0x7C, 0x3E, 0x1F, 0x0F, 0x87, 0xC3, 0xE1, 0xF0, 0xF8, 0x7C, 0x3E,
  0x1F, 0x0F, 0x87, 0xC3, 0xE1, 0xF0, 0xF8, 0x7C, 0x3E, 0x1F, 0x0F, 0x87,
  0xC3, 0xE1, 0xF0, 0xF8, 0x7C, 0x3E, 0x1F, 0x0F, 0x87, 0xC3, 0xE1, 0xF0,
  0xF8, 0x7C, 0x3E, 0x3F, 0xF9, 0xFF, 0xCF, 0xFE, 0x01, 0xF0, 0x0F, 0x80,
  0x7C, 0x03, 0xE0, 0x1F, 0x00, 0xF8, 0x07, 0xC0, 0x3E, 0x01, 0xF0, 0x0F,
  0x80, 0x7C, 0x03, 0xE0, 0x1F, 0x00, 0xF8, 0x07, 0xC0, 0x3E, 0x01, 0xF0,
  0x0F, 0x80, 0x7C, 0x03, 0xE0, 0x1F, 0x01, 0xF8, 0x0F, 0xBF, 0xFD, 0xFF,
  0xCF, 0xF8, 0x04, 0x00, 0x00, 0x00, 0x00, 0x03, 0xFF, 0xFE, 0x03, 0xFF,
  0xFF, 0xF0, 0x3F, 0xFF, 0xFF, 0x06, 0x3E, 0x03, 0xF0, 0x0F, 0x80, 0x3F,
  0x03, 0xE0, 0x03, 0xE0, 0xF8, 0x00, 0x3E, 0x1F, 0x00, 0x07, 0xC3, 0xE0,
  0x00, 0xF8, 0xF8, 0x00, 0x0F, 0x9F, 0x00, 0x01, 0xF3, 0xE0, 0x00, 0x3E,
  0x7C, 0x00, 0x07, 0xCF, 0x80, 0x00, 0xF9, 0xF0, 0x00, 0x1F, 0x3E, 0x00,
  0x03, 0xE7, 0xC0, 0x00, 0x7C, 0xF8, 0x00, 0x0F, 0x9F, 0x00, 0x01, 0xF3,
  0xE0, 0x00, 0x3E, 0x3E, 0x00, 0x0F, 0x87, 0xC0, 0x01, 0xF0, 0xF8, 0x00,
  0x3E, 0x0F, 0x80, 0x0F, 0x81, 0xF8, 0x03, 0xF0, 0x1F, 0x80, 0xFC, 0x01,
  0xFF, 0xFF, 0x00, 0x1F, 0xFF, 0xC0, 0x00, 0xFF, 0xE0, 0x00, 0x00, 0x80,
  0x00, 0x3C, 0x00, 0x1F, 0x3E, 0x00, 0x1F, 0x3E, 0x00, 0x1F, 0x1E, 0x00,
  0x1F, 0x1E, 0x00, 0x1F, 0x1F, 0x00, 0x1F, 0x1F, 0x00, 0x1F, 0x1F, 0x00,
  0x1F, 0x0F, 0x00, 0x1F, 0x0F, 0x00, 0x1F, 0x0F, 0x80, 0x1F, 0x0F, 0x80,
  0x1F, 0x07, 0x80, 0x1F, 0x07, 0x80, 0x1F, 0x07, 0xC0, 0x1F, 0x07, 0xC0,
  0x1F, 0x07, 0xC0, 0x1F, 0x03, 0xC0, 0x1F, 0x03, 0xC0, 0x1F, 0x03, 0xE0,
  0x1F, 0x03, 0xE0, 0x1F, 0x01, 0xE0, 0x3E, 0x01, 0xE0, 0x3E, 0x01, 0xF0,
  0x7E, 0x00, 0xF0, 0xFC, 0x70, 0xF1, 0xF8, 0x7F, 0xFF, 0xF0, 0xFF, 0xFF,
  0xE0, 0x1F, 0xFF, 0x80, 0x00, 0x20, 0x00, 0xFF, 0xFF, 0xFF, 0xFF, 0xFF,
  0xFF, 0xFF, 0xFF, 0xC7, 0x80, 0x1F, 0x1E, 0x00, 0x7C, 0xF8, 0x01, 0xF3,
  0xC0, 0x07, 0xCF, 0x00, 0x1F, 0x7C, 0x00, 0x7D, 0xF0, 0x01, 0xF7, 0xC0,
  0x07, 0xDF, 0x00, 0x1F, 0x7C, 0x00, 0x7D, 0xF0, 0x01, 0xF7, 0xC0, 0x07,
  0xDF, 0xF0, 0x1F, 0x7F, 0xC0, 0x7C, 0x7F, 0x01, 0xF0, 0x00, 0x07, 0xC0,
  0x00, 0x1F, 0x00, 0x00, 0x7C, 0x00, 0x01, 0xF0, 0x00, 0x07, 0xC0, 0x00,
  0x1F, 0x00, 0x00, 0x7C, 0x00, 0x01, 0xF0, 0x00, 0x07, 0xC0, 0x00, 0x1F,
  0x00, 0x00, 0x7C, 0x00, 0x01, 0xF0, 0x00, 0x07, 0xC0, 0x00, 0x1F, 0x00,
  0x00, 0x7C, 0x00, 0x01, 0xF0, 0x00, 0x07, 0xC0, 0x00, 0x1F, 0x00, 0x00,
  0x7C, 0x00, 0x01, 0xF0, 0x00, 0x07, 0xC0, 0xFF, 0xFF, 0xFF, 0xFF, 0xFF,
  0xFF, 0xFF, 0xFF, 0xFF, 0x1E, 0x00, 0x1F, 0x1E, 0x00, 0x1F, 0x3E, 0x00,
  0x1F, 0x3E, 0x00, 0x1F, 0x3C, 0x00, 0x1F, 0x7C, 0x00, 0x1F, 0x7C, 0x00,
  0x1F, 0x7C, 0x00, 0x1F, 0x7C, 0x00, 0x1F, 0x7C, 0x00, 0x1F, 0x7C, 0x00,
  0x1F, 0x7F, 0xC0, 0x1F, 0x7F, 0xC0, 0x1F, 0x1F, 0xC0, 0x1F, 0x00, 0x00,
  0x1F, 0x00, 0x00, 0x1F, 0x00, 0x00, 0x1F, 0x00, 0x00, 0x1F, 0x00, 0x00,
  0x1E, 0x00, 0x00, 0x3E, 0x00, 0x00, 0x3E, 0x00, 0x00, 0x7C, 0x30, 0x01,
  0xF8, 0x3F, 0xFF, 0xF0, 0x7F, 0xFF, 0xE0, 0x3F, 0xFF, 0x80, 0x00, 0x20,
  0x00, 0xF8, 0x00, 0x1F, 0xBE, 0x00, 0x0F, 0x9F, 0x80, 0x0F, 0xC7, 0xC0,
  0x07, 0xC1, 0xF0, 0x07, 0xC0, 0xFC, 0x07, 0xE0, 0x3E, 0x03, 0xE0, 0x0F,
  0x83, 0xE0, 0x03, 0xE1, 0xF0, 0x01, 0xF9, 0xF0, 0x00, 0x7D, 0xF8, 0x00,
  0x1F, 0xF8, 0x00, 0x0F, 0xF8, 0x00, 0x03, 0xFC, 0x00, 0x00, 0xFC, 0x00,
  0x00, 0x7E, 0x00, 0x00, 0x1F, 0x80, 0x00, 0x07, 0xC0, 0x00, 0x03, 0xF0,
  0x00, 0x00, 0xF8, 0x00, 0x00, 0x7C, 0x00, 0x00, 0x3E, 0x00, 0x00, 0x1F,
  0x00, 0x00, 0x0F, 0x80, 0x00, 0x07, 0xC0, 0x00, 0x03, 0xE0, 0x00, 0x01,
  0xF0, 0x00, 0x00, 0xF8, 0x00, 0x00, 0x7C, 0x00, 0x00, 0x3E, 0x00, 0x00,
  0x1F, 0x00, 0x00, 0x0F, 0x80, 0x00, 0x07, 0xC0, 0x00, 0x03, 0xE0, 0x00,
  0x01, 0xF0, 0x00, 0x00, 0xF8, 0x00, 0x00, 0x7C, 0x00, 0x00, 0x3E, 0x00,
  0x00, 0x1F, 0x00, 0x7C, 0x00, 0x0F, 0xBF, 0x00, 0x0F, 0x8F, 0x80, 0x07,
  0xC3, 0xE0, 0x07, 0xC1, 0xF8, 0x07, 0xE0, 0x7C, 0x03, 0xE0, 0x1F, 0x03,
  0xF0, 0x0F, 0xC1, 0xF0, 0x03, 0xE1, 0xF0, 0x00, 0xF8, 0xF8, 0x00, 0x7E,
  0xF8, 0x00, 0x1F, 0x7C, 0x00, 0x07, 0xFC, 0x00, 0x03, 0xFE, 0x00, 0x00,
  0xFE, 0x00, 0x00, 0x3E, 0x00, 0x00, 0x1F, 0x80, 0x00, 0x07, 0xC0, 0x00,
  0x01, 0xF0, 0x00, 0x00, 0x7C, 0x00, 0x00, 0x3E, 0x00, 0x00, 0x0F, 0x80,
  0x00, 0x03, 0xE0, 0x00, 0x01, 0xF0, 0x00, 0x00, 0x7C, 0x00, 0x00, 0x1F,
  0x0F, 0xFF, 0xFF, 0xC7, 0xFF, 0xFF, 0xE3, 0xFF, 0xFF, 0xF0, 0xFF, 0xFF,
  0xFF, 0xFF, 0xFF, 0xFF, 0xFF, 0xFF, 0xF8, 0x00, 0x01, 0xF0, 0x00, 0x03,
  0xE0, 0x00, 0x07, 0xC0, 0x00, 0x0F, 0x80, 0x00, 0x1F, 0x00, 0x00, 0x3E,
  0x00, 0x00, 0x7C, 0x00, 0x00, 0xF8, 0x00, 0x01, 0xF3, 0xC0, 0x03, 0xE7,
  0x80, 0x07, 0xDF, 0x00, 0x0F, 0xBE, 0x00, 0x1F, 0x7C, 0x00, 0x3E, 0xF8,
  0x00, 0x7D, 0xF0, 0x00, 0xFB, 0xE0, 0x01, 0xF7, 0xC0, 0x03, 0xEF, 0x80,
  0x0F, 0x9F, 0x00, 0x1F, 0x3E, 0x00, 0x7C, 0x7C, 0x01, 0xF8, 0xF8, 0x0F,
  0xE1, 0xF0, 0xFF, 0x83, 0xE1, 0xFC, 0x07, 0xC3, 0xC0, 0x0F, 0x80, 0x00,
  0x1F, 0x00, 0x00, 0x3E, 0x00, 0x00, 0x7C, 0x00, 0x00, 0xF8, 0x00, 0x01,
  0xF0, 0x00, 0x03, 0xE0, 0x00, 0x07, 0xC0, 0x00, 0x0F, 0x80, 0x00, 0x1F,
  0x00, 0x00, 0x00, 0xFF, 0xFC, 0x0F, 0xFF, 0xF0, 0xFF, 0xFF, 0x80, 0x00,
  0xFC, 0x00, 0x03, 0xE0, 0x00, 0x3E, 0x00, 0x01, 0xF0, 0x00, 0x1F, 0x00,
  0x01, 0xF0, 0x00, 0x1F, 0x00, 0x01, 0xF0, 0x00, 0x1F, 0x00, 0x01, 0xF0,
  0x00, 0x1F, 0x00, 0x01, 0xF0, 0x00, 0x1F, 0x00, 0x01, 0xF0, 0x00, 0x1F,
  0x00, 0x01, 0xF0, 0x00, 0x1F, 0x00, 0x01, 0xF0, 0x00, 0x1F, 0x00, 0x01,
  0xF0, 0x00, 0x1F, 0x00, 0x01, 0xF0, 0x00, 0x1F, 0x00, 0x01, 0xF0, 0x00,
  0x1F, 0x00, 0x01, 0xF0, 0xF8, 0x07, 0xC0, 0x1F, 0xF8, 0x07, 0xC0, 0x1F,
  0xF8, 0x07, 0xC0, 0x1F, 0xF8, 0x07, 0xC0, 0x1F, 0xF8, 0x07, 0xC0, 0x1F,
  0xF8, 0x07, 0xC0, 0x1F, 0xF8, 0x07, 0xC0, 0x1F, 0xF8, 0x07, 0xC0, 0x1F,
  0xF8, 0x07, 0xC0, 0x1F, 0xF8, 0x07, 0xC0, 0x1F, 0xF8, 0x07, 0xC0, 0x1F,
  0xF8, 0x07, 0xC0, 0x1F, 0xF8, 0x07, 0xC0, 0x1F, 0xF8, 0x07, 0xC0, 0x1F,
  0xF8, 0x07, 0xC0, 0x1F, 0xF8, 0x07, 0xC0, 0x1F, 0xF8, 0x07, 0xC0, 0x1F,
  0xF8, 0x07, 0x80, 0x1F, 0xF8, 0x07, 0x80, 0x1F, 0xF8, 0x0F, 0x00, 0x1F,
  0xF8, 0x0F, 0x00, 0x3F, 0xF8, 0x00, 0x00, 0x3E, 0xF8, 0x00, 0x00, 0x7E,
  0xF8, 0x00, 0x00, 0xFC, 0xFC, 0x00, 0x01, 0xF8, 0xFF, 0x80, 0x07, 0xF0,
  0xFF, 0xFF, 0xFF, 0xE0, 0x3F, 0xFF, 0xFF, 0x80, 0x03, 0xFF, 0xFE, 0x00,
  0x00, 0x03, 0x00, 0x00, 0x1F, 0xFF, 0xF8, 0x01, 0xFF, 0xFF, 0xE0, 0x1F,
  0xFF, 0xFF, 0x80, 0x0F, 0x00, 0xFC, 0x01, 0xF0, 0x07, 0xC0, 0x1F, 0x00,
  0x3E, 0x01, 0xE0, 0x03, 0xE0, 0x3E, 0x00, 0x1F, 0x03, 0xE0, 0x01, 0xF0,
  0x3E, 0x00, 0x1F, 0x03, 0xE0, 0x01, 0xF0, 0x3E, 0x00, 0x1F, 0x03, 0xE0,
  0x01, 0xF0, 0x3E, 0x00, 0x1F, 0x03, 0xE0, 0x01, 0xF0, 0x3E, 0x00, 0x1F,
  0x03, 0xE0, 0x01, 0xF0, 0x3E, 0x00, 0x1F, 0x03, 0xE0, 0x01, 0xF0, 0x3E,
  0x00, 0x1F, 0x03, 0xE0, 0x01, 0xF0, 0x3E, 0x00, 0x1F, 0x03, 0xE0, 0x01,
  0xF0, 0x3E, 0x00, 0x1F, 0x07, 0xC0, 0x01, 0xF0, 0xFC, 0x00, 0x1F, 0xFF,
  0x80, 0x01, 0xFF, 0xF0, 0x00, 0x1F, 0xFC, 0x00, 0x01, 0xF0, 0xFF, 0xFF,
  0xFF, 0xFF, 0xFF, 0xFF, 0xFF, 0xFF, 0xFF, 0xFF, 0xFF, 0xFF, 0xF8, 0x00,
  0x1F, 0xF8, 0x00, 0x1F, 0xF8, 0x00, 0x1F, 0xF8, 0x00, 0x1F, 0xF8, 0x00,
  0x1F, 0xF8, 0x00, 0x1F, 0xF8, 0x00, 0x1F, 0xF8, 0x00, 0x1F, 0xF8, 0x00,
  0x1F, 0xF8, 0x00, 0x1F, 0xF8, 0x00, 0x1F, 0xF8, 0x00, 0x1F, 0xF8, 0x00,
  0x1F, 0xF8, 0x00, 0x1F, 0xF8, 0x00, 0x1F, 0xF8, 0x00, 0x1F, 0xF8, 0x00,
  0x1F, 0xF8, 0x00, 0x1F, 0xF8, 0x00, 0x1F, 0xF8, 0x00, 0x1F, 0xF8, 0x00,
  0x1F, 0xF8, 0x00, 0x1F, 0xF8, 0x00, 0x1F, 0xF8, 0x00, 0x1F, 0xF8, 0x00,
  0x1F, 0xF8, 0x00, 0x1F, 0xF8, 0x00, 0x1F, 0xF8, 0x00, 0x1F, 0xF8, 0x00,
  0x1F, 0xF8, 0x00, 0x1F, 0xF8, 0x00, 0x1F, 0xF8, 0x00, 0x1F, 0xF8, 0x00,
  0x1F, 0xF8, 0x00, 0x1F, 0xF8, 0x00, 0x1F, 0xF8, 0x00, 0x1F, 0xFF, 0xFF,
  0xFF, 0xFF, 0xFF, 0xFF, 0xFF, 0xFF, 0xFF, 0xFF, 0xFF, 0xFF, 0xFF, 0xFF,
  0xFF, 0xFF, 0xFF, 0xFF, 0xFF, 0xFF, 0xFF, 0xFF, 0xFF, 0xFF, 0xF8, 0x00,
  0x1F, 0xF8, 0x00, 0x1F, 0xF8, 0x00, 0x1F, 0xF8, 0x00, 0x1F, 0xF8, 0x00,
  0x1F, 0xF8, 0x00, 0x1F, 0xF8, 0x00, 0x1F, 0xF8, 0x00, 0x1F, 0xF8, 0x00,
  0x1F, 0xF8, 0x00, 0x1F, 0xF8, 0x00, 0x1F, 0xF8, 0x00, 0x1F, 0xF8, 0x00,
  0x1F, 0xF8, 0x00, 0x1F, 0xF8, 0x00, 0x1F, 0xF8, 0x00, 0x1F, 0xF8, 0x00,
  0x1F, 0xF8, 0x00, 0x1F, 0xF8, 0x00, 0x1F, 0xF8, 0x00, 0x1F, 0xF8, 0x00,
  0x1F, 0xF8, 0x00, 0x1F, 0xF8, 0x00, 0x1F, 0xF8, 0x00, 0x1F, 0xF8, 0x00,
  0x1F, 0xF8, 0x00, 0x1F, 0xF8, 0x00, 0x1F, 0xF8, 0x00, 0x1F, 0xF8, 0x00,
  0x1F, 0xF8, 0x00, 0x1F, 0xF8, 0x00, 0x1F, 0xF8, 0x00, 0x1F, 0xF8, 0x00,
  0x1F, 0xF8, 0x00, 0x1F, 0xF8, 0x00, 0x1F, 0xF8, 0x00, 0x1F, 0xFF, 0xFF,
  0xFF, 0xFF, 0xFF, 0xFF, 0xFF, 0xFF, 0xFF, 0xFF, 0xFF, 0xFF, 0x03, 0xC0,
  0x03, 0x80, 0x07, 0x80, 0x07, 0x80, 0x07, 0x9F, 0xFF, 0xBF, 0xFF, 0xFF,
  0xFE, 0xE0, 0x79, 0xC1, 0xE3, 0x87, 0x87, 0x1E, 0x0E, 0x40, 0x1C, 0x00,
  0x38, 0x00, 0x70, 0x00, 0xE0, 0x01, 0xC0, 0x03, 0x80, 0x07, 0x00, 0x0E,
  0x00, 0x1C, 0x00, 0x38, 0x00, 0x70, 0x00, 0xE0, 0x01, 0xC0, 0x03, 0x80,
  0x07, 0x00, 0x0E, 0x00, 0x1C, 0x00, 0x38, 0x00, 0x70, 0x00, 0xE0, 0x01,
  0xC0, 0x03, 0x80, 0x07, 0x00, 0x0E, 0x00, 0x1C, 0x00, 0x38, 0x00, 0x70,
  0x00, 0xE0, 0x01, 0xC0, 0x00, 0x07, 0x80, 0x1E, 0x00, 0x78, 0x01, 0xE0,
  0x07, 0x80, 0x1F, 0xFF, 0xFF, 0xFF, 0xBF, 0xFF, 0x3C, 0x0E, 0x3C, 0x1C,
  0x3C, 0x38, 0x3C, 0x70, 0x00, 0xE0, 0x01, 0xC0, 0x03, 0x80, 0x07, 0x00,
  0x0E, 0x00, 0x1C, 0x00, 0x38, 0x00, 0x70, 0x00, 0xE0, 0x01, 0xC0, 0x03,
  0x80, 0x07, 0x00, 0x0E, 0x00, 0x1C, 0x00, 0x38, 0x00, 0x70, 0x00, 0xE0,
  0x01, 0xC0, 0x03, 0x80, 0x07, 0x00, 0x0E, 0x00, 0x1C, 0x00, 0x38, 0x00,
  0x70, 0x00, 0xE0, 0x01, 0xC0, 0x03, 0x80, 0x07, 0x00, 0x0E, 0x00, 0x1C,
  0xFF, 0xFF, 0xFF, 0xFF, 0xFF, 0xFF, 0xFF, 0xFF, 0xFF, 0xFF, 0xFF, 0xFF,
  0xF8, 0x00, 0x1F, 0xF8, 0x00, 0x1F, 0xF8, 0x00, 0x1F, 0xF8, 0x00, 0x1F,
  0xF8, 0x00, 0x1F, 0xF8, 0x00, 0x1F, 0xF8, 0x00, 0x1F, 0xF8, 0x00, 0x1F,
  0xF8, 0x00, 0x1F, 0xF8, 0x00, 0x1F, 0xF8, 0x00, 0x1F, 0xF8, 0x00, 0x1F,
  0xF8, 0x00, 0x1F, 0xF8, 0x00, 0x1F, 0xF8, 0x00, 0x1F, 0xF8, 0x00, 0x1F,
  0xF8, 0x00, 0x1F, 0xF8, 0x00, 0x1F, 0xF8, 0x00, 0x1F, 0xF8, 0x00, 0x1F,
  0xF8, 0x00, 0x1F, 0xF8, 0x00, 0x1F, 0xF8, 0x00, 0x1F, 0xF8, 0x00, 0x1F,
  0xF8, 0x00, 0x1F, 0xF8, 0x00, 0x1F, 0xF8, 0x00, 0x1F, 0xF8, 0x00, 0x1F,
  0xF8, 0x00, 0x1F, 0xF8, 0x00, 0x1F, 0xF8, 0x00, 0x1F, 0xF8, 0x00, 0x1F,
  0xF8, 0x00, 0x1F, 0xF8, 0x00, 0x1F, 0xF8, 0x00, 0x1F, 0xF8, 0x00, 0x1F,
  0xFF, 0xFF, 0xFF, 0xFF, 0xFF, 0xFF, 0xFF, 0xFF, 0xFF, 0xFF, 0xFF, 0xFF };

const GFXglyph Heebo_26pt8bGlyphs[] PROGMEM = {
  {     0,   1,   1,  13,    0,    0 }, // 0x20 ' '
  {     1,   5,  38,  13,    4,  -36 }, // 0x21 '!'
  {    25,  11,  12,  17,    3,  -38 }, // 0x22 '"'
  {    42,  28,  37,  32,    3,  -36 }, // 0x23 '#'
  {   172,  23,  48,  29,    3,  -42 }, // 0x24 '$'
  {   310,  32,  39,  37,    3,  -37 }, // 0x25 '%'
  {   466,  29,  39,  32,    3,  -37 }, // 0x26 '&'
  {   608,   4,  12,  10,    3,  -38 }, // 0x27 '''
  {   614,  14,  54,  18,    3,  -41 }, // 0x28 '('
  {   709,  14,  54,  18,    0,  -41 }, // 0x29 ')'
  {   804,  21,  22,  22,    0,  -36 }, // 0x2A '*'
  {   862,  25,  27,  27,    1,  -29 }, // 0x2B '+'
  {   947,   7,  13,  10,    1,   -5 }, // 0x2C ','
  {   959,  12,   4,  14,    1,  -17 }, // 0x2D '-'
  {   965,   6,   6,  14,    4,   -4 }, // 0x2E '.'
  {   970,  20,  40,  21,    0,  -36 }, // 0x2F '/'
  {  1070,  23,  39,  29,    3,  -37 }, // 0x30 '0'
  {  1183,  14,  37,  29,    4,  -36 }, // 0x31 '1'
  {  1248,  25,  38,  29,    2,  -37 }, // 0x32 '2'
  {  1367,  23,  39,  29,    2,  -37 }, // 0x33 '3'
  {  1480,  27,  37,  29,    1,  -36 }, // 0x34 '4'
  {  1605,  23,  38,  29,    4,  -36 }, // 0x35 '5'
  {  1715,  23,  38,  29,    3,  -36 }, // 0x36 '6'
  {  1825,  25,  37,  29,    2,  -36 }, // 0x37 '7'
  {  1941,  23,  39,  29,    3,  -37 }, // 0x38 '8'
  {  2054,  23,  38,  29,    2,  -37 }, // 0x39 '9'
  {  2164,   5,  29,  11,    3,  -27 }, // 0x3A ':'
  {  2183,   8,  35,  11,    1,  -27 }, // 0x3B ';'
  {  2218,  21,  23,  27,    3,  -27 }, // 0x3C '<'
  {  2279,  21,  15,  27,    3,  -24 }, // 0x3D '='
  {  2319,  21,  23,  27,    3,  -27 }, // 0x3E '>'
  {  2380,  20,  39,  24,    2,  -37 }, // 0x3F '?'
  {  2478,  40,  49,  45,    3,  -36 }, // 0x40 '@'
  {  2723,  32,  37,  33,    1,  -36 }, // 0x41 'A'
  {  2871,  25,  37,  32,    4,  -36 }, // 0x42 'B'
  {  2987,  28,  39,  33,    3,  -37 }, // 0x43 'C'
  {  3124,  26,  37,  33,    4,  -36 }, // 0x44 'D'
  {  3245,  23,  37,  29,    4,  -36 }, // 0x45 'E'
  {  3352,  23,  37,  28,    4,  -36 }, // 0x46 'F'
  {  3459,  28,  39,  35,    3,  -37 }, // 0x47 'G'
  {  3596,  28,  37,  36,    4,  -36 }, // 0x48 'H'
  {  3726,   5,  37,  15,    5,  -36 }, // 0x49 'I'
  {  3750,  23,  38,  28,    1,  -36 }, // 0x4A 'J'
  {  3860,  28,  37,  32,    4,  -36 }, // 0x4B 'K'
  {  3990,  22,  37,  27,    4,  -36 }, // 0x4C 'L'
  {  4092,  36,  37,  44,    4,  -36 }, // 0x4D 'M'
  {  4259,  28,  37,  36,    4,  -36 }, // 0x4E 'N'
  {  4389,  29,  39,  35,    3,  -37 }, // 0x4F 'O'
  {  4531,  26,  37,  32,    4,  -36 }, // 0x50 'P'
  {  4652,  29,  44,  35,    3,  -37 }, // 0x51 'Q'
  {  4812,  27,  37,  31,    4,  -36 }, // 0x52 'R'
  {  4937,  26,  39,  30,    2,  -37 }, // 0x53 'S'
  {  5064,  29,  37,  31,    1,  -36 }, // 0x54 'T'
  {  5199,  26,  38,  32,    3,  -36 }, // 0x55 'U'
  {  5323,  31,  37,  32,    1,  -36 }, // 0x56 'V'
  {  5467,  42,  37,  45,    2,  -36 }, // 0x57 'W'
  {  5662,  30,  37,  32,    1,  -36 }, // 0x58 'X'
  {  5801,  29,  37,  31,    1,  -36 }, // 0x59 'Y'
  {  5936,  27,  37,  31,    2,  -36 }, // 0x5A 'Z'
  {  6061,  10,  50,  14,    4,  -41 }, // 0x5B '['
  {  6124,  20,  40,  21,    1,  -36 }, // 0x5C '\'
  {  6224,  10,  50,  15,    1,  -41 }, // 0x5D ']'
  {  6287,  18,  19,  27,    5,  -37 }, // 0x5E '^'
  {  6330,  23,   4,  25,    1,    1 }, // 0x5F '_'
  {  6342,  11,   8,  15,    2,  -38 }, // 0x60 '`'
  {  6353,  22,  29,  28,    3,  -27 }, // 0x61 'a'
  {  6433,  23,  40,  28,    3,  -38 }, // 0x62 'b'
  {  6548,  23,  29,  26,    2,  -27 }, // 0x63 'c'
  {  6632,  23,  40,  29,    2,  -38 }, // 0x64 'd'
  {  6747,  23,  29,  27,    2,  -27 }, // 0x65 'e'
  {  6831,  16,  40,  19,    2,  -39 }, // 0x66 'f'
  {  6911,  23,  40,  28,    2,  -27 }, // 0x67 'g'
  {  7026,  21,  39,  27,    3,  -38 }, // 0x68 'h'
  {  7129,   5,  38,  13,    4,  -37 }, // 0x69 'i'
  {  7153,  10,  47,  13,   -1,  -34 }, // 0x6A 'j'
  {  7212,  23,  39,  26,    3,  -38 }, // 0x6B 'k'
  {  7325,   5,  39,  13,    4,  -38 }, // 0x6C 'l'
  {  7350,  38,  28,  44,    3,  -27 }, // 0x6D 'm'
  {  7483,  21,  28,  27,    3,  -27 }, // 0x6E 'n'
  {  7557,  25,  29,  29,    2,  -27 }, // 0x6F 'o'
  {  7648,  23,  39,  28,    3,  -27 }, // 0x70 'p'
  {  7761,  23,  39,  29,    2,  -27 }, // 0x71 'q'
  {  7874,  13,  28,  17,    3,  -27 }, // 0x72 'r'
  {  7920,  22,  29,  26,    2,  -27 }, // 0x73 's'
  {  8000,  15,  35,  17,    1,  -33 }, // 0x74 't'
  {  8066,  21,  28,  27,    3,  -26 }, // 0x75 'u'
  {  8140,  23,  27,  25,    1,  -26 }, // 0x76 'v'
  {  8218,  36,  27,  38,    1,  -26 }, // 0x77 'w'
  {  8340,  23,  27,  25,    1,  -26 }, // 0x78 'x'
  {  8418,  23,  39,  24,    0,  -26 }, // 0x79 'y'
  {  8531,  22,  27,  26,    2,  -26 }, // 0x7A 'z'
  {  8606,  16,  50,  18,    1,  -39 }, // 0x7B '{'
  {  8706,   4,  44,  12,    4,  -36 }, // 0x7C '|'
  {  8728,  15,  50,  18,    1,  -40 }, // 0x7D '}'
  {  8822,  28,  10,  32,    2,  -19 }, // 0x7E '~'
  {  8857,  24,  44,  32,    4,  -38 }, // 0x7F 
  {  8989,  24,  44,  32,    4,  -38 }, // 0x80 
  {  9121,  24,  44,  32,    4,  -38 }, // 0x81 
  {  9253,  24,  44,  32,    4,  -38 }, // 0x82 
  {  9385,  24,  44,  32,    4,  -38 }, // 0x83 
  {  9517,  24,  44,  32,    4,  -38 }, // 0x84 
  {  9649,  24,  44,  32,    4,  -38 }, // 0x85 
  {  9781,  24,  44,  32,    4,  -38 }, // 0x86 
  {  9913,  24,  44,  32,    4,  -38 }, // 0x87 
  { 10045,  24,  44,  32,    4,  -38 }, // 0x88 
  { 10177,  24,  44,  32,    4,  -38 }, // 0x89 
  { 10309,  24,  44,  32,    4,  -38 }, // 0x8A 
  { 10441,  24,  44,  32,    4,  -38 }, // 0x8B 
  { 10573,  24,  44,  32,    4,  -38 }, // 0x8C 
  { 10705,  24,  44,  32,    4,  -38 }, // 0x8D 
  { 10837,  24,  44,  32,    4,  -38 }, // 0x8E 
  { 10969,  24,  44,  32,    4,  -38 }, // 0x8F 
  { 11101,  24,  44,  32,    4,  -38 }, // 0x90 
  { 11233,  24,  44,  32,    4,  -38 }, // 0x91 
  { 11365,  24,  44,  32,    4,  -38 }, // 0x92 
  { 11497,  24,  44,  32,    4,  -38 }, // 0x93 
  { 11629,  24,  44,  32,    4,  -38 }, // 0x94 
  { 11761,  24,  44,  32,    4,  -38 }, // 0x95 
  { 11893,  24,  44,  32,    4,  -38 }, // 0x96 
  { 12025,  24,  44,  32,    4,  -38 }, // 0x97 
  { 12157,  24,  44,  32,    4,  -38 }, // 0x98 
  { 12289,  24,  44,  32,    4,  -38 }, // 0x99 
  { 12421,  24,  44,  32,    4,  -38 }, // 0x9A 
  { 12553,  24,  44,  32,    4,  -38 }, // 0x9B 
  { 12685,  24,  44,  32,    4,  -38 }, // 0x9C 
  { 12817,  24,  44,  32,    4,  -38 }, // 0x9D 
  { 12949,  24,  44,  32,    4,  -38 }, // 0x9E 
  { 13081,  24,  44,  32,    4,  -38 }, // 0x9F 
  { 13213,   1,   1,  13,    0,    0 }, // 0xA0 
  { 13214,  24,  44,  32,    4,  -38 }, // 0xA1 '¡'
  { 13346,  23,  40,  28,    3,  -33 }, // 0xA2 '¢'
  { 13461,  26,  38,  30,    2,  -37 }, // 0xA3 '£'
  { 13585,  32,  33,  36,    2,  -31 }, // 0xA4 '¤'
  { 13717,  27,  37,  27,    0,  -36 }, // 0xA5 '¥'
  { 13842,   5,  44,  13,    4,  -36 }, // 0xA6 '¦'
  { 13870,  26,  51,  31,    2,  -37 }, // 0xA7 '§'
  { 14036,  16,   5,  20,    2,  -35 }, // 0xA8 '¨'
  { 14046,  35,  38,  39,    2,  -36 }, // 0xA9 '©'
  { 14213,  23,  23,  27,    2,  -27 }, // 0xAA 'ª'
  { 14280,  20,  20,  24,    2,  -23 }, // 0xAB '«'
  { 14330,  21,  11,  27,    3,  -19 }, // 0xAC '¬'
  { 14359,  24,  44,  32,    4,  -38 }, // 0xAD '­'
  { 14491,  35,  38,  39,    2,  -36 }, // 0xAE '®'
  { 14658,  17,   4,  26,    4,  -36 }, // 0xAF '¯'
  { 14667,  13,  13,  19,    3,  -36 }, // 0xB0 '°'
  { 14689,  23,  32,  27,    2,  -31 }, // 0xB1 '±'
  { 14781,  15,  19,  19,    2,  -35 }, // 0xB2 '²'
  { 14817,  15,  19,  19,    2,  -35 }, // 0xB3 '³'
  { 14853,  11,   8,  15,    2,  -38 }, // 0xB4 '´'
  { 14864,  22,  38,  28,    3,  -26 }, // 0xB5 'µ'
  { 14969,  20,  37,  25,    1,  -36 }, // 0xB6 '¶'
  { 15062,   6,   5,  14,    4,  -20 }, // 0xB7 '·'
  { 15066,   8,  11,  25,    1,    1 }, // 0xB8 '¸'
  { 15077,  10,  20,  20,    3,  -36 }, // 0xB9 '¹'
  { 15102,  25,  26,  27,    1,  -29 }, // 0xBA 'º'
  { 15184,  19,  20,  24,    3,  -23 }, // 0xBB '»'
  { 15232,  33,  34,  37,    3,  -32 }, // 0xBC '¼'
  { 15373,  35,  34,  40,    3,  -33 }, // 0xBD '½'
  { 15522,  37,  35,  40,    2,  -33 }, // 0xBE '¾'
  { 15684,  24,  44,  32,    4,  -38 }, // 0xBF '¿'
  { 15816,  24,  44,  32,    4,  -38 }, // 0xC0 'À'
  { 15948,  24,  44,  32,    4,  -38 }, // 0xC1 'Á'
  { 16080,  24,  44,  32,    4,  -38 }, // 0xC2 'Â'
  { 16212,  24,  44,  32,    4,  -38 }, // 0xC3 'Ã'
  { 16344,  24,  44,  32,    4,  -38 }, // 0xC4 'Ä'
  { 16476,  24,  44,  32,    4,  -38 }, // 0xC5 'Å'
  { 16608,  24,  44,  32,    4,  -38 }, // 0xC6 'Æ'
  { 16740,  24,  44,  32,    4,  -38 }, // 0xC7 'Ç'
  { 16872,  24,  44,  32,    4,  -38 }, // 0xC8 'È'
  { 17004,  24,  44,  32,    4,  -38 }, // 0xC9 'É'
  { 17136,  24,  44,  32,    4,  -38 }, // 0xCA 'Ê'
  { 17268,  24,  44,  32,    4,  -38 }, // 0xCB 'Ë'
  { 17400,  24,  44,  32,    4,  -38 }, // 0xCC 'Ì'
  { 17532,  24,  44,  32,    4,  -38 }, // 0xCD 'Í'
  { 17664,  24,  44,  32,    4,  -38 }, // 0xCE 'Î'
  { 17796,  24,  44,  32,    4,  -38 }, // 0xCF 'Ï'
  { 17928,  24,  44,  32,    4,  -38 }, // 0xD0 'Ð'
  { 18060,  24,  44,  32,    4,  -38 }, // 0xD1 'Ñ'
  { 18192,  24,  44,  32,    4,  -38 }, // 0xD2 'Ò'
  { 18324,  24,  44,  32,    4,  -38 }, // 0xD3 'Ó'
  { 18456,  24,  44,  32,    4,  -38 }, // 0xD4 'Ô'
  { 18588,  24,  44,  32,    4,  -38 }, // 0xD5 'Õ'
  { 18720,  24,  44,  32,    4,  -38 }, // 0xD6 'Ö'
  { 18852,  24,  44,  32,    4,  -38 }, // 0xD7 '×'
  { 18984,  24,  44,  32,    4,  -38 }, // 0xD8 'Ø'
  { 19116,  24,  44,  32,    4,  -38 }, // 0xD9 'Ù'
  { 19248,  24,  44,  32,    4,  -38 }, // 0xDA 'Ú'
  { 19380,  24,  44,  32,    4,  -38 }, // 0xDB 'Û'
  { 19512,  24,  44,  32,    4,  -38 }, // 0xDC 'Ü'
  { 19644,  24,  44,  32,    4,  -38 }, // 0xDD 'Ý'
  { 19776,  24,  44,  32,    4,  -38 }, // 0xDE 'Þ'
  { 19908,  24,  44,  32,    4,  -38 }, // 0xDF 'ß'
  { 20040,  27,  29,  33,    4,  -28 }, // 0xE0 'à'
  { 20138,  24,  29,  27,    2,  -28 }, // 0xE1 'á'
  { 20225,  18,  29,  21,    1,  -28 }, // 0xE2 'â'
  { 20291,  23,  29,  26,    1,  -28 }, // 0xE3 'ã'
  { 20375,  23,  29,  31,    4,  -28 }, // 0xE4 'ä'
  { 20459,   9,  29,  16,    2,  -28 }, // 0xE5 'å'
  { 20492,  14,  29,  18,    2,  -28 }, // 0xE6 'æ'
  { 20543,  23,  29,  31,    4,  -28 }, // 0xE7 'ç'
  { 20627,  24,  30,  32,    4,  -28 }, // 0xE8 'è'
  { 20717,  11,  16,  16,    1,  -28 }, // 0xE9 'é'
  { 20739,  20,  39,  25,    1,  -28 }, // 0xEA 'ê'
  { 20837,  21,  30,  28,    2,  -28 }, // 0xEB 'ë'
  { 20916,  23,  38,  26,    2,  -37 }, // 0xEC 'ì'
  { 21026,  24,  29,  33,    4,  -28 }, // 0xED 'í'
  { 21113,  26,  30,  33,    3,  -29 }, // 0xEE 'î'
  { 21211,   9,  39,  16,    2,  -28 }, // 0xEF 'ï'
  { 21255,  13,  30,  20,    2,  -28 }, // 0xF0 'ð'
  { 21304,  27,  31,  32,    2,  -29 }, // 0xF1 'ñ'
  { 21409,  24,  30,  30,    1,  -28 }, // 0xF2 'ò'
  { 21499,  22,  39,  31,    4,  -28 }, // 0xF3 'ó'
  { 21607,  24,  30,  33,    4,  -28 }, // 0xF4 'ô'
  { 21697,  25,  39,  28,    2,  -28 }, // 0xF5 'õ'
  { 21819,  25,  29,  28,    1,  -28 }, // 0xF6 'ö'
  { 21910,  23,  39,  32,    4,  -28 }, // 0xF7 '÷'
  { 22023,  20,  29,  25,    1,  -28 }, // 0xF8 'ø'
  { 22096,  32,  30,  41,    4,  -28 }, // 0xF9 'ù'
  { 22216,  28,  29,  33,    1,  -28 }, // 0xFA 'ú'
  { 22318,  24,  44,  32,    4,  -38 }, // 0xFB 'û'
  { 22450,  24,  44,  32,    4,  -38 }, // 0xFC 'ü'
  { 22582,  15,  42,   0,  -20,  -36 }, // 0xFD 'ý'
  { 22661,  15,  42,   0,  -21,  -36 }, // 0xFE 'þ'
  { 22740,  24,  44,  32,    4,  -38 } }; // 0xFF 'ÿ'

const GFXfont Heebo_26pt8b PROGMEM = {
  (uint8_t  *)Heebo_26pt8bBitmaps,
  (GFXglyph *)Heebo_26pt8bGlyphs,
  0x20, 0xFF, 75 };

// Approx. 24447 bytes
