const uint8_t Heebo_22pt8bBitmaps[] PROGMEM = {
  0x00, 0xFF, 0xFF, 0xFF, 0xFF, 0xFF, 0xFF, 0xFF, 0xFF, 0xFF, 0xFF, 0xFF,
  0x00, 0x00, 0x6F, 0xF6, 0xE3, 0xF1, 0xF8, 0xFC, 0x7E, 0x3F, 0x1F, 0x8F,
  0xC7, 0xE3, 0xE1, 0x80, 0x00, 0x78, 0x38, 0x00, 0x70, 0x38, 0x00, 0x70,
  0x38, 0x00, 0x70, 0x70, 0x00, 0x70, 0x70, 0x00, 0x70, 0x70, 0x00, 0xE0,
  0x70, 0x00, 0xE0, 0x70, 0x3F, 0xFF, 0xFF, 0x3F, 0xFF, 0xFF, 0x3F, 0xFF,
  0xFF, 0x01, 0xC0, 0xE0, 0x01, 0xC0, 0xE0, 0x01, 0xC1, 0xC0, 0x01, 0xC1,
  0xC0, 0x01, 0xC1, 0xC0, 0x03, 0x81, 0xC0, 0x03, 0x81, 0xC0, 0x03, 0x83,
  0x80, 0xFF, 0xFF, 0xFC, 0xFF, 0xFF, 0xFC, 0xFF, 0xFF, 0xFC, 0x07, 0x03,
  0x80, 0x07, 0x07, 0x00, 0x07, 0x07, 0x00, 0x07, 0x07, 0x00, 0x0E, 0x07,
  0x00, 0x0E, 0x07, 0x00, 0x0E, 0x0E, 0x00, 0x0E, 0x0E, 0x00, 0x00, 0x70,
  0x00, 0x07, 0x00, 0x00, 0x70, 0x00, 0x07, 0x00, 0x00, 0x70, 0x00, 0x07,
  0x00, 0x03, 0xF8, 0x00, 0xFF, 0xF0, 0x1F, 0xFF, 0x83, 0xE0, 0xF8, 0x3C,
  0x07, 0xC7, 0x80, 0x3C, 0x78, 0x01, 0xE7, 0x80, 0x1E, 0x78, 0x01, 0xE7,
  0x80, 0x00, 0x7C, 0x00, 0x03, 0xE0, 0x00, 0x3F, 0x80, 0x01, 0xFF, 0x00,
  0x0F, 0xFE, 0x00, 0x3F, 0xF0, 0x00, 0xFF, 0xC0, 0x01, 0xFE, 0x00, 0x07,
  0xE0, 0x00, 0x1F, 0x00, 0x00, 0xFF, 0x00, 0x0F, 0xF0, 0x00, 0xFF, 0x00,
  0x0F, 0xF8, 0x00, 0xF7, 0x80, 0x1E, 0x7E, 0x03, 0xE3, 0xFF, 0xFC, 0x0F,
  0xFF, 0x00, 0x3F, 0xC0, 0x00, 0xE0, 0x00, 0x0E, 0x00, 0x00, 0xE0, 0x00,
  0x0E, 0x00, 0x0F, 0x80, 0x00, 0x07, 0xFC, 0x00, 0x01, 0xFF, 0xC0, 0x00,
  0x78, 0x3C, 0x00, 0x0E, 0x03, 0x81, 0x81, 0xC0, 0x70, 0x30, 0x38, 0x0E,
  0x0E, 0x07, 0x01, 0xC3, 0x80, 0xE0, 0x38, 0x60, 0x1E, 0x0F, 0x1C, 0x01,
  0xFF, 0xC7, 0x00, 0x1F, 0xF0, 0xC0, 0x00, 0xF8, 0x38, 0x00, 0x00, 0x0E,
  0x00, 0x00, 0x01, 0x80, 0x00, 0x00, 0x70, 0x00, 0x00, 0x1C, 0x3F, 0x00,
  0x03, 0x8F, 0xF0, 0x00, 0xE3, 0xFF, 0x00, 0x38, 0x70, 0xE0, 0x07, 0x1C,
  0x0E, 0x01, 0xC3, 0x81, 0xC0, 0x70, 0x70, 0x38, 0x0E, 0x0E, 0x07, 0x03,
  0x81, 0xC0, 0xE0, 0xE0, 0x38, 0x1C, 0x04, 0x03, 0x87, 0x00, 0x00, 0x7F,
  0xE0, 0x00, 0x07, 0xF8, 0x00, 0x00, 0x7E, 0x00, 0x01, 0xFC, 0x00, 0x03,
  0xFF, 0x00, 0x03, 0xFF, 0xE0, 0x03, 0xE1, 0xF0, 0x03, 0xE0, 0x7C, 0x01,
  0xE0, 0x1E, 0x00, 0xF0, 0x0F, 0x00, 0x78, 0x07, 0x80, 0x3C, 0x07, 0xC0,
  0x1F, 0x07, 0xC0, 0x07, 0x87, 0xC0, 0x01, 0xEF, 0xC0, 0x00, 0xFF, 0xC0,
  0x00, 0x3F, 0x80, 0x00, 0x1F, 0x80, 0x00, 0x1F, 0xE0, 0x00, 0x3F, 0xF8,
  0x1E, 0x1E, 0x3E, 0x0F, 0x1E, 0x0F, 0x87, 0x9F, 0x07, 0xC3, 0xCF, 0x01,
  0xF3, 0xC7, 0x80, 0x7D, 0xE3, 0xC0, 0x1F, 0xF1, 0xE0, 0x07, 0xF0, 0xF8,
  0x01, 0xF0, 0x3C, 0x01, 0xFC, 0x0F, 0x81, 0xFF, 0x07, 0xFF, 0xFF, 0xC0,
  0xFF, 0xF3, 0xE0, 0x1F, 0xE0, 0xF8, 0xFF, 0xFF, 0xFF, 0xFC, 0x00, 0x60,
  0x1C, 0x07, 0x81, 0xE0, 0x78, 0x0E, 0x03, 0xC0, 0xF0, 0x1E, 0x07, 0x80,
  0xF0, 0x1C, 0x07, 0x80, 0xF0, 0x1E, 0x03, 0xC0, 0xF0, 0x1E, 0x03, 0xC0,
  0x78, 0x0F, 0x01, 0xE0, 0x3C, 0x07, 0x80, 0xF0, 0x1E, 0x03, 0xC0, 0x78,
  0x07, 0x80, 0xF0, 0x1E, 0x03, 0xC0, 0x3C, 0x07, 0x80, 0x70, 0x0F, 0x00,
  0xE0, 0x1E, 0x01, 0xE0, 0x1C, 0x03, 0xC0, 0x3C, 0x01, 0x80, 0x10, 0xC0,
  0x1C, 0x03, 0xC0, 0x3C, 0x03, 0xC0, 0x38, 0x07, 0x80, 0x78, 0x0F, 0x00,
  0xF0, 0x1E, 0x01, 0xC0, 0x3C, 0x07, 0x80, 0xF0, 0x1E, 0x01, 0xE0, 0x3C,
  0x07, 0x80, 0xF0, 0x1E, 0x03, 0xC0, 0x78, 0x0F, 0x01, 0xE0, 0x3C, 0x07,
  0x80, 0xF0, 0x3C, 0x07, 0x80, 0xF0, 0x1E, 0x07, 0x80, 0xF0, 0x1C, 0x07,
  0x80, 0xE0, 0x3C, 0x07, 0x01, 0xC0, 0x78, 0x1E, 0x03, 0x00, 0x40, 0x00,
  0x01, 0xC0, 0x00, 0xE0, 0x00, 0x70, 0x00, 0x38, 0x00, 0x1C, 0x03, 0x0E,
  0x0B, 0xE7, 0x3F, 0xFF, 0xFF, 0x7F, 0xFF, 0x03, 0xFC, 0x00, 0xF8, 0x00,
  0xFE, 0x00, 0xF7, 0x00, 0xF3, 0xC0, 0x78, 0xF0, 0x78, 0x3C, 0x18, 0x1C,
  0x00, 0x00, 0x00, 0x00, 0x78, 0x00, 0x01, 0xE0, 0x00, 0x07, 0x80, 0x00,
  0x1E, 0x00, 0x00, 0x78, 0x00, 0x01, 0xE0, 0x00, 0x07, 0x80, 0x00, 0x1E,
  0x00, 0x00, 0x78, 0x00, 0x01, 0xE0, 0x0F, 0xFF, 0xFF, 0xFF, 0xFF, 0xFF,
  0xFF, 0xFF, 0xFC, 0x01, 0xE0, 0x00, 0x07, 0x80, 0x00, 0x1E, 0x00, 0x00,
  0x78, 0x00, 0x01, 0xE0, 0x00, 0x07, 0x80, 0x00, 0x1E, 0x00, 0x00, 0x78,
  0x00, 0x01, 0xE0, 0x00, 0x07, 0x80, 0x00, 0x3C, 0xF3, 0xCF, 0x3C, 0xF7,
  0x9E, 0xF1, 0x80, 0x00, 0xFF, 0xFF, 0xFF, 0xFC, 0x77, 0xFE, 0xE0, 0x00,
  0x07, 0x00, 0x03, 0x80, 0x03, 0xC0, 0x01, 0xC0, 0x01, 0xE0, 0x00, 0xE0,
  0x00, 0x70, 0x00, 0x78, 0x00, 0x38, 0x00, 0x3C, 0x00, 0x1C, 0x00, 0x0E,
  0x00, 0x0F, 0x00, 0x07, 0x00, 0x03, 0x80, 0x03, 0xC0, 0x01, 0xC0, 0x01,
  0xE0, 0x00, 0xE0, 0x00, 0x70, 0x00, 0x78, 0x00, 0x38, 0x00, 0x3C, 0x00,
  0x1C, 0x00, 0x0E, 0x00, 0x0F, 0x00, 0x07, 0x00, 0x07, 0x80, 0x03, 0xC0,
  0x01, 0xC0, 0x01, 0xE0, 0x00, 0xE0, 0x00, 0x70, 0x00, 0x00, 0x03, 0xF8,
  0x01, 0xFF, 0xC0, 0x7F, 0xFC, 0x1F, 0x07, 0xC7, 0xC0, 0x7C, 0xF0, 0x07,
  0x9E, 0x00, 0xF7, 0x80, 0x0F, 0xF0, 0x01, 0xFE, 0x00, 0x3F, 0xC0, 0x07,
  0xF8, 0x00, 0xFF, 0x00, 0x1F, 0xE0, 0x03, 0xFC, 0x00, 0x7F, 0x80, 0x0F,
  0xF0, 0x01, 0xFE, 0x00, 0x3F, 0xC0, 0x07, 0xF8, 0x00, 0xFF, 0x00, 0x1F,
  0xE0, 0x03, 0xFC, 0x00, 0x7B, 0xC0, 0x1E, 0x78, 0x03, 0xC7, 0x80, 0xF8,
  0xF8, 0x3E, 0x0F, 0xFF, 0x80, 0xFF, 0xE0, 0x07, 0xF0, 0x00, 0x00, 0x30,
  0x1F, 0x0F, 0xF3, 0xFF, 0xFF, 0xFF, 0xCF, 0xE0, 0xF0, 0x0F, 0x00, 0xF0,
  0x0F, 0x00, 0xF0, 0x0F, 0x00, 0xF0, 0x0F, 0x00, 0xF0, 0x0F, 0x00, 0xF0,
  0x0F, 0x00, 0xF0, 0x0F, 0x00, 0xF0, 0x0F, 0x00, 0xF0, 0x0F, 0x00, 0xF0,
  0x0F, 0x00, 0xF0, 0x0F, 0x00, 0xF0, 0x0F, 0x03, 0xFC, 0x00, 0x7F, 0xF8,
  0x07, 0xFF, 0xE0, 0x7C, 0x1F, 0x87, 0xC0, 0x3C, 0x3C, 0x01, 0xF3, 0xC0,
  0x07, 0x9E, 0x00, 0x3C, 0xF0, 0x01, 0xE0, 0x00, 0x0F, 0x00, 0x00, 0x78,
  0x00, 0x07, 0x80, 0x00, 0x3C, 0x00, 0x03, 0xC0, 0x00, 0x3E, 0x00, 0x03,
  0xE0, 0x00, 0x1E, 0x00, 0x01, 0xE0, 0x00, 0x1E, 0x00, 0x01, 0xE0, 0x00,
  0x1E, 0x00, 0x01, 0xE0, 0x00, 0x1F, 0x00, 0x01, 0xF0, 0x00, 0x1F, 0x00,
  0x00, 0xF0, 0x00, 0x0F, 0x00, 0x00, 0xFF, 0xFF, 0xF7, 0xFF, 0xFF, 0xBF,
  0xFF, 0xFC, 0x03, 0xF8, 0x01, 0xFF, 0xE0, 0xFF, 0xFE, 0x1F, 0x07, 0xE7,
  0x80, 0x3D, 0xF0, 0x07, 0xFC, 0x00, 0x7F, 0x80, 0x0F, 0x00, 0x01, 0xE0,
  0x00, 0x3C, 0x00, 0x0F, 0x00, 0x01, 0xE0, 0x00, 0xF8, 0x07, 0xFE, 0x00,
  0xFF, 0x00, 0x1F, 0xF8, 0x00, 0x0F, 0x80, 0x00, 0x78, 0x00, 0x0F, 0x00,
  0x00, 0xF0, 0x00, 0x1E, 0x00, 0x03, 0xFC, 0x00, 0x7F, 0x80, 0x0F, 0xF8,
  0x03, 0xEF, 0x00, 0x79, 0xF8, 0x3E, 0x1F, 0xFF, 0xC0, 0xFF, 0xE0, 0x07,
  0xF0, 0x00, 0x00, 0x07, 0xC0, 0x00, 0x1F, 0x00, 0x00, 0xFC, 0x00, 0x07,
  0xF0, 0x00, 0x1F, 0xC0, 0x00, 0xFF, 0x00, 0x07, 0xBC, 0x00, 0x1E, 0xF0,
  0x00, 0xF3, 0xC0, 0x07, 0x8F, 0x00, 0x1E, 0x3C, 0x00, 0xF0, 0xF0, 0x07,
  0x83, 0xC0, 0x1E, 0x0F, 0x00, 0xF0, 0x3C, 0x03, 0x80, 0xF0, 0x1E, 0x03,
  0xC0, 0xF0, 0x0F, 0x03, 0x80, 0x3C, 0x1E, 0x00, 0xF0, 0xFF, 0xFF, 0xFF,
  0xFF, 0xFF, 0xFF, 0xFF, 0xFF, 0xC0, 0x00, 0xF0, 0x00, 0x03, 0xC0, 0x00,
  0x0F, 0x00, 0x00, 0x3C, 0x00, 0x00, 0xF0, 0x00, 0x03, 0xC0, 0x00, 0x0F,
  0x00, 0x3F, 0xFF, 0xC7, 0xFF, 0xF8, 0xFF, 0xFF, 0x1E, 0x00, 0x03, 0x80,
  0x00, 0x70, 0x00, 0x0E, 0x00, 0x03, 0xC0, 0x00, 0x78, 0x00, 0x0F, 0x00,
  0x01, 0xEF, 0xE0, 0x3F, 0xFF, 0x07, 0xFF, 0xF0, 0xF8, 0x3F, 0x0E, 0x01,
  0xF0, 0x00, 0x1E, 0x00, 0x03, 0xE0, 0x00, 0x3C, 0x00, 0x07, 0x80, 0x00,
  0xF0, 0x00, 0x1E, 0x00, 0x03, 0xFC, 0x00, 0x7F, 0x80, 0x1F, 0xF0, 0x03,
  0xCF, 0x00, 0xF9, 0xF8, 0x3E, 0x1F, 0xFF, 0x80, 0xFF, 0xE0, 0x07, 0xF0,
  0x00, 0x00, 0x3E, 0x00, 0x3F, 0xC0, 0x1F, 0xF8, 0x07, 0xF0, 0x01, 0xF0,
  0x00, 0x3C, 0x00, 0x0F, 0x00, 0x01, 0xE0, 0x00, 0x78, 0x00, 0x0F, 0x00,
  0x01, 0xC7, 0xF0, 0x7B, 0xFF, 0x0F, 0xFF, 0xF1, 0xFC, 0x1F, 0x3F, 0x01,
  0xF7, 0xC0, 0x1E, 0xF0, 0x03, 0xFE, 0x00, 0x3F, 0xC0, 0x07, 0xF8, 0x00,
  0xFF, 0x00, 0x1F, 0xE0, 0x03, 0xDE, 0x00, 0x7B, 0xC0, 0x1E, 0x78, 0x03,
  0xC7, 0x80, 0xF8, 0xFC, 0x3E, 0x0F, 0xFF, 0x80, 0x7F, 0xE0, 0x07, 0xF0,
  0x00, 0xFF, 0xFF, 0xFF, 0xFF, 0xFF, 0xFF, 0xFF, 0xFE, 0x00, 0x00, 0xE0,
  0x00, 0x0F, 0x00, 0x00, 0x70, 0x00, 0x07, 0x80, 0x00, 0x3C, 0x00, 0x03,
  0xC0, 0x00, 0x1E, 0x00, 0x01, 0xE0, 0x00, 0x0F, 0x00, 0x00, 0xF0, 0x00,
  0x07, 0x80, 0x00, 0x78, 0x00, 0x03, 0xC0, 0x00, 0x3C, 0x00, 0x01, 0xE0,
  0x00, 0x1E, 0x00, 0x00, 0xF0, 0x00, 0x0F, 0x80, 0x00, 0x78, 0x00, 0x03,
  0xC0, 0x00, 0x3C, 0x00, 0x01, 0xE0, 0x00, 0x1E, 0x00, 0x00, 0xF0, 0x00,
  0x0F, 0x00, 0x00, 0x78, 0x00, 0x07, 0x80, 0x00, 0x01, 0xFC, 0x00, 0xFF,
  0xF0, 0x1F, 0xFF, 0x83, 0xF0, 0xFC, 0x3C, 0x03, 0xC7, 0x80, 0x3E, 0x78,
  0x01, 0xE7, 0x80, 0x1E, 0x78, 0x01, 0xE7, 0x80, 0x1E, 0x3C, 0x03, 0xC3,
  0xE0, 0x7C, 0x1F, 0xFF, 0x80, 0xFF, 0xF0, 0x0F, 0xFF, 0x01, 0xFF, 0xF8,
  0x3E, 0x07, 0xC7, 0x80, 0x1E, 0xF8, 0x01, 0xEF, 0x00, 0x0F, 0xF0, 0x00,
  0xFF, 0x00, 0x0F, 0xF0, 0x00, 0xFF, 0x00, 0x0F, 0xF8, 0x01, 0xE7, 0xC0,
  0x3E, 0x3E, 0x07, 0xC1, 0xFF, 0xF8, 0x0F, 0xFF, 0x00, 0x3F, 0xC0, 0x03,
  0xF8, 0x01, 0xFF, 0xC0, 0x7F, 0xFC, 0x1F, 0x0F, 0xC7, 0xC0, 0x78, 0xF0,
  0x0F, 0xBE, 0x00, 0xF7, 0x80, 0x1E, 0xF0, 0x01, 0xFE, 0x00, 0x3F, 0xC0,
  0x07, 0xF8, 0x00, 0xFF, 0x00, 0x1F, 0xF0, 0x03, 0xDE, 0x00, 0xFB, 0xE0,
  0x3F, 0x3E, 0x0F, 0xE3, 0xFF, 0xBC, 0x3F, 0xE7, 0x81, 0xF0, 0xE0, 0x00,
  0x3C, 0x00, 0x07, 0x80, 0x00, 0xF0, 0x00, 0x3C, 0x00, 0x0F, 0x80, 0x03,
  0xE0, 0x01, 0xF8, 0x07, 0xFE, 0x00, 0xFF, 0x00, 0x1F, 0x80, 0x00, 0x77,
  0xFE, 0xE0, 0x00, 0x00, 0x00, 0x00, 0x00, 0x00, 0x00, 0x00, 0x00, 0xEF,
  0xFD, 0xC0, 0x39, 0xF7, 0xCE, 0x00, 0x00, 0x00, 0x00, 0x00, 0x00, 0x00,
  0x00, 0x00, 0x00, 0xF3, 0xCF, 0x3C, 0xF3, 0xDE, 0x7B, 0xEF, 0x18, 0x00,
  0x00, 0x80, 0x01, 0xC0, 0x03, 0xE0, 0x07, 0xF0, 0x1F, 0xF0, 0x3F, 0xE0,
  0x7F, 0x80, 0xFF, 0x00, 0xFE, 0x00, 0x78, 0x00, 0x3F, 0x00, 0x0F, 0xF0,
  0x01, 0xFE, 0x00, 0x3F, 0xE0, 0x07, 0xFC, 0x00, 0x7F, 0x00, 0x0F, 0x80,
  0x01, 0xC0, 0x00, 0x20, 0xFF, 0xFF, 0xFF, 0xFF, 0xFF, 0xFF, 0xFC, 0x00,
  0x00, 0x00, 0x00, 0x00, 0x00, 0x00, 0x00, 0x00, 0x00, 0x00, 0x00, 0x00,
  0x3F, 0xFF, 0xFF, 0xFF, 0xFF, 0xFF, 0xFF, 0x80, 0x00, 0x38, 0x00, 0x0F,
  0xC0, 0x03, 0xFC, 0x00, 0x7F, 0xC0, 0x03, 0xFC, 0x00, 0x3F, 0xE0, 0x01,
  0xFE, 0x00, 0x0F, 0xC0, 0x00, 0xF0, 0x01, 0xFC, 0x01, 0xFE, 0x03, 0xFE,
  0x03, 0xFC, 0x07, 0xFC, 0x03, 0xFC, 0x00, 0xF8, 0x00, 0x38, 0x00, 0x08,
  0x00, 0x00, 0x07, 0xF0, 0x0F, 0xFE, 0x0F, 0xFF, 0x8F, 0x83, 0xEF, 0x80,
  0xF7, 0x80, 0x3F, 0xC0, 0x1E, 0x00, 0x0F, 0x00, 0x07, 0x80, 0x03, 0xC0,
  0x03, 0xE0, 0x01, 0xE0, 0x01, 0xE0, 0x01, 0xF0, 0x01, 0xF0, 0x01, 0xF0,
  0x01, 0xF0, 0x00, 0xF0, 0x00, 0xF0, 0x00, 0x78, 0x00, 0x3C, 0x00, 0x1E,
  0x00, 0x00, 0x00, 0x00, 0x00, 0x00, 0x00, 0x00, 0x00, 0x00, 0x60, 0x00,
  0x78, 0x00, 0x3C, 0x00, 0x0C, 0x00, 0x00, 0x07, 0xFC, 0x00, 0x00, 0x0F,
  0xFF, 0xE0, 0x00, 0x07, 0xFF, 0xFE, 0x00, 0x07, 0xE0, 0x0F, 0xC0, 0x03,
  0xE0, 0x00, 0x78, 0x01, 0xE0, 0x00, 0x0F, 0x00, 0xF0, 0x00, 0x01, 0xE0,
  0x38, 0x00, 0x00, 0x38, 0x1C, 0x00, 0x00, 0x07, 0x0F, 0x00, 0x3E, 0x01,
  0xC3, 0x80, 0x3F, 0xE0, 0x39, 0xE0, 0x1F, 0xFC, 0x0E, 0x70, 0x0F, 0x07,
  0x03, 0x9C, 0x07, 0x81, 0xC0, 0xF7, 0x01, 0xC0, 0x70, 0x1F, 0x80, 0xF0,
  0x3C, 0x07, 0xE0, 0x38, 0x0E, 0x01, 0xF8, 0x1E, 0x03, 0x80, 0x7E, 0x07,
  0x80, 0xE0, 0x1F, 0x81, 0xC0, 0x38, 0x07, 0xE0, 0x70, 0x0E, 0x01, 0xF8,
  0x1C, 0x03, 0x80, 0x7E, 0x07, 0x00, 0xE0, 0x3F, 0x81, 0xC0, 0x38, 0x0E,
  0xE0, 0x70, 0x1E, 0x03, 0xBC, 0x1E, 0x0F, 0x81, 0xE7, 0x07, 0xC7, 0xF0,
  0xF1, 0xC0, 0xFF, 0x9F, 0xF8, 0x70, 0x1F, 0xC7, 0xFC, 0x0E, 0x03, 0xE0,
  0x7C, 0x03, 0x80, 0x00, 0x00, 0x00, 0x70, 0x00, 0x00, 0x00, 0x1E, 0x00,
  0x00, 0x00, 0x03, 0xC0, 0x00, 0x00, 0x00, 0x7C, 0x00, 0x00, 0x00, 0x0F,
  0xC0, 0x38, 0x00, 0x01, 0xFF, 0xFF, 0x00, 0x00, 0x1F, 0xFF, 0x80, 0x00,
  0x00, 0xFF, 0x00, 0x00, 0x00, 0x1E, 0x00, 0x00, 0x03, 0xE0, 0x00, 0x00,
  0xFC, 0x00, 0x00, 0x1F, 0x80, 0x00, 0x07, 0xF8, 0x00, 0x00, 0xFF, 0x00,
  0x00, 0x1F, 0xF0, 0x00, 0x07, 0x9E, 0x00, 0x00, 0xF3, 0xC0, 0x00, 0x1E,
  0x3C, 0x00, 0x07, 0x87, 0x80, 0x00, 0xF0, 0xF0, 0x00, 0x3C, 0x0F, 0x00,
  0x07, 0x81, 0xE0, 0x00, 0xF0, 0x1E, 0x00, 0x3C, 0x03, 0xC0, 0x07, 0x80,
  0x78, 0x00, 0xF0, 0x07, 0x80, 0x3C, 0x00, 0xF0, 0x07, 0xFF, 0xFF, 0x01,
  0xFF, 0xFF, 0xE0, 0x3F, 0xFF, 0xFC, 0x07, 0x80, 0x03, 0xC1, 0xF0, 0x00,
  0x78, 0x3C, 0x00, 0x0F, 0x87, 0x80, 0x00, 0xF1, 0xE0, 0x00, 0x1E, 0x3C,
  0x00, 0x01, 0xEF, 0x80, 0x00, 0x3D, 0xE0, 0x00, 0x07, 0xC0, 0xFF, 0xFC,
  0x07, 0xFF, 0xFC, 0x3F, 0xFF, 0xF1, 0xE0, 0x0F, 0xCF, 0x00, 0x1E, 0x78,
  0x00, 0x7B, 0xC0, 0x03, 0xDE, 0x00, 0x1E, 0xF0, 0x00, 0xF7, 0x80, 0x07,
  0xBC, 0x00, 0x7D, 0xE0, 0x03, 0xCF, 0x00, 0x7C, 0x7F, 0xFF, 0xC3, 0xFF,
  0xFC, 0x1F, 0xFF, 0xF8, 0xF0, 0x03, 0xE7, 0x80, 0x07, 0xBC, 0x00, 0x3D,
  0xE0, 0x00, 0xFF, 0x00, 0x07, 0xF8, 0x00, 0x3F, 0xC0, 0x01, 0xFE, 0x00,
  0x0F, 0xF0, 0x00, 0xFF, 0x80, 0x0F, 0xBC, 0x00, 0xF9, 0xFF, 0xFF, 0xCF,
  0xFF, 0xF8, 0x7F, 0xFF, 0x00, 0x00, 0xFF, 0x00, 0x03, 0xFF, 0xE0, 0x07,
  0xFF, 0xF0, 0x0F, 0x81, 0xF8, 0x1E, 0x00, 0x7C, 0x3C, 0x00, 0x3C, 0x7C,
  0x00, 0x3E, 0x78, 0x00, 0x1E, 0x78, 0x00, 0x1E, 0xF0, 0x00, 0x1E, 0xF0,
  0x00, 0x00, 0xF0, 0x00, 0x00, 0xF0, 0x00, 0x00, 0xF0, 0x00, 0x00, 0xF0,
  0x00, 0x00, 0xF0, 0x00, 0x00, 0xF0, 0x00, 0x00, 0xF0, 0x00, 0x00, 0xF0,
  0x00, 0x00, 0xF0, 0x00, 0x00, 0xF0, 0x00, 0x1E, 0x78, 0x00, 0x1E, 0x78,
  0x00, 0x1E, 0x7C, 0x00, 0x3E, 0x3C, 0x00, 0x3C, 0x1E, 0x00, 0x7C, 0x1F,
  0x81, 0xF8, 0x0F, 0xFF, 0xF0, 0x03, 0xFF, 0xC0, 0x00, 0xFF, 0x00, 0xFF,
  0xF8, 0x03, 0xFF, 0xF8, 0x0F, 0xFF, 0xF8, 0x3C, 0x03, 0xF0, 0xF0, 0x03,
  0xE3, 0xC0, 0x07, 0xCF, 0x00, 0x0F, 0x3C, 0x00, 0x1E, 0xF0, 0x00, 0x7B,
  0xC0, 0x01, 0xEF, 0x00, 0x03, 0xFC, 0x00, 0x0F, 0xF0, 0x00, 0x3F, 0xC0,
  0x00, 0xFF, 0x00, 0x03, 0xFC, 0x00, 0x0F, 0xF0, 0x00, 0x3F, 0xC0, 0x00,
  0xFF, 0x00, 0x03, 0xFC, 0x00, 0x0F, 0xF0, 0x00, 0x7B, 0xC0, 0x01, 0xEF,
  0x00, 0x07, 0xBC, 0x00, 0x3C, 0xF0, 0x01, 0xF3, 0xC0, 0x0F, 0x8F, 0x00,
  0xFC, 0x3F, 0xFF, 0xE0, 0xFF, 0xFE, 0x03, 0xFF, 0xC0, 0x00, 0xFF, 0xFF,
  0xFF, 0xFF, 0xFF, 0xFF, 0xFF, 0xFF, 0x00, 0x00, 0xF0, 0x00, 0x0F, 0x00,
  0x00, 0xF0, 0x00, 0x0F, 0x00, 0x00, 0xF0, 0x00, 0x0F, 0x00, 0x00, 0xF0,
  0x00, 0x0F, 0x00, 0x00, 0xF0, 0x00, 0x0F, 0xFF, 0xFC, 0xFF, 0xFF, 0xCF,
  0xFF, 0xFC, 0xF0, 0x00, 0x0F, 0x00, 0x00, 0xF0, 0x00, 0x0F, 0x00, 0x00,
  0xF0, 0x00, 0x0F, 0x00, 0x00, 0xF0, 0x00, 0x0F, 0x00, 0x00, 0xF0, 0x00,
  0x0F, 0x00, 0x00, 0xF0, 0x00, 0x0F, 0xFF, 0xFF, 0xFF, 0xFF, 0xFF, 0xFF,
  0xFF, 0xFF, 0xFF, 0xFF, 0xFF, 0xFF, 0xFF, 0xFF, 0xF8, 0x00, 0x0F, 0x00,
  0x01, 0xE0, 0x00, 0x3C, 0x00, 0x07, 0x80, 0x00, 0xF0, 0x00, 0x1E, 0x00,
  0x03, 0xC0, 0x00, 0x78, 0x00, 0x0F, 0x00, 0x01, 0xFF, 0xFF, 0x3F, 0xFF,
  0xE7, 0xFF, 0xFC, 0xF0, 0x00, 0x1E, 0x00, 0x03, 0xC0, 0x00, 0x78, 0x00,
  0x0F, 0x00, 0x01, 0xE0, 0x00, 0x3C, 0x00, 0x07, 0x80, 0x00, 0xF0, 0x00,
  0x1E, 0x00, 0x03, 0xC0, 0x00, 0x78, 0x00, 0x0F, 0x00, 0x01, 0xE0, 0x00,
  0x00, 0x00, 0xFF, 0x80, 0x03, 0xFF, 0xE0, 0x0F, 0xFF, 0xF8, 0x1F, 0x80,
  0xFC, 0x1E, 0x00, 0x3C, 0x3C, 0x00, 0x1E, 0x7C, 0x00, 0x1E, 0x78, 0x00,
  0x0F, 0x78, 0x00, 0x0F, 0xF0, 0x00, 0x00, 0xF0, 0x00, 0x00, 0xF0, 0x00,
  0x00, 0xF0, 0x00, 0x00, 0xF0, 0x00, 0x00, 0xF0, 0x00, 0x00, 0xF0, 0x07,
  0xFF, 0xF0, 0x07, 0xFF, 0xF0, 0x07, 0xFF, 0xF0, 0x00, 0x0F, 0xF0, 0x00,
  0x0F, 0xF8, 0x00, 0x0F, 0x78, 0x00, 0x0F, 0x78, 0x00, 0x0F, 0x3C, 0x00,
  0x0F, 0x3E, 0x00, 0x0F, 0x1F, 0x00, 0x1F, 0x0F, 0xC0, 0x7E, 0x07, 0xFF,
  0xFC, 0x03, 0xFF, 0xF8, 0x00, 0x7F, 0xC0, 0xF0, 0x00, 0x0F, 0xF0, 0x00,
  0x0F, 0xF0, 0x00, 0x0F, 0xF0, 0x00, 0x0F, 0xF0, 0x00, 0x0F, 0xF0, 0x00,
  0x0F, 0xF0, 0x00, 0x0F, 0xF0, 0x00, 0x0F, 0xF0, 0x00, 0x0F, 0xF0, 0x00,
  0x0F, 0xF0, 0x00, 0x0F, 0xF0, 0x00, 0x0F, 0xF0, 0x00, 0x0F, 0xFF, 0xFF,
  0xFF, 0xFF, 0xFF, 0xFF, 0xFF, 0xFF, 0xFF, 0xF0, 0x00, 0x0F, 0xF0, 0x00,
  0x0F, 0xF0, 0x00, 0x0F, 0xF0, 0x00, 0x0F, 0xF0, 0x00, 0x0F, 0xF0, 0x00,
  0x0F, 0xF0, 0x00, 0x0F, 0xF0, 0x00, 0x0F, 0xF0, 0x00, 0x0F, 0xF0, 0x00,
  0x0F, 0xF0, 0x00, 0x0F, 0xF0, 0x00, 0x0F, 0xF0, 0x00, 0x0F, 0xF0, 0x00,
  0x0F, 0xFF, 0xFF, 0xFF, 0xFF, 0xFF, 0xFF, 0xFF, 0xFF, 0xFF, 0xFF, 0xFF,
  0xFF, 0xFF, 0xFF, 0xFF, 0x00, 0x01, 0xE0, 0x00, 0x3C, 0x00, 0x07, 0x80,
  0x00, 0xF0, 0x00, 0x1E, 0x00, 0x03, 0xC0, 0x00, 0x78, 0x00, 0x0F, 0x00,
  0x01, 0xE0, 0x00, 0x3C, 0x00, 0x07, 0x80, 0x00, 0xF0, 0x00, 0x1E, 0x00,
  0x03, 0xC0, 0x00, 0x78, 0x00, 0x0F, 0x00, 0x01, 0xE0, 0x00, 0x3C, 0x00,
  0x07, 0x80, 0x00, 0xF0, 0x00, 0x1E, 0x00, 0x03, 0xFC, 0x00, 0x7F, 0x80,
  0x0F, 0xF8, 0x03, 0xCF, 0x00, 0xF9, 0xF8, 0x3E, 0x1F, 0xFF, 0xC1, 0xFF,
  0xE0, 0x07, 0xF0, 0x00, 0xF0, 0x00, 0x7D, 0xE0, 0x01, 0xF3, 0xC0, 0x07,
  0xC7, 0x80, 0x1F, 0x0F, 0x00, 0x7C, 0x1E, 0x00, 0xF8, 0x3C, 0x03, 0xE0,
  0x78, 0x0F, 0x80, 0xF0, 0x3E, 0x01, 0xE0, 0xF8, 0x03, 0xC3, 0xE0, 0x07,
  0x8F, 0x80, 0x0F, 0x3E, 0x00, 0x1E, 0xFC, 0x00, 0x3F, 0xF8, 0x00, 0x7F,
  0xF8, 0x00, 0xFE, 0xF8, 0x01, 0xF8, 0xF8, 0x03, 0xE0, 0xF8, 0x07, 0x81,
  0xF0, 0x0F, 0x01, 0xF0, 0x1E, 0x01, 0xF0, 0x3C, 0x01, 0xF0, 0x78, 0x03,
  0xE0, 0xF0, 0x03, 0xE1, 0xE0, 0x03, 0xE3, 0xC0, 0x03, 0xE7, 0x80, 0x03,
  0xCF, 0x00, 0x07, 0xDE, 0x00, 0x07, 0xC0, 0xF0, 0x00, 0x1E, 0x00, 0x03,
  0xC0, 0x00, 0x78, 0x00, 0x0F, 0x00, 0x01, 0xE0, 0x00, 0x3C, 0x00, 0x07,
  0x80, 0x00, 0xF0, 0x00, 0x1E, 0x00, 0x03, 0xC0, 0x00, 0x78, 0x00, 0x0F,
  0x00, 0x01, 0xE0, 0x00, 0x3C, 0x00, 0x07, 0x80, 0x00, 0xF0, 0x00, 0x1E,
  0x00, 0x03, 0xC0, 0x00, 0x78, 0x00, 0x0F, 0x00, 0x01, 0xE0, 0x00, 0x3C,
  0x00, 0x07, 0x80, 0x00, 0xF0, 0x00, 0x1E, 0x00, 0x03, 0xC0, 0x00, 0x7F,
  0xFF, 0xFF, 0xFF, 0xFF, 0xFF, 0xFF, 0xC0, 0xFC, 0x00, 0x00, 0x7F, 0xF8,
  0x00, 0x00, 0xFF, 0xF8, 0x00, 0x03, 0xFF, 0xF0, 0x00, 0x07, 0xFF, 0xE0,
  0x00, 0x0F, 0xFF, 0xE0, 0x00, 0x3F, 0xFF, 0xC0, 0x00, 0x7F, 0xFB, 0xC0,
  0x01, 0xFF, 0xF7, 0x80, 0x03, 0xDF, 0xEF, 0x00, 0x07, 0xBF, 0xCF, 0x00,
  0x1E, 0x7F, 0x9E, 0x00, 0x3C, 0xFF, 0x1E, 0x00, 0xF1, 0xFE, 0x3C, 0x01,
  0xE3, 0xFC, 0x78, 0x03, 0xC7, 0xF8, 0x78, 0x0F, 0x0F, 0xF0, 0xF0, 0x1E,
  0x1F, 0xE0, 0xF0, 0x78, 0x3F, 0xC1, 0xE0, 0xF0, 0x7F, 0x81, 0xC1, 0xC0,
  0xFF, 0x03, 0xC7, 0x81, 0xFE, 0x07, 0x8F, 0x03, 0xFC, 0x07, 0xBC, 0x07,
  0xF8, 0x0F, 0x78, 0x0F, 0xF0, 0x0F, 0xE0, 0x1F, 0xE0, 0x1F, 0xC0, 0x3F,
  0xC0, 0x3F, 0x80, 0x7F, 0x80, 0x3E, 0x00, 0xFF, 0x00, 0x7C, 0x01, 0xFE,
  0x00, 0x70, 0x03, 0xC0, 0xF0, 0x00, 0x0F, 0xF8, 0x00, 0x0F, 0xFC, 0x00,
  0x0F, 0xFC, 0x00, 0x0F, 0xFE, 0x00, 0x0F, 0xFF, 0x00, 0x0F, 0xFF, 0x00,
  0x0F, 0xFF, 0x80, 0x0F, 0xF7, 0xC0, 0x0F, 0xF3, 0xE0, 0x0F, 0xF1, 0xE0,
  0x0F, 0xF1, 0xF0, 0x0F, 0xF0, 0xF8, 0x0F, 0xF0, 0x78, 0x0F, 0xF0, 0x7C,
  0x0F, 0xF0, 0x3E, 0x0F, 0xF0, 0x1E, 0x0F, 0xF0, 0x1F, 0x0F, 0xF0, 0x0F,
  0x8F, 0xF0, 0x07, 0x8F, 0xF0, 0x07, 0xCF, 0xF0, 0x03, 0xEF, 0xF0, 0x01,
  0xEF, 0xF0, 0x01, 0xFF, 0xF0, 0x00, 0xFF, 0xF0, 0x00, 0x7F, 0xF0, 0x00,
  0x3F, 0xF0, 0x00, 0x3F, 0xF0, 0x00, 0x1F, 0xF0, 0x00, 0x0F, 0x00, 0x7F,
  0x00, 0x01, 0xFF, 0xF0, 0x01, 0xFF, 0xFC, 0x01, 0xF8, 0x3F, 0x01, 0xF0,
  0x07, 0xC1, 0xF0, 0x01, 0xF0, 0xF0, 0x00, 0x78, 0xF0, 0x00, 0x1E, 0x78,
  0x00, 0x0F, 0x7C, 0x00, 0x07, 0xBC, 0x00, 0x01, 0xFE, 0x00, 0x00, 0xFF,
  0x00, 0x00, 0x7F, 0x80, 0x00, 0x3F, 0xC0, 0x00, 0x1F, 0xE0, 0x00, 0x0F,
  0xF0, 0x00, 0x07, 0xF8, 0x00, 0x03, 0xFC, 0x00, 0x01, 0xFE, 0x00, 0x00,
  0xFF, 0x80, 0x00, 0xF3, 0xC0, 0x00, 0x79, 0xE0, 0x00, 0x3C, 0x78, 0x00,
  0x3C, 0x3E, 0x00, 0x3E, 0x0F, 0x80, 0x3E, 0x03, 0xF0, 0x3E, 0x00, 0xFF,
  0xFE, 0x00, 0x3F, 0xFE, 0x00, 0x03, 0xF8, 0x00, 0xFF, 0xFE, 0x03, 0xFF,
  0xFF, 0x0F, 0xFF, 0xFE, 0x3C, 0x00, 0xFC, 0xF0, 0x00, 0xFB, 0xC0, 0x01,
  0xEF, 0x00, 0x07, 0xFC, 0x00, 0x0F, 0xF0, 0x00, 0x3F, 0xC0, 0x00, 0xFF,
  0x00, 0x03, 0xFC, 0x00, 0x0F, 0xF0, 0x00, 0x7B, 0xC0, 0x03, 0xEF, 0x00,
  0x1F, 0x3F, 0xFF, 0xF8, 0xFF, 0xFF, 0xC3, 0xFF, 0xF8, 0x0F, 0x00, 0x00,
  0x3C, 0x00, 0x00, 0xF0, 0x00, 0x03, 0xC0, 0x00, 0x0F, 0x00, 0x00, 0x3C,
  0x00, 0x00, 0xF0, 0x00, 0x03, 0xC0, 0x00, 0x0F, 0x00, 0x00, 0x3C, 0x00,
  0x00, 0xF0, 0x00, 0x03, 0xC0, 0x00, 0x00, 0x00, 0x7F, 0x00, 0x01, 0xFF,
  0xF0, 0x01, 0xFF, 0xFC, 0x01, 0xF8, 0x3F, 0x01, 0xF0, 0x07, 0xC1, 0xF0,
  0x01, 0xF0, 0xF0, 0x00, 0x78, 0xF0, 0x00, 0x1E, 0x78, 0x00, 0x0F, 0x7C,
  0x00, 0x07, 0xBC, 0x00, 0x01, 0xFE, 0x00, 0x00, 0xFF, 0x00, 0x00, 0x7F,
  0x80, 0x00, 0x3F, 0xC0, 0x00, 0x1F, 0xE0, 0x00, 0x0F, 0xF0, 0x00, 0x07,
  0xF8, 0x00, 0x03, 0xFC, 0x00, 0x01, 0xFE, 0x00, 0x00, 0xFF, 0x80, 0x00,
  0xF3, 0xC0, 0x00, 0x79, 0xE0, 0x00, 0x3C, 0x78, 0x00, 0x3C, 0x3E, 0x00,
  0x3E, 0x0F, 0x80, 0x3E, 0x03, 0xF0, 0x3E, 0x00, 0xFF, 0xFE, 0x00, 0x3F,
  0xFF, 0x00, 0x03, 0xFF, 0xC0, 0x00, 0x01, 0xF8, 0x00, 0x00, 0x7E, 0x00,
  0x00, 0x1F, 0x80, 0x00, 0x03, 0x80, 0x00, 0x00, 0x80, 0xFF, 0xFC, 0x03,
  0xFF, 0xFE, 0x0F, 0xFF, 0xFC, 0x3C, 0x01, 0xF8, 0xF0, 0x01, 0xF3, 0xC0,
  0x03, 0xCF, 0x00, 0x07, 0xBC, 0x00, 0x1E, 0xF0, 0x00, 0x7B, 0xC0, 0x01,
  0xEF, 0x00, 0x07, 0xBC, 0x00, 0x1E, 0xF0, 0x00, 0xF3, 0xC0, 0x07, 0xCF,
  0x00, 0x7E, 0x3F, 0xFF, 0xF0, 0xFF, 0xFF, 0x83, 0xFF, 0xF8, 0x0F, 0x00,
  0xF0, 0x3C, 0x03, 0xC0, 0xF0, 0x07, 0x83, 0xC0, 0x1F, 0x0F, 0x00, 0x3C,
  0x3C, 0x00, 0xF8, 0xF0, 0x01, 0xE3, 0xC0, 0x07, 0xCF, 0x00, 0x0F, 0x3C,
  0x00, 0x1E, 0xF0, 0x00, 0x7F, 0xC0, 0x00, 0xF0, 0x01, 0xFE, 0x00, 0x1F,
  0xFF, 0x00, 0xFF, 0xFE, 0x07, 0xC0, 0xFC, 0x3C, 0x00, 0xF9, 0xF0, 0x01,
  0xE7, 0x80, 0x03, 0xDE, 0x00, 0x0F, 0x78, 0x00, 0x3D, 0xE0, 0x00, 0x07,
  0xC0, 0x00, 0x0F, 0xC0, 0x00, 0x1F, 0xC0, 0x00, 0x3F, 0xE0, 0x00, 0x7F,
  0xF0, 0x00, 0x7F, 0xF0, 0x00, 0x3F, 0xE0, 0x00, 0x1F, 0xC0, 0x00, 0x0F,
  0x80, 0x00, 0x1F, 0x00, 0x00, 0x3F, 0xC0, 0x00, 0xFF, 0x00, 0x03, 0xFC,
  0x00, 0x0F, 0x78, 0x00, 0x7D, 0xF0, 0x01, 0xE3, 0xF0, 0x1F, 0x87, 0xFF,
  0xFC, 0x07, 0xFF, 0xC0, 0x07, 0xFC, 0x00, 0xFF, 0xFF, 0xFF, 0xFF, 0xFF,
  0xFF, 0xFF, 0xFF, 0xFF, 0x00, 0x3C, 0x00, 0x00, 0x3C, 0x00, 0x00, 0x3C,
  0x00, 0x00, 0x3C, 0x00, 0x00, 0x3C, 0x00, 0x00, 0x3C, 0x00, 0x00, 0x3C,
  0x00, 0x00, 0x3C, 0x00, 0x00, 0x3C, 0x00, 0x00, 0x3C, 0x00, 0x00, 0x3C,
  0x00, 0x00, 0x3C, 0x00, 0x00, 0x3C, 0x00, 0x00, 0x3C, 0x00, 0x00, 0x3C,
  0x00, 0x00, 0x3C, 0x00, 0x00, 0x3C, 0x00, 0x00, 0x3C, 0x00, 0x00, 0x3C,
  0x00, 0x00, 0x3C, 0x00, 0x00, 0x3C, 0x00, 0x00, 0x3C, 0x00, 0x00, 0x3C,
  0x00, 0x00, 0x3C, 0x00, 0x00, 0x3C, 0x00, 0x00, 0x3C, 0x00, 0x00, 0x3C,
  0x00, 0xF0, 0x00, 0x3F, 0xC0, 0x00, 0xFF, 0x00, 0x03, 0xFC, 0x00, 0x0F,
  0xF0, 0x00, 0x3F, 0xC0, 0x00, 0xFF, 0x00, 0x03, 0xFC, 0x00, 0x0F, 0xF0,
  0x00, 0x3F, 0xC0, 0x00, 0xFF, 0x00, 0x03, 0xFC, 0x00, 0x0F, 0xF0, 0x00,
  0x3F, 0xC0, 0x00, 0xFF, 0x00, 0x03, 0xFC, 0x00, 0x0F, 0xF0, 0x00, 0x3F,
  0xC0, 0x00, 0xFF, 0x00, 0x03, 0xFC, 0x00, 0x0F, 0xF0, 0x00, 0x3F, 0xC0,
  0x00, 0xFF, 0x00, 0x03, 0xFE, 0x00, 0x1E, 0x78, 0x00, 0x79, 0xF0, 0x03,
  0xE3, 0xF0, 0x3F, 0x07, 0xFF, 0xF8, 0x07, 0xFF, 0x80, 0x07, 0xF8, 0x00,
  0xF0, 0x00, 0x07, 0xFE, 0x00, 0x01, 0xE7, 0x80, 0x00, 0x79, 0xE0, 0x00,
  0x3E, 0x7C, 0x00, 0x0F, 0x0F, 0x00, 0x07, 0xC3, 0xC0, 0x01, 0xE0, 0xF8,
  0x00, 0x78, 0x1E, 0x00, 0x3E, 0x07, 0x80, 0x0F, 0x00, 0xF0, 0x03, 0xC0,
  0x3C, 0x01, 0xF0, 0x0F, 0x00, 0x78, 0x01, 0xE0, 0x1E, 0x00, 0x78, 0x0F,
  0x00, 0x1E, 0x03, 0xC0, 0x03, 0xC0, 0xF0, 0x00, 0xF0, 0x78, 0x00, 0x1E,
  0x1E, 0x00, 0x07, 0x87, 0x80, 0x01, 0xE3, 0xC0, 0x00, 0x3C, 0xF0, 0x00,
  0x0F, 0x78, 0x00, 0x03, 0xDE, 0x00, 0x00, 0x7F, 0x80, 0x00, 0x1F, 0xC0,
  0x00, 0x03, 0xF0, 0x00, 0x00, 0xFC, 0x00, 0x00, 0x3E, 0x00, 0x00, 0x07,
  0x80, 0x00, 0xF0, 0x00, 0x70, 0x00, 0xF7, 0x80, 0x0F, 0x80, 0x0F, 0x78,
  0x00, 0xF8, 0x00, 0xF7, 0x80, 0x0F, 0x80, 0x1E, 0x78, 0x01, 0xF8, 0x01,
  0xE3, 0xC0, 0x1F, 0xC0, 0x1E, 0x3C, 0x01, 0xDC, 0x01, 0xE3, 0xC0, 0x3D,
  0xC0, 0x3C, 0x3C, 0x03, 0xDC, 0x03, 0xC1, 0xE0, 0x3D, 0xE0, 0x3C, 0x1E,
  0x03, 0x8E, 0x03, 0xC1, 0xE0, 0x78, 0xE0, 0x38, 0x1E, 0x07, 0x8F, 0x07,
  0x80, 0xF0, 0x70, 0xF0, 0x78, 0x0F, 0x0F, 0x07, 0x07, 0x80, 0xF0, 0xF0,
  0x70, 0x70, 0x0F, 0x0E, 0x07, 0x8F, 0x00, 0x70, 0xE0, 0x38, 0xF0, 0x07,
  0x9E, 0x03, 0x8F, 0x00, 0x79, 0xE0, 0x3C, 0xE0, 0x07, 0x9C, 0x03, 0xDE,
  0x00, 0x3B, 0xC0, 0x1D, 0xE0, 0x03, 0xBC, 0x01, 0xDE, 0x00, 0x3F, 0x80,
  0x1F, 0xE0, 0x03, 0xF8, 0x00, 0xFC, 0x00, 0x1F, 0x80, 0x0F, 0xC0, 0x01,
  0xF0, 0x00, 0xFC, 0x00, 0x1F, 0x00, 0x0F, 0xC0, 0x01, 0xF0, 0x00, 0x78,
  0x00, 0x0F, 0x00, 0x07, 0x80, 0x7C, 0x00, 0x0F, 0x3E, 0x00, 0x0F, 0x8F,
  0x80, 0x0F, 0x83, 0xC0, 0x07, 0x81, 0xF0, 0x07, 0xC0, 0x7C, 0x07, 0xC0,
  0x1E, 0x03, 0xC0, 0x0F, 0x83, 0xE0, 0x03, 0xE1, 0xE0, 0x00, 0xF1, 0xE0,
  0x00, 0x7D, 0xF0, 0x00, 0x1E, 0xF0, 0x00, 0x07, 0xF8, 0x00, 0x03, 0xF8,
  0x00, 0x00, 0xF8, 0x00, 0x00, 0x7C, 0x00, 0x00, 0x7F, 0x00, 0x00, 0x7F,
  0xC0, 0x00, 0x3D, 0xE0, 0x00, 0x3E, 0xF8, 0x00, 0x3E, 0x3E, 0x00, 0x1E,
  0x0F, 0x00, 0x1F, 0x07, 0xC0, 0x1F, 0x01, 0xF0, 0x0F, 0x80, 0x78, 0x0F,
  0x80, 0x3E, 0x0F, 0x80, 0x0F, 0x87, 0xC0, 0x07, 0xC7, 0xC0, 0x01, 0xF3,
  0xC0, 0x00, 0x7C, 0x78, 0x00, 0x07, 0x9F, 0x00, 0x03, 0xE3, 0xC0, 0x00,
  0xF0, 0xF8, 0x00, 0x7C, 0x1E, 0x00, 0x1E, 0x03, 0xC0, 0x0F, 0x00, 0xF0,
  0x03, 0xC0, 0x1E, 0x01, 0xE0, 0x07, 0xC0, 0xF8, 0x00, 0xF0, 0x3C, 0x00,
  0x3E, 0x1F, 0x00, 0x07, 0x87, 0x80, 0x01, 0xF3, 0xE0, 0x00, 0x3C, 0xF0,
  0x00, 0x07, 0xF8, 0x00, 0x01, 0xFE, 0x00, 0x00, 0x3F, 0x00, 0x00, 0x0F,
  0xC0, 0x00, 0x01, 0xE0, 0x00, 0x00, 0x78, 0x00, 0x00, 0x1E, 0x00, 0x00,
  0x07, 0x80, 0x00, 0x01, 0xE0, 0x00, 0x00, 0x78, 0x00, 0x00, 0x1E, 0x00,
  0x00, 0x07, 0x80, 0x00, 0x01, 0xE0, 0x00, 0x00, 0x78, 0x00, 0x00, 0x1E,
  0x00, 0x00, 0x07, 0x80, 0x00, 0xFF, 0xFF, 0xFB, 0xFF, 0xFF, 0xEF, 0xFF,
  0xFF, 0x80, 0x00, 0x1E, 0x00, 0x00, 0xF0, 0x00, 0x07, 0x80, 0x00, 0x1E,
  0x00, 0x00, 0xF0, 0x00, 0x07, 0x80, 0x00, 0x3E, 0x00, 0x00, 0xF0, 0x00,
  0x07, 0x80, 0x00, 0x3C, 0x00, 0x00, 0xF0, 0x00, 0x07, 0x80, 0x00, 0x3C,
  0x00, 0x00, 0xF0, 0x00, 0x07, 0x80, 0x00, 0x3C, 0x00, 0x01, 0xF0, 0x00,
  0x07, 0x80, 0x00, 0x3C, 0x00, 0x01, 0xE0, 0x00, 0x07, 0x80, 0x00, 0x3C,
  0x00, 0x01, 0xE0, 0x00, 0x07, 0x80, 0x00, 0x3F, 0xFF, 0xFF, 0xFF, 0xFF,
  0xFF, 0xFF, 0xFF, 0xF0, 0xFF, 0xFF, 0xFF, 0xF0, 0xF0, 0xF0, 0xF0, 0xF0,
  0xF0, 0xF0, 0xF0, 0xF0, 0xF0, 0xF0, 0xF0, 0xF0, 0xF0, 0xF0, 0xF0, 0xF0,
  0xF0, 0xF0, 0xF0, 0xF0, 0xF0, 0xF0, 0xF0, 0xF0, 0xF0, 0xF0, 0xF0, 0xF0,
  0xF0, 0xF0, 0xF0, 0xF0, 0xF0, 0xF0, 0xFF, 0xFF, 0xFF, 0xF0, 0x00, 0xF0,
  0x00, 0x78, 0x00, 0x78, 0x00, 0x38, 0x00, 0x3C, 0x00, 0x3C, 0x00, 0x1C,
  0x00, 0x1E, 0x00, 0x0E, 0x00, 0x0F, 0x00, 0x0F, 0x00, 0x07, 0x00, 0x07,
  0x80, 0x07, 0x80, 0x03, 0xC0, 0x03, 0xC0, 0x01, 0xC0, 0x01, 0xE0, 0x01,
  0xE0, 0x00, 0xF0, 0x00, 0xF0, 0x00, 0x70, 0x00, 0x78, 0x00, 0x78, 0x00,
  0x38, 0x00, 0x3C, 0x00, 0x1C, 0x00, 0x1E, 0x00, 0x1E, 0x00, 0x0E, 0x00,
  0x0F, 0x00, 0x0F, 0xFF, 0xFF, 0xFF, 0x0F, 0x0F, 0x0F, 0x0F, 0x0F, 0x0F,
  0x0F, 0x0F, 0x0F, 0x0F, 0x0F, 0x0F, 0x0F, 0x0F, 0x0F, 0x0F, 0x0F, 0x0F,
  0x0F, 0x0F, 0x0F, 0x0F, 0x0F, 0x0F, 0x0F, 0x0F, 0x0F, 0x0F, 0x0F, 0x0F,
  0x0F, 0x0F, 0x0F, 0x0F, 0x0F, 0xFF, 0xFF, 0xFF, 0x03, 0x80, 0x07, 0x80,
  0x1F, 0x00, 0x3E, 0x00, 0xFE, 0x01, 0xDC, 0x07, 0xBC, 0x0F, 0x38, 0x1C,
  0x70, 0x78, 0xF0, 0xE0, 0xE3, 0xC1, 0xE7, 0x81, 0xCE, 0x03, 0xFC, 0x07,
  0x80, 0xFF, 0xFF, 0xFF, 0xFF, 0xFF, 0xFF, 0xFF, 0x80, 0x78, 0x3E, 0x0F,
  0x83, 0xC0, 0xF0, 0x3C, 0x03, 0xF8, 0x03, 0xFF, 0xC0, 0xFF, 0xFC, 0x3E,
  0x07, 0xCF, 0x80, 0x79, 0xE0, 0x07, 0x80, 0x00, 0xF0, 0x00, 0x1E, 0x00,
  0x03, 0xC0, 0x7F, 0xF8, 0x7F, 0xFF, 0x1F, 0xFF, 0xE7, 0xE0, 0x3C, 0xF0,
  0x07, 0xBC, 0x00, 0xF7, 0x80, 0x1E, 0xF0, 0x03, 0xDE, 0x00, 0xFB, 0xE0,
  0x1F, 0x3E, 0x0F, 0xE3, 0xFF, 0xFC, 0x3F, 0xF7, 0x83, 0xF8, 0x78, 0xF0,
  0x00, 0x1E, 0x00, 0x03, 0xC0, 0x00, 0x78, 0x00, 0x0F, 0x00, 0x01, 0xE0,
  0x00, 0x3C, 0x00, 0x07, 0x80, 0x00, 0xF0, 0x00, 0x1E, 0x3F, 0x03, 0xDF,
  0xF8, 0x7F, 0xFF, 0x8F, 0xE0, 0xF9, 0xF0, 0x0F, 0xBE, 0x00, 0xF7, 0x80,
  0x1E, 0xF0, 0x01, 0xFE, 0x00, 0x3F, 0xC0, 0x07, 0xF8, 0x00, 0xFF, 0x00,
  0x1F, 0xE0, 0x03, 0xFC, 0x00, 0x7F, 0x80, 0x0F, 0xF0, 0x01, 0xFE, 0x00,
  0x7B, 0xE0, 0x0F, 0x7C, 0x03, 0xEF, 0xE0, 0xF9, 0xFF, 0xFE, 0x3D, 0xFF,
  0x87, 0x8F, 0xC0, 0x01, 0xF8, 0x01, 0xFF, 0xC0, 0x7F, 0xFE, 0x1F, 0x87,
  0xE3, 0xC0, 0x3C, 0xF0, 0x03, 0xDE, 0x00, 0x7F, 0x80, 0x0F, 0xF0, 0x00,
  0x1E, 0x00, 0x03, 0xC0, 0x00, 0x78, 0x00, 0x0F, 0x00, 0x01, 0xE0, 0x00,
  0x3C, 0x00, 0x07, 0x80, 0x00, 0x78, 0x01, 0xEF, 0x00, 0x3C, 0xF0, 0x0F,
  0x1F, 0x87, 0xE1, 0xFF, 0xF8, 0x1F, 0xFC, 0x00, 0xFE, 0x00, 0x00, 0x01,
  0xE0, 0x00, 0x3C, 0x00, 0x07, 0x80, 0x00, 0xF0, 0x00, 0x1E, 0x00, 0x03,
  0xC0, 0x00, 0x78, 0x00, 0x0F, 0x00, 0x01, 0xE0, 0x7E, 0x3C, 0x3F, 0xF7,
  0x8F, 0xFF, 0xF3, 0xF0, 0xFE, 0x78, 0x07, 0xDE, 0x00, 0x7B, 0xC0, 0x0F,
  0xF0, 0x01, 0xFE, 0x00, 0x3F, 0xC0, 0x07, 0xF8, 0x00, 0xFF, 0x00, 0x1F,
  0xE0, 0x03, 0xFC, 0x00, 0x7F, 0x80, 0x0F, 0xF0, 0x01, 0xEF, 0x00, 0x3D,
  0xE0, 0x07, 0x9E, 0x01, 0xF3, 0xE0, 0xFE, 0x3F, 0xFF, 0xC3, 0xFF, 0x78,
  0x1F, 0x8F, 0x01, 0xF8, 0x00, 0xFF, 0xC0, 0x7F, 0xFC, 0x0F, 0x87, 0xC3,
  0xC0, 0x3C, 0xF0, 0x07, 0x9E, 0x00, 0x7F, 0x80, 0x0F, 0xF0, 0x01, 0xFF,
  0xFF, 0xFF, 0xFF, 0xFF, 0xFF, 0xFF, 0xFF, 0x00, 0x01, 0xE0, 0x00, 0x3C,
  0x00, 0x07, 0xC0, 0x00, 0x78, 0x00, 0x0F, 0x80, 0x10, 0xF0, 0x07, 0x1F,
  0x83, 0xE1, 0xFF, 0xF8, 0x0F, 0xFE, 0x00, 0x7F, 0x00, 0x00, 0xFC, 0x0F,
  0xF0, 0x7F, 0xC1, 0xF0, 0x0F, 0x80, 0x3C, 0x00, 0xF0, 0x03, 0xC0, 0x0F,
  0x03, 0xFF, 0xEF, 0xFF, 0xBF, 0xFE, 0x0F, 0x00, 0x3C, 0x00, 0xF0, 0x03,
  0xC0, 0x0F, 0x00, 0x3C, 0x00, 0xF0, 0x03, 0xC0, 0x0F, 0x00, 0x3C, 0x00,
  0xF0, 0x03, 0xC0, 0x0F, 0x00, 0x3C, 0x00, 0xF0, 0x03, 0xC0, 0x0F, 0x00,
  0x3C, 0x00, 0xF0, 0x03, 0xC0, 0x03, 0xF1, 0xE1, 0xFF, 0xBC, 0x7F, 0xFF,
  0x9F, 0x87, 0xF7, 0xC0, 0x3E, 0xF0, 0x03, 0xDE, 0x00, 0x7F, 0x80, 0x0F,
  0xF0, 0x01, 0xFE, 0x00, 0x3F, 0xC0, 0x07, 0xF8, 0x00, 0xFF, 0x00, 0x1F,
  0xE0, 0x03, 0xFC, 0x00, 0x7F, 0x80, 0x0F, 0x78, 0x01, 0xEF, 0x00, 0x3C,
  0xF0, 0x0F, 0x9F, 0x07, 0xF1, 0xFF, 0xFE, 0x1F, 0xFB, 0xC0, 0xFC, 0x78,
  0x00, 0x0F, 0x00, 0x01, 0xE0, 0x00, 0x3C, 0xC0, 0x0F, 0x1C, 0x03, 0xE7,
  0xE0, 0xF8, 0x7F, 0xFE, 0x03, 0xFF, 0x80, 0x1F, 0xC0, 0xF0, 0x00, 0x3C,
  0x00, 0x0F, 0x00, 0x03, 0xC0, 0x00, 0xF0, 0x00, 0x3C, 0x00, 0x0F, 0x00,
  0x03, 0xC0, 0x00, 0xF0, 0x00, 0x3C, 0x3F, 0x0F, 0x3F, 0xF3, 0xDF, 0xFE,
  0xFE, 0x0F, 0xBF, 0x01, 0xFF, 0x80, 0x3F, 0xC0, 0x0F, 0xF0, 0x03, 0xFC,
  0x00, 0xFF, 0x00, 0x3F, 0xC0, 0x0F, 0xF0, 0x03, 0xFC, 0x00, 0xFF, 0x00,
  0x3F, 0xC0, 0x0F, 0xF0, 0x03, 0xFC, 0x00, 0xFF, 0x00, 0x3F, 0xC0, 0x0F,
  0xF0, 0x03, 0xFC, 0x00, 0xFF, 0x00, 0x3F, 0xC0, 0x0F, 0x6F, 0xF6, 0x00,
  0x0F, 0xFF, 0xFF, 0xFF, 0xFF, 0xFF, 0xFF, 0xFF, 0xFF, 0xFF, 0xFF, 0xFF,
  0x06, 0x0F, 0x0F, 0x06, 0x00, 0x00, 0x0F, 0x0F, 0x0F, 0x0F, 0x0F, 0x0F,
  0x0F, 0x0F, 0x0F, 0x0F, 0x0F, 0x0F, 0x0F, 0x0F, 0x0F, 0x0F, 0x0F, 0x0F,
  0x0F, 0x0F, 0x0F, 0x0F, 0x0F, 0x0F, 0x0F, 0x0F, 0x0F, 0x0F, 0x1F, 0xFE,
  0xFC, 0xF8, 0xF0, 0x00, 0x1E, 0x00, 0x03, 0xC0, 0x00, 0x78, 0x00, 0x0F,
  0x00, 0x01, 0xE0, 0x00, 0x3C, 0x00, 0x07, 0x80, 0x00, 0xF0, 0x00, 0x1E,
  0x00, 0xF3, 0xC0, 0x3C, 0x78, 0x0F, 0x8F, 0x03, 0xE1, 0xE0, 0xF8, 0x3C,
  0x3E, 0x07, 0x8F, 0x80, 0xF3, 0xE0, 0x1E, 0xF8, 0x03, 0xFE, 0x00, 0x7F,
  0xE0, 0x0F, 0xFC, 0x01, 0xFB, 0xC0, 0x3E, 0x7C, 0x07, 0x87, 0xC0, 0xF0,
  0x78, 0x1E, 0x0F, 0x83, 0xC0, 0xF8, 0x78, 0x0F, 0x8F, 0x00, 0xF1, 0xE0,
  0x1F, 0x3C, 0x01, 0xF7, 0x80, 0x1F, 0xFF, 0xFF, 0xFF, 0xFF, 0xFF, 0xFF,
  0xFF, 0xFF, 0xFF, 0xFF, 0xFF, 0xFF, 0xFF, 0xFF, 0xFF, 0xFF, 0xF1, 0xFC,
  0x07, 0xF0, 0xF7, 0xFE, 0x1F, 0xF8, 0xFF, 0xFF, 0xBF, 0xFC, 0xFE, 0x0F,
  0xF8, 0x3E, 0xF8, 0x07, 0xE0, 0x1E, 0xF0, 0x03, 0xE0, 0x0F, 0xF0, 0x03,
  0xC0, 0x0F, 0xF0, 0x03, 0xC0, 0x0F, 0xF0, 0x03, 0xC0, 0x0F, 0xF0, 0x03,
  0xC0, 0x0F, 0xF0, 0x03, 0xC0, 0x0F, 0xF0, 0x03, 0xC0, 0x0F, 0xF0, 0x03,
  0xC0, 0x0F, 0xF0, 0x03, 0xC0, 0x0F, 0xF0, 0x03, 0xC0, 0x0F, 0xF0, 0x03,
  0xC0, 0x0F, 0xF0, 0x03, 0xC0, 0x0F, 0xF0, 0x03, 0xC0, 0x0F, 0xF0, 0x03,
  0xC0, 0x0F, 0xF0, 0x03, 0xC0, 0x0F, 0xF0, 0x03, 0xC0, 0x0F, 0xF0, 0x03,
  0xC0, 0x0F, 0xF0, 0x03, 0xC0, 0x0F, 0xF0, 0xFC, 0x3C, 0xFF, 0xCF, 0xFF,
  0xFB, 0xF8, 0x3E, 0xFC, 0x07, 0xFE, 0x00, 0xFF, 0x00, 0x3F, 0xC0, 0x0F,
  0xF0, 0x03, 0xFC, 0x00, 0xFF, 0x00, 0x3F, 0xC0, 0x0F, 0xF0, 0x03, 0xFC,
  0x00, 0xFF, 0x00, 0x3F, 0xC0, 0x0F, 0xF0, 0x03, 0xFC, 0x00, 0xFF, 0x00,
  0x3F, 0xC0, 0x0F, 0xF0, 0x03, 0xFC, 0x00, 0xFF, 0x00, 0x3C, 0x01, 0xFC,
  0x00, 0x3F, 0xF8, 0x03, 0xFF, 0xE0, 0x3E, 0x0F, 0x83, 0xC0, 0x3E, 0x3E,
  0x00, 0xF9, 0xE0, 0x03, 0xDF, 0x00, 0x1E, 0xF0, 0x00, 0x7F, 0x80, 0x03,
  0xFC, 0x00, 0x1F, 0xE0, 0x00, 0xFF, 0x00, 0x07, 0xF8, 0x00, 0x3F, 0xC0,
  0x01, 0xFF, 0x00, 0x1E, 0x78, 0x00, 0xF3, 0xE0, 0x0F, 0x8F, 0x00, 0x78,
  0x3E, 0x0F, 0x80, 0xFF, 0xFC, 0x03, 0xFF, 0x80, 0x07, 0xF0, 0x00, 0xF1,
  0xF8, 0x1E, 0xFF, 0xC3, 0xFF, 0xFC, 0x7F, 0x0F, 0xCF, 0x80, 0x7D, 0xE0,
  0x07, 0xBC, 0x00, 0xF7, 0x80, 0x1F, 0xF0, 0x01, 0xFE, 0x00, 0x3F, 0xC0,
  0x07, 0xF8, 0x00, 0xFF, 0x00, 0x1F, 0xE0, 0x03, 0xFC, 0x00, 0x7F, 0x80,
  0x1F, 0xF0, 0x03, 0xDE, 0x00, 0x7B, 0xE0, 0x1F, 0x7F, 0x0F, 0xCF, 0xFF,
  0xF1, 0xEF, 0xFC, 0x3C, 0x7E, 0x07, 0x80, 0x00, 0xF0, 0x00, 0x1E, 0x00,
  0x03, 0xC0, 0x00, 0x78, 0x00, 0x0F, 0x00, 0x01, 0xE0, 0x00, 0x3C, 0x00,
  0x07, 0x80, 0x00, 0x03, 0xF1, 0xE1, 0xFF, 0xBC, 0x7F, 0xFF, 0x9F, 0x87,
  0xF7, 0xC0, 0x3E, 0xF0, 0x03, 0xDE, 0x00, 0x7F, 0xC0, 0x0F, 0xF0, 0x01,
  0xFE, 0x00, 0x3F, 0xC0, 0x07, 0xF8, 0x00, 0xFF, 0x00, 0x1F, 0xE0, 0x03,
  0xFC, 0x00, 0x7F, 0xC0, 0x0F, 0x78, 0x01, 0xEF, 0x00, 0x3C, 0xF0, 0x0F,
  0x9F, 0x87, 0xF1, 0xFF, 0xFE, 0x1F, 0xFB, 0xC0, 0xFC, 0x78, 0x00, 0x0F,
  0x00, 0x01, 0xE0, 0x00, 0x3C, 0x00, 0x07, 0x80, 0x00, 0xF0, 0x00, 0x1E,
  0x00, 0x03, 0xC0, 0x00, 0x78, 0x00, 0x0F, 0xF1, 0xFE, 0xFF, 0xFF, 0xFF,
  0x0F, 0x81, 0xE0, 0x3C, 0x07, 0x80, 0xF0, 0x1E, 0x03, 0xC0, 0x78, 0x0F,
  0x01, 0xE0, 0x3C, 0x07, 0x80, 0xF0, 0x1E, 0x03, 0xC0, 0x78, 0x0F, 0x01,
  0xE0, 0x3C, 0x00, 0x03, 0xF8, 0x03, 0xFF, 0x81, 0xFF, 0xF0, 0xF8, 0x3E,
  0x7C, 0x07, 0xDE, 0x00, 0xF7, 0x80, 0x3D, 0xE0, 0x00, 0x7C, 0x00, 0x0F,
  0xE0, 0x01, 0xFF, 0x80, 0x3F, 0xF8, 0x01, 0xFF, 0x00, 0x07, 0xE0, 0x00,
  0x7C, 0x00, 0x0F, 0xF0, 0x03, 0xFC, 0x00, 0xF7, 0x80, 0x7D, 0xF8, 0x3E,
  0x3F, 0xFF, 0x07, 0xFF, 0x80, 0x7F, 0x80, 0x0F, 0x00, 0xF0, 0x0F, 0x00,
  0xF0, 0x0F, 0x00, 0xF0, 0xFF, 0xFF, 0xFF, 0xFF, 0xF0, 0xF0, 0x0F, 0x00,
  0xF0, 0x0F, 0x00, 0xF0, 0x0F, 0x00, 0xF0, 0x0F, 0x00, 0xF0, 0x0F, 0x00,
  0xF0, 0x0F, 0x00, 0xF0, 0x0F, 0x00, 0xF0, 0x0F, 0x00, 0xF8, 0x07, 0xF0,
  0x7F, 0x01, 0xF0, 0xF0, 0x03, 0xFC, 0x00, 0xFF, 0x00, 0x3F, 0xC0, 0x0F,
  0xF0, 0x03, 0xFC, 0x00, 0xFF, 0x00, 0x3F, 0xC0, 0x0F, 0xF0, 0x03, 0xFC,
  0x00, 0xFF, 0x00, 0x3F, 0xC0, 0x0F, 0xF0, 0x03, 0xFC, 0x00, 0xFF, 0x00,
  0x3F, 0xC0, 0x0F, 0xF0, 0x03, 0xFC, 0x00, 0xF7, 0x80, 0x7D, 0xF0, 0x7F,
  0x3F, 0xFF, 0xC7, 0xFE, 0xF0, 0xFE, 0x3C, 0xF0, 0x01, 0xFE, 0x00, 0x3D,
  0xE0, 0x0F, 0x3C, 0x01, 0xE7, 0x80, 0x3C, 0x78, 0x0F, 0x0F, 0x01, 0xE1,
  0xE0, 0x38, 0x1C, 0x0F, 0x03, 0xC1, 0xE0, 0x78, 0x38, 0x07, 0x0F, 0x00,
  0xF1, 0xE0, 0x0E, 0x38, 0x01, 0xCF, 0x00, 0x3D, 0xE0, 0x03, 0xB8, 0x00,
  0x77, 0x00, 0x0F, 0xE0, 0x00, 0xF8, 0x00, 0x1F, 0x00, 0x03, 0xC0, 0x00,
  0x38, 0x00, 0xF0, 0x07, 0x80, 0x3F, 0xC0, 0x1E, 0x00, 0xF7, 0x00, 0x7C,
  0x03, 0xDE, 0x03, 0xF0, 0x0E, 0x78, 0x0F, 0xC0, 0x79, 0xE0, 0x3F, 0x01,
  0xE3, 0xC0, 0xFE, 0x07, 0x8F, 0x07, 0xB8, 0x1C, 0x3C, 0x1C, 0xE0, 0xF0,
  0x70, 0x73, 0xC3, 0xC1, 0xE3, 0xC7, 0x0E, 0x07, 0x8E, 0x1C, 0x38, 0x0E,
  0x38, 0x79, 0xE0, 0x39, 0xE0, 0xE7, 0x00, 0xF7, 0x03, 0x9C, 0x03, 0xDC,
  0x0F, 0x70, 0x07, 0xF0, 0x1F, 0xC0, 0x1F, 0x80, 0x7E, 0x00, 0x7E, 0x01,
  0xF8, 0x00, 0xF8, 0x07, 0xE0, 0x03, 0xC0, 0x0F, 0x00, 0x0F, 0x00, 0x3C,
  0x00, 0x3C, 0x00, 0xF0, 0x00, 0xF8, 0x03, 0xEF, 0x80, 0x78, 0xF0, 0x1F,
  0x1F, 0x07, 0xC1, 0xE0, 0xF0, 0x1E, 0x3E, 0x03, 0xE7, 0x80, 0x3D, 0xE0,
  0x03, 0xFC, 0x00, 0x7F, 0x00, 0x07, 0xC0, 0x00, 0xF8, 0x00, 0x1F, 0x80,
  0x07, 0xF0, 0x01, 0xFF, 0x00, 0x3D, 0xF0, 0x0F, 0x1E, 0x03, 0xE1, 0xE0,
  0x78, 0x3C, 0x1F, 0x03, 0xC7, 0xC0, 0x7C, 0xF0, 0x07, 0xBE, 0x00, 0x78,
  0xF0, 0x01, 0xFE, 0x00, 0x7B, 0xE0, 0x0F, 0x3C, 0x01, 0xE7, 0x80, 0x78,
  0x78, 0x0F, 0x0F, 0x01, 0xE1, 0xE0, 0x38, 0x1E, 0x0F, 0x03, 0xC1, 0xE0,
  0x78, 0x38, 0x07, 0x8F, 0x00, 0xF1, 0xE0, 0x1E, 0x38, 0x01, 0xEF, 0x00,
  0x3D, 0xE0, 0x07, 0xB8, 0x00, 0x7F, 0x00, 0x0F, 0xE0, 0x00, 0xF8, 0x00,
  0x1F, 0x00, 0x03, 0xE0, 0x00, 0x38, 0x00, 0x0F, 0x00, 0x01, 0xE0, 0x00,
  0x38, 0x00, 0x0F, 0x00, 0x01, 0xC0, 0x00, 0x78, 0x00, 0xFE, 0x00, 0x1F,
  0x80, 0x03, 0xE0, 0x00, 0xFF, 0xFF, 0xBF, 0xFF, 0xEF, 0xFF, 0xF8, 0x00,
  0x1E, 0x00, 0x0F, 0x00, 0x07, 0x80, 0x03, 0xE0, 0x00, 0xF0, 0x00, 0x78,
  0x00, 0x3C, 0x00, 0x1E, 0x00, 0x07, 0x80, 0x03, 0xC0, 0x01, 0xE0, 0x00,
  0xF0, 0x00, 0x3C, 0x00, 0x1E, 0x00, 0x0F, 0x00, 0x07, 0x80, 0x01, 0xE0,
  0x00, 0xFF, 0xFF, 0xFF, 0xFF, 0xFF, 0xFF, 0xFC, 0x00, 0x38, 0x07, 0xC0,
  0x7C, 0x03, 0xC0, 0x3C, 0x01, 0xE0, 0x1E, 0x00, 0xF0, 0x07, 0x80, 0x3C,
  0x01, 0xE0, 0x0F, 0x00, 0x78, 0x03, 0xC0, 0x1E, 0x00, 0xF0, 0x0F, 0x00,
  0x78, 0x1F, 0x81, 0xF8, 0x0F, 0xC0, 0x7F, 0x00, 0x3C, 0x01, 0xE0, 0x07,
  0x80, 0x3C, 0x01, 0xE0, 0x0F, 0x00, 0x78, 0x03, 0xC0, 0x1E, 0x00, 0xF0,
  0x07, 0x80, 0x3C, 0x00, 0xF0, 0x07, 0x80, 0x3E, 0x00, 0xF8, 0x03, 0xE0,
  0x07, 0xFF, 0xFF, 0xFF, 0xFF, 0xFF, 0xFF, 0xFF, 0xFF, 0xFF, 0xFF, 0xFF,
  0xFF, 0xFF, 0xF0, 0x80, 0x07, 0x00, 0x3E, 0x00, 0xF8, 0x03, 0xE0, 0x0F,
  0x00, 0x38, 0x01, 0xE0, 0x0F, 0x00, 0x78, 0x03, 0xC0, 0x1E, 0x00, 0xF0,
  0x07, 0x80, 0x3C, 0x01, 0xE0, 0x0F, 0x00, 0x3C, 0x01, 0xF0, 0x03, 0xF0,
  0x07, 0x80, 0xFC, 0x1E, 0x00, 0xF0, 0x0F, 0x00, 0x78, 0x03, 0xC0, 0x1E,
  0x00, 0xF0, 0x07, 0x80, 0x3C, 0x01, 0xE0, 0x0F, 0x00, 0x78, 0x07, 0x80,
  0x3C, 0x03, 0xE0, 0x3E, 0x03, 0xE0, 0x1C, 0x00, 0x0F, 0xC0, 0x07, 0x1F,
  0xF0, 0x07, 0x3F, 0xF8, 0x07, 0x7C, 0x7C, 0x0E, 0xF8, 0x3E, 0x1E, 0xF0,
  0x0F, 0xFC, 0xF0, 0x07, 0xF8, 0x00, 0x01, 0xF0, 0xFF, 0xFF, 0xFF, 0xFF,
  0xFF, 0xFF, 0xFF, 0xFF, 0x00, 0x0F, 0xF0, 0x00, 0xFF, 0x00, 0x0F, 0xF0,
  0x00, 0xFF, 0x00, 0x0F, 0xF0, 0x00, 0xFF, 0x00, 0x0F, 0xF0, 0x00, 0xFF,
  0x00, 0x0F, 0xF0, 0x00, 0xFF, 0x00, 0x0F, 0xF0, 0x00, 0xFF, 0x00, 0x0F,
  0xF0, 0x00, 0xFF, 0x00, 0x0F, 0xF0, 0x00, 0xFF, 0x00, 0x0F, 0xF0, 0x00,
  0xFF, 0x00, 0x0F, 0xF0, 0x00, 0xFF, 0x00, 0x0F, 0xF0, 0x00, 0xFF, 0x00,
  0x0F, 0xF0, 0x00, 0xFF, 0x00, 0x0F, 0xF0, 0x00, 0xFF, 0x00, 0x0F, 0xF0,
  0x00, 0xFF, 0x00, 0x0F, 0xF0, 0x00, 0xFF, 0x00, 0x0F, 0xFF, 0xFF, 0xFF,
  0xFF, 0xFF, 0xFF, 0xFF, 0xF0, 0xFF, 0xFF, 0xFF, 0xFF, 0xFF, 0xFF, 0xFF,
  0xFF, 0x00, 0x0F, 0xF0, 0x00, 0xFF, 0x00, 0x0F, 0xF0, 0x00, 0xFF, 0x00,
  0x0F, 0xF0, 0x00, 0xFF, 0x00, 0x0F, 0xF0, 0x00, 0xFF, 0x00, 0x0F, 0xF0,
  0x00, 0xFF, 0x00, 0x0F, 0xF0, 0x00, 0xFF, 0x00, 0x0F, 0xF0, 0x00, 0xFF,
  0x00, 0x0F, 0xF0, 0x00, 0xFF, 0x00, 0x0F, 0xF0, 0x00, 0xFF, 0x00, 0x0F,
  0xF0, 0x00, 0xFF, 0x00, 0x0F, 0xF0, 0x00, 0xFF, 0x00, 0x0F, 0xF0, 0x00,
  0xFF, 0x00, 0x0F, 0xF0, 0x00, 0xFF, 0x00, 0x0F, 0xF0, 0x00, 0xFF, 0x00,
  0x0F, 0xF0, 0x00, 0xFF, 0x00, 0x0F, 0xFF, 0xFF, 0xFF, 0xFF, 0xFF, 0xFF,
  0xFF, 0xF0, 0xFF, 0xFF, 0xFF, 0xFF, 0xFF, 0xFF, 0xFF, 0xFF, 0x00, 0x0F,
  0xF0, 0x00, 0xFF, 0x00, 0x0F, 0xF0, 0x00, 0xFF, 0x00, 0x0F, 0xF0, 0x00,
  0xFF, 0x00, 0x0F, 0xF0, 0x00, 0xFF, 0x00, 0x0F, 0xF0, 0x00, 0xFF, 0x00,
  0x0F, 0xF0, 0x00, 0xFF, 0x00, 0x0F, 0xF0, 0x00, 0xFF, 0x00, 0x0F, 0xF0,
  0x00, 0xFF, 0x00, 0x0F, 0xF0, 0x00, 0xFF, 0x00, 0x0F, 0xF0, 0x00, 0xFF,
  0x00, 0x0F, 0xF0, 0x00, 0xFF, 0x00, 0x0F, 0xF0, 0x00, 0xFF, 0x00, 0x0F,
  0xF0, 0x00, 0xFF, 0x00, 0x0F, 0xF0, 0x00, 0xFF, 0x00, 0x0F, 0xF0, 0x00,
  0xFF, 0x00, 0x0F, 0xFF, 0xFF, 0xFF, 0xFF, 0xFF, 0xFF, 0xFF, 0xF0, 0xFF,
  0xFF, 0xFF, 0xFF, 0xFF, 0xFF, 0xFF, 0xFF, 0x00, 0x0F, 0xF0, 0x00, 0xFF,
  0x00, 0x0F, 0xF0, 0x00, 0xFF, 0x00, 0x0F, 0xF0, 0x00, 0xFF, 0x00, 0x0F,
  0xF0, 0x00, 0xFF, 0x00, 0x0F, 0xF0, 0x00, 0xFF, 0x00, 0x0F, 0xF0, 0x00,
  0xFF, 0x00, 0x0F, 0xF0, 0x00, 0xFF, 0x00, 0x0F, 0xF0, 0x00, 0xFF, 0x00,
  0x0F, 0xF0, 0x00, 0xFF, 0x00, 0x0F, 0xF0, 0x00, 0xFF, 0x00, 0x0F, 0xF0,
  0x00, 0xFF, 0x00, 0x0F, 0xF0, 0x00, 0xFF, 0x00, 0x0F, 0xF0, 0x00, 0xFF,
  0x00, 0x0F, 0xF0, 0x00, 0xFF, 0x00, 0x0F, 0xF0, 0x00, 0xFF, 0x00, 0x0F,
  0xFF, 0xFF, 0xFF, 0xFF, 0xFF, 0xFF, 0xFF, 0xF0, 0xFF, 0xFF, 0xFF, 0xFF,
  0xFF, 0xFF, 0xFF, 0xFF, 0x00, 0x0F, 0xF0, 0x00, 0xFF, 0x00, 0x0F, 0xF0,
  0x00, 0xFF, 0x00, 0x0F, 0xF0, 0x00, 0xFF, 0x00, 0x0F, 0xF0, 0x00, 0xFF,
  0x00, 0x0F, 0xF0, 0x00, 0xFF, 0x00, 0x0F, 0xF0, 0x00, 0xFF, 0x00, 0x0F,
  0xF0, 0x00, 0xFF, 0x00, 0x0F, 0xF0, 0x00, 0xFF, 0x00, 0x0F, 0xF0, 0x00,
  0xFF, 0x00, 0x0F, 0xF0, 0x00, 0xFF, 0x00, 0x0F, 0xF0, 0x00, 0xFF, 0x00,
  0x0F, 0xF0, 0x00, 0xFF, 0x00, 0x0F, 0xF0, 0x00, 0xFF, 0x00, 0x0F, 0xF0,
  0x00, 0xFF, 0x00, 0x0F, 0xF0, 0x00, 0xFF, 0x00, 0x0F, 0xFF, 0xFF, 0xFF,
  0xFF, 0xFF, 0xFF, 0xFF, 0xF0, 0xFF, 0xFF, 0xFF, 0xFF, 0xFF, 0xFF, 0xFF,
  0xFF, 0x00, 0x0F, 0xF0, 0x00, 0xFF, 0x00, 0x0F, 0xF0, 0x00, 0xFF, 0x00,
  0x0F, 0xF0, 0x00, 0xFF, 0x00, 0x0F, 0xF0, 0x00, 0xFF, 0x00, 0x0F, 0xF0,
  0x00, 0xFF, 0x00, 0x0F, 0xF0, 0x00, 0xFF, 0x00, 0x0F, 0xF0, 0x00, 0xFF,
  0x00, 0x0F, 0xF0, 0x00, 0xFF, 0x00, 0x0F, 0xF0, 0x00, 0xFF, 0x00, 0x0F,
  0xF0, 0x00, 0xFF, 0x00, 0x0F, 0xF0, 0x00, 0xFF, 0x00, 0x0F, 0xF0, 0x00,
  0xFF, 0x00, 0x0F, 0xF0, 0x00, 0xFF, 0x00, 0x0F, 0xF0, 0x00, 0xFF, 0x00,
  0x0F, 0xF0, 0x00, 0xFF, 0x00, 0x0F, 0xFF, 0xFF, 0xFF, 0xFF, 0xFF, 0xFF,
  0xFF, 0xF0, 0xFF, 0xFF, 0xFF, 0xFF, 0xFF, 0xFF, 0xFF, 0xFF, 0x00, 0x0F,
  0xF0, 0x00, 0xFF, 0x00, 0x0F, 0xF0, 0x00, 0xFF, 0x00, 0x0F, 0xF0, 0x00,
  0xFF, 0x00, 0x0F, 0xF0, 0x00, 0xFF, 0x00, 0x0F, 0xF0, 0x00, 0xFF, 0x00,
  0x0F, 0xF0, 0x00, 0xFF, 0x00, 0x0F, 0xF0, 0x00, 0xFF, 0x00, 0x0F, 0xF0,
  0x00, 0xFF, 0x00, 0x0F, 0xF0, 0x00, 0xFF, 0x00, 0x0F, 0xF0, 0x00, 0xFF,
  0x00, 0x0F, 0xF0, 0x00, 0xFF, 0x00, 0x0F, 0xF0, 0x00, 0xFF, 0x00, 0x0F,
  0xF0, 0x00, 0xFF, 0x00, 0x0F, 0xF0, 0x00, 0xFF, 0x00, 0x0F, 0xF0, 0x00,
  0xFF, 0x00, 0x0F, 0xFF, 0xFF, 0xFF, 0xFF, 0xFF, 0xFF, 0xFF, 0xF0, 0xFF,
  0xFF, 0xFF, 0xFF, 0xFF, 0xFF, 0xFF, 0xFF, 0x00, 0x0F, 0xF0, 0x00, 0xFF,
  0x00, 0x0F, 0xF0, 0x00, 0xFF, 0x00, 0x0F, 0xF0, 0x00, 0xFF, 0x00, 0x0F,
  0xF0, 0x00, 0xFF, 0x00, 0x0F, 0xF0, 0x00, 0xFF, 0x00, 0x0F, 0xF0, 0x00,
  0xFF, 0x00, 0x0F, 0xF0, 0x00, 0xFF, 0x00, 0x0F, 0xF0, 0x00, 0xFF, 0x00,
  0x0F, 0xF0, 0x00, 0xFF, 0x00, 0x0F, 0xF0, 0x00, 0xFF, 0x00, 0x0F, 0xF0,
  0x00, 0xFF, 0x00, 0x0F, 0xF0, 0x00, 0xFF, 0x00, 0x0F, 0xF0, 0x00, 0xFF,
  0x00, 0x0F, 0xF0, 0x00, 0xFF, 0x00, 0x0F, 0xF0, 0x00, 0xFF, 0x00, 0x0F,
  0xFF, 0xFF, 0xFF, 0xFF, 0xFF, 0xFF, 0xFF, 0xF0, 0xFF, 0xFF, 0xFF, 0xFF,
  0xFF, 0xFF, 0xFF, 0xFF, 0x00, 0x0F, 0xF0, 0x00, 0xFF, 0x00, 0x0F, 0xF0,
  0x00, 0xFF, 0x00, 0x0F, 0xF0, 0x00, 0xFF, 0x00, 0x0F, 0xF0, 0x00, 0xFF,
  0x00, 0x0F, 0xF0, 0x00, 0xFF, 0x00, 0x0F, 0xF0, 0x00, 0xFF, 0x00, 0x0F,
  0xF0, 0x00, 0xFF, 0x00, 0x0F, 0xF0, 0x00, 0xFF, 0x00, 0x0F, 0xF0, 0x00,
  0xFF, 0x00, 0x0F, 0xF0, 0x00, 0xFF, 0x00, 0x0F, 0xF0, 0x00, 0xFF, 0x00,
  0x0F, 0xF0, 0x00, 0xFF, 0x00, 0x0F, 0xF0, 0x00, 0xFF, 0x00, 0x0F, 0xF0,
  0x00, 0xFF, 0x00, 0x0F, 0xF0, 0x00, 0xFF, 0x00, 0x0F, 0xFF, 0xFF, 0xFF,
  0xFF, 0xFF, 0xFF, 0xFF, 0xF0, 0xFF, 0xFF, 0xFF, 0xFF, 0xFF, 0xFF, 0xFF,
  0xFF, 0x00, 0x0F, 0xF0, 0x00, 0xFF, 0x00, 0x0F, 0xF0, 0x00, 0xFF, 0x00,
  0x0F, 0xF0, 0x00, 0xFF, 0x00, 0x0F, 0xF0, 0x00, 0xFF, 0x00, 0x0F, 0xF0,
  0x00, 0xFF, 0x00, 0x0F, 0xF0, 0x00, 0xFF, 0x00, 0x0F, 0xF0, 0x00, 0xFF,
  0x00, 0x0F, 0xF0, 0x00, 0xFF, 0x00, 0x0F, 0xF0, 0x00, 0xFF, 0x00, 0x0F,
  0xF0, 0x00, 0xFF, 0x00, 0x0F, 0xF0, 0x00, 0xFF, 0x00, 0x0F, 0xF0, 0x00,
  0xFF, 0x00, 0x0F, 0xF0, 0x00, 0xFF, 0x00, 0x0F, 0xF0, 0x00, 0xFF, 0x00,
  0x0F, 0xF0, 0x00, 0xFF, 0x00, 0x0F, 0xFF, 0xFF, 0xFF, 0xFF, 0xFF, 0xFF,
  0xFF, 0xF0, 0xFF, 0xFF, 0xFF, 0xFF, 0xFF, 0xFF, 0xFF, 0xFF, 0x00, 0x0F,
  0xF0, 0x00, 0xFF, 0x00, 0x0F, 0xF0, 0x00, 0xFF, 0x00, 0x0F, 0xF0, 0x00,
  0xFF, 0x00, 0x0F, 0xF0, 0x00, 0xFF, 0x00, 0x0F, 0xF0, 0x00, 0xFF, 0x00,
  0x0F, 0xF0, 0x00, 0xFF, 0x00, 0x0F, 0xF0, 0x00, 0xFF, 0x00, 0x0F, 0xF0,
  0x00, 0xFF, 0x00, 0x0F, 0xF0, 0x00, 0xFF, 0x00, 0x0F, 0xF0, 0x00, 0xFF,
  0x00, 0x0F, 0xF0, 0x00, 0xFF, 0x00, 0x0F, 0xF0, 0x00, 0xFF, 0x00, 0x0F,
  0xF0, 0x00, 0xFF, 0x00, 0x0F, 0xF0, 0x00, 0xFF, 0x00, 0x0F, 0xF0, 0x00,
  0xFF, 0x00, 0x0F, 0xFF, 0xFF, 0xFF, 0xFF, 0xFF, 0xFF, 0xFF, 0xF0, 0xFF,
  0xFF, 0xFF, 0xFF, 0xFF, 0xFF, 0xFF, 0xFF, 0x00, 0x0F, 0xF0, 0x00, 0xFF,
  0x00, 0x0F, 0xF0, 0x00, 0xFF, 0x00, 0x0F, 0xF0, 0x00, 0xFF, 0x00, 0x0F,
  0xF0, 0x00, 0xFF, 0x00, 0x0F, 0xF0, 0x00, 0xFF, 0x00, 0x0F, 0xF0, 0x00,
  0xFF, 0x00, 0x0F, 0xF0, 0x00, 0xFF, 0x00, 0x0F, 0xF0, 0x00, 0xFF, 0x00,
  0x0F, 0xF0, 0x00, 0xFF, 0x00, 0x0F, 0xF0, 0x00, 0xFF, 0x00, 0x0F, 0xF0,
  0x00, 0xFF, 0x00, 0x0F, 0xF0, 0x00, 0xFF, 0x00, 0x0F, 0xF0, 0x00, 0xFF,
  0x00, 0x0F, 0xF0, 0x00, 0xFF, 0x00, 0x0F, 0xF0, 0x00, 0xFF, 0x00, 0x0F,
  0xFF, 0xFF, 0xFF, 0xFF, 0xFF, 0xFF, 0xFF, 0xF0, 0xFF, 0xFF, 0xFF, 0xFF,
  0xFF, 0xFF, 0xFF, 0xFF, 0x00, 0x0F, 0xF0, 0x00, 0xFF, 0x00, 0x0F, 0xF0,
  0x00, 0xFF, 0x00, 0x0F, 0xF0, 0x00, 0xFF, 0x00, 0x0F, 0xF0, 0x00, 0xFF,
  0x00, 0x0F, 0xF0, 0x00, 0xFF, 0x00, 0x0F, 0xF0, 0x00, 0xFF, 0x00, 0x0F,
  0xF0, 0x00, 0xFF, 0x00, 0x0F, 0xF0, 0x00, 0xFF, 0x00, 0x0F, 0xF0, 0x00,
  0xFF, 0x00, 0x0F, 0xF0, 0x00, 0xFF, 0x00, 0x0F, 0xF0, 0x00, 0xFF, 0x00,
  0x0F, 0xF0, 0x00, 0xFF, 0x00, 0x0F, 0xF0, 0x00, 0xFF, 0x00, 0x0F, 0xF0,
  0x00, 0xFF, 0x00, 0x0F, 0xF0, 0x00, 0xFF, 0x00, 0x0F, 0xFF, 0xFF, 0xFF,
  0xFF, 0xFF, 0xFF, 0xFF, 0xF0, 0xFF, 0xFF, 0xFF, 0xFF, 0xFF, 0xFF, 0xFF,
  0xFF, 0x00, 0x0F, 0xF0, 0x00, 0xFF, 0x00, 0x0F, 0xF0, 0x00, 0xFF, 0x00,
  0x0F, 0xF0, 0x00, 0xFF, 0x00, 0x0F, 0xF0, 0x00, 0xFF, 0x00, 0x0F, 0xF0,
  0x00, 0xFF, 0x00, 0x0F, 0xF0, 0x00, 0xFF, 0x00, 0x0F, 0xF0, 0x00, 0xFF,
  0x00, 0x0F, 0xF0, 0x00, 0xFF, 0x00, 0x0F, 0xF0, 0x00, 0xFF, 0x00, 0x0F,
  0xF0, 0x00, 0xFF, 0x00, 0x0F, 0xF0, 0x00, 0xFF, 0x00, 0x0F, 0xF0, 0x00,
  0xFF, 0x00, 0x0F, 0xF0, 0x00, 0xFF, 0x00, 0x0F, 0xF0, 0x00, 0xFF, 0x00,
  0x0F, 0xF0, 0x00, 0xFF, 0x00, 0x0F, 0xFF, 0xFF, 0xFF, 0xFF, 0xFF, 0xFF,
  0xFF, 0xF0, 0xFF, 0xFF, 0xFF, 0xFF, 0xFF, 0xFF, 0xFF, 0xFF, 0x00, 0x0F,
  0xF0, 0x00, 0xFF, 0x00, 0x0F, 0xF0, 0x00, 0xFF, 0x00, 0x0F, 0xF0, 0x00,
  0xFF, 0x00, 0x0F, 0xF0, 0x00, 0xFF, 0x00, 0x0F, 0xF0, 0x00, 0xFF, 0x00,
  0x0F, 0xF0, 0x00, 0xFF, 0x00, 0x0F, 0xF0, 0x00, 0xFF, 0x00, 0x0F, 0xF0,
  0x00, 0xFF, 0x00, 0x0F, 0xF0, 0x00, 0xFF, 0x00, 0x0F, 0xF0, 0x00, 0xFF,
  0x00, 0x0F, 0xF0, 0x00, 0xFF, 0x00, 0x0F, 0xF0, 0x00, 0xFF, 0x00, 0x0F,
  0xF0, 0x00, 0xFF, 0x00, 0x0F, 0xF0, 0x00, 0xFF, 0x00, 0x0F, 0xF0, 0x00,
  0xFF, 0x00, 0x0F, 0xFF, 0xFF, 0xFF, 0xFF, 0xFF, 0xFF, 0xFF, 0xF0, 0xFF,
  0xFF, 0xFF, 0xFF, 0xFF, 0xFF, 0xFF, 0xFF, 0x00, 0x0F, 0xF0, 0x00, 0xFF,
  0x00, 0x0F, 0xF0, 0x00, 0xFF, 0x00, 0x0F, 0xF0, 0x00, 0xFF, 0x00, 0x0F,
  0xF0, 0x00, 0xFF, 0x00, 0x0F, 0xF0, 0x00, 0xFF, 0x00, 0x0F, 0xF0, 0x00,
  0xFF, 0x00, 0x0F, 0xF0, 0x00, 0xFF, 0x00, 0x0F, 0xF0, 0x00, 0xFF, 0x00,
  0x0F, 0xF0, 0x00, 0xFF, 0x00, 0x0F, 0xF0, 0x00, 0xFF, 0x00, 0x0F, 0xF0,
  0x00, 0xFF, 0x00, 0x0F, 0xF0, 0x00, 0xFF, 0x00, 0x0F, 0xF0, 0x00, 0xFF,
  0x00, 0x0F, 0xF0, 0x00, 0xFF, 0x00, 0x0F, 0xF0, 0x00, 0xFF, 0x00, 0x0F,
  0xFF, 0xFF, 0xFF, 0xFF, 0xFF, 0xFF, 0xFF, 0xF0, 0xFF, 0xFF, 0xFF, 0xFF,
  0xFF, 0xFF, 0xFF, 0xFF, 0x00, 0x0F, 0xF0, 0x00, 0xFF, 0x00, 0x0F, 0xF0,
  0x00, 0xFF, 0x00, 0x0F, 0xF0, 0x00, 0xFF, 0x00, 0x0F, 0xF0, 0x00, 0xFF,
  0x00, 0x0F, 0xF0, 0x00, 0xFF, 0x00, 0x0F, 0xF0, 0x00, 0xFF, 0x00, 0x0F,
  0xF0, 0x00, 0xFF, 0x00, 0x0F, 0xF0, 0x00, 0xFF, 0x00, 0x0F, 0xF0, 0x00,
  0xFF, 0x00, 0x0F, 0xF0, 0x00, 0xFF, 0x00, 0x0F, 0xF0, 0x00, 0xFF, 0x00,
  0x0F, 0xF0, 0x00, 0xFF, 0x00, 0x0F, 0xF0, 0x00, 0xFF, 0x00, 0x0F, 0xF0,
  0x00, 0xFF, 0x00, 0x0F, 0xF0, 0x00, 0xFF, 0x00, 0x0F, 0xFF, 0xFF, 0xFF,
  0xFF, 0xFF, 0xFF, 0xFF, 0xF0, 0xFF, 0xFF, 0xFF, 0xFF, 0xFF, 0xFF, 0xFF,
  0xFF, 0x00, 0x0F, 0xF0, 0x00, 0xFF, 0x00, 0x0F, 0xF0, 0x00, 0xFF, 0x00,
  0x0F, 0xF0, 0x00, 0xFF, 0x00, 0x0F, 0xF0, 0x00, 0xFF, 0x00, 0x0F, 0xF0,
  0x00, 0xFF, 0x00, 0x0F, 0xF0, 0x00, 0xFF, 0x00, 0x0F, 0xF0, 0x00, 0xFF,
  0x00, 0x0F, 0xF0, 0x00, 0xFF, 0x00, 0x0F, 0xF0, 0x00, 0xFF, 0x00, 0x0F,
  0xF0, 0x00, 0xFF, 0x00, 0x0F, 0xF0, 0x00, 0xFF, 0x00, 0x0F, 0xF0, 0x00,
  0xFF, 0x00, 0x0F, 0xF0, 0x00, 0xFF, 0x00, 0x0F, 0xF0, 0x00, 0xFF, 0x00,
  0x0F, 0xF0, 0x00, 0xFF, 0x00, 0x0F, 0xFF, 0xFF, 0xFF, 0xFF, 0xFF, 0xFF,
  0xFF, 0xF0, 0xFF, 0xFF, 0xFF, 0xFF, 0xFF, 0xFF, 0xFF, 0xFF, 0x00, 0x0F,
  0xF0, 0x00, 0xFF, 0x00, 0x0F, 0xF0, 0x00, 0xFF, 0x00, 0x0F, 0xF0, 0x00,
  0xFF, 0x00, 0x0F, 0xF0, 0x00, 0xFF, 0x00, 0x0F, 0xF0, 0x00, 0xFF, 0x00,
  0x0F, 0xF0, 0x00, 0xFF, 0x00, 0x0F, 0xF0, 0x00, 0xFF, 0x00, 0x0F, 0xF0,
  0x00, 0xFF, 0x00, 0x0F, 0xF0, 0x00, 0xFF, 0x00, 0x0F, 0xF0, 0x00, 0xFF,
  0x00, 0x0F, 0xF0, 0x00, 0xFF, 0x00, 0x0F, 0xF0, 0x00, 0xFF, 0x00, 0x0F,
  0xF0, 0x00, 0xFF, 0x00, 0x0F, 0xF0, 0x00, 0xFF, 0x00, 0x0F, 0xF0, 0x00,
  0xFF, 0x00, 0x0F, 0xFF, 0xFF, 0xFF, 0xFF, 0xFF, 0xFF, 0xFF, 0xF0, 0xFF,
  0xFF, 0xFF, 0xFF, 0xFF, 0xFF, 0xFF, 0xFF, 0x00, 0x0F, 0xF0, 0x00, 0xFF,
  0x00, 0x0F, 0xF0, 0x00, 0xFF, 0x00, 0x0F, 0xF0, 0x00, 0xFF, 0x00, 0x0F,
  0xF0, 0x00, 0xFF, 0x00, 0x0F, 0xF0, 0x00, 0xFF, 0x00, 0x0F, 0xF0, 0x00,
  0xFF, 0x00, 0x0F, 0xF0, 0x00, 0xFF, 0x00, 0x0F, 0xF0, 0x00, 0xFF, 0x00,
  0x0F, 0xF0, 0x00, 0xFF, 0x00, 0x0F, 0xF0, 0x00, 0xFF, 0x00, 0x0F, 0xF0,
  0x00, 0xFF, 0x00, 0x0F, 0xF0, 0x00, 0xFF, 0x00, 0x0F, 0xF0, 0x00, 0xFF,
  0x00, 0x0F, 0xF0, 0x00, 0xFF, 0x00, 0x0F, 0xF0, 0x00, 0xFF, 0x00, 0x0F,
  0xFF, 0xFF, 0xFF, 0xFF, 0xFF, 0xFF, 0xFF, 0xF0, 0xFF, 0xFF, 0xFF, 0xFF,
  0xFF, 0xFF, 0xFF, 0xFF, 0x00, 0x0F, 0xF0, 0x00, 0xFF, 0x00, 0x0F, 0xF0,
  0x00, 0xFF, 0x00, 0x0F, 0xF0, 0x00, 0xFF, 0x00, 0x0F, 0xF0, 0x00, 0xFF,
  0x00, 0x0F, 0xF0, 0x00, 0xFF, 0x00, 0x0F, 0xF0, 0x00, 0xFF, 0x00, 0x0F,
  0xF0, 0x00, 0xFF, 0x00, 0x0F, 0xF0, 0x00, 0xFF, 0x00, 0x0F, 0xF0, 0x00,
  0xFF, 0x00, 0x0F, 0xF0, 0x00, 0xFF, 0x00, 0x0F, 0xF0, 0x00, 0xFF, 0x00,
  0x0F, 0xF0, 0x00, 0xFF, 0x00, 0x0F, 0xF0, 0x00, 0xFF, 0x00, 0x0F, 0xF0,
  0x00, 0xFF, 0x00, 0x0F, 0xF0, 0x00, 0xFF, 0x00, 0x0F, 0xFF, 0xFF, 0xFF,
  0xFF, 0xFF, 0xFF, 0xFF, 0xF0, 0xFF, 0xFF, 0xFF, 0xFF, 0xFF, 0xFF, 0xFF,
  0xFF, 0x00, 0x0F, 0xF0, 0x00, 0xFF, 0x00, 0x0F, 0xF0, 0x00, 0xFF, 0x00,
  0x0F, 0xF0, 0x00, 0xFF, 0x00, 0x0F, 0xF0, 0x00, 0xFF, 0x00, 0x0F, 0xF0,
  0x00, 0xFF, 0x00, 0x0F, 0xF0, 0x00, 0xFF, 0x00, 0x0F, 0xF0, 0x00, 0xFF,
  0x00, 0x0F, 0xF0, 0x00, 0xFF, 0x00, 0x0F, 0xF0, 0x00, 0xFF, 0x00, 0x0F,
  0xF0, 0x00, 0xFF, 0x00, 0x0F, 0xF0, 0x00, 0xFF, 0x00, 0x0F, 0xF0, 0x00,
  0xFF, 0x00, 0x0F, 0xF0, 0x00, 0xFF, 0x00, 0x0F, 0xF0, 0x00, 0xFF, 0x00,
  0x0F, 0xF0, 0x00, 0xFF, 0x00, 0x0F, 0xFF, 0xFF, 0xFF, 0xFF, 0xFF, 0xFF,
  0xFF, 0xF0, 0xFF, 0xFF, 0xFF, 0xFF, 0xFF, 0xFF, 0xFF, 0xFF, 0x00, 0x0F,
  0xF0, 0x00, 0xFF, 0x00, 0x0F, 0xF0, 0x00, 0xFF, 0x00, 0x0F, 0xF0, 0x00,
  0xFF, 0x00, 0x0F, 0xF0, 0x00, 0xFF, 0x00, 0x0F, 0xF0, 0x00, 0xFF, 0x00,
  0x0F, 0xF0, 0x00, 0xFF, 0x00, 0x0F, 0xF0, 0x00, 0xFF, 0x00, 0x0F, 0xF0,
  0x00, 0xFF, 0x00, 0x0F, 0xF0, 0x00, 0xFF, 0x00, 0x0F, 0xF0, 0x00, 0xFF,
  0x00, 0x0F, 0xF0, 0x00, 0xFF, 0x00, 0x0F, 0xF0, 0x00, 0xFF, 0x00, 0x0F,
  0xF0, 0x00, 0xFF, 0x00, 0x0F, 0xF0, 0x00, 0xFF, 0x00, 0x0F, 0xF0, 0x00,
  0xFF, 0x00, 0x0F, 0xFF, 0xFF, 0xFF, 0xFF, 0xFF, 0xFF, 0xFF, 0xF0, 0xFF,
  0xFF, 0xFF, 0xFF, 0xFF, 0xFF, 0xFF, 0xFF, 0x00, 0x0F, 0xF0, 0x00, 0xFF,
  0x00, 0x0F, 0xF0, 0x00, 0xFF, 0x00, 0x0F, 0xF0, 0x00, 0xFF, 0x00, 0x0F,
  0xF0, 0x00, 0xFF, 0x00, 0x0F, 0xF0, 0x00, 0xFF, 0x00, 0x0F, 0xF0, 0x00,
  0xFF, 0x00, 0x0F, 0xF0, 0x00, 0xFF, 0x00, 0x0F, 0xF0, 0x00, 0xFF, 0x00,
  0x0F, 0xF0, 0x00, 0xFF, 0x00, 0x0F, 0xF0, 0x00, 0xFF, 0x00, 0x0F, 0xF0,
  0x00, 0xFF, 0x00, 0x0F, 0xF0, 0x00, 0xFF, 0x00, 0x0F, 0xF0, 0x00, 0xFF,
  0x00, 0x0F, 0xF0, 0x00, 0xFF, 0x00, 0x0F, 0xF0, 0x00, 0xFF, 0x00, 0x0F,
  0xFF, 0xFF, 0xFF, 0xFF, 0xFF, 0xFF, 0xFF, 0xF0, 0xFF, 0xFF, 0xFF, 0xFF,
  0xFF, 0xFF, 0xFF, 0xFF, 0x00, 0x0F, 0xF0, 0x00, 0xFF, 0x00, 0x0F, 0xF0,
  0x00, 0xFF, 0x00, 0x0F, 0xF0, 0x00, 0xFF, 0x00, 0x0F, 0xF0, 0x00, 0xFF,
  0x00, 0x0F, 0xF0, 0x00, 0xFF, 0x00, 0x0F, 0xF0, 0x00, 0xFF, 0x00, 0x0F,
  0xF0, 0x00, 0xFF, 0x00, 0x0F, 0xF0, 0x00, 0xFF, 0x00, 0x0F, 0xF0, 0x00,
  0xFF, 0x00, 0x0F, 0xF0, 0x00, 0xFF, 0x00, 0x0F, 0xF0, 0x00, 0xFF, 0x00,
  0x0F, 0xF0, 0x00, 0xFF, 0x00, 0x0F, 0xF0, 0x00, 0xFF, 0x00, 0x0F, 0xF0,
  0x00, 0xFF, 0x00, 0x0F, 0xF0, 0x00, 0xFF, 0x00, 0x0F, 0xFF, 0xFF, 0xFF,
  0xFF, 0xFF, 0xFF, 0xFF, 0xF0, 0xFF, 0xFF, 0xFF, 0xFF, 0xFF, 0xFF, 0xFF,
  0xFF, 0x00, 0x0F, 0xF0, 0x00, 0xFF, 0x00, 0x0F, 0xF0, 0x00, 0xFF, 0x00,
  0x0F, 0xF0, 0x00, 0xFF, 0x00, 0x0F, 0xF0, 0x00, 0xFF, 0x00, 0x0F, 0xF0,
  0x00, 0xFF, 0x00, 0x0F, 0xF0, 0x00, 0xFF, 0x00, 0x0F, 0xF0, 0x00, 0xFF,
  0x00, 0x0F, 0xF0, 0x00, 0xFF, 0x00, 0x0F, 0xF0, 0x00, 0xFF, 0x00, 0x0F,
  0xF0, 0x00, 0xFF, 0x00, 0x0F, 0xF0, 0x00, 0xFF, 0x00, 0x0F, 0xF0, 0x00,
  0xFF, 0x00, 0x0F, 0xF0, 0x00, 0xFF, 0x00, 0x0F, 0xF0, 0x00, 0xFF, 0x00,
  0x0F, 0xF0, 0x00, 0xFF, 0x00, 0x0F, 0xFF, 0xFF, 0xFF, 0xFF, 0xFF, 0xFF,
  0xFF, 0xF0, 0xFF, 0xFF, 0xFF, 0xFF, 0xFF, 0xFF, 0xFF, 0xFF, 0x00, 0x0F,
  0xF0, 0x00, 0xFF, 0x00, 0x0F, 0xF0, 0x00, 0xFF, 0x00, 0x0F, 0xF0, 0x00,
  0xFF, 0x00, 0x0F, 0xF0, 0x00, 0xFF, 0x00, 0x0F, 0xF0, 0x00, 0xFF, 0x00,
  0x0F, 0xF0, 0x00, 0xFF, 0x00, 0x0F, 0xF0, 0x00, 0xFF, 0x00, 0x0F, 0xF0,
  0x00, 0xFF, 0x00, 0x0F, 0xF0, 0x00, 0xFF, 0x00, 0x0F, 0xF0, 0x00, 0xFF,
  0x00, 0x0F, 0xF0, 0x00, 0xFF, 0x00, 0x0F, 0xF0, 0x00, 0xFF, 0x00, 0x0F,
  0xF0, 0x00, 0xFF, 0x00, 0x0F, 0xF0, 0x00, 0xFF, 0x00, 0x0F, 0xF0, 0x00,
  0xFF, 0x00, 0x0F, 0xFF, 0xFF, 0xFF, 0xFF, 0xFF, 0xFF, 0xFF, 0xF0, 0xFF,
  0xFF, 0xFF, 0xFF, 0xFF, 0xFF, 0xFF, 0xFF, 0x00, 0x0F, 0xF0, 0x00, 0xFF,
  0x00, 0x0F, 0xF0, 0x00, 0xFF, 0x00, 0x0F, 0xF0, 0x00, 0xFF, 0x00, 0x0F,
  0xF0, 0x00, 0xFF, 0x00, 0x0F, 0xF0, 0x00, 0xFF, 0x00, 0x0F, 0xF0, 0x00,
  0xFF, 0x00, 0x0F, 0xF0, 0x00, 0xFF, 0x00, 0x0F, 0xF0, 0x00, 0xFF, 0x00,
  0x0F, 0xF0, 0x00, 0xFF, 0x00, 0x0F, 0xF0, 0x00, 0xFF, 0x00, 0x0F, 0xF0,
  0x00, 0xFF, 0x00, 0x0F, 0xF0, 0x00, 0xFF, 0x00, 0x0F, 0xF0, 0x00, 0xFF,
  0x00, 0x0F, 0xF0, 0x00, 0xFF, 0x00, 0x0F, 0xF0, 0x00, 0xFF, 0x00, 0x0F,
  0xFF, 0xFF, 0xFF, 0xFF, 0xFF, 0xFF, 0xFF, 0xF0, 0xFF, 0xFF, 0xFF, 0xFF,
  0xFF, 0xFF, 0xFF, 0xFF, 0x00, 0x0F, 0xF0, 0x00, 0xFF, 0x00, 0x0F, 0xF0,
  0x00, 0xFF, 0x00, 0x0F, 0xF0, 0x00, 0xFF, 0x00, 0x0F, 0xF0, 0x00, 0xFF,
  0x00, 0x0F, 0xF0, 0x00, 0xFF, 0x00, 0x0F, 0xF0, 0x00, 0xFF, 0x00, 0x0F,
  0xF0, 0x00, 0xFF, 0x00, 0x0F, 0xF0, 0x00, 0xFF, 0x00, 0x0F, 0xF0, 0x00,
  0xFF, 0x00, 0x0F, 0xF0, 0x00, 0xFF, 0x00, 0x0F, 0xF0, 0x00, 0xFF, 0x00,
  0x0F, 0xF0, 0x00, 0xFF, 0x00, 0x0F, 0xF0, 0x00, 0xFF, 0x00, 0x0F, 0xF0,
  0x00, 0xFF, 0x00, 0x0F, 0xF0, 0x00, 0xFF, 0x00, 0x0F, 0xFF, 0xFF, 0xFF,
  0xFF, 0xFF, 0xFF, 0xFF, 0xF0, 0xFF, 0xFF, 0xFF, 0xFF, 0xFF, 0xFF, 0xFF,
  0xFF, 0x00, 0x0F, 0xF0, 0x00, 0xFF, 0x00, 0x0F, 0xF0, 0x00, 0xFF, 0x00,
  0x0F, 0xF0, 0x00, 0xFF, 0x00, 0x0F, 0xF0, 0x00, 0xFF, 0x00, 0x0F, 0xF0,
  0x00, 0xFF, 0x00, 0x0F, 0xF0, 0x00, 0xFF, 0x00, 0x0F, 0xF0, 0x00, 0xFF,
  0x00, 0x0F, 0xF0, 0x00, 0xFF, 0x00, 0x0F, 0xF0, 0x00, 0xFF, 0x00, 0x0F,
  0xF0, 0x00, 0xFF, 0x00, 0x0F, 0xF0, 0x00, 0xFF, 0x00, 0x0F, 0xF0, 0x00,
  0xFF, 0x00, 0x0F, 0xF0, 0x00, 0xFF, 0x00, 0x0F, 0xF0, 0x00, 0xFF, 0x00,
  0x0F, 0xF0, 0x00, 0xFF, 0x00, 0x0F, 0xFF, 0xFF, 0xFF, 0xFF, 0xFF, 0xFF,
  0xFF, 0xF0, 0xFF, 0xFF, 0xFF, 0xFF, 0xFF, 0xFF, 0xFF, 0xFF, 0x00, 0x0F,
  0xF0, 0x00, 0xFF, 0x00, 0x0F, 0xF0, 0x00, 0xFF, 0x00, 0x0F, 0xF0, 0x00,
  0xFF, 0x00, 0x0F, 0xF0, 0x00, 0xFF, 0x00, 0x0F, 0xF0, 0x00, 0xFF, 0x00,
  0x0F, 0xF0, 0x00, 0xFF, 0x00, 0x0F, 0xF0, 0x00, 0xFF, 0x00, 0x0F, 0xF0,
  0x00, 0xFF, 0x00, 0x0F, 0xF0, 0x00, 0xFF, 0x00, 0x0F, 0xF0, 0x00, 0xFF,
  0x00, 0x0F, 0xF0, 0x00, 0xFF, 0x00, 0x0F, 0xF0, 0x00, 0xFF, 0x00, 0x0F,
  0xF0, 0x00, 0xFF, 0x00, 0x0F, 0xF0, 0x00, 0xFF, 0x00, 0x0F, 0xF0, 0x00,
  0xFF, 0x00, 0x0F, 0xFF, 0xFF, 0xFF, 0xFF, 0xFF, 0xFF, 0xFF, 0xF0, 0xFF,
  0xFF, 0xFF, 0xFF, 0xFF, 0xFF, 0xFF, 0xFF, 0x00, 0x0F, 0xF0, 0x00, 0xFF,
  0x00, 0x0F, 0xF0, 0x00, 0xFF, 0x00, 0x0F, 0xF0, 0x00, 0xFF, 0x00, 0x0F,
  0xF0, 0x00, 0xFF, 0x00, 0x0F, 0xF0, 0x00, 0xFF, 0x00, 0x0F, 0xF0, 0x00,
  0xFF, 0x00, 0x0F, 0xF0, 0x00, 0xFF, 0x00, 0x0F, 0xF0, 0x00, 0xFF, 0x00,
  0x0F, 0xF0, 0x00, 0xFF, 0x00, 0x0F, 0xF0, 0x00, 0xFF, 0x00, 0x0F, 0xF0,
  0x00, 0xFF, 0x00, 0x0F, 0xF0, 0x00, 0xFF, 0x00, 0x0F, 0xF0, 0x00, 0xFF,
  0x00, 0x0F, 0xF0, 0x00, 0xFF, 0x00, 0x0F, 0xF0, 0x00, 0xFF, 0x00, 0x0F,
  0xFF, 0xFF, 0xFF, 0xFF, 0xFF, 0xFF, 0xFF, 0xF0, 0xFF, 0xFF, 0xFF, 0xFF,
  0xFF, 0xFF, 0xFF, 0xFF, 0x00, 0x0F, 0xF0, 0x00, 0xFF, 0x00, 0x0F, 0xF0,
  0x00, 0xFF, 0x00, 0x0F, 0xF0, 0x00, 0xFF, 0x00, 0x0F, 0xF0, 0x00, 0xFF,
  0x00, 0x0F, 0xF0, 0x00, 0xFF, 0x00, 0x0F, 0xF0, 0x00, 0xFF, 0x00, 0x0F,
  0xF0, 0x00, 0xFF, 0x00, 0x0F, 0xF0, 0x00, 0xFF, 0x00, 0x0F, 0xF0, 0x00,
  0xFF, 0x00, 0x0F, 0xF0, 0x00, 0xFF, 0x00, 0x0F, 0xF0, 0x00, 0xFF, 0x00,
  0x0F, 0xF0, 0x00, 0xFF, 0x00, 0x0F, 0xF0, 0x00, 0xFF, 0x00, 0x0F, 0xF0,
  0x00, 0xFF, 0x00, 0x0F, 0xF0, 0x00, 0xFF, 0x00, 0x0F, 0xFF, 0xFF, 0xFF,
  0xFF, 0xFF, 0xFF, 0xFF, 0xF0, 0x00, 0xFF, 0xFF, 0xFF, 0xFF, 0xFF, 0xFF,
  0xFF, 0xFF, 0x00, 0x0F, 0xF0, 0x00, 0xFF, 0x00, 0x0F, 0xF0, 0x00, 0xFF,
  0x00, 0x0F, 0xF0, 0x00, 0xFF, 0x00, 0x0F, 0xF0, 0x00, 0xFF, 0x00, 0x0F,
  0xF0, 0x00, 0xFF, 0x00, 0x0F, 0xF0, 0x00, 0xFF, 0x00, 0x0F, 0xF0, 0x00,
  0xFF, 0x00, 0x0F, 0xF0, 0x00, 0xFF, 0x00, 0x0F, 0xF0, 0x00, 0xFF, 0x00,
  0x0F, 0xF0, 0x00, 0xFF, 0x00, 0x0F, 0xF0, 0x00, 0xFF, 0x00, 0x0F, 0xF0,
  0x00, 0xFF, 0x00, 0x0F, 0xF0, 0x00, 0xFF, 0x00, 0x0F, 0xF0, 0x00, 0xFF,
  0x00, 0x0F, 0xF0, 0x00, 0xFF, 0x00, 0x0F, 0xFF, 0xFF, 0xFF, 0xFF, 0xFF,
  0xFF, 0xFF, 0xF0, 0x00, 0xF0, 0x00, 0x1E, 0x00, 0x03, 0xC0, 0x00, 0x78,
  0x00, 0x0F, 0x00, 0x03, 0xF0, 0x03, 0xFF, 0xC0, 0xFF, 0xFC, 0x3E, 0x07,
  0xC7, 0x80, 0x79, 0xE0, 0x07, 0xBC, 0x00, 0xFF, 0x00, 0x1F, 0xE0, 0x00,
  0x3C, 0x00, 0x07, 0x80, 0x00, 0xF0, 0x00, 0x1E, 0x00, 0x03, 0xC0, 0x00,
  0x78, 0x00, 0x0F, 0x00, 0x00, 0xF0, 0x03, 0xDE, 0x00, 0x79, 0xE0, 0x1E,
  0x3E, 0x07, 0xC3, 0xFF, 0xF0, 0x3F, 0xF8, 0x01, 0xFC, 0x00, 0x0F, 0x00,
  0x01, 0xE0, 0x00, 0x3C, 0x00, 0x07, 0x80, 0x00, 0xF0, 0x00, 0x00, 0x7F,
  0x00, 0x07, 0xFF, 0x00, 0x7F, 0xFE, 0x01, 0xF0, 0xFC, 0x0F, 0x00, 0xF0,
  0x3C, 0x01, 0xE1, 0xE0, 0x07, 0x87, 0x80, 0x1E, 0x1E, 0x00, 0x00, 0x78,
  0x00, 0x01, 0xE0, 0x00, 0x07, 0x80, 0x00, 0x1E, 0x00, 0x00, 0x78, 0x00,
  0x0F, 0xFF, 0xC0, 0x3F, 0xFF, 0x00, 0xFF, 0xFC, 0x00, 0x78, 0x00, 0x01,
  0xE0, 0x00, 0x07, 0x80, 0x00, 0x1E, 0x00, 0x00, 0x78, 0x00, 0x01, 0xE0,
  0x00, 0x07, 0x80, 0x00, 0x1E, 0x00, 0x00, 0x70, 0x00, 0x03, 0xC0, 0x00,
  0x3F, 0xFF, 0xFF, 0xFF, 0xFF, 0xFF, 0xFF, 0xFF, 0xF0, 0x00, 0x00, 0x00,
  0x07, 0x07, 0xF0, 0x31, 0xF3, 0xFF, 0x9F, 0x3F, 0xFF, 0xFF, 0xE3, 0xFE,
  0x0F, 0xF8, 0x3F, 0x00, 0x7E, 0x07, 0xC0, 0x07, 0xC0, 0xF0, 0x00, 0x78,
  0x3C, 0x00, 0x07, 0x87, 0x80, 0x00, 0xF1, 0xF0, 0x00, 0x1F, 0x3C, 0x00,
  0x01, 0xE7, 0x80, 0x00, 0x3C, 0xF0, 0x00, 0x07, 0x9E, 0x00, 0x00, 0xF3,
  0xC0, 0x00, 0x1E, 0x78, 0x00, 0x03, 0xCF, 0x80, 0x00, 0xF8, 0xF0, 0x00,
  0x1E, 0x1E, 0x00, 0x03, 0xC1, 0xE0, 0x00, 0xF0, 0x3E, 0x00, 0x3E, 0x07,
  0xE0, 0x0F, 0xE1, 0xFF, 0x07, 0xFE, 0xFF, 0xFF, 0xFF, 0xEF, 0x1F, 0xFC,
  0x78, 0xC0, 0xFE, 0x06, 0x00, 0x00, 0x00, 0x00, 0x78, 0x00, 0x7D, 0xF0,
  0x01, 0xE3, 0xC0, 0x0F, 0x8F, 0x00, 0x3C, 0x1E, 0x01, 0xF0, 0x78, 0x07,
  0x80, 0xF0, 0x3E, 0x03, 0xC0, 0xF0, 0x07, 0x87, 0xC0, 0x1E, 0x1E, 0x00,
  0x3C, 0xF8, 0x00, 0xF3, 0xC0, 0x01, 0xFE, 0x00, 0x07, 0xF8, 0x03, 0xFF,
  0xFF, 0x0F, 0xFF, 0xFC, 0x3F, 0xFF, 0xF0, 0x01, 0xE0, 0x00, 0x07, 0x80,
  0x00, 0x1E, 0x00, 0x3F, 0xFF, 0xF0, 0xFF, 0xFF, 0xC3, 0xFF, 0xFF, 0x00,
  0x1E, 0x00, 0x00, 0x78, 0x00, 0x01, 0xE0, 0x00, 0x07, 0x80, 0x00, 0x1E,
  0x00, 0x00, 0x78, 0x00, 0x01, 0xE0, 0x00, 0xFF, 0xFF, 0xFF, 0xFF, 0xFF,
  0xFF, 0xFF, 0xFF, 0x00, 0x00, 0xFF, 0xFF, 0xFF, 0xFF, 0xFF, 0xFF, 0xFF,
  0xFF, 0x01, 0xFF, 0x00, 0x1F, 0xFF, 0x01, 0xFF, 0xFF, 0x0F, 0xC0, 0xFC,
  0x3C, 0x00, 0xF9, 0xF0, 0x01, 0xF7, 0x80, 0x03, 0xDE, 0x00, 0x0F, 0x78,
  0x00, 0x3D, 0xE0, 0x00, 0x07, 0xC0, 0x00, 0x0F, 0xC0, 0x00, 0x1F, 0xC0,
  0x00, 0x7F, 0xF0, 0x03, 0xFF, 0xF0, 0x1F, 0x3F, 0xF0, 0xF8, 0x1F, 0xF3,
  0xC0, 0x0F, 0xEF, 0x00, 0x0F, 0xBC, 0x00, 0x1F, 0xF0, 0x00, 0x3F, 0xE0,
  0x00, 0xF7, 0xC0, 0x03, 0xDF, 0xC0, 0x0F, 0x3F, 0xE0, 0x7C, 0x3F, 0xF7,
  0xE0, 0x3F, 0xFF, 0x00, 0x3F, 0xF8, 0x00, 0x1F, 0xE0, 0x00, 0x0F, 0xC0,
  0x00, 0x0F, 0x80, 0x00, 0x1E, 0xF0, 0x00, 0x7B, 0xC0, 0x01, 0xEF, 0x00,
  0x07, 0xBE, 0x00, 0x3E, 0x7C, 0x00, 0xF0, 0xFC, 0x0F, 0xC1, 0xFF, 0xFE,
  0x03, 0xFF, 0xE0, 0x01, 0xFE, 0x00, 0x60, 0x37, 0x83, 0xFC, 0x1E, 0xC0,
  0x60, 0x00, 0x1F, 0xE0, 0x00, 0x03, 0xFF, 0xF0, 0x00, 0x1F, 0xFF, 0xE0,
  0x01, 0xF8, 0x07, 0xE0, 0x0F, 0x80, 0x07, 0xC0, 0x78, 0x00, 0x07, 0x81,
  0xC0, 0xFC, 0x0E, 0x0E, 0x0F, 0xFC, 0x1C, 0x30, 0x7F, 0xF8, 0x31, 0xC3,
  0xC1, 0xE0, 0xE6, 0x0E, 0x03, 0xC1, 0xB8, 0x78, 0x07, 0x07, 0xC1, 0xC0,
  0x1C, 0x0F, 0x07, 0x00, 0x00, 0x3C, 0x1C, 0x00, 0x00, 0xF0, 0x70, 0x00,
  0x03, 0xC1, 0xC0, 0x00, 0x0F, 0x07, 0x00, 0x00, 0x3C, 0x1C, 0x01, 0xC0,
  0xF8, 0x78, 0x07, 0x07, 0x60, 0xE0, 0x3C, 0x19, 0xC3, 0xC1, 0xE0, 0xE3,
  0x07, 0xFF, 0x83, 0x0E, 0x0F, 0xFC, 0x1C, 0x1C, 0x0F, 0xC0, 0xE0, 0x78,
  0x00, 0x07, 0x80, 0xF8, 0x00, 0x7C, 0x01, 0xF8, 0x07, 0xE0, 0x01, 0xFF,
  0xFE, 0x00, 0x03, 0xFF, 0xF0, 0x00, 0x01, 0xFE, 0x00, 0x00, 0x30, 0x00,
  0x8F, 0x00, 0x3B, 0xF0, 0x0F, 0xBF, 0x03, 0xE3, 0xF0, 0xF8, 0x3E, 0x3E,
  0x03, 0xEF, 0x80, 0x3F, 0xE0, 0x03, 0xF8, 0x00, 0x3E, 0x00, 0x0F, 0xE0,
  0x03, 0xFE, 0x00, 0xFB, 0xE0, 0x3E, 0x3E, 0x0F, 0x83, 0xE3, 0xE0, 0x3E,
  0xF8, 0x03, 0xEE, 0x00, 0x38, 0x80, 0x02, 0x00, 0x03, 0x87, 0x07, 0x0E,
  0x0F, 0x1E, 0x1E, 0x3C, 0x1C, 0x38, 0x3C, 0x78, 0x78, 0xF0, 0xF1, 0xE0,
  0xF1, 0xE0, 0x78, 0xF0, 0x3C, 0x78, 0x1C, 0x38, 0x0E, 0x1C, 0x0F, 0x1E,
  0x07, 0x0E, 0x03, 0x87, 0xFF, 0xFF, 0xFF, 0xFF, 0xFF, 0xFF, 0xFC, 0x00,
  0x0F, 0x00, 0x03, 0xC0, 0x00, 0xF0, 0x00, 0x3C, 0x00, 0x0F, 0x00, 0x03,
  0xC0, 0xFF, 0xFF, 0xFF, 0xFF, 0xFF, 0xFF, 0xFF, 0xFF, 0x00, 0x0F, 0xF0,
  0x00, 0xFF, 0x00, 0x0F, 0xF0, 0x00, 0xFF, 0x00, 0x0F, 0xF0, 0x00, 0xFF,
  0x00, 0x0F, 0xF0, 0x00, 0xFF, 0x00, 0x0F, 0xF0, 0x00, 0xFF, 0x00, 0x0F,
  0xF0, 0x00, 0xFF, 0x00, 0x0F, 0xF0, 0x00, 0xFF, 0x00, 0x0F, 0xF0, 0x00,
  0xFF, 0x00, 0x0F, 0xF0, 0x00, 0xFF, 0x00, 0x0F, 0xF0, 0x00, 0xFF, 0x00,
  0x0F, 0xF0, 0x00, 0xFF, 0x00, 0x0F, 0xF0, 0x00, 0xFF, 0x00, 0x0F, 0xF0,
  0x00, 0xFF, 0x00, 0x0F, 0xF0, 0x00, 0xFF, 0x00, 0x0F, 0xF0, 0x00, 0xFF,
  0x00, 0x0F, 0xFF, 0xFF, 0xFF, 0xFF, 0xFF, 0xFF, 0xFF, 0xF0, 0x00, 0x1F,
  0xE0, 0x00, 0x03, 0xFF, 0xF0, 0x00, 0x1F, 0xFF, 0xE0, 0x01, 0xF8, 0x07,
  0xE0, 0x0F, 0x80, 0x07, 0xC0, 0x78, 0x00, 0x07, 0x81, 0xC7, 0xFC, 0x0E,
  0x0E, 0x1F, 0xF8, 0x1C, 0x30, 0x7F, 0xF0, 0x31, 0xC1, 0xC1, 0xE0, 0xE6,
  0x07, 0x03, 0x81, 0xB8, 0x1C, 0x0E, 0x07, 0xC0, 0x70, 0x38, 0x0F, 0x01,
  0xC1, 0xE0, 0x3C, 0x07, 0xFF, 0x00, 0xF0, 0x1F, 0xF8, 0x03, 0xC0, 0x7F,
  0xF0, 0x0F, 0x01, 0xC1, 0xE0, 0x3C, 0x07, 0x03, 0x80, 0xF8, 0x1C, 0x0E,
  0x07, 0x60, 0x70, 0x38, 0x19, 0xC1, 0xC0, 0xE0, 0xE3, 0x07, 0x03, 0x83,
  0x0E, 0x1C, 0x0E, 0x1C, 0x1C, 0x00, 0x00, 0xE0, 0x78, 0x00, 0x07, 0x00,
  0xF8, 0x00, 0x7C, 0x01, 0xF8, 0x07, 0xE0, 0x01, 0xFF, 0xFE, 0x00, 0x03,
  0xFF, 0xF0, 0x00, 0x01, 0xFE, 0x00, 0x00, 0xFF, 0xFF, 0xFF, 0xFF, 0xFF,
  0xC0, 0x1F, 0x07, 0xF1, 0xFF, 0x78, 0xFE, 0x0F, 0xC1, 0xF8, 0x3F, 0x8F,
  0x7F, 0xC7, 0xF0, 0x7C, 0x00, 0x00, 0xF0, 0x00, 0x1E, 0x00, 0x03, 0xC0,
  0x00, 0x78, 0x00, 0x0F, 0x00, 0x01, 0xE0, 0x00, 0x3C, 0x00, 0x07, 0x80,
  0xFF, 0xFF, 0xFF, 0xFF, 0xFF, 0xFF, 0xFF, 0x80, 0x78, 0x00, 0x0F, 0x00,
  0x01, 0xE0, 0x00, 0x3C, 0x00, 0x07, 0x80, 0x00, 0xF0, 0x00, 0x1E, 0x00,
  0x03, 0xC0, 0x00, 0x78, 0x00, 0x00, 0x00, 0x00, 0x00, 0x00, 0x00, 0x03,
  0xFF, 0xFF, 0x7F, 0xFF, 0xEF, 0xFF, 0xFC, 0x1F, 0x81, 0xFF, 0x1C, 0x39,
  0xC0, 0xEE, 0x07, 0x00, 0x38, 0x03, 0xC0, 0x1C, 0x01, 0xE0, 0x1E, 0x01,
  0xE0, 0x1E, 0x01, 0xE0, 0x1E, 0x01, 0xE0, 0x1F, 0xFF, 0xFF, 0xF8, 0x1F,
  0x87, 0xFE, 0xF0, 0xEE, 0x07, 0x00, 0x70, 0x07, 0x00, 0xF0, 0xFE, 0x0F,
  0x80, 0xFE, 0x00, 0xF0, 0x07, 0x00, 0x7E, 0x07, 0xF0, 0xE7, 0xFE, 0x1F,
  0x80, 0x0F, 0x0F, 0x8F, 0x87, 0x87, 0x87, 0x80, 0xF0, 0x03, 0xFC, 0x00,
  0xFF, 0x00, 0x3F, 0xC0, 0x0F, 0xF0, 0x03, 0xFC, 0x00, 0xFF, 0x00, 0x3F,
  0xC0, 0x0F, 0xF0, 0x03, 0xFC, 0x00, 0xFF, 0x00, 0x3F, 0xC0, 0x0F, 0xF0,
  0x03, 0xFC, 0x00, 0xFF, 0x00, 0x3F, 0xC0, 0x0F, 0xF0, 0x03, 0xFC, 0x00,
  0xFF, 0x80, 0x7F, 0xF0, 0x7F, 0xFF, 0xFF, 0xFF, 0xFE, 0xFF, 0xFE, 0x3F,
  0xC0, 0x00, 0xF0, 0x00, 0x3C, 0x00, 0x0F, 0x00, 0x03, 0xC0, 0x00, 0xF0,
  0x00, 0x3C, 0x00, 0x0F, 0x00, 0x03, 0xC0, 0x00, 0x03, 0xFF, 0x0F, 0xFF,
  0x1F, 0xFF, 0x3F, 0xFF, 0x7F, 0xFF, 0x7F, 0xFF, 0xFF, 0xFF, 0xFF, 0xFF,
  0xFF, 0xFF, 0xFF, 0xFF, 0xFF, 0xFF, 0xFF, 0xFF, 0xFF, 0xFF, 0x7F, 0xFF,
  0x7F, 0xFF, 0x3F, 0xFF, 0x1F, 0xFF, 0x0F, 0xFF, 0x03, 0xFF, 0x00, 0x0F,
  0x00, 0x0F, 0x00, 0x0F, 0x00, 0x0F, 0x00, 0x0F, 0x00, 0x0F, 0x00, 0x0F,
  0x00, 0x0F, 0x00, 0x0F, 0x00, 0x0F, 0x00, 0x0F, 0x77, 0xFE, 0xE0, 0x70,
  0xF1, 0xF0, 0xF0, 0xE1, 0xC7, 0xFE, 0xF0, 0x00, 0x07, 0x3F, 0xFF, 0xF7,
  0x87, 0x07, 0x07, 0x07, 0x07, 0x07, 0x07, 0x07, 0x07, 0x07, 0x07, 0x07,
  0x00, 0x70, 0x00, 0x07, 0xC0, 0x00, 0x3E, 0x00, 0x00, 0xE0, 0x00, 0x00,
  0x00, 0x00, 0x00, 0x00, 0x00, 0x00, 0x00, 0x00, 0x00, 0xFF, 0xFF, 0xFF,
  0xFF, 0xFF, 0xFF, 0xFF, 0xFF, 0xFF, 0xFF, 0xF0, 0x00, 0x00, 0x00, 0x00,
  0x00, 0x00, 0x00, 0x00, 0x00, 0x00, 0x00, 0x00, 0x00, 0x03, 0x80, 0x00,
  0x3E, 0x00, 0x01, 0xF0, 0x00, 0x07, 0x00, 0x00, 0xF0, 0xE0, 0x38, 0x38,
  0x0E, 0x1C, 0x03, 0x87, 0x01, 0xE1, 0xC0, 0x78, 0xF0, 0x1C, 0x3C, 0x0F,
  0x0E, 0x07, 0x87, 0x83, 0x87, 0x83, 0xC7, 0x83, 0xC3, 0x81, 0xC3, 0x81,
  0xC3, 0xC1, 0xC1, 0xC0, 0xE1, 0xC0, 0x07, 0x00, 0x04, 0x03, 0xF0, 0x00,
  0xE0, 0xFF, 0x00, 0x1E, 0x0F, 0xF0, 0x01, 0xC0, 0x87, 0x00, 0x38, 0x00,
  0x70, 0x07, 0x80, 0x07, 0x00, 0x70, 0x00, 0x70, 0x0E, 0x00, 0x07, 0x00,
  0xE0, 0x00, 0x70, 0x1C, 0x00, 0x07, 0x03, 0xC0, 0x00, 0x70, 0x38, 0x3C,
  0x07, 0x07, 0x07, 0xC0, 0x70, 0xF0, 0xFC, 0x07, 0x0E, 0x1F, 0xC0, 0x71,
  0xC1, 0xFC, 0x00, 0x1C, 0x3B, 0xC0, 0x03, 0x87, 0x3C, 0x00, 0x70, 0xE3,
  0xC0, 0x07, 0x0E, 0x3C, 0x00, 0xE1, 0xC3, 0xC0, 0x1E, 0x3F, 0xFF, 0x01,
  0xC3, 0xFF, 0xF0, 0x38, 0x3F, 0xFF, 0x01, 0x80, 0x03, 0xC0, 0x00, 0x00,
  0x3C, 0x00, 0x00, 0x03, 0xC0, 0x00, 0x00, 0x3C, 0x03, 0x00, 0x08, 0x00,
  0x7C, 0x00, 0x30, 0x0F, 0xF0, 0x01, 0xC0, 0x3F, 0xC0, 0x0E, 0x00, 0xC7,
  0x00, 0x38, 0x00, 0x1C, 0x01, 0xC0, 0x00, 0x70, 0x06, 0x00, 0x01, 0xC0,
  0x38, 0x00, 0x07, 0x01, 0xC0, 0x00, 0x1C, 0x07, 0x00, 0x00, 0x70, 0x38,
  0x00, 0x01, 0xC1, 0xC3, 0xF0, 0x07, 0x07, 0x3F, 0xF0, 0x1C, 0x39, 0xFF,
  0xC0, 0x70, 0xEF, 0x8F, 0x81, 0xC7, 0x3C, 0x1E, 0x07, 0x38, 0xF0, 0x78,
  0x00, 0xE0, 0x01, 0xE0, 0x07, 0x00, 0x0F, 0x00, 0x38, 0x00, 0x78, 0x00,
  0xE0, 0x03, 0xC0, 0x07, 0x00, 0x1E, 0x00, 0x1C, 0x00, 0xF0, 0x00, 0xE0,
  0x07, 0x80, 0x03, 0x00, 0x3C, 0x00, 0x00, 0x01, 0xFF, 0xF0, 0x00, 0x07,
  0xFF, 0xC0, 0x00, 0x1F, 0xFF, 0x1F, 0xC0, 0x00, 0x00, 0x7F, 0xE0, 0x03,
  0x01, 0xFF, 0xC0, 0x07, 0x07, 0xC7, 0xC0, 0x1C, 0x0F, 0x07, 0x80, 0x78,
  0x00, 0x0F, 0x00, 0xE0, 0x00, 0x3E, 0x03, 0xC0, 0x03, 0xF8, 0x07, 0x00,
  0x07, 0xC0, 0x1C, 0x00, 0x0F, 0xE0, 0x78, 0x00, 0x03, 0xE0, 0xE0, 0x00,
  0x03, 0xC3, 0x80, 0x00, 0x07, 0x87, 0x07, 0x9E, 0x0F, 0x1C, 0x1F, 0x3E,
  0x3E, 0x78, 0x7E, 0x3F, 0xF8, 0xE1, 0xFC, 0x3F, 0xE3, 0x83, 0xF8, 0x1F,
  0x0F, 0x0E, 0xF0, 0x00, 0x1C, 0x39, 0xE0, 0x00, 0x70, 0x73, 0xC0, 0x00,
  0xE1, 0xC7, 0x80, 0x03, 0x87, 0x0F, 0x00, 0x0F, 0x1F, 0xFF, 0x80, 0x1C,
  0x3F, 0xFF, 0x00, 0x70, 0x7F, 0xFE, 0x00, 0x60, 0x00, 0xF0, 0x00, 0x00,
  0x01, 0xE0, 0x00, 0x00, 0x03, 0xC0, 0x00, 0x00, 0x07, 0x80, 0xFF, 0xFF,
  0xFF, 0xFF, 0xFF, 0xFF, 0xFF, 0xFF, 0x00, 0x0F, 0xF0, 0x00, 0xFF, 0x00,
  0x0F, 0xF0, 0x00, 0xFF, 0x00, 0x0F, 0xF0, 0x00, 0xFF, 0x00, 0x0F, 0xF0,
  0x00, 0xFF, 0x00, 0x0F, 0xF0, 0x00, 0xFF, 0x00, 0x0F, 0xF0, 0x00, 0xFF,
  0x00, 0x0F, 0xF0, 0x00, 0xFF, 0x00, 0x0F, 0xF0, 0x00, 0xFF, 0x00, 0x0F,
  0xF0, 0x00, 0xFF, 0x00, 0x0F, 0xF0, 0x00, 0xFF, 0x00, 0x0F, 0xF0, 0x00,
  0xFF, 0x00, 0x0F, 0xF0, 0x00, 0xFF, 0x00, 0x0F, 0xF0, 0x00, 0xFF, 0x00,
  0x0F, 0xF0, 0x00, 0xFF, 0x00, 0x0F, 0xF0, 0x00, 0xFF, 0x00, 0x0F, 0xFF,
  0xFF, 0xFF, 0xFF, 0xFF, 0xFF, 0xFF, 0xF0, 0xFF, 0xFF, 0xFF, 0xFF, 0xFF,
  0xFF, 0xFF, 0xFF, 0x00, 0x0F, 0xF0, 0x00, 0xFF, 0x00, 0x0F, 0xF0, 0x00,
  0xFF, 0x00, 0x0F, 0xF0, 0x00, 0xFF, 0x00, 0x0F, 0xF0, 0x00, 0xFF, 0x00,
  0x0F, 0xF0, 0x00, 0xFF, 0x00, 0x0F, 0xF0, 0x00, 0xFF, 0x00, 0x0F, 0xF0,
  0x00, 0xFF, 0x00, 0x0F, 0xF0, 0x00, 0xFF, 0x00, 0x0F, 0xF0, 0x00, 0xFF,
  0x00, 0x0F, 0xF0, 0x00, 0xFF, 0x00, 0x0F, 0xF0, 0x00, 0xFF, 0x00, 0x0F,
  0xF0, 0x00, 0xFF, 0x00, 0x0F, 0xF0, 0x00, 0xFF, 0x00, 0x0F, 0xF0, 0x00,
  0xFF, 0x00, 0x0F, 0xF0, 0x00, 0xFF, 0x00, 0x0F, 0xFF, 0xFF, 0xFF, 0xFF,
  0xFF, 0xFF, 0xFF, 0xF0, 0xFF, 0xFF, 0xFF, 0xFF, 0xFF, 0xFF, 0xFF, 0xFF,
  0x00, 0x0F, 0xF0, 0x00, 0xFF, 0x00, 0x0F, 0xF0, 0x00, 0xFF, 0x00, 0x0F,
  0xF0, 0x00, 0xFF, 0x00, 0x0F, 0xF0, 0x00, 0xFF, 0x00, 0x0F, 0xF0, 0x00,
  0xFF, 0x00, 0x0F, 0xF0, 0x00, 0xFF, 0x00, 0x0F, 0xF0, 0x00, 0xFF, 0x00,
  0x0F, 0xF0, 0x00, 0xFF, 0x00, 0x0F, 0xF0, 0x00, 0xFF, 0x00, 0x0F, 0xF0,
  0x00, 0xFF, 0x00, 0x0F, 0xF0, 0x00, 0xFF, 0x00, 0x0F, 0xF0, 0x00, 0xFF,
  0x00, 0x0F, 0xF0, 0x00, 0xFF, 0x00, 0x0F, 0xF0, 0x00, 0xFF, 0x00, 0x0F,
  0xF0, 0x00, 0xFF, 0x00, 0x0F, 0xFF, 0xFF, 0xFF, 0xFF, 0xFF, 0xFF, 0xFF,
  0xF0, 0xFF, 0xFF, 0xFF, 0xFF, 0xFF, 0xFF, 0xFF, 0xFF, 0x00, 0x0F, 0xF0,
  0x00, 0xFF, 0x00, 0x0F, 0xF0, 0x00, 0xFF, 0x00, 0x0F, 0xF0, 0x00, 0xFF,
  0x00, 0x0F, 0xF0, 0x00, 0xFF, 0x00, 0x0F, 0xF0, 0x00, 0xFF, 0x00, 0x0F,
  0xF0, 0x00, 0xFF, 0x00, 0x0F, 0xF0, 0x00, 0xFF, 0x00, 0x0F, 0xF0, 0x00,
  0xFF, 0x00, 0x0F, 0xF0, 0x00, 0xFF, 0x00, 0x0F, 0xF0, 0x00, 0xFF, 0x00,
  0x0F, 0xF0, 0x00, 0xFF, 0x00, 0x0F, 0xF0, 0x00, 0xFF, 0x00, 0x0F, 0xF0,
  0x00, 0xFF, 0x00, 0x0F, 0xF0, 0x00, 0xFF, 0x00, 0x0F, 0xF0, 0x00, 0xFF,
  0x00, 0x0F, 0xFF, 0xFF, 0xFF, 0xFF, 0xFF, 0xFF, 0xFF, 0xF0, 0xFF, 0xFF,
  0xFF, 0xFF, 0xFF, 0xFF, 0xFF, 0xFF, 0x00, 0x0F, 0xF0, 0x00, 0xFF, 0x00,
  0x0F, 0xF0, 0x00, 0xFF, 0x00, 0x0F, 0xF0, 0x00, 0xFF, 0x00, 0x0F, 0xF0,
  0x00, 0xFF, 0x00, 0x0F, 0xF0, 0x00, 0xFF, 0x00, 0x0F, 0xF0, 0x00, 0xFF,
  0x00, 0x0F, 0xF0, 0x00, 0xFF, 0x00, 0x0F, 0xF0, 0x00, 0xFF, 0x00, 0x0F,
  0xF0, 0x00, 0xFF, 0x00, 0x0F, 0xF0, 0x00, 0xFF, 0x00, 0x0F, 0xF0, 0x00,
  0xFF, 0x00, 0x0F, 0xF0, 0x00, 0xFF, 0x00, 0x0F, 0xF0, 0x00, 0xFF, 0x00,
  0x0F, 0xF0, 0x00, 0xFF, 0x00, 0x0F, 0xF0, 0x00, 0xFF, 0x00, 0x0F, 0xFF,
  0xFF, 0xFF, 0xFF, 0xFF, 0xFF, 0xFF, 0xF0, 0xFF, 0xFF, 0xFF, 0xFF, 0xFF,
  0xFF, 0xFF, 0xFF, 0x00, 0x0F, 0xF0, 0x00, 0xFF, 0x00, 0x0F, 0xF0, 0x00,
  0xFF, 0x00, 0x0F, 0xF0, 0x00, 0xFF, 0x00, 0x0F, 0xF0, 0x00, 0xFF, 0x00,
  0x0F, 0xF0, 0x00, 0xFF, 0x00, 0x0F, 0xF0, 0x00, 0xFF, 0x00, 0x0F, 0xF0,
  0x00, 0xFF, 0x00, 0x0F, 0xF0, 0x00, 0xFF, 0x00, 0x0F, 0xF0, 0x00, 0xFF,
  0x00, 0x0F, 0xF0, 0x00, 0xFF, 0x00, 0x0F, 0xF0, 0x00, 0xFF, 0x00, 0x0F,
  0xF0, 0x00, 0xFF, 0x00, 0x0F, 0xF0, 0x00, 0xFF, 0x00, 0x0F, 0xF0, 0x00,
  0xFF, 0x00, 0x0F, 0xF0, 0x00, 0xFF, 0x00, 0x0F, 0xFF, 0xFF, 0xFF, 0xFF,
  0xFF, 0xFF, 0xFF, 0xF0, 0xFF, 0xFF, 0xFF, 0xFF, 0xFF, 0xFF, 0xFF, 0xFF,
  0x00, 0x0F, 0xF0, 0x00, 0xFF, 0x00, 0x0F, 0xF0, 0x00, 0xFF, 0x00, 0x0F,
  0xF0, 0x00, 0xFF, 0x00, 0x0F, 0xF0, 0x00, 0xFF, 0x00, 0x0F, 0xF0, 0x00,
  0xFF, 0x00, 0x0F, 0xF0, 0x00, 0xFF, 0x00, 0x0F, 0xF0, 0x00, 0xFF, 0x00,
  0x0F, 0xF0, 0x00, 0xFF, 0x00, 0x0F, 0xF0, 0x00, 0xFF, 0x00, 0x0F, 0xF0,
  0x00, 0xFF, 0x00, 0x0F, 0xF0, 0x00, 0xFF, 0x00, 0x0F, 0xF0, 0x00, 0xFF,
  0x00, 0x0F, 0xF0, 0x00, 0xFF, 0x00, 0x0F, 0xF0, 0x00, 0xFF, 0x00, 0x0F,
  0xF0, 0x00, 0xFF, 0x00, 0x0F, 0xFF, 0xFF, 0xFF, 0xFF, 0xFF, 0xFF, 0xFF,
  0xF0, 0xFF, 0xFF, 0xFF, 0xFF, 0xFF, 0xFF, 0xFF, 0xFF, 0x00, 0x0F, 0xF0,
  0x00, 0xFF, 0x00, 0x0F, 0xF0, 0x00, 0xFF, 0x00, 0x0F, 0xF0, 0x00, 0xFF,
  0x00, 0x0F, 0xF0, 0x00, 0xFF, 0x00, 0x0F, 0xF0, 0x00, 0xFF, 0x00, 0x0F,
  0xF0, 0x00, 0xFF, 0x00, 0x0F, 0xF0, 0x00, 0xFF, 0x00, 0x0F, 0xF0, 0x00,
  0xFF, 0x00, 0x0F, 0xF0, 0x00, 0xFF, 0x00, 0x0F, 0xF0, 0x00, 0xFF, 0x00,
  0x0F, 0xF0, 0x00, 0xFF, 0x00, 0x0F, 0xF0, 0x00, 0xFF, 0x00, 0x0F, 0xF0,
  0x00, 0xFF, 0x00, 0x0F, 0xF0, 0x00, 0xFF, 0x00, 0x0F, 0xF0, 0x00, 0xFF,
  0x00, 0x0F, 0xFF, 0xFF, 0xFF, 0xFF, 0xFF, 0xFF, 0xFF, 0xF0, 0xFF, 0xFF,
  0xFF, 0xFF, 0xFF, 0xFF, 0xFF, 0xFF, 0x00, 0x0F, 0xF0, 0x00, 0xFF, 0x00,
  0x0F, 0xF0, 0x00, 0xFF, 0x00, 0x0F, 0xF0, 0x00, 0xFF, 0x00, 0x0F, 0xF0,
  0x00, 0xFF, 0x00, 0x0F, 0xF0, 0x00, 0xFF, 0x00, 0x0F, 0xF0, 0x00, 0xFF,
  0x00, 0x0F, 0xF0, 0x00, 0xFF, 0x00, 0x0F, 0xF0, 0x00, 0xFF, 0x00, 0x0F,
  0xF0, 0x00, 0xFF, 0x00, 0x0F, 0xF0, 0x00, 0xFF, 0x00, 0x0F, 0xF0, 0x00,
  0xFF, 0x00, 0x0F, 0xF0, 0x00, 0xFF, 0x00, 0x0F, 0xF0, 0x00, 0xFF, 0x00,
  0x0F, 0xF0, 0x00, 0xFF, 0x00, 0x0F, 0xF0, 0x00, 0xFF, 0x00, 0x0F, 0xFF,
  0xFF, 0xFF, 0xFF, 0xFF, 0xFF, 0xFF, 0xF0, 0xFF, 0xFF, 0xFF, 0xFF, 0xFF,
  0xFF, 0xFF, 0xFF, 0x00, 0x0F, 0xF0, 0x00, 0xFF, 0x00, 0x0F, 0xF0, 0x00,
  0xFF, 0x00, 0x0F, 0xF0, 0x00, 0xFF, 0x00, 0x0F, 0xF0, 0x00, 0xFF, 0x00,
  0x0F, 0xF0, 0x00, 0xFF, 0x00, 0x0F, 0xF0, 0x00, 0xFF, 0x00, 0x0F, 0xF0,
  0x00, 0xFF, 0x00, 0x0F, 0xF0, 0x00, 0xFF, 0x00, 0x0F, 0xF0, 0x00, 0xFF,
  0x00, 0x0F, 0xF0, 0x00, 0xFF, 0x00, 0x0F, 0xF0, 0x00, 0xFF, 0x00, 0x0F,
  0xF0, 0x00, 0xFF, 0x00, 0x0F, 0xF0, 0x00, 0xFF, 0x00, 0x0F, 0xF0, 0x00,
  0xFF, 0x00, 0x0F, 0xF0, 0x00, 0xFF, 0x00, 0x0F, 0xFF, 0xFF, 0xFF, 0xFF,
  0xFF, 0xFF, 0xFF, 0xF0, 0xFF, 0xFF, 0xFF, 0xFF, 0xFF, 0xFF, 0xFF, 0xFF,
  0x00, 0x0F, 0xF0, 0x00, 0xFF, 0x00, 0x0F, 0xF0, 0x00, 0xFF, 0x00, 0x0F,
  0xF0, 0x00, 0xFF, 0x00, 0x0F, 0xF0, 0x00, 0xFF, 0x00, 0x0F, 0xF0, 0x00,
  0xFF, 0x00, 0x0F, 0xF0, 0x00, 0xFF, 0x00, 0x0F, 0xF0, 0x00, 0xFF, 0x00,
  0x0F, 0xF0, 0x00, 0xFF, 0x00, 0x0F, 0xF0, 0x00, 0xFF, 0x00, 0x0F, 0xF0,
  0x00, 0xFF, 0x00, 0x0F, 0xF0, 0x00, 0xFF, 0x00, 0x0F, 0xF0, 0x00, 0xFF,
  0x00, 0x0F, 0xF0, 0x00, 0xFF, 0x00, 0x0F, 0xF0, 0x00, 0xFF, 0x00, 0x0F,
  0xF0, 0x00, 0xFF, 0x00, 0x0F, 0xFF, 0xFF, 0xFF, 0xFF, 0xFF, 0xFF, 0xFF,
  0xF0, 0xFF, 0xFF, 0xFF, 0xFF, 0xFF, 0xFF, 0xFF, 0xFF, 0x00, 0x0F, 0xF0,
  0x00, 0xFF, 0x00, 0x0F, 0xF0, 0x00, 0xFF, 0x00, 0x0F, 0xF0, 0x00, 0xFF,
  0x00, 0x0F, 0xF0, 0x00, 0xFF, 0x00, 0x0F, 0xF0, 0x00, 0xFF, 0x00, 0x0F,
  0xF0, 0x00, 0xFF, 0x00, 0x0F, 0xF0, 0x00, 0xFF, 0x00, 0x0F, 0xF0, 0x00,
  0xFF, 0x00, 0x0F, 0xF0, 0x00, 0xFF, 0x00, 0x0F, 0xF0, 0x00, 0xFF, 0x00,
  0x0F, 0xF0, 0x00, 0xFF, 0x00, 0x0F, 0xF0, 0x00, 0xFF, 0x00, 0x0F, 0xF0,
  0x00, 0xFF, 0x00, 0x0F, 0xF0, 0x00, 0xFF, 0x00, 0x0F, 0xF0, 0x00, 0xFF,
  0x00, 0x0F, 0xFF, 0xFF, 0xFF, 0xFF, 0xFF, 0xFF, 0xFF, 0xF0, 0xFF, 0xFF,
  0xFF, 0xFF, 0xFF, 0xFF, 0xFF, 0xFF, 0x00, 0x0F, 0xF0, 0x00, 0xFF, 0x00,
  0x0F, 0xF0, 0x00, 0xFF, 0x00, 0x0F, 0xF0, 0x00, 0xFF, 0x00, 0x0F, 0xF0,
  0x00, 0xFF, 0x00, 0x0F, 0xF0, 0x00, 0xFF, 0x00, 0x0F, 0xF0, 0x00, 0xFF,
  0x00, 0x0F, 0xF0, 0x00, 0xFF, 0x00, 0x0F, 0xF0, 0x00, 0xFF, 0x00, 0x0F,
  0xF0, 0x00, 0xFF, 0x00, 0x0F, 0xF0, 0x00, 0xFF, 0x00, 0x0F, 0xF0, 0x00,
  0xFF, 0x00, 0x0F, 0xF0, 0x00, 0xFF, 0x00, 0x0F, 0xF0, 0x00, 0xFF, 0x00,
  0x0F, 0xF0, 0x00, 0xFF, 0x00, 0x0F, 0xF0, 0x00, 0xFF, 0x00, 0x0F, 0xFF,
  0xFF, 0xFF, 0xFF, 0xFF, 0xFF, 0xFF, 0xF0, 0xFF, 0xFF, 0xFF, 0xFF, 0xFF,
  0xFF, 0xFF, 0xFF, 0x00, 0x0F, 0xF0, 0x00, 0xFF, 0x00, 0x0F, 0xF0, 0x00,
  0xFF, 0x00, 0x0F, 0xF0, 0x00, 0xFF, 0x00, 0x0F, 0xF0, 0x00, 0xFF, 0x00,
  0x0F, 0xF0, 0x00, 0xFF, 0x00, 0x0F, 0xF0, 0x00, 0xFF, 0x00, 0x0F, 0xF0,
  0x00, 0xFF, 0x00, 0x0F, 0xF0, 0x00, 0xFF, 0x00, 0x0F, 0xF0, 0x00, 0xFF,
  0x00, 0x0F, 0xF0, 0x00, 0xFF, 0x00, 0x0F, 0xF0, 0x00, 0xFF, 0x00, 0x0F,
  0xF0, 0x00, 0xFF, 0x00, 0x0F, 0xF0, 0x00, 0xFF, 0x00, 0x0F, 0xF0, 0x00,
  0xFF, 0x00, 0x0F, 0xF0, 0x00, 0xFF, 0x00, 0x0F, 0xFF, 0xFF, 0xFF, 0xFF,
  0xFF, 0xFF, 0xFF, 0xF0, 0xFF, 0xFF, 0xFF, 0xFF, 0xFF, 0xFF, 0xFF, 0xFF,
  0x00, 0x0F, 0xF0, 0x00, 0xFF, 0x00, 0x0F, 0xF0, 0x00, 0xFF, 0x00, 0x0F,
  0xF0, 0x00, 0xFF, 0x00, 0x0F, 0xF0, 0x00, 0xFF, 0x00, 0x0F, 0xF0, 0x00,
  0xFF, 0x00, 0x0F, 0xF0, 0x00, 0xFF, 0x00, 0x0F, 0xF0, 0x00, 0xFF, 0x00,
  0x0F, 0xF0, 0x00, 0xFF, 0x00, 0x0F, 0xF0, 0x00, 0xFF, 0x00, 0x0F, 0xF0,
  0x00, 0xFF, 0x00, 0x0F, 0xF0, 0x00, 0xFF, 0x00, 0x0F, 0xF0, 0x00, 0xFF,
  0x00, 0x0F, 0xF0, 0x00, 0xFF, 0x00, 0x0F, 0xF0, 0x00, 0xFF, 0x00, 0x0F,
  0xF0, 0x00, 0xFF, 0x00, 0x0F, 0xFF, 0xFF, 0xFF, 0xFF, 0xFF, 0xFF, 0xFF,
  0xF0, 0xFF, 0xFF, 0xFF, 0xFF, 0xFF, 0xFF, 0xFF, 0xFF, 0x00, 0x0F, 0xF0,
  0x00, 0xFF, 0x00, 0x0F, 0xF0, 0x00, 0xFF, 0x00, 0x0F, 0xF0, 0x00, 0xFF,
  0x00, 0x0F, 0xF0, 0x00, 0xFF, 0x00, 0x0F, 0xF0, 0x00, 0xFF, 0x00, 0x0F,
  0xF0, 0x00, 0xFF, 0x00, 0x0F, 0xF0, 0x00, 0xFF, 0x00, 0x0F, 0xF0, 0x00,
  0xFF, 0x00, 0x0F, 0xF0, 0x00, 0xFF, 0x00, 0x0F, 0xF0, 0x00, 0xFF, 0x00,
  0x0F, 0xF0, 0x00, 0xFF, 0x00, 0x0F, 0xF0, 0x00, 0xFF, 0x00, 0x0F, 0xF0,
  0x00, 0xFF, 0x00, 0x0F, 0xF0, 0x00, 0xFF, 0x00, 0x0F, 0xF0, 0x00, 0xFF,
  0x00, 0x0F, 0xFF, 0xFF, 0xFF, 0xFF, 0xFF, 0xFF, 0xFF, 0xF0, 0xFF, 0xFF,
  0xFF, 0xFF, 0xFF, 0xFF, 0xFF, 0xFF, 0x00, 0x0F, 0xF0, 0x00, 0xFF, 0x00,
  0x0F, 0xF0, 0x00, 0xFF, 0x00, 0x0F, 0xF0, 0x00, 0xFF, 0x00, 0x0F, 0xF0,
  0x00, 0xFF, 0x00, 0x0F, 0xF0, 0x00, 0xFF, 0x00, 0x0F, 0xF0, 0x00, 0xFF,
  0x00, 0x0F, 0xF0, 0x00, 0xFF, 0x00, 0x0F, 0xF0, 0x00, 0xFF, 0x00, 0x0F,
  0xF0, 0x00, 0xFF, 0x00, 0x0F, 0xF0, 0x00, 0xFF, 0x00, 0x0F, 0xF0, 0x00,
  0xFF, 0x00, 0x0F, 0xF0, 0x00, 0xFF, 0x00, 0x0F, 0xF0, 0x00, 0xFF, 0x00,
  0x0F, 0xF0, 0x00, 0xFF, 0x00, 0x0F, 0xF0, 0x00, 0xFF, 0x00, 0x0F, 0xFF,
  0xFF, 0xFF, 0xFF, 0xFF, 0xFF, 0xFF, 0xF0, 0xFF, 0xFF, 0xFF, 0xFF, 0xFF,
  0xFF, 0xFF, 0xFF, 0x00, 0x0F, 0xF0, 0x00, 0xFF, 0x00, 0x0F, 0xF0, 0x00,
  0xFF, 0x00, 0x0F, 0xF0, 0x00, 0xFF, 0x00, 0x0F, 0xF0, 0x00, 0xFF, 0x00,
  0x0F, 0xF0, 0x00, 0xFF, 0x00, 0x0F, 0xF0, 0x00, 0xFF, 0x00, 0x0F, 0xF0,
  0x00, 0xFF, 0x00, 0x0F, 0xF0, 0x00, 0xFF, 0x00, 0x0F, 0xF0, 0x00, 0xFF,
  0x00, 0x0F, 0xF0, 0x00, 0xFF, 0x00, 0x0F, 0xF0, 0x00, 0xFF, 0x00, 0x0F,
  0xF0, 0x00, 0xFF, 0x00, 0x0F, 0xF0, 0x00, 0xFF, 0x00, 0x0F, 0xF0, 0x00,
  0xFF, 0x00, 0x0F, 0xF0, 0x00, 0xFF, 0x00, 0x0F, 0xFF, 0xFF, 0xFF, 0xFF,
  0xFF, 0xFF, 0xFF, 0xF0, 0xFF, 0xFF, 0xFF, 0xFF, 0xFF, 0xFF, 0xFF, 0xFF,
  0x00, 0x0F, 0xF0, 0x00, 0xFF, 0x00, 0x0F, 0xF0, 0x00, 0xFF, 0x00, 0x0F,
  0xF0, 0x00, 0xFF, 0x00, 0x0F, 0xF0, 0x00, 0xFF, 0x00, 0x0F, 0xF0, 0x00,
  0xFF, 0x00, 0x0F, 0xF0, 0x00, 0xFF, 0x00, 0x0F, 0xF0, 0x00, 0xFF, 0x00,
  0x0F, 0xF0, 0x00, 0xFF, 0x00, 0x0F, 0xF0, 0x00, 0xFF, 0x00, 0x0F, 0xF0,
  0x00, 0xFF, 0x00, 0x0F, 0xF0, 0x00, 0xFF, 0x00, 0x0F, 0xF0, 0x00, 0xFF,
  0x00, 0x0F, 0xF0, 0x00, 0xFF, 0x00, 0x0F, 0xF0, 0x00, 0xFF, 0x00, 0x0F,
  0xF0, 0x00, 0xFF, 0x00, 0x0F, 0xFF, 0xFF, 0xFF, 0xFF, 0xFF, 0xFF, 0xFF,
  0xF0, 0xFF, 0xFF, 0xFF, 0xFF, 0xFF, 0xFF, 0xFF, 0xFF, 0x00, 0x0F, 0xF0,
  0x00, 0xFF, 0x00, 0x0F, 0xF0, 0x00, 0xFF, 0x00, 0x0F, 0xF0, 0x00, 0xFF,
  0x00, 0x0F, 0xF0, 0x00, 0xFF, 0x00, 0x0F, 0xF0, 0x00, 0xFF, 0x00, 0x0F,
  0xF0, 0x00, 0xFF, 0x00, 0x0F, 0xF0, 0x00, 0xFF, 0x00, 0x0F, 0xF0, 0x00,
  0xFF, 0x00, 0x0F, 0xF0, 0x00, 0xFF, 0x00, 0x0F, 0xF0, 0x00, 0xFF, 0x00,
  0x0F, 0xF0, 0x00, 0xFF, 0x00, 0x0F, 0xF0, 0x00, 0xFF, 0x00, 0x0F, 0xF0,
  0x00, 0xFF, 0x00, 0x0F, 0xF0, 0x00, 0xFF, 0x00, 0x0F, 0xF0, 0x00, 0xFF,
  0x00, 0x0F, 0xFF, 0xFF, 0xFF, 0xFF, 0xFF, 0xFF, 0xFF, 0xF0, 0xFF, 0xFF,
  0xFF, 0xFF, 0xFF, 0xFF, 0xFF, 0xFF, 0x00, 0x0F, 0xF0, 0x00, 0xFF, 0x00,
  0x0F, 0xF0, 0x00, 0xFF, 0x00, 0x0F, 0xF0, 0x00, 0xFF, 0x00, 0x0F, 0xF0,
  0x00, 0xFF, 0x00, 0x0F, 0xF0, 0x00, 0xFF, 0x00, 0x0F, 0xF0, 0x00, 0xFF,
  0x00, 0x0F, 0xF0, 0x00, 0xFF, 0x00, 0x0F, 0xF0, 0x00, 0xFF, 0x00, 0x0F,
  0xF0, 0x00, 0xFF, 0x00, 0x0F, 0xF0, 0x00, 0xFF, 0x00, 0x0F, 0xF0, 0x00,
  0xFF, 0x00, 0x0F, 0xF0, 0x00, 0xFF, 0x00, 0x0F, 0xF0, 0x00, 0xFF, 0x00,
  0x0F, 0xF0, 0x00, 0xFF, 0x00, 0x0F, 0xF0, 0x00, 0xFF, 0x00, 0x0F, 0xFF,
  0xFF, 0xFF, 0xFF, 0xFF, 0xFF, 0xFF, 0xF0, 0xFF, 0xFF, 0xFF, 0xFF, 0xFF,
  0xFF, 0xFF, 0xFF, 0x00, 0x0F, 0xF0, 0x00, 0xFF, 0x00, 0x0F, 0xF0, 0x00,
  0xFF, 0x00, 0x0F, 0xF0, 0x00, 0xFF, 0x00, 0x0F, 0xF0, 0x00, 0xFF, 0x00,
  0x0F, 0xF0, 0x00, 0xFF, 0x00, 0x0F, 0xF0, 0x00, 0xFF, 0x00, 0x0F, 0xF0,
  0x00, 0xFF, 0x00, 0x0F, 0xF0, 0x00, 0xFF, 0x00, 0x0F, 0xF0, 0x00, 0xFF,
  0x00, 0x0F, 0xF0, 0x00, 0xFF, 0x00, 0x0F, 0xF0, 0x00, 0xFF, 0x00, 0x0F,
  0xF0, 0x00, 0xFF, 0x00, 0x0F, 0xF0, 0x00, 0xFF, 0x00, 0x0F, 0xF0, 0x00,
  0xFF, 0x00, 0x0F, 0xF0, 0x00, 0xFF, 0x00, 0x0F, 0xFF, 0xFF, 0xFF, 0xFF,
  0xFF, 0xFF, 0xFF, 0xF0, 0xFF, 0xFF, 0xFF, 0xFF, 0xFF, 0xFF, 0xFF, 0xFF,
  0x00, 0x0F, 0xF0, 0x00, 0xFF, 0x00, 0x0F, 0xF0, 0x00, 0xFF, 0x00, 0x0F,
  0xF0, 0x00, 0xFF, 0x00, 0x0F, 0xF0, 0x00, 0xFF, 0x00, 0x0F, 0xF0, 0x00,
  0xFF, 0x00, 0x0F, 0xF0, 0x00, 0xFF, 0x00, 0x0F, 0xF0, 0x00, 0xFF, 0x00,
  0x0F, 0xF0, 0x00, 0xFF, 0x00, 0x0F, 0xF0, 0x00, 0xFF, 0x00, 0x0F, 0xF0,
  0x00, 0xFF, 0x00, 0x0F, 0xF0, 0x00, 0xFF, 0x00, 0x0F, 0xF0, 0x00, 0xFF,
  0x00, 0x0F, 0xF0, 0x00, 0xFF, 0x00, 0x0F, 0xF0, 0x00, 0xFF, 0x00, 0x0F,
  0xF0, 0x00, 0xFF, 0x00, 0x0F, 0xFF, 0xFF, 0xFF, 0xFF, 0xFF, 0xFF, 0xFF,
  0xF0, 0xFF, 0xFF, 0xFF, 0xFF, 0xFF, 0xFF, 0xFF, 0xFF, 0x00, 0x0F, 0xF0,
  0x00, 0xFF, 0x00, 0x0F, 0xF0, 0x00, 0xFF, 0x00, 0x0F, 0xF0, 0x00, 0xFF,
  0x00, 0x0F, 0xF0, 0x00, 0xFF, 0x00, 0x0F, 0xF0, 0x00, 0xFF, 0x00, 0x0F,
  0xF0, 0x00, 0xFF, 0x00, 0x0F, 0xF0, 0x00, 0xFF, 0x00, 0x0F, 0xF0, 0x00,
  0xFF, 0x00, 0x0F, 0xF0, 0x00, 0xFF, 0x00, 0x0F, 0xF0, 0x00, 0xFF, 0x00,
  0x0F, 0xF0, 0x00, 0xFF, 0x00, 0x0F, 0xF0, 0x00, 0xFF, 0x00, 0x0F, 0xF0,
  0x00, 0xFF, 0x00, 0x0F, 0xF0, 0x00, 0xFF, 0x00, 0x0F, 0xF0, 0x00, 0xFF,
  0x00, 0x0F, 0xFF, 0xFF, 0xFF, 0xFF, 0xFF, 0xFF, 0xFF, 0xF0, 0xFF, 0xFF,
  0xFF, 0xFF, 0xFF, 0xFF, 0xFF, 0xFF, 0x00, 0x0F, 0xF0, 0x00, 0xFF, 0x00,
  0x0F, 0xF0, 0x00, 0xFF, 0x00, 0x0F, 0xF0, 0x00, 0xFF, 0x00, 0x0F, 0xF0,
  0x00, 0xFF, 0x00, 0x0F, 0xF0, 0x00, 0xFF, 0x00, 0x0F, 0xF0, 0x00, 0xFF,
  0x00, 0x0F, 0xF0, 0x00, 0xFF, 0x00, 0x0F, 0xF0, 0x00, 0xFF, 0x00, 0x0F,
  0xF0, 0x00, 0xFF, 0x00, 0x0F, 0xF0, 0x00, 0xFF, 0x00, 0x0F, 0xF0, 0x00,
  0xFF, 0x00, 0x0F, 0xF0, 0x00, 0xFF, 0x00, 0x0F, 0xF0, 0x00, 0xFF, 0x00,
  0x0F, 0xF0, 0x00, 0xFF, 0x00, 0x0F, 0xF0, 0x00, 0xFF, 0x00, 0x0F, 0xFF,
  0xFF, 0xFF, 0xFF, 0xFF, 0xFF, 0xFF, 0xF0, 0xFF, 0xFF, 0xFF, 0xFF, 0xFF,
  0xFF, 0xFF, 0xFF, 0x00, 0x0F, 0xF0, 0x00, 0xFF, 0x00, 0x0F, 0xF0, 0x00,
  0xFF, 0x00, 0x0F, 0xF0, 0x00, 0xFF, 0x00, 0x0F, 0xF0, 0x00, 0xFF, 0x00,
  0x0F, 0xF0, 0x00, 0xFF, 0x00, 0x0F, 0xF0, 0x00, 0xFF, 0x00, 0x0F, 0xF0,
  0x00, 0xFF, 0x00, 0x0F, 0xF0, 0x00, 0xFF, 0x00, 0x0F, 0xF0, 0x00, 0xFF,
  0x00, 0x0F, 0xF0, 0x00, 0xFF, 0x00, 0x0F, 0xF0, 0x00, 0xFF, 0x00, 0x0F,
  0xF0, 0x00, 0xFF, 0x00, 0x0F, 0xF0, 0x00, 0xFF, 0x00, 0x0F, 0xF0, 0x00,
  0xFF, 0x00, 0x0F, 0xF0, 0x00, 0xFF, 0x00, 0x0F, 0xFF, 0xFF, 0xFF, 0xFF,
  0xFF, 0xFF, 0xFF, 0xF0, 0xFF, 0xFF, 0xFF, 0xFF, 0xFF, 0xFF, 0xFF, 0xFF,
  0x00, 0x0F, 0xF0, 0x00, 0xFF, 0x00, 0x0F, 0xF0, 0x00, 0xFF, 0x00, 0x0F,
  0xF0, 0x00, 0xFF, 0x00, 0x0F, 0xF0, 0x00, 0xFF, 0x00, 0x0F, 0xF0, 0x00,
  0xFF, 0x00, 0x0F, 0xF0, 0x00, 0xFF, 0x00, 0x0F, 0xF0, 0x00, 0xFF, 0x00,
  0x0F, 0xF0, 0x00, 0xFF, 0x00, 0x0F, 0xF0, 0x00, 0xFF, 0x00, 0x0F, 0xF0,
  0x00, 0xFF, 0x00, 0x0F, 0xF0, 0x00, 0xFF, 0x00, 0x0F, 0xF0, 0x00, 0xFF,
  0x00, 0x0F, 0xF0, 0x00, 0xFF, 0x00, 0x0F, 0xF0, 0x00, 0xFF, 0x00, 0x0F,
  0xF0, 0x00, 0xFF, 0x00, 0x0F, 0xFF, 0xFF, 0xFF, 0xFF, 0xFF, 0xFF, 0xFF,
  0xF0, 0xFF, 0xFF, 0xFF, 0xFF, 0xFF, 0xFF, 0xFF, 0xFF, 0x00, 0x0F, 0xF0,
  0x00, 0xFF, 0x00, 0x0F, 0xF0, 0x00, 0xFF, 0x00, 0x0F, 0xF0, 0x00, 0xFF,
  0x00, 0x0F, 0xF0, 0x00, 0xFF, 0x00, 0x0F, 0xF0, 0x00, 0xFF, 0x00, 0x0F,
  0xF0, 0x00, 0xFF, 0x00, 0x0F, 0xF0, 0x00, 0xFF, 0x00, 0x0F, 0xF0, 0x00,
  0xFF, 0x00, 0x0F, 0xF0, 0x00, 0xFF, 0x00, 0x0F, 0xF0, 0x00, 0xFF, 0x00,
  0x0F, 0xF0, 0x00, 0xFF, 0x00, 0x0F, 0xF0, 0x00, 0xFF, 0x00, 0x0F, 0xF0,
  0x00, 0xFF, 0x00, 0x0F, 0xF0, 0x00, 0xFF, 0x00, 0x0F, 0xF0, 0x00, 0xFF,
  0x00, 0x0F, 0xFF, 0xFF, 0xFF, 0xFF, 0xFF, 0xFF, 0xFF, 0xF0, 0xFF, 0xFF,
  0xFF, 0xFF, 0xFF, 0xFF, 0xFF, 0xFF, 0x00, 0x0F, 0xF0, 0x00, 0xFF, 0x00,
  0x0F, 0xF0, 0x00, 0xFF, 0x00, 0x0F, 0xF0, 0x00, 0xFF, 0x00, 0x0F, 0xF0,
  0x00, 0xFF, 0x00, 0x0F, 0xF0, 0x00, 0xFF, 0x00, 0x0F, 0xF0, 0x00, 0xFF,
  0x00, 0x0F, 0xF0, 0x00, 0xFF, 0x00, 0x0F, 0xF0, 0x00, 0xFF, 0x00, 0x0F,
  0xF0, 0x00, 0xFF, 0x00, 0x0F, 0xF0, 0x00, 0xFF, 0x00, 0x0F, 0xF0, 0x00,
  0xFF, 0x00, 0x0F, 0xF0, 0x00, 0xFF, 0x00, 0x0F, 0xF0, 0x00, 0xFF, 0x00,
  0x0F, 0xF0, 0x00, 0xFF, 0x00, 0x0F, 0xF0, 0x00, 0xFF, 0x00, 0x0F, 0xFF,
  0xFF, 0xFF, 0xFF, 0xFF, 0xFF, 0xFF, 0xF0, 0xFF, 0xFF, 0xFF, 0xFF, 0xFF,
  0xFF, 0xFF, 0xFF, 0x00, 0x0F, 0xF0, 0x00, 0xFF, 0x00, 0x0F, 0xF0, 0x00,
  0xFF, 0x00, 0x0F, 0xF0, 0x00, 0xFF, 0x00, 0x0F, 0xF0, 0x00, 0xFF, 0x00,
  0x0F, 0xF0, 0x00, 0xFF, 0x00, 0x0F, 0xF0, 0x00, 0xFF, 0x00, 0x0F, 0xF0,
  0x00, 0xFF, 0x00, 0x0F, 0xF0, 0x00, 0xFF, 0x00, 0x0F, 0xF0, 0x00, 0xFF,
  0x00, 0x0F, 0xF0, 0x00, 0xFF, 0x00, 0x0F, 0xF0, 0x00, 0xFF, 0x00, 0x0F,
  0xF0, 0x00, 0xFF, 0x00, 0x0F, 0xF0, 0x00, 0xFF, 0x00, 0x0F, 0xF0, 0x00,
  0xFF, 0x00, 0x0F, 0xF0, 0x00, 0xFF, 0x00, 0x0F, 0xFF, 0xFF, 0xFF, 0xFF,
  0xFF, 0xFF, 0xFF, 0xF0, 0xFF, 0xFF, 0xFF, 0xFF, 0xFF, 0xFF, 0xFF, 0xFF,
  0x00, 0x0F, 0xF0, 0x00, 0xFF, 0x00, 0x0F, 0xF0, 0x00, 0xFF, 0x00, 0x0F,
  0xF0, 0x00, 0xFF, 0x00, 0x0F, 0xF0, 0x00, 0xFF, 0x00, 0x0F, 0xF0, 0x00,
  0xFF, 0x00, 0x0F, 0xF0, 0x00, 0xFF, 0x00, 0x0F, 0xF0, 0x00, 0xFF, 0x00,
  0x0F, 0xF0, 0x00, 0xFF, 0x00, 0x0F, 0xF0, 0x00, 0xFF, 0x00, 0x0F, 0xF0,
  0x00, 0xFF, 0x00, 0x0F, 0xF0, 0x00, 0xFF, 0x00, 0x0F, 0xF0, 0x00, 0xFF,
  0x00, 0x0F, 0xF0, 0x00, 0xFF, 0x00, 0x0F, 0xF0, 0x00, 0xFF, 0x00, 0x0F,
  0xF0, 0x00, 0xFF, 0x00, 0x0F, 0xFF, 0xFF, 0xFF, 0xFF, 0xFF, 0xFF, 0xFF,
  0xF0, 0xFF, 0xFF, 0xFF, 0xFF, 0xFF, 0xFF, 0xFF, 0xFF, 0x00, 0x0F, 0xF0,
  0x00, 0xFF, 0x00, 0x0F, 0xF0, 0x00, 0xFF, 0x00, 0x0F, 0xF0, 0x00, 0xFF,
  0x00, 0x0F, 0xF0, 0x00, 0xFF, 0x00, 0x0F, 0xF0, 0x00, 0xFF, 0x00, 0x0F,
  0xF0, 0x00, 0xFF, 0x00, 0x0F, 0xF0, 0x00, 0xFF, 0x00, 0x0F, 0xF0, 0x00,
  0xFF, 0x00, 0x0F, 0xF0, 0x00, 0xFF, 0x00, 0x0F, 0xF0, 0x00, 0xFF, 0x00,
  0x0F, 0xF0, 0x00, 0xFF, 0x00, 0x0F, 0xF0, 0x00, 0xFF, 0x00, 0x0F, 0xF0,
  0x00, 0xFF, 0x00, 0x0F, 0xF0, 0x00, 0xFF, 0x00, 0x0F, 0xF0, 0x00, 0xFF,
  0x00, 0x0F, 0xFF, 0xFF, 0xFF, 0xFF, 0xFF, 0xFF, 0xFF, 0xF0, 0xFF, 0xFF,
  0xFF, 0xFF, 0xFF, 0xFF, 0xFF, 0xFF, 0x00, 0x0F, 0xF0, 0x00, 0xFF, 0x00,
  0x0F, 0xF0, 0x00, 0xFF, 0x00, 0x0F, 0xF0, 0x00, 0xFF, 0x00, 0x0F, 0xF0,
  0x00, 0xFF, 0x00, 0x0F, 0xF0, 0x00, 0xFF, 0x00, 0x0F, 0xF0, 0x00, 0xFF,
  0x00, 0x0F, 0xF0, 0x00, 0xFF, 0x00, 0x0F, 0xF0, 0x00, 0xFF, 0x00, 0x0F,
  0xF0, 0x00, 0xFF, 0x00, 0x0F, 0xF0, 0x00, 0xFF, 0x00, 0x0F, 0xF0, 0x00,
  0xFF, 0x00, 0x0F, 0xF0, 0x00, 0xFF, 0x00, 0x0F, 0xF0, 0x00, 0xFF, 0x00,
  0x0F, 0xF0, 0x00, 0xFF, 0x00, 0x0F, 0xF0, 0x00, 0xFF, 0x00, 0x0F, 0xFF,
  0xFF, 0xFF, 0xFF, 0xFF, 0xFF, 0xFF, 0xF0, 0xF8, 0x00, 0x3C, 0xF8, 0x00,
  0x78, 0xF0, 0x01, 0xE0, 0xF0, 0x07, 0xC1, 0xF0, 0x0F, 0x01, 0xF0, 0x3E,
  0x01, 0xE0, 0x78, 0x01, 0xE1, 0xF0, 0x0F, 0xE3, 0xC0, 0x3F, 0xEF, 0x00,
  0xF3, 0xFE, 0x01, 0xE7, 0xF8, 0x07, 0x87, 0xF0, 0x0F, 0x07, 0xC0, 0x1E,
  0x07, 0x80, 0x3C, 0x0F, 0x80, 0x78, 0x0F, 0x80, 0xF0, 0x0F, 0x01, 0xE0,
  0x0F, 0x03, 0xC0, 0x1F, 0x07, 0x80, 0x1E, 0x0F, 0x00, 0x1E, 0x1E, 0x00,
  0x3E, 0x3C, 0x00, 0x3E, 0x78, 0x00, 0x3C, 0x3F, 0xF0, 0x01, 0xFF, 0xE0,
  0x0F, 0xFF, 0xC0, 0x00, 0x3E, 0x00, 0x00, 0x78, 0x00, 0x03, 0xC0, 0x00,
  0x0F, 0x00, 0x00, 0x78, 0x00, 0x03, 0xC0, 0x00, 0x1E, 0x00, 0x00, 0xF0,
  0x00, 0x07, 0x80, 0x00, 0x3C, 0x00, 0x01, 0xE0, 0x00, 0x0F, 0x00, 0x00,
  0x78, 0x00, 0x03, 0xC0, 0x00, 0x1E, 0x00, 0x00, 0xF0, 0x00, 0x07, 0x80,
  0x00, 0x3C, 0x00, 0x01, 0xE3, 0xFF, 0xFF, 0xFF, 0xFF, 0xFF, 0xFF, 0xFF,
  0xF8, 0x1F, 0xF8, 0x3F, 0xF0, 0x7F, 0xE0, 0x03, 0xC0, 0x07, 0x80, 0x0F,
  0x00, 0x1E, 0x00, 0x3C, 0x00, 0x78, 0x00, 0xF0, 0x01, 0xE0, 0x03, 0xC0,
  0x07, 0x80, 0x0F, 0x00, 0x1E, 0x00, 0x3C, 0x00, 0x78, 0x01, 0xF8, 0x03,
  0xF0, 0x0D, 0xE0, 0x3B, 0xC0, 0xE3, 0xBF, 0x87, 0xFE, 0x0F, 0xF0, 0x1E,
  0xFF, 0xFF, 0xFF, 0xFF, 0xFF, 0xFF, 0xFF, 0xF0, 0x00, 0xF0, 0x00, 0x0F,
  0x00, 0x00, 0xF0, 0x00, 0x0F, 0x00, 0x00, 0xF0, 0x00, 0x0F, 0x00, 0x00,
  0xF0, 0x00, 0x0F, 0x00, 0x00, 0xF0, 0x00, 0x0F, 0x00, 0x00, 0xF0, 0x00,
  0x0F, 0x00, 0x00, 0xF0, 0x00, 0x0F, 0x00, 0x00, 0xF0, 0x00, 0x0F, 0x00,
  0x00, 0xF0, 0x00, 0x0F, 0x00, 0x00, 0xF0, 0x00, 0x0F, 0x00, 0x00, 0xF0,
  0x00, 0x0F, 0x00, 0xFF, 0xF8, 0x1F, 0xFF, 0xC3, 0xFF, 0xFE, 0x00, 0x07,
  0xC0, 0x00, 0x3C, 0x00, 0x07, 0x80, 0x00, 0x78, 0x00, 0x0F, 0x00, 0x01,
  0xE0, 0x00, 0x3C, 0x00, 0x07, 0x80, 0x00, 0xF7, 0x00, 0x1F, 0xE0, 0x03,
  0xFC, 0x00, 0x7F, 0x80, 0x0F, 0xF0, 0x01, 0xFE, 0x00, 0x3F, 0xC0, 0x07,
  0xF8, 0x00, 0xFF, 0x00, 0x1F, 0xE0, 0x03, 0xFC, 0x00, 0x7F, 0x80, 0x0F,
  0xF0, 0x01, 0xE0, 0xFF, 0xFF, 0xF8, 0xF1, 0xE3, 0xC7, 0x8F, 0x1E, 0x3C,
  0x78, 0xF1, 0xE3, 0xC7, 0x8F, 0x1E, 0x3C, 0x78, 0xF1, 0xE3, 0xC7, 0x8F,
  0x1E, 0xFF, 0xFF, 0xFF, 0xFF, 0xF3, 0xC0, 0x3C, 0x03, 0xC0, 0x3C, 0x03,
  0xC0, 0x1C, 0x01, 0xE0, 0x1E, 0x01, 0xE0, 0x1E, 0x01, 0xE0, 0x1E, 0x00,
  0xF0, 0x0F, 0x00, 0xF0, 0x0F, 0x00, 0xF0, 0x0F, 0x00, 0x78, 0x07, 0x80,
  0x78, 0x07, 0x80, 0xFF, 0xF8, 0x1F, 0xFF, 0xC3, 0xFF, 0xFE, 0x78, 0x07,
  0xCF, 0x00, 0x3D, 0xE0, 0x07, 0xBC, 0x00, 0x7F, 0x80, 0x0F, 0xF0, 0x01,
  0xFE, 0x00, 0x3F, 0xC0, 0x07, 0xF8, 0x00, 0xFF, 0x00, 0x1F, 0xE0, 0x03,
  0xFC, 0x00, 0x7F, 0x80, 0x0F, 0xF0, 0x01, 0xFE, 0x00, 0x3F, 0xC0, 0x07,
  0xF8, 0x00, 0xFF, 0x00, 0x1F, 0xE0, 0x03, 0xFC, 0x00, 0x7F, 0x80, 0x0F,
  0xF0, 0x01, 0xE0, 0xF0, 0x1F, 0x0F, 0x07, 0xFC, 0xF0, 0x7F, 0xEF, 0x04,
  0x3E, 0xF0, 0x01, 0xFF, 0x00, 0x0F, 0xF0, 0x00, 0xFF, 0x00, 0x0F, 0xF0,
  0x00, 0xFF, 0x00, 0x0F, 0xF0, 0x00, 0xFF, 0x00, 0x0F, 0xF0, 0x00, 0xFF,
  0x00, 0x0F, 0xF0, 0x00, 0xFF, 0x00, 0x0F, 0xF0, 0x00, 0xFF, 0x00, 0x0F,
  0xF8, 0x01, 0xF7, 0x80, 0x1E, 0x7C, 0x03, 0xE3, 0xE0, 0x7C, 0x1F, 0xFF,
  0x80, 0xFF, 0xF0, 0x01, 0xF8, 0x00, 0xFF, 0xFF, 0xFF, 0xE0, 0xF0, 0x78,
  0x3C, 0x1E, 0x0F, 0x07, 0x83, 0xC1, 0xE0, 0xF0, 0x78, 0x3C, 0xFF, 0xFF,
  0xFF, 0xFF, 0xFF, 0xFF, 0xE0, 0x00, 0xF0, 0x00, 0x78, 0x00, 0x3C, 0x00,
  0x1E, 0x00, 0x0F, 0x00, 0x07, 0x80, 0x03, 0xC0, 0x01, 0xE0, 0x00, 0xF0,
  0x00, 0x78, 0x00, 0x3C, 0x00, 0x1E, 0x00, 0x0F, 0x00, 0x07, 0x80, 0x03,
  0xC0, 0x01, 0xE0, 0x00, 0xF0, 0x00, 0x78, 0x00, 0x3C, 0x00, 0x1E, 0x00,
  0x0F, 0x00, 0x07, 0x80, 0x03, 0xC0, 0x01, 0xE0, 0x00, 0xF0, 0x00, 0x78,
  0x00, 0x3C, 0x00, 0x1E, 0x00, 0x0F, 0x00, 0x07, 0x80, 0x03, 0xC0, 0x7F,
  0xFF, 0xDF, 0xFF, 0xF7, 0xFF, 0xFC, 0x00, 0x0F, 0x00, 0x03, 0xC0, 0x00,
  0xF0, 0x00, 0x3C, 0x00, 0x0F, 0x00, 0x03, 0xC0, 0x00, 0xF0, 0x00, 0x3C,
  0x00, 0x0F, 0x00, 0x03, 0xC0, 0x00, 0xF0, 0x00, 0x3C, 0x00, 0x0F, 0x00,
  0x03, 0xC0, 0x00, 0xF0, 0x00, 0x78, 0x00, 0x1E, 0x00, 0x0F, 0x98, 0x0F,
  0xCF, 0xFF, 0xE3, 0xFF, 0xF0, 0x1F, 0xE0, 0x00, 0xF0, 0x00, 0x1E, 0x00,
  0x03, 0xC0, 0x00, 0x78, 0x00, 0x0F, 0x00, 0x01, 0xE0, 0x00, 0x3C, 0x00,
  0x07, 0x80, 0x00, 0xFF, 0xFF, 0xFF, 0xFF, 0xFF, 0xFF, 0xFF, 0x80, 0x00,
  0xF0, 0x00, 0x3C, 0x00, 0x07, 0x80, 0x01, 0xE0, 0x00, 0x3C, 0x00, 0x0F,
  0x80, 0x01, 0xE0, 0x00, 0x3C, 0x00, 0x0F, 0x00, 0x01, 0xE0, 0x00, 0x7C,
  0x00, 0x0F, 0x00, 0x01, 0xE0, 0x00, 0x78, 0x00, 0x0F, 0x00, 0x03, 0xC0,
  0x00, 0x78, 0x00, 0x0F, 0x00, 0x03, 0xC0, 0x00, 0x78, 0x00, 0x1E, 0x00,
  0x03, 0xC0, 0x00, 0xFF, 0xFF, 0xFF, 0xFF, 0xFF, 0xFF, 0xFF, 0xFF, 0x00,
  0x0F, 0xF0, 0x00, 0xFF, 0x00, 0x0F, 0xF0, 0x00, 0xFF, 0x00, 0x0F, 0xF0,
  0x00, 0xFF, 0x00, 0x0F, 0xF0, 0x00, 0xFF, 0x00, 0x0F, 0xF0, 0x00, 0xFF,
  0x00, 0x0F, 0xF0, 0x00, 0xFF, 0x00, 0x0F, 0xF0, 0x00, 0xFF, 0x00, 0x0F,
  0xF0, 0x00, 0xFF, 0x00, 0x0F, 0xF0, 0x00, 0xFF, 0x00, 0x0F, 0xFF, 0xFF,
  0xFF, 0xFF, 0xFF, 0xFF, 0xFF, 0xF0, 0x03, 0xFE, 0x01, 0xFF, 0xFF, 0x07,
  0xFF, 0xFE, 0x1E, 0xF0, 0x7C, 0x07, 0x80, 0xF8, 0x3C, 0x01, 0xE0, 0xE0,
  0x07, 0xC7, 0x80, 0x0F, 0x1E, 0x00, 0x3C, 0x78, 0x00, 0xF1, 0xE0, 0x03,
  0xC7, 0x80, 0x0F, 0x1E, 0x00, 0x3C, 0x70, 0x00, 0xF3, 0xC0, 0x03, 0xCF,
  0x00, 0x0F, 0x3C, 0x00, 0x3C, 0xF0, 0x00, 0xF3, 0xC0, 0x03, 0xCF, 0x00,
  0x0F, 0x3C, 0x00, 0x3C, 0xE0, 0x00, 0xF7, 0x81, 0xFF, 0xDE, 0x07, 0xFF,
  0x78, 0x1F, 0xFC, 0xFF, 0xFF, 0xF8, 0xF1, 0xE3, 0xC7, 0x8F, 0x1E, 0x3C,
  0x78, 0xF1, 0xE3, 0xC7, 0x8F, 0x1E, 0x3C, 0x78, 0xF1, 0xE3, 0xC7, 0x8F,
  0x1E, 0x3C, 0x78, 0xF1, 0xE3, 0xC7, 0x8F, 0x1E, 0x3C, 0x3F, 0xE7, 0xFC,
  0xFF, 0x80, 0xF0, 0x1E, 0x03, 0xC0, 0x78, 0x0F, 0x01, 0xE0, 0x3C, 0x07,
  0x80, 0xF0, 0x1E, 0x03, 0xC0, 0x78, 0x0F, 0x01, 0xE0, 0x3C, 0x07, 0x80,
  0xF0, 0x3E, 0x07, 0xBF, 0xF7, 0xFC, 0xFE, 0x00, 0x07, 0xFE, 0x03, 0xFF,
  0xFE, 0x0F, 0xFF, 0xFE, 0x3B, 0xE0, 0xFC, 0x1E, 0x00, 0xF0, 0x70, 0x03,
  0xE3, 0xC0, 0x07, 0x8F, 0x00, 0x1F, 0x78, 0x00, 0x3D, 0xE0, 0x00, 0xF7,
  0x80, 0x03, 0xDE, 0x00, 0x0F, 0x78, 0x00, 0x3D, 0xE0, 0x00, 0xF7, 0x80,
  0x03, 0xDE, 0x00, 0x0F, 0x78, 0x00, 0x3D, 0xF0, 0x01, 0xF3, 0xC0, 0x07,
  0x8F, 0x80, 0x3E, 0x1E, 0x00, 0xF0, 0x7E, 0x0F, 0xC0, 0xFF, 0xFE, 0x00,
  0xFF, 0xE0, 0x00, 0xFE, 0x00, 0x78, 0x00, 0xF3, 0xC0, 0x0F, 0x3C, 0x00,
  0xF3, 0xC0, 0x0F, 0x3C, 0x00, 0xF1, 0xE0, 0x0F, 0x1E, 0x00, 0xF1, 0xE0,
  0x0F, 0x1E, 0x00, 0xF0, 0xE0, 0x0F, 0x0F, 0x00, 0xF0, 0xF0, 0x0F, 0x0F,
  0x00, 0xF0, 0xF0, 0x0F, 0x07, 0x80, 0xF0, 0x78, 0x0F, 0x07, 0x80, 0xF0,
  0x78, 0x0F, 0x03, 0x81, 0xE0, 0x3C, 0x1E, 0x03, 0xC7, 0xC7, 0x9C, 0xFC,
  0xFF, 0xFF, 0x87, 0xFF, 0xE0, 0x0F, 0xF8, 0x00, 0xFF, 0xFF, 0xFF, 0xFF,
  0xFF, 0xFF, 0xFF, 0x8E, 0x00, 0xF3, 0xC0, 0x1E, 0x78, 0x03, 0xCE, 0x00,
  0x7B, 0xC0, 0x0F, 0x78, 0x01, 0xEF, 0x00, 0x3D, 0xE0, 0x07, 0xBC, 0x00,
  0xF7, 0x80, 0x1E, 0xF0, 0x03, 0xDF, 0xC0, 0x7B, 0xF8, 0x0F, 0x1F, 0x01,
  0xE0, 0x00, 0x3C, 0x00, 0x07, 0x80, 0x00, 0xF0, 0x00, 0x1E, 0x00, 0x03,
  0xC0, 0x00, 0x78, 0x00, 0x0F, 0x00, 0x01, 0xE0, 0x00, 0x3C, 0x00, 0x07,
  0x80, 0x00, 0xF0, 0x00, 0x1E, 0x00, 0x03, 0xC0, 0x00, 0x78, 0x00, 0x0F,
  0x00, 0x01, 0xE0, 0x00, 0x3C, 0xFF, 0xFF, 0xFF, 0xFF, 0xFF, 0xFF, 0xFF,
  0xF1, 0xC0, 0x0F, 0x3C, 0x00, 0xF3, 0xC0, 0x0F, 0x78, 0x00, 0xF7, 0x80,
  0x0F, 0x78, 0x00, 0xF7, 0x80, 0x0F, 0x78, 0x00, 0xF7, 0x80, 0x0F, 0x7F,
  0x00, 0xF7, 0xF0, 0x0F, 0x1F, 0x00, 0xF0, 0x00, 0x0F, 0x00, 0x00, 0xF0,
  0x00, 0x0F, 0x00, 0x01, 0xE0, 0x00, 0x1E, 0x00, 0x03, 0xE3, 0x80, 0xFC,
  0x7F, 0xFF, 0x87, 0xFF, 0xF0, 0x0F, 0xF8, 0x00, 0xF0, 0x00, 0xFB, 0xC0,
  0x07, 0x9F, 0x00, 0x78, 0x78, 0x03, 0xC1, 0xE0, 0x3C, 0x0F, 0x83, 0xE0,
  0x3C, 0x1E, 0x00, 0xF1, 0xF0, 0x07, 0xCF, 0x00, 0x1E, 0xF0, 0x00, 0x7F,
  0x80, 0x03, 0xF8, 0x00, 0x0F, 0xC0, 0x00, 0x3C, 0x00, 0x01, 0xF0, 0x00,
  0x07, 0x80, 0x00, 0x1E, 0x00, 0x00, 0xF0, 0x00, 0x07, 0x80, 0x00, 0x3C,
  0x00, 0x01, 0xE0, 0x00, 0x0F, 0x00, 0x00, 0x78, 0x00, 0x03, 0xC0, 0x00,
  0x1E, 0x00, 0x00, 0xF0, 0x00, 0x07, 0x80, 0x00, 0x3C, 0x00, 0x01, 0xE0,
  0x00, 0x0F, 0x00, 0x00, 0x78, 0x00, 0x03, 0xC0, 0x00, 0x1E, 0x00, 0x00,
  0xF0, 0x00, 0x78, 0x00, 0xFB, 0xE0, 0x07, 0x8F, 0x00, 0x7C, 0x3C, 0x03,
  0xC1, 0xF0, 0x3E, 0x07, 0x81, 0xE0, 0x1E, 0x1E, 0x00, 0xF8, 0xF0, 0x03,
  0xCF, 0x00, 0x0F, 0x78, 0x00, 0x7F, 0x80, 0x01, 0xFC, 0x00, 0x07, 0xC0,
  0x00, 0x3E, 0x00, 0x00, 0xF0, 0x00, 0x03, 0xC0, 0x00, 0x1F, 0x00, 0x00,
  0x78, 0x00, 0x01, 0xE0, 0x00, 0x0F, 0x80, 0x00, 0x3C, 0x00, 0x00, 0xF0,
  0xFF, 0xFF, 0xC7, 0xFF, 0xFE, 0x3F, 0xFF, 0xF0, 0xFF, 0xFF, 0xFF, 0xFF,
  0xFF, 0xFF, 0xFF, 0xF0, 0x00, 0x0F, 0x00, 0x00, 0xF0, 0x00, 0x0F, 0x00,
  0x00, 0xF0, 0x00, 0x0F, 0x00, 0x00, 0xF0, 0x00, 0x0F, 0x00, 0x00, 0xF3,
  0x80, 0x0F, 0x38, 0x00, 0xF7, 0x80, 0x0F, 0x78, 0x00, 0xF7, 0x80, 0x0F,
  0x78, 0x00, 0xF7, 0x80, 0x0F, 0x78, 0x01, 0xE7, 0x80, 0x1E, 0x78, 0x03,
  0xC7, 0x80, 0xFC, 0x78, 0x7F, 0x87, 0x87, 0xE0, 0x78, 0x78, 0x07, 0x80,
  0x00, 0x78, 0x00, 0x07, 0x80, 0x00, 0x78, 0x00, 0x07, 0x80, 0x00, 0x78,
  0x00, 0x07, 0x80, 0x00, 0x78, 0x00, 0x07, 0x80, 0x00, 0xFF, 0xF0, 0x7F,
  0xFE, 0x3F, 0xFF, 0x80, 0x03, 0xE0, 0x00, 0xF0, 0x00, 0x3C, 0x00, 0x1E,
  0x00, 0x0F, 0x00, 0x07, 0x80, 0x03, 0xC0, 0x01, 0xE0, 0x00, 0xF0, 0x00,
  0x78, 0x00, 0x3C, 0x00, 0x1E, 0x00, 0x0F, 0x00, 0x07, 0x80, 0x03, 0xC0,
  0x01, 0xE0, 0x00, 0xF0, 0x00, 0x78, 0x00, 0x3C, 0x00, 0x1E, 0x00, 0x0F,
  0x00, 0x07, 0x80, 0xF0, 0x1E, 0x01, 0xFE, 0x03, 0xC0, 0x3F, 0xC0, 0x78,
  0x07, 0xF8, 0x0F, 0x00, 0xFF, 0x01, 0xE0, 0x1F, 0xE0, 0x3C, 0x03, 0xFC,
  0x07, 0x80, 0x7F, 0x80, 0xF0, 0x0F, 0xF0, 0x1E, 0x01, 0xFE, 0x03, 0xC0,
  0x3F, 0xC0, 0x78, 0x07, 0xF8, 0x0F, 0x00, 0xFF, 0x01, 0xE0, 0x1F, 0xE0,
  0x3C, 0x03, 0xFC, 0x07, 0x80, 0x7F, 0x80, 0xE0, 0x0F, 0xF0, 0x3C, 0x01,
  0xFE, 0x07, 0x00, 0x7F, 0xC0, 0x00, 0x0F, 0x78, 0x00, 0x03, 0xEF, 0x80,
  0x01, 0xF9, 0xFE, 0x00, 0xFE, 0x3F, 0xFF, 0xFF, 0x80, 0xFF, 0xFF, 0xC0,
  0x01, 0xFF, 0x80, 0x00, 0x3F, 0xFF, 0xC0, 0x3F, 0xFF, 0xF0, 0x3F, 0xFF,
  0xFC, 0x01, 0xC0, 0x7C, 0x03, 0xC0, 0x1E, 0x03, 0xC0, 0x1E, 0x07, 0x80,
  0x0F, 0x07, 0x80, 0x0F, 0x07, 0x80, 0x0F, 0x07, 0x80, 0x0F, 0x07, 0x80,
  0x0F, 0x07, 0x80, 0x0F, 0x07, 0x80, 0x0F, 0x07, 0x80, 0x0F, 0x07, 0x80,
  0x0F, 0x07, 0x80, 0x0F, 0x07, 0x80, 0x0F, 0x07, 0x80, 0x0F, 0x07, 0x80,
  0x0F, 0x07, 0x80, 0x0F, 0x0F, 0x80, 0x0F, 0x0F, 0x00, 0x0F, 0xFF, 0x00,
  0x0F, 0xFE, 0x00, 0x0F, 0xF8, 0x00, 0x0F, 0xFF, 0xFF, 0xFF, 0xFF, 0xFF,
  0xFF, 0xFF, 0xFF, 0x00, 0x0F, 0xF0, 0x00, 0xFF, 0x00, 0x0F, 0xF0, 0x00,
  0xFF, 0x00, 0x0F, 0xF0, 0x00, 0xFF, 0x00, 0x0F, 0xF0, 0x00, 0xFF, 0x00,
  0x0F, 0xF0, 0x00, 0xFF, 0x00, 0x0F, 0xF0, 0x00, 0xFF, 0x00, 0x0F, 0xF0,
  0x00, 0xFF, 0x00, 0x0F, 0xF0, 0x00, 0xFF, 0x00, 0x0F, 0xF0, 0x00, 0xFF,
  0x00, 0x0F, 0xF0, 0x00, 0xFF, 0x00, 0x0F, 0xF0, 0x00, 0xFF, 0x00, 0x0F,
  0xF0, 0x00, 0xFF, 0x00, 0x0F, 0xF0, 0x00, 0xFF, 0x00, 0x0F, 0xF0, 0x00,
  0xFF, 0x00, 0x0F, 0xF0, 0x00, 0xFF, 0x00, 0x0F, 0xFF, 0xFF, 0xFF, 0xFF,
  0xFF, 0xFF, 0xFF, 0xF0, 0xFF, 0xFF, 0xFF, 0xFF, 0xFF, 0xFF, 0xFF, 0xFF,
  0x00, 0x0F, 0xF0, 0x00, 0xFF, 0x00, 0x0F, 0xF0, 0x00, 0xFF, 0x00, 0x0F,
  0xF0, 0x00, 0xFF, 0x00, 0x0F, 0xF0, 0x00, 0xFF, 0x00, 0x0F, 0xF0, 0x00,
  0xFF, 0x00, 0x0F, 0xF0, 0x00, 0xFF, 0x00, 0x0F, 0xF0, 0x00, 0xFF, 0x00,
  0x0F, 0xF0, 0x00, 0xFF, 0x00, 0x0F, 0xF0, 0x00, 0xFF, 0x00, 0x0F, 0xF0,
  0x00, 0xFF, 0x00, 0x0F, 0xF0, 0x00, 0xFF, 0x00, 0x0F, 0xF0, 0x00, 0xFF,
  0x00, 0x0F, 0xF0, 0x00, 0xFF, 0x00, 0x0F, 0xF0, 0x00, 0xFF, 0x00, 0x0F,
  0xF0, 0x00, 0xFF, 0x00, 0x0F, 0xFF, 0xFF, 0xFF, 0xFF, 0xFF, 0xFF, 0xFF,
  0xF0, 0x07, 0x00, 0x3C, 0x00, 0x70, 0x01, 0xCF, 0xFF, 0x7F, 0xFF, 0xFF,
  0xD8, 0x3C, 0xC3, 0xC6, 0x38, 0x32, 0x01, 0x80, 0x0C, 0x00, 0x60, 0x03,
  0x00, 0x18, 0x00, 0xC0, 0x06, 0x00, 0x30, 0x01, 0x80, 0x0C, 0x00, 0x60,
  0x03, 0x00, 0x18, 0x00, 0xC0, 0x06, 0x00, 0x30, 0x01, 0x80, 0x0C, 0x00,
  0x60, 0x03, 0x00, 0x18, 0x00, 0xC0, 0x06, 0x00, 0x30, 0x00, 0x0F, 0x01,
  0xE0, 0x3C, 0x07, 0x80, 0xFF, 0xFF, 0xFF, 0x7F, 0xF3, 0x83, 0x1C, 0x30,
  0xE3, 0x01, 0x30, 0x03, 0x00, 0x30, 0x03, 0x00, 0x30, 0x03, 0x00, 0x30,
  0x03, 0x00, 0x30, 0x03, 0x00, 0x30, 0x03, 0x00, 0x30, 0x03, 0x00, 0x30,
  0x03, 0x00, 0x30, 0x03, 0x00, 0x30, 0x03, 0x00, 0x30, 0x03, 0x00, 0x30,
  0x03, 0x00, 0x30, 0xFF, 0xFF, 0xFF, 0xFF, 0xFF, 0xFF, 0xFF, 0xFF, 0x00,
  0x0F, 0xF0, 0x00, 0xFF, 0x00, 0x0F, 0xF0, 0x00, 0xFF, 0x00, 0x0F, 0xF0,
  0x00, 0xFF, 0x00, 0x0F, 0xF0, 0x00, 0xFF, 0x00, 0x0F, 0xF0, 0x00, 0xFF,
  0x00, 0x0F, 0xF0, 0x00, 0xFF, 0x00, 0x0F, 0xF0, 0x00, 0xFF, 0x00, 0x0F,
  0xF0, 0x00, 0xFF, 0x00, 0x0F, 0xF0, 0x00, 0xFF, 0x00, 0x0F, 0xF0, 0x00,
  0xFF, 0x00, 0x0F, 0xF0, 0x00, 0xFF, 0x00, 0x0F, 0xF0, 0x00, 0xFF, 0x00,
  0x0F, 0xF0, 0x00, 0xFF, 0x00, 0x0F, 0xF0, 0x00, 0xFF, 0x00, 0x0F, 0xF0,
  0x00, 0xFF, 0x00, 0x0F, 0xFF, 0xFF, 0xFF, 0xFF, 0xFF, 0xFF, 0xFF, 0xF0 };

const GFXglyph Heebo_22pt8bGlyphs[] PROGMEM = {
  {     0,   1,   1,  11,    0,    0 }, // 0x20 ' '
  {     1,   4,  30,  10,    3,  -29 }, // 0x21 '!'
  {    16,   9,  10,  14,    3,  -31 }, // 0x22 '"'
  {    28,  24,  30,  28,    3,  -29 }, // 0x23 '#'
  {   118,  20,  40,  24,    2,  -35 }, // 0x24 '$'
  {   218,  27,  30,  31,    2,  -29 }, // 0x25 '%'
  {   320,  25,  30,  27,    2,  -29 }, // 0x26 '&'
  {   414,   3,  10,   7,    2,  -31 }, // 0x27 '''
  {   418,  11,  44,  15,    3,  -33 }, // 0x28 '('
  {   479,  11,  44,  15,    1,  -33 }, // 0x29 ')'
  {   540,  17,  18,  19,    1,  -29 }, // 0x2A '*'
  {   579,  22,  23,  24,    1,  -25 }, // 0x2B '+'
  {   643,   6,  11,   9,    1,   -4 }, // 0x2C ','
  {   652,  10,   3,  12,    1,  -13 }, // 0x2D '-'
  {   656,   5,   4,  11,    3,   -3 }, // 0x2E '.'
  {   659,  17,  33,  18,    0,  -29 }, // 0x2F '/'
  {   730,  19,  30,  24,    2,  -29 }, // 0x30 '0'
  {   802,  12,  30,  24,    4,  -29 }, // 0x31 '1'
  {   847,  21,  30,  24,    2,  -29 }, // 0x32 '2'
  {   926,  19,  30,  24,    2,  -29 }, // 0x33 '3'
  {   998,  22,  30,  24,    1,  -29 }, // 0x34 '4'
  {  1081,  19,  30,  24,    4,  -29 }, // 0x35 '5'
  {  1153,  19,  30,  24,    3,  -29 }, // 0x36 '6'
  {  1225,  21,  30,  24,    2,  -29 }, // 0x37 '7'
  {  1304,  20,  30,  24,    2,  -29 }, // 0x38 '8'
  {  1379,  19,  30,  24,    2,  -29 }, // 0x39 '9'
  {  1451,   5,  23,  11,    3,  -22 }, // 0x3A ':'
  {  1466,   6,  28,   9,    1,  -22 }, // 0x3B ';'
  {  1487,  17,  19,  23,    3,  -22 }, // 0x3C '<'
  {  1528,  18,  12,  24,    3,  -19 }, // 0x3D '='
  {  1555,  18,  19,  24,    3,  -22 }, // 0x3E '>'
  {  1598,  17,  30,  21,    2,  -29 }, // 0x3F '?'
  {  1662,  34,  39,  38,    2,  -29 }, // 0x40 '@'
  {  1828,  27,  30,  28,    1,  -29 }, // 0x41 'A'
  {  1930,  21,  30,  27,    4,  -29 }, // 0x42 'B'
  {  2009,  24,  30,  27,    2,  -29 }, // 0x43 'C'
  {  2099,  22,  30,  29,    4,  -29 }, // 0x44 'D'
  {  2182,  20,  30,  25,    4,  -29 }, // 0x45 'E'
  {  2257,  19,  30,  24,    4,  -29 }, // 0x46 'F'
  {  2329,  24,  30,  30,    3,  -29 }, // 0x47 'G'
  {  2419,  24,  30,  32,    4,  -29 }, // 0x48 'H'
  {  2509,   4,  30,  12,    4,  -29 }, // 0x49 'I'
  {  2524,  19,  30,  23,    1,  -29 }, // 0x4A 'J'
  {  2596,  23,  30,  27,    4,  -29 }, // 0x4B 'K'
  {  2683,  19,  30,  24,    4,  -29 }, // 0x4C 'L'
  {  2755,  31,  30,  39,    4,  -29 }, // 0x4D 'M'
  {  2872,  24,  30,  32,    4,  -29 }, // 0x4E 'N'
  {  2962,  25,  30,  30,    2,  -29 }, // 0x4F 'O'
  {  3056,  22,  30,  28,    4,  -29 }, // 0x50 'P'
  {  3139,  25,  35,  30,    2,  -29 }, // 0x51 'Q'
  {  3249,  22,  30,  27,    4,  -29 }, // 0x52 'R'
  {  3332,  22,  30,  26,    2,  -29 }, // 0x53 'S'
  {  3415,  24,  30,  26,    1,  -29 }, // 0x54 'T'
  {  3505,  22,  30,  28,    3,  -29 }, // 0x55 'U'
  {  3588,  26,  30,  27,    1,  -29 }, // 0x56 'V'
  {  3686,  36,  30,  38,    1,  -29 }, // 0x57 'W'
  {  3821,  25,  30,  27,    1,  -29 }, // 0x58 'X'
  {  3915,  26,  30,  26,    0,  -29 }, // 0x59 'Y'
  {  4013,  22,  30,  26,    2,  -29 }, // 0x5A 'Z'
  {  4096,   8,  41,  12,    3,  -33 }, // 0x5B '['
  {  4137,  16,  33,  18,    1,  -29 }, // 0x5C '\'
  {  4203,   8,  41,  12,    1,  -33 }, // 0x5D ']'
  {  4244,  15,  15,  23,    4,  -29 }, // 0x5E '^'
  {  4273,  19,   3,  21,    1,    1 }, // 0x5F '_'
  {  4281,   9,   6,  13,    2,  -30 }, // 0x60 '`'
  {  4288,  19,  23,  23,    2,  -22 }, // 0x61 'a'
  {  4343,  19,  32,  24,    3,  -31 }, // 0x62 'b'
  {  4419,  19,  23,  22,    2,  -22 }, // 0x63 'c'
  {  4474,  19,  32,  24,    2,  -31 }, // 0x64 'd'
  {  4550,  19,  23,  23,    2,  -22 }, // 0x65 'e'
  {  4605,  14,  32,  16,    1,  -31 }, // 0x66 'f'
  {  4661,  19,  32,  24,    2,  -22 }, // 0x67 'g'
  {  4737,  18,  32,  24,    3,  -31 }, // 0x68 'h'
  {  4809,   4,  30,  10,    3,  -29 }, // 0x69 'i'
  {  4824,   8,  38,  10,   -1,  -28 }, // 0x6A 'j'
  {  4862,  19,  32,  22,    3,  -31 }, // 0x6B 'k'
  {  4938,   4,  32,  10,    3,  -31 }, // 0x6C 'l'
  {  4954,  32,  23,  38,    3,  -22 }, // 0x6D 'm'
  {  5046,  18,  23,  24,    3,  -22 }, // 0x6E 'n'
  {  5098,  21,  23,  25,    2,  -22 }, // 0x6F 'o'
  {  5159,  19,  32,  24,    3,  -22 }, // 0x70 'p'
  {  5235,  19,  32,  24,    2,  -22 }, // 0x71 'q'
  {  5311,  11,  23,  15,    3,  -22 }, // 0x72 'r'
  {  5343,  18,  23,  22,    2,  -22 }, // 0x73 's'
  {  5395,  12,  29,  15,    1,  -28 }, // 0x74 't'
  {  5439,  18,  23,  24,    3,  -22 }, // 0x75 'u'
  {  5491,  19,  23,  21,    1,  -22 }, // 0x76 'v'
  {  5546,  30,  23,  32,    1,  -22 }, // 0x77 'w'
  {  5633,  19,  23,  21,    1,  -22 }, // 0x78 'x'
  {  5688,  19,  32,  20,    1,  -22 }, // 0x79 'y'
  {  5764,  18,  23,  21,    2,  -22 }, // 0x7A 'z'
  {  5816,  13,  40,  15,    1,  -32 }, // 0x7B '{'
  {  5881,   3,  36,  11,    4,  -29 }, // 0x7C '|'
  {  5895,  13,  40,  15,    1,  -32 }, // 0x7D '}'
  {  5960,  24,   8,  28,    2,  -15 }, // 0x7E '~'
  {  5984,  20,  37,  27,    4,  -32 }, // 0x7F 
  {  6077,  20,  37,  27,    4,  -32 }, // 0x80 
  {  6170,  20,  37,  27,    4,  -32 }, // 0x81 
  {  6263,  20,  37,  27,    4,  -32 }, // 0x82 
  {  6356,  20,  37,  27,    4,  -32 }, // 0x83 
  {  6449,  20,  37,  27,    4,  -32 }, // 0x84 
  {  6542,  20,  37,  27,    4,  -32 }, // 0x85 
  {  6635,  20,  37,  27,    4,  -32 }, // 0x86 
  {  6728,  20,  37,  27,    4,  -32 }, // 0x87 
  {  6821,  20,  37,  27,    4,  -32 }, // 0x88 
  {  6914,  20,  37,  27,    4,  -32 }, // 0x89 
  {  7007,  20,  37,  27,    4,  -32 }, // 0x8A 
  {  7100,  20,  37,  27,    4,  -32 }, // 0x8B 
  {  7193,  20,  37,  27,    4,  -32 }, // 0x8C 
  {  7286,  20,  37,  27,    4,  -32 }, // 0x8D 
  {  7379,  20,  37,  27,    4,  -32 }, // 0x8E 
  {  7472,  20,  37,  27,    4,  -32 }, // 0x8F 
  {  7565,  20,  37,  27,    4,  -32 }, // 0x90 
  {  7658,  20,  37,  27,    4,  -32 }, // 0x91 
  {  7751,  20,  37,  27,    4,  -32 }, // 0x92 
  {  7844,  20,  37,  27,    4,  -32 }, // 0x93 
  {  7937,  20,  37,  27,    4,  -32 }, // 0x94 
  {  8030,  20,  37,  27,    4,  -32 }, // 0x95 
  {  8123,  20,  37,  27,    4,  -32 }, // 0x96 
  {  8216,  20,  37,  27,    4,  -32 }, // 0x97 
  {  8309,  20,  37,  27,    4,  -32 }, // 0x98 
  {  8402,  20,  37,  27,    4,  -32 }, // 0x99 
  {  8495,  20,  37,  27,    4,  -32 }, // 0x9A 
  {  8588,  20,  37,  27,    4,  -32 }, // 0x9B 
  {  8681,  20,  37,  27,    4,  -32 }, // 0x9C 
  {  8774,  20,  37,  27,    4,  -32 }, // 0x9D 
  {  8867,  20,  37,  27,    4,  -32 }, // 0x9E 
  {  8960,  20,  37,  27,    4,  -32 }, // 0x9F 
  {  9053,   1,   1,  11,    0,    0 }, // 0xA0 
  {  9054,  20,  37,  27,    4,  -32 }, // 0xA1 '¡'
  {  9147,  19,  33,  23,    2,  -27 }, // 0xA2 '¢'
  {  9226,  22,  30,  25,    2,  -29 }, // 0xA3 '£'
  {  9309,  27,  28,  31,    2,  -26 }, // 0xA4 '¤'
  {  9404,  22,  30,  23,    0,  -29 }, // 0xA5 '¥'
  {  9487,   4,  36,  10,    3,  -29 }, // 0xA6 '¦'
  {  9505,  22,  41,  26,    2,  -29 }, // 0xA7 '§'
  {  9618,  13,   4,  17,    2,  -28 }, // 0xA8 '¨'
  {  9625,  30,  31,  34,    2,  -30 }, // 0xA9 '©'
  {  9742,  19,  19,  23,    2,  -22 }, // 0xAA 'ª'
  {  9788,  16,  16,  20,    2,  -18 }, // 0xAB '«'
  {  9820,  18,   9,  23,    2,  -15 }, // 0xAC '¬'
  {  9841,  20,  37,  27,    4,  -32 }, // 0xAD '­'
  {  9934,  30,  31,  34,    2,  -30 }, // 0xAE '®'
  { 10051,  14,   3,  21,    3,  -29 }, // 0xAF '¯'
  { 10057,  11,  11,  17,    3,  -30 }, // 0xB0 '°'
  { 10073,  19,  26,  23,    2,  -25 }, // 0xB1 '±'
  { 10135,  13,  17,  15,    1,  -30 }, // 0xB2 '²'
  { 10163,  12,  17,  16,    2,  -30 }, // 0xB3 '³'
  { 10189,   9,   6,  13,    2,  -30 }, // 0xB4 '´'
  { 10196,  18,  32,  24,    3,  -22 }, // 0xB5 'µ'
  { 10268,  16,  30,  21,    1,  -29 }, // 0xB6 '¶'
  { 10328,   5,   4,  11,    3,  -16 }, // 0xB7 '·'
  { 10331,   7,   9,  21,    1,    1 }, // 0xB8 '¸'
  { 10339,   8,  17,  16,    2,  -30 }, // 0xB9 '¹'
  { 10356,  21,  21,  23,    1,  -24 }, // 0xBA 'º'
  { 10412,  17,  16,  20,    2,  -18 }, // 0xBB '»'
  { 10446,  28,  28,  31,    2,  -27 }, // 0xBC '¼'
  { 10544,  30,  28,  33,    2,  -27 }, // 0xBD '½'
  { 10649,  31,  29,  34,    2,  -28 }, // 0xBE '¾'
  { 10762,  20,  37,  27,    4,  -32 }, // 0xBF '¿'
  { 10855,  20,  37,  27,    4,  -32 }, // 0xC0 'À'
  { 10948,  20,  37,  27,    4,  -32 }, // 0xC1 'Á'
  { 11041,  20,  37,  27,    4,  -32 }, // 0xC2 'Â'
  { 11134,  20,  37,  27,    4,  -32 }, // 0xC3 'Ã'
  { 11227,  20,  37,  27,    4,  -32 }, // 0xC4 'Ä'
  { 11320,  20,  37,  27,    4,  -32 }, // 0xC5 'Å'
  { 11413,  20,  37,  27,    4,  -32 }, // 0xC6 'Æ'
  { 11506,  20,  37,  27,    4,  -32 }, // 0xC7 'Ç'
  { 11599,  20,  37,  27,    4,  -32 }, // 0xC8 'È'
  { 11692,  20,  37,  27,    4,  -32 }, // 0xC9 'É'
  { 11785,  20,  37,  27,    4,  -32 }, // 0xCA 'Ê'
  { 11878,  20,  37,  27,    4,  -32 }, // 0xCB 'Ë'
  { 11971,  20,  37,  27,    4,  -32 }, // 0xCC 'Ì'
  { 12064,  20,  37,  27,    4,  -32 }, // 0xCD 'Í'
  { 12157,  20,  37,  27,    4,  -32 }, // 0xCE 'Î'
  { 12250,  20,  37,  27,    4,  -32 }, // 0xCF 'Ï'
  { 12343,  20,  37,  27,    4,  -32 }, // 0xD0 'Ð'
  { 12436,  20,  37,  27,    4,  -32 }, // 0xD1 'Ñ'
  { 12529,  20,  37,  27,    4,  -32 }, // 0xD2 'Ò'
  { 12622,  20,  37,  27,    4,  -32 }, // 0xD3 'Ó'
  { 12715,  20,  37,  27,    4,  -32 }, // 0xD4 'Ô'
  { 12808,  20,  37,  27,    4,  -32 }, // 0xD5 'Õ'
  { 12901,  20,  37,  27,    4,  -32 }, // 0xD6 'Ö'
  { 12994,  20,  37,  27,    4,  -32 }, // 0xD7 '×'
  { 13087,  20,  37,  27,    4,  -32 }, // 0xD8 'Ø'
  { 13180,  20,  37,  27,    4,  -32 }, // 0xD9 'Ù'
  { 13273,  20,  37,  27,    4,  -32 }, // 0xDA 'Ú'
  { 13366,  20,  37,  27,    4,  -32 }, // 0xDB 'Û'
  { 13459,  20,  37,  27,    4,  -32 }, // 0xDC 'Ü'
  { 13552,  20,  37,  27,    4,  -32 }, // 0xDD 'Ý'
  { 13645,  20,  37,  27,    4,  -32 }, // 0xDE 'Þ'
  { 13738,  20,  37,  27,    4,  -32 }, // 0xDF 'ß'
  { 13831,  23,  25,  28,    3,  -24 }, // 0xE0 'à'
  { 13903,  21,  25,  23,    1,  -24 }, // 0xE1 'á'
  { 13969,  15,  25,  17,    0,  -24 }, // 0xE2 'â'
  { 14016,  20,  25,  22,    1,  -24 }, // 0xE3 'ã'
  { 14079,  19,  25,  25,    3,  -24 }, // 0xE4 'ä'
  { 14139,   7,  25,  13,    2,  -24 }, // 0xE5 'å'
  { 14161,  12,  25,  16,    2,  -24 }, // 0xE6 'æ'
  { 14199,  19,  25,  26,    4,  -24 }, // 0xE7 'ç'
  { 14259,  20,  25,  27,    4,  -24 }, // 0xE8 'è'
  { 14322,   9,  14,  13,    1,  -24 }, // 0xE9 'é'
  { 14338,  17,  34,  22,    1,  -24 }, // 0xEA 'ê'
  { 14411,  18,  25,  24,    2,  -24 }, // 0xEB 'ë'
  { 14468,  19,  33,  23,    2,  -32 }, // 0xEC 'ì'
  { 14547,  20,  25,  28,    4,  -24 }, // 0xED 'í'
  { 14610,  22,  25,  27,    2,  -24 }, // 0xEE 'î'
  { 14679,   7,  34,  13,    2,  -24 }, // 0xEF 'ï'
  { 14709,  11,  25,  16,    1,  -24 }, // 0xF0 'ð'
  { 14744,  22,  25,  28,    3,  -24 }, // 0xF1 'ñ'
  { 14813,  20,  25,  25,    1,  -24 }, // 0xF2 'ò'
  { 14876,  19,  34,  26,    3,  -24 }, // 0xF3 'ó'
  { 14957,  20,  25,  27,    3,  -24 }, // 0xF4 'ô'
  { 15020,  21,  34,  24,    2,  -24 }, // 0xF5 'õ'
  { 15110,  21,  25,  23,    1,  -24 }, // 0xF6 'ö'
  { 15176,  20,  34,  27,    3,  -24 }, // 0xF7 '÷'
  { 15261,  17,  25,  21,    1,  -24 }, // 0xF8 'ø'
  { 15315,  27,  25,  35,    4,  -24 }, // 0xF9 'ù'
  { 15400,  24,  25,  28,    1,  -24 }, // 0xFA 'ú'
  { 15475,  20,  37,  27,    4,  -32 }, // 0xFB 'û'
  { 15568,  20,  37,  27,    4,  -32 }, // 0xFC 'ü'
  { 15661,  13,  35,   0,  -17,  -29 }, // 0xFD 'ý'
  { 15718,  12,  35,   0,  -18,  -29 }, // 0xFE 'þ'
  { 15771,  20,  37,  27,    4,  -32 } }; // 0xFF 'ÿ'

const GFXfont Heebo_22pt8b PROGMEM = {
  (uint8_t  *)Heebo_22pt8bBitmaps,
  (GFXglyph *)Heebo_22pt8bGlyphs,
  0x20, 0xFF, 63 };

// Approx. 17439 bytes
