const uint8_t Heebo_24pt8bBitmaps[] PROGMEM = {
  0x00, 0xF7, 0xBD, 0xEF, 0x7B, 0xDE, 0xF7, 0xBD, 0xEF, 0x7B, 0xDE, 0xF7,
  0xBD, 0xEF, 0x7B, 0xC0, 0x00, 0x00, 0x07, 0x7F, 0xFF, 0x70, 0xE3, 0xF1,
  0xF8, 0xFC, 0x7E, 0x3F, 0x1F, 0x8F, 0xC7, 0xE3, 0xF1, 0xF0, 0xC0, 0x00,
  0x3C, 0x0E, 0x00, 0x0E, 0x07, 0x80, 0x03, 0x81, 0xC0, 0x00, 0xE0, 0x70,
  0x00, 0x78, 0x1C, 0x00, 0x1E, 0x07, 0x00, 0x07, 0x03, 0xC0, 0x01, 0xC0,
  0xE0, 0x00, 0x70, 0x38, 0x0F, 0xFF, 0xFF, 0xF3, 0xFF, 0xFF, 0xFC, 0xFF,
  0xFF, 0xFF, 0x00, 0xE0, 0x78, 0x00, 0x38, 0x1C, 0x00, 0x1E, 0x07, 0x00,
  0x07, 0x81, 0xC0, 0x01, 0xC0, 0xF0, 0x00, 0x70, 0x3C, 0x00, 0x1C, 0x0E,
  0x00, 0x07, 0x03, 0x80, 0x03, 0xC0, 0xE0, 0x3F, 0xFF, 0xFF, 0xCF, 0xFF,
  0xFF, 0xF3, 0xFF, 0xFF, 0xFC, 0x03, 0x81, 0xC0, 0x01, 0xE0, 0x70, 0x00,
  0x70, 0x3C, 0x00, 0x1C, 0x0F, 0x00, 0x07, 0x03, 0x80, 0x01, 0xC0, 0xE0,
  0x00, 0xF0, 0x38, 0x00, 0x38, 0x1E, 0x00, 0x0E, 0x07, 0x80, 0x00, 0x00,
  0x78, 0x00, 0x03, 0xC0, 0x00, 0x1E, 0x00, 0x00, 0xF0, 0x00, 0x07, 0x80,
  0x00, 0x3C, 0x00, 0x07, 0xF8, 0x00, 0xFF, 0xF0, 0x0F, 0xFF, 0xC0, 0xF8,
  0x1F, 0x0F, 0x00, 0x7C, 0xF8, 0x01, 0xE7, 0x80, 0x0F, 0xBC, 0x00, 0x3D,
  0xE0, 0x01, 0xEF, 0x00, 0x0F, 0x78, 0x00, 0x03, 0xE0, 0x00, 0x0F, 0x80,
  0x00, 0x7F, 0x00, 0x01, 0xFF, 0x00, 0x03, 0xFF, 0x00, 0x0F, 0xFE, 0x00,
  0x1F, 0xF8, 0x00, 0x0F, 0xE0, 0x00, 0x1F, 0x80, 0x00, 0x7C, 0x00, 0x01,
  0xF0, 0x00, 0x07, 0xF8, 0x00, 0x3F, 0xC0, 0x01, 0xFE, 0x00, 0x0F, 0xF8,
  0x00, 0xFB, 0xE0, 0x07, 0x9F, 0x80, 0xFC, 0x7F, 0xFF, 0xC1, 0xFF, 0xFC,
  0x07, 0xFF, 0xC0, 0x07, 0xF0, 0x00, 0x0F, 0x00, 0x00, 0x78, 0x00, 0x03,
  0xC0, 0x00, 0x1E, 0x00, 0x0F, 0xC0, 0x00, 0x00, 0xFF, 0xC0, 0x00, 0x07,
  0xFF, 0x80, 0x00, 0x1E, 0x1E, 0x00, 0x00, 0xF0, 0x3C, 0x06, 0x03, 0x80,
  0x70, 0x3C, 0x0E, 0x01, 0xC0, 0xE0, 0x38, 0x07, 0x07, 0x80, 0xE0, 0x1C,
  0x3C, 0x03, 0x80, 0x70, 0xE0, 0x0F, 0x03, 0xC7, 0x80, 0x1E, 0x1E, 0x3C,
  0x00, 0x7F, 0xF8, 0xE0, 0x00, 0xFF, 0xC7, 0x80, 0x00, 0xFC, 0x1C, 0x00,
  0x00, 0x00, 0xE0, 0x00, 0x00, 0x07, 0x80, 0x00, 0x00, 0x1C, 0x00, 0x00,
  0x00, 0xE0, 0xFC, 0x00, 0x07, 0x8F, 0xFC, 0x00, 0x1C, 0x7F, 0xF8, 0x00,
  0xE1, 0xE1, 0xE0, 0x07, 0x8F, 0x03, 0xC0, 0x1C, 0x38, 0x07, 0x00, 0xE0,
  0xE0, 0x1C, 0x07, 0x83, 0x80, 0x70, 0x1C, 0x0E, 0x01, 0xC0, 0xE0, 0x38,
  0x07, 0x03, 0x80, 0xF0, 0x3C, 0x04, 0x01, 0xE1, 0xE0, 0x00, 0x07, 0xFF,
  0x80, 0x00, 0x0F, 0xFC, 0x00, 0x00, 0x0F, 0xC0, 0x00, 0xFC, 0x00, 0x00,
  0x7F, 0xE0, 0x00, 0x1F, 0xFE, 0x00, 0x07, 0xC3, 0xE0, 0x00, 0xF0, 0x3E,
  0x00, 0x3C, 0x03, 0xC0, 0x07, 0x80, 0x78, 0x00, 0xF0, 0x0F, 0x00, 0x1E,
  0x01, 0xE0, 0x03, 0xC0, 0x78, 0x00, 0x7C, 0x1F, 0x00, 0x07, 0xCF, 0xC0,
  0x00, 0x7B, 0xF0, 0x00, 0x0F, 0xFC, 0x00, 0x00, 0xFF, 0x00, 0x00, 0x1F,
  0x80, 0x00, 0x0F, 0xF8, 0x00, 0x03, 0xFF, 0x80, 0x00, 0xFD, 0xF8, 0x1E,
  0x3F, 0x1F, 0x03, 0xC7, 0xC1, 0xF0, 0x79, 0xF0, 0x1F, 0x0F, 0x3C, 0x01,
  0xF3, 0xC7, 0x80, 0x1F, 0x78, 0xF0, 0x03, 0xFF, 0x1E, 0x00, 0x3F, 0xC3,
  0xC0, 0x03, 0xF8, 0x3C, 0x00, 0x3E, 0x07, 0xC0, 0x0F, 0xE0, 0x7E, 0x07,
  0xFE, 0x07, 0xFF, 0xFB, 0xE0, 0x7F, 0xFC, 0x7E, 0x01, 0xFE, 0x07, 0xE0,
  0xFF, 0xFF, 0xFF, 0xFF, 0x80, 0x00, 0x20, 0x07, 0x00, 0xF0, 0x1E, 0x03,
  0xC0, 0x78, 0x07, 0x00, 0xF0, 0x1E, 0x01, 0xE0, 0x3C, 0x03, 0xC0, 0x3C,
  0x07, 0x80, 0x78, 0x07, 0x80, 0x78, 0x0F, 0x00, 0xF0, 0x0F, 0x00, 0xF0,
  0x0F, 0x00, 0xF0, 0x0F, 0x00, 0xF0, 0x0F, 0x00, 0xF0, 0x0F, 0x00, 0xF0,
  0x0F, 0x00, 0x70, 0x07, 0x80, 0x78, 0x07, 0x80, 0x38, 0x03, 0xC0, 0x3C,
  0x01, 0xE0, 0x1E, 0x00, 0xE0, 0x0F, 0x00, 0x78, 0x03, 0x80, 0x3C, 0x01,
  0xE0, 0x0F, 0x00, 0x60, 0x00, 0x40, 0x0E, 0x00, 0xF0, 0x07, 0x80, 0x3C,
  0x01, 0xE0, 0x0E, 0x00, 0xF0, 0x07, 0x80, 0x78, 0x03, 0x80, 0x3C, 0x03,
  0xC0, 0x1E, 0x01, 0xE0, 0x1E, 0x01, 0xE0, 0x0F, 0x00, 0xF0, 0x0F, 0x00,
  0xF0, 0x0F, 0x00, 0xF0, 0x0F, 0x00, 0xF0, 0x0F, 0x00, 0xF0, 0x0F, 0x00,
  0xF0, 0x0F, 0x01, 0xE0, 0x1E, 0x01, 0xE0, 0x1E, 0x01, 0xC0, 0x3C, 0x03,
  0xC0, 0x38, 0x07, 0x80, 0x70, 0x0F, 0x01, 0xE0, 0x1C, 0x03, 0xC0, 0x78,
  0x0F, 0x00, 0x60, 0x00, 0x00, 0x00, 0xF0, 0x00, 0x0F, 0x00, 0x00, 0xF0,
  0x00, 0x0F, 0x00, 0x00, 0xF0, 0x04, 0x0F, 0x02, 0x78, 0xF0, 0xEF, 0xEF,
  0x7E, 0xFF, 0xFF, 0xF1, 0xFF, 0xFC, 0x03, 0xFC, 0x00, 0x3F, 0x80, 0x03,
  0xFC, 0x00, 0x7B, 0xE0, 0x0F, 0x9E, 0x00, 0xF0, 0xF0, 0x1E, 0x0F, 0x81,
  0xC0, 0x78, 0x04, 0x02, 0x00, 0x00, 0x3C, 0x00, 0x00, 0x3C, 0x00, 0x00,
  0x3C, 0x00, 0x00, 0x3C, 0x00, 0x00, 0x3C, 0x00, 0x00, 0x3C, 0x00, 0x00,
  0x3C, 0x00, 0x00, 0x3C, 0x00, 0x00, 0x3C, 0x00, 0x00, 0x3C, 0x00, 0xFF,
  0xFF, 0xFF, 0xFF, 0xFF, 0xFF, 0xFF, 0xFF, 0xFF, 0xFF, 0xFF, 0xFF, 0x00,
  0x3C, 0x00, 0x00, 0x3C, 0x00, 0x00, 0x3C, 0x00, 0x00, 0x3C, 0x00, 0x00,
  0x3C, 0x00, 0x00, 0x3C, 0x00, 0x00, 0x3C, 0x00, 0x00, 0x3C, 0x00, 0x00,
  0x3C, 0x00, 0x00, 0x3C, 0x00, 0x00, 0x3C, 0x00, 0x3C, 0xF3, 0xCF, 0x3C,
  0xF3, 0x9E, 0x7B, 0xC6, 0x00, 0xFF, 0xFF, 0xFF, 0xFF, 0x80, 0x77, 0xFF,
  0xF7, 0x00, 0x00, 0x03, 0xC0, 0x00, 0xE0, 0x00, 0x78, 0x00, 0x1E, 0x00,
  0x07, 0x00, 0x03, 0xC0, 0x00, 0xF0, 0x00, 0x78, 0x00, 0x1E, 0x00, 0x07,
  0x00, 0x03, 0xC0, 0x00, 0xF0, 0x00, 0x78, 0x00, 0x1E, 0x00, 0x07, 0x00,
  0x03, 0xC0, 0x00, 0xF0, 0x00, 0x38, 0x00, 0x1E, 0x00, 0x07, 0x00, 0x03,
  0xC0, 0x00, 0xF0, 0x00, 0x38, 0x00, 0x1E, 0x00, 0x07, 0x80, 0x03, 0xC0,
  0x00, 0xF0, 0x00, 0x38, 0x00, 0x1E, 0x00, 0x07, 0x80, 0x01, 0xC0, 0x00,
  0xF0, 0x00, 0x38, 0x00, 0x1E, 0x00, 0x07, 0x80, 0x01, 0xC0, 0x00, 0x01,
  0xFC, 0x00, 0x3F, 0xF8, 0x07, 0xFF, 0xF0, 0x7E, 0x0F, 0xC3, 0xC0, 0x1E,
  0x3E, 0x00, 0xF9, 0xE0, 0x03, 0xCF, 0x00, 0x1E, 0xF0, 0x00, 0x7F, 0x80,
  0x03, 0xFC, 0x00, 0x1F, 0xE0, 0x00, 0xFF, 0x00, 0x07, 0xF8, 0x00, 0x3F,
  0xC0, 0x01, 0xFE, 0x00, 0x0F, 0xF0, 0x00, 0x7F, 0x80, 0x03, 0xFC, 0x00,
  0x1F, 0xE0, 0x00, 0xFF, 0x00, 0x07, 0xF8, 0x00, 0x3F, 0xC0, 0x01, 0xFE,
  0x00, 0x0F, 0xF0, 0x00, 0x7B, 0xC0, 0x07, 0x9E, 0x00, 0x3C, 0xF8, 0x03,
  0xE3, 0xC0, 0x1E, 0x0F, 0x83, 0xE0, 0x7F, 0xFF, 0x00, 0xFF, 0xE0, 0x01,
  0xFC, 0x00, 0x00, 0x18, 0x07, 0xC0, 0xFE, 0x3F, 0xFF, 0xFF, 0xFF, 0xBF,
  0xE1, 0xFC, 0x0F, 0x00, 0x78, 0x03, 0xC0, 0x1E, 0x00, 0xF0, 0x07, 0x80,
  0x3C, 0x01, 0xE0, 0x0F, 0x00, 0x78, 0x03, 0xC0, 0x1E, 0x00, 0xF0, 0x07,
  0x80, 0x3C, 0x01, 0xE0, 0x0F, 0x00, 0x78, 0x03, 0xC0, 0x1E, 0x00, 0xF0,
  0x07, 0x80, 0x3C, 0x01, 0xE0, 0x0F, 0x00, 0x78, 0x01, 0xFE, 0x00, 0x0F,
  0xFF, 0x00, 0x7F, 0xFF, 0x01, 0xF8, 0x1F, 0x07, 0xC0, 0x1F, 0x0F, 0x00,
  0x1E, 0x1E, 0x00, 0x3E, 0x78, 0x00, 0x3C, 0xF0, 0x00, 0x79, 0xE0, 0x00,
  0xF0, 0x00, 0x01, 0xE0, 0x00, 0x03, 0xC0, 0x00, 0x0F, 0x00, 0x00, 0x1E,
  0x00, 0x00, 0x78, 0x00, 0x01, 0xF0, 0x00, 0x07, 0xC0, 0x00, 0x1F, 0x00,
  0x00, 0x3C, 0x00, 0x00, 0xF0, 0x00, 0x03, 0xE0, 0x00, 0x0F, 0x80, 0x00,
  0x3E, 0x00, 0x00, 0xF8, 0x00, 0x03, 0xE0, 0x00, 0x0F, 0x80, 0x00, 0x3E,
  0x00, 0x00, 0x78, 0x00, 0x01, 0xE0, 0x00, 0x07, 0x80, 0x00, 0x1F, 0xFF,
  0xFF, 0xBF, 0xFF, 0xFF, 0x7F, 0xFF, 0xFE, 0x01, 0xFE, 0x00, 0x7F, 0xFC,
  0x07, 0xFF, 0xF8, 0x7E, 0x07, 0xC7, 0xC0, 0x1F, 0x3C, 0x00, 0x7F, 0xC0,
  0x01, 0xFE, 0x00, 0x0F, 0x00, 0x00, 0x78, 0x00, 0x03, 0xC0, 0x00, 0x1E,
  0x00, 0x01, 0xE0, 0x00, 0x1E, 0x00, 0x03, 0xE0, 0x0F, 0xFE, 0x00, 0x7F,
  0xC0, 0x03, 0xFF, 0x80, 0x00, 0x3F, 0x00, 0x00, 0x78, 0x00, 0x01, 0xE0,
  0x00, 0x0F, 0x80, 0x00, 0x3C, 0x00, 0x01, 0xE0, 0x00, 0x0F, 0xF0, 0x00,
  0x7F, 0x80, 0x03, 0xFE, 0x00, 0x3E, 0xF0, 0x01, 0xE7, 0xC0, 0x1F, 0x1F,
  0x83, 0xF0, 0x7F, 0xFF, 0x01, 0xFF, 0xF0, 0x01, 0xFC, 0x00, 0x00, 0x03,
  0xE0, 0x00, 0x03, 0xE0, 0x00, 0x07, 0xE0, 0x00, 0x0F, 0xE0, 0x00, 0x0F,
  0xE0, 0x00, 0x1F, 0xE0, 0x00, 0x1D, 0xE0, 0x00, 0x3D, 0xE0, 0x00, 0x79,
  0xE0, 0x00, 0x79, 0xE0, 0x00, 0xF1, 0xE0, 0x01, 0xE1, 0xE0, 0x01, 0xE1,
  0xE0, 0x03, 0xC1, 0xE0, 0x07, 0x81, 0xE0, 0x07, 0x81, 0xE0, 0x0F, 0x01,
  0xE0, 0x1F, 0x01, 0xE0, 0x1E, 0x01, 0xE0, 0x3C, 0x01, 0xE0, 0x7C, 0x01,
  0xE0, 0x78, 0x01, 0xE0, 0xFF, 0xFF, 0xFF, 0xFF, 0xFF, 0xFF, 0xFF, 0xFF,
  0xFF, 0x00, 0x01, 0xE0, 0x00, 0x01, 0xE0, 0x00, 0x01, 0xE0, 0x00, 0x01,
  0xE0, 0x00, 0x01, 0xE0, 0x00, 0x01, 0xE0, 0x00, 0x01, 0xE0, 0x00, 0x01,
  0xE0, 0x1F, 0xFF, 0xF0, 0xFF, 0xFF, 0x87, 0xFF, 0xFC, 0x3F, 0xFF, 0xE1,
  0xE0, 0x00, 0x0F, 0x00, 0x00, 0xF0, 0x00, 0x07, 0x80, 0x00, 0x3C, 0x00,
  0x01, 0xE0, 0x00, 0x0F, 0x00, 0x00, 0x79, 0xFC, 0x03, 0xFF, 0xF8, 0x1F,
  0xFF, 0xE0, 0xF8, 0x1F, 0x87, 0x80, 0x3C, 0x00, 0x01, 0xF0, 0x00, 0x07,
  0x80, 0x00, 0x3E, 0x00, 0x00, 0xF0, 0x00, 0x07, 0x80, 0x00, 0x3C, 0x00,
  0x01, 0xE0, 0x00, 0x0F, 0xF0, 0x00, 0x7F, 0xC0, 0x07, 0xDE, 0x00, 0x3C,
  0xF8, 0x01, 0xE3, 0xC0, 0x1E, 0x1F, 0x83, 0xF0, 0x7F, 0xFF, 0x00, 0xFF,
  0xF0, 0x01, 0xFC, 0x00, 0x00, 0x1F, 0x00, 0x07, 0xF8, 0x00, 0x7F, 0xC0,
  0x0F, 0xE0, 0x00, 0xFC, 0x00, 0x0F, 0x80, 0x00, 0x78, 0x00, 0x07, 0x80,
  0x00, 0x3C, 0x00, 0x03, 0xC0, 0x00, 0x1E, 0x00, 0x00, 0xE1, 0xFC, 0x07,
  0x3F, 0xF8, 0x7B, 0xFF, 0xE3, 0xFC, 0x1F, 0x9F, 0xC0, 0x3C, 0xF8, 0x01,
  0xF7, 0xC0, 0x07, 0xBC, 0x00, 0x3F, 0xE0, 0x00, 0xFF, 0x00, 0x07, 0xF8,
  0x00, 0x3F, 0xC0, 0x01, 0xFE, 0x00, 0x0F, 0xF0, 0x00, 0x7B, 0xC0, 0x07,
  0xDE, 0x00, 0x3C, 0x78, 0x01, 0xE3, 0xE0, 0x1E, 0x0F, 0x83, 0xF0, 0x3F,
  0xFF, 0x00, 0xFF, 0xE0, 0x01, 0xFC, 0x00, 0xFF, 0xFF, 0xFF, 0xFF, 0xFF,
  0xFF, 0xFF, 0xFF, 0xF8, 0x00, 0x01, 0xE0, 0x00, 0x03, 0xC0, 0x00, 0x0F,
  0x00, 0x00, 0x1E, 0x00, 0x00, 0x7C, 0x00, 0x00, 0xF0, 0x00, 0x03, 0xE0,
  0x00, 0x07, 0x80, 0x00, 0x1F, 0x00, 0x00, 0x3C, 0x00, 0x00, 0xF8, 0x00,
  0x01, 0xE0, 0x00, 0x03, 0xC0, 0x00, 0x0F, 0x00, 0x00, 0x1E, 0x00, 0x00,
  0x7C, 0x00, 0x00, 0xF0, 0x00, 0x03, 0xE0, 0x00, 0x07, 0x80, 0x00, 0x1F,
  0x00, 0x00, 0x3C, 0x00, 0x00, 0xF8, 0x00, 0x01, 0xE0, 0x00, 0x07, 0xC0,
  0x00, 0x0F, 0x00, 0x00, 0x3E, 0x00, 0x00, 0x7C, 0x00, 0x01, 0xF0, 0x00,
  0x03, 0xE0, 0x00, 0x07, 0x80, 0x00, 0x01, 0xFC, 0x00, 0x3F, 0xF8, 0x07,
  0xFF, 0xF0, 0x3E, 0x0F, 0x83, 0xE0, 0x3E, 0x3E, 0x00, 0xF1, 0xE0, 0x03,
  0xCF, 0x00, 0x1E, 0x78, 0x00, 0xF3, 0xC0, 0x07, 0x9E, 0x00, 0x3C, 0xF8,
  0x03, 0xE3, 0xC0, 0x1E, 0x0F, 0x83, 0xE0, 0x3F, 0xFE, 0x00, 0xFF, 0xE0,
  0x0F, 0xFF, 0x80, 0xFF, 0xFE, 0x0F, 0x80, 0xF8, 0xF8, 0x03, 0xE7, 0x80,
  0x0F, 0x78, 0x00, 0x3F, 0xC0, 0x01, 0xFE, 0x00, 0x0F, 0xF0, 0x00, 0x7F,
  0x80, 0x03, 0xFC, 0x00, 0x1E, 0xF0, 0x01, 0xE7, 0xC0, 0x1F, 0x1F, 0x83,
  0xF0, 0x7F, 0xFF, 0x01, 0xFF, 0xF0, 0x01, 0xFC, 0x00, 0x01, 0xFC, 0x00,
  0x3F, 0xF8, 0x07, 0xFF, 0xE0, 0x7E, 0x0F, 0x83, 0xC0, 0x3E, 0x3E, 0x00,
  0xF1, 0xE0, 0x03, 0xDF, 0x00, 0x1E, 0xF0, 0x00, 0xF7, 0x80, 0x03, 0xFC,
  0x00, 0x1F, 0xE0, 0x00, 0xFF, 0x00, 0x07, 0xF8, 0x00, 0x3F, 0xE0, 0x01,
  0xEF, 0x00, 0x1F, 0x7C, 0x00, 0xF9, 0xE0, 0x0F, 0xCF, 0xC1, 0xFE, 0x3F,
  0xFE, 0xF0, 0xFF, 0xE7, 0x81, 0xFC, 0x38, 0x00, 0x03, 0xC0, 0x00, 0x1E,
  0x00, 0x00, 0xF0, 0x00, 0x0F, 0x00, 0x00, 0x78, 0x00, 0x07, 0x80, 0x00,
  0xF8, 0x00, 0x3F, 0x80, 0x1F, 0xF8, 0x00, 0xFF, 0x00, 0x07, 0xC0, 0x00,
  0x77, 0xFF, 0xF7, 0x00, 0x00, 0x00, 0x00, 0x00, 0x00, 0x00, 0x00, 0x00,
  0x07, 0x7F, 0xFF, 0x70, 0x1C, 0x7C, 0xF9, 0xF1, 0xC0, 0x00, 0x00, 0x00,
  0x00, 0x00, 0x00, 0x00, 0x00, 0x00, 0x00, 0x00, 0x00, 0x01, 0xE3, 0xC7,
  0x8F, 0x1E, 0x3C, 0xF1, 0xE7, 0xCF, 0x1C, 0x00, 0x00, 0x00, 0x20, 0x00,
  0x1C, 0x00, 0x0F, 0x80, 0x0F, 0xF0, 0x07, 0xFE, 0x03, 0xFF, 0x01, 0xFF,
  0x00, 0xFF, 0x80, 0xFF, 0x80, 0x1F, 0xC0, 0x03, 0xE0, 0x00, 0x7F, 0x00,
  0x07, 0xFC, 0x00, 0x3F, 0xE0, 0x00, 0xFF, 0x80, 0x07, 0xFC, 0x00, 0x3F,
  0xE0, 0x01, 0xFC, 0x00, 0x0F, 0x80, 0x00, 0x30, 0x00, 0x00, 0xFF, 0xFF,
  0xFF, 0xFF, 0xFF, 0xFF, 0xFF, 0x80, 0x00, 0x00, 0x00, 0x00, 0x00, 0x00,
  0x00, 0x00, 0x00, 0x00, 0x00, 0x00, 0x00, 0x00, 0x00, 0x03, 0xFF, 0xFF,
  0xFF, 0xFF, 0xFF, 0xFF, 0xFE, 0x80, 0x00, 0x0E, 0x00, 0x00, 0xFC, 0x00,
  0x0F, 0xF0, 0x00, 0xFF, 0xC0, 0x01, 0xFF, 0x00, 0x03, 0xFE, 0x00, 0x0F,
  0xF8, 0x00, 0x1F, 0xE0, 0x00, 0x7F, 0x00, 0x03, 0xF0, 0x00, 0xFF, 0x00,
  0x7F, 0xC0, 0x1F, 0xF0, 0x0F, 0xFC, 0x03, 0xFE, 0x00, 0xFF, 0x80, 0x0F,
  0xE0, 0x00, 0xF8, 0x00, 0x0C, 0x00, 0x00, 0x00, 0x00, 0x00, 0x03, 0xF8,
  0x07, 0xFF, 0x83, 0xFF, 0xF1, 0xF8, 0x7E, 0x78, 0x07, 0xBC, 0x01, 0xFF,
  0x00, 0x3F, 0xC0, 0x0F, 0x00, 0x03, 0xC0, 0x00, 0xF0, 0x00, 0x3C, 0x00,
  0x1E, 0x00, 0x0F, 0x80, 0x07, 0xC0, 0x01, 0xF0, 0x00, 0xF8, 0x00, 0x7C,
  0x00, 0x3E, 0x00, 0x0F, 0x00, 0x07, 0xC0, 0x01, 0xE0, 0x00, 0x78, 0x00,
  0x1E, 0x00, 0x00, 0x00, 0x00, 0x00, 0x00, 0x00, 0x00, 0x00, 0x00, 0x00,
  0x00, 0x00, 0xE0, 0x00, 0x7C, 0x00, 0x1F, 0x00, 0x07, 0xC0, 0x00, 0xE0,
  0x00, 0x00, 0x01, 0xFF, 0x00, 0x00, 0x00, 0x7F, 0xFF, 0x00, 0x00, 0x0F,
  0xFF, 0xFE, 0x00, 0x01, 0xFC, 0x01, 0xF8, 0x00, 0x1F, 0x80, 0x01, 0xE0,
  0x01, 0xF0, 0x00, 0x07, 0x80, 0x1F, 0x00, 0x00, 0x1E, 0x01, 0xF0, 0x00,
  0x00, 0x78, 0x0F, 0x00, 0x00, 0x01, 0xC0, 0xF0, 0x00, 0x00, 0x07, 0x07,
  0x80, 0x1F, 0x80, 0x38, 0x78, 0x01, 0xFF, 0x00, 0xE3, 0xC0, 0x3F, 0xFC,
  0x07, 0x3C, 0x01, 0xE0, 0xE0, 0x39, 0xE0, 0x1E, 0x07, 0x01, 0xCF, 0x01,
  0xE0, 0x38, 0x06, 0xF0, 0x0F, 0x01, 0xC0, 0x3F, 0x80, 0xF0, 0x0E, 0x01,
  0xFC, 0x07, 0x80, 0x70, 0x0F, 0xE0, 0x38, 0x03, 0x80, 0x7F, 0x03, 0xC0,
  0x3C, 0x03, 0xF8, 0x1E, 0x01, 0xE0, 0x1F, 0xC0, 0xF0, 0x0F, 0x00, 0xFE,
  0x07, 0x80, 0x70, 0x07, 0xF0, 0x3C, 0x03, 0x80, 0x3F, 0x81, 0xE0, 0x1C,
  0x01, 0xFC, 0x0F, 0x00, 0xE0, 0x1D, 0xE0, 0x78, 0x0F, 0x00, 0xE7, 0x83,
  0xC0, 0x78, 0x0F, 0x3C, 0x1F, 0x07, 0xE0, 0x71, 0xE0, 0x7C, 0x7F, 0x8F,
  0x8F, 0x83, 0xFF, 0x3F, 0xF8, 0x3C, 0x0F, 0xF0, 0xFF, 0x81, 0xE0, 0x1F,
  0x03, 0xF0, 0x07, 0x80, 0x00, 0x00, 0x00, 0x3E, 0x00, 0x00, 0x00, 0x00,
  0xF8, 0x00, 0x00, 0x00, 0x03, 0xE0, 0x00, 0x00, 0x00, 0x0F, 0xC0, 0x00,
  0x00, 0x00, 0x3F, 0x80, 0x78, 0x00, 0x00, 0xFF, 0xFF, 0xC0, 0x00, 0x01,
  0xFF, 0xFC, 0x00, 0x00, 0x01, 0xFF, 0x00, 0x00, 0x00, 0x07, 0x80, 0x00,
  0x00, 0x3F, 0x00, 0x00, 0x00, 0xFC, 0x00, 0x00, 0x03, 0xF0, 0x00, 0x00,
  0x1F, 0xE0, 0x00, 0x00, 0x7F, 0x80, 0x00, 0x01, 0xFF, 0x00, 0x00, 0x0F,
  0x3C, 0x00, 0x00, 0x3C, 0xF0, 0x00, 0x01, 0xF1, 0xE0, 0x00, 0x07, 0x87,
  0x80, 0x00, 0x1E, 0x1F, 0x00, 0x00, 0xF8, 0x3C, 0x00, 0x03, 0xC0, 0xF0,
  0x00, 0x1F, 0x03, 0xE0, 0x00, 0x78, 0x07, 0x80, 0x01, 0xE0, 0x1F, 0x00,
  0x0F, 0x80, 0x3C, 0x00, 0x3C, 0x00, 0xF0, 0x00, 0xF0, 0x03, 0xE0, 0x07,
  0xC0, 0x07, 0x80, 0x1F, 0xFF, 0xFF, 0x00, 0xFF, 0xFF, 0xFC, 0x03, 0xFF,
  0xFF, 0xF0, 0x0F, 0x00, 0x03, 0xE0, 0x7C, 0x00, 0x07, 0x81, 0xE0, 0x00,
  0x1F, 0x07, 0x80, 0x00, 0x7C, 0x3E, 0x00, 0x00, 0xF0, 0xF0, 0x00, 0x03,
  0xE7, 0xC0, 0x00, 0x07, 0x9F, 0x00, 0x00, 0x1F, 0x78, 0x00, 0x00, 0x7C,
  0xFF, 0xFF, 0x01, 0xFF, 0xFF, 0x83, 0xFF, 0xFF, 0xC7, 0x80, 0x0F, 0xCF,
  0x00, 0x07, 0x9E, 0x00, 0x0F, 0xBC, 0x00, 0x0F, 0x78, 0x00, 0x1E, 0xF0,
  0x00, 0x3D, 0xE0, 0x00, 0x7B, 0xC0, 0x00, 0xF7, 0x80, 0x03, 0xCF, 0x00,
  0x0F, 0x9E, 0x00, 0x7E, 0x3F, 0xFF, 0xF0, 0x7F, 0xFF, 0xC0, 0xFF, 0xFF,
  0xE1, 0xE0, 0x03, 0xF3, 0xC0, 0x01, 0xF7, 0x80, 0x01, 0xEF, 0x00, 0x03,
  0xFE, 0x00, 0x03, 0xFC, 0x00, 0x07, 0xF8, 0x00, 0x0F, 0xF0, 0x00, 0x1F,
  0xE0, 0x00, 0x3F, 0xC0, 0x00, 0xFF, 0x80, 0x01, 0xEF, 0x00, 0x07, 0xDE,
  0x00, 0x3F, 0x3F, 0xFF, 0xFC, 0x7F, 0xFF, 0xF0, 0xFF, 0xFF, 0x00, 0x00,
  0x7F, 0x80, 0x00, 0xFF, 0xF8, 0x01, 0xFF, 0xFE, 0x01, 0xF8, 0x1F, 0x81,
  0xF0, 0x03, 0xE1, 0xF0, 0x00, 0xF8, 0xF0, 0x00, 0x3C, 0xF8, 0x00, 0x1F,
  0x78, 0x00, 0x0F, 0xBC, 0x00, 0x03, 0xFC, 0x00, 0x01, 0xFE, 0x00, 0x00,
  0x0F, 0x00, 0x00, 0x07, 0x80, 0x00, 0x03, 0xC0, 0x00, 0x01, 0xE0, 0x00,
  0x00, 0xF0, 0x00, 0x00, 0x78, 0x00, 0x00, 0x3C, 0x00, 0x00, 0x1E, 0x00,
  0x00, 0x0F, 0x00, 0x00, 0x07, 0x80, 0x00, 0x03, 0xC0, 0x00, 0x00, 0xF0,
  0x00, 0x0F, 0x78, 0x00, 0x0F, 0xBC, 0x00, 0x07, 0xCF, 0x00, 0x03, 0xC7,
  0xC0, 0x03, 0xE1, 0xF0, 0x03, 0xE0, 0x7E, 0x07, 0xE0, 0x1F, 0xFF, 0xE0,
  0x03, 0xFF, 0xE0, 0x00, 0x7F, 0x80, 0x00, 0xFF, 0xFC, 0x00, 0xFF, 0xFF,
  0x00, 0xFF, 0xFF, 0xC0, 0xF0, 0x07, 0xE0, 0xF0, 0x01, 0xF0, 0xF0, 0x00,
  0x78, 0xF0, 0x00, 0x7C, 0xF0, 0x00, 0x3C, 0xF0, 0x00, 0x1E, 0xF0, 0x00,
  0x1E, 0xF0, 0x00, 0x1E, 0xF0, 0x00, 0x0F, 0xF0, 0x00, 0x0F, 0xF0, 0x00,
  0x0F, 0xF0, 0x00, 0x0F, 0xF0, 0x00, 0x0F, 0xF0, 0x00, 0x0F, 0xF0, 0x00,
  0x0F, 0xF0, 0x00, 0x0F, 0xF0, 0x00, 0x0F, 0xF0, 0x00, 0x0F, 0xF0, 0x00,
  0x0F, 0xF0, 0x00, 0x1E, 0xF0, 0x00, 0x1E, 0xF0, 0x00, 0x1E, 0xF0, 0x00,
  0x3C, 0xF0, 0x00, 0x7C, 0xF0, 0x00, 0xF8, 0xF0, 0x01, 0xF0, 0xF0, 0x07,
  0xE0, 0xFF, 0xFF, 0xC0, 0xFF, 0xFF, 0x00, 0xFF, 0xF8, 0x00, 0xFF, 0xFF,
  0xFF, 0xFF, 0xFF, 0xFF, 0xFF, 0xFF, 0xE0, 0x00, 0x0F, 0x00, 0x00, 0x78,
  0x00, 0x03, 0xC0, 0x00, 0x1E, 0x00, 0x00, 0xF0, 0x00, 0x07, 0x80, 0x00,
  0x3C, 0x00, 0x01, 0xE0, 0x00, 0x0F, 0x00, 0x00, 0x78, 0x00, 0x03, 0xFF,
  0xFF, 0x9F, 0xFF, 0xFC, 0xFF, 0xFF, 0xE7, 0x80, 0x00, 0x3C, 0x00, 0x01,
  0xE0, 0x00, 0x0F, 0x00, 0x00, 0x78, 0x00, 0x03, 0xC0, 0x00, 0x1E, 0x00,
  0x00, 0xF0, 0x00, 0x07, 0x80, 0x00, 0x3C, 0x00, 0x01, 0xE0, 0x00, 0x0F,
  0x00, 0x00, 0x78, 0x00, 0x03, 0xFF, 0xFF, 0xFF, 0xFF, 0xFF, 0xFF, 0xFF,
  0xF8, 0xFF, 0xFF, 0xFF, 0xFF, 0xFF, 0xFF, 0xFF, 0xFF, 0xE0, 0x00, 0x0F,
  0x00, 0x00, 0x78, 0x00, 0x03, 0xC0, 0x00, 0x1E, 0x00, 0x00, 0xF0, 0x00,
  0x07, 0x80, 0x00, 0x3C, 0x00, 0x01, 0xE0, 0x00, 0x0F, 0x00, 0x00, 0x78,
  0x00, 0x03, 0xC0, 0x00, 0x1F, 0xFF, 0xFC, 0xFF, 0xFF, 0xE7, 0xFF, 0xFF,
  0x3C, 0x00, 0x01, 0xE0, 0x00, 0x0F, 0x00, 0x00, 0x78, 0x00, 0x03, 0xC0,
  0x00, 0x1E, 0x00, 0x00, 0xF0, 0x00, 0x07, 0x80, 0x00, 0x3C, 0x00, 0x01,
  0xE0, 0x00, 0x0F, 0x00, 0x00, 0x78, 0x00, 0x03, 0xC0, 0x00, 0x1E, 0x00,
  0x00, 0xF0, 0x00, 0x00, 0x00, 0x7F, 0xC0, 0x00, 0x7F, 0xFE, 0x00, 0x7F,
  0xFF, 0xC0, 0x3F, 0x01, 0xF8, 0x1F, 0x00, 0x1F, 0x0F, 0x80, 0x03, 0xE3,
  0xC0, 0x00, 0x79, 0xF0, 0x00, 0x1F, 0x78, 0x00, 0x03, 0xDE, 0x00, 0x00,
  0x0F, 0x00, 0x00, 0x03, 0xC0, 0x00, 0x00, 0xF0, 0x00, 0x00, 0x3C, 0x00,
  0x00, 0x0F, 0x00, 0x00, 0x03, 0xC0, 0x00, 0x00, 0xF0, 0x03, 0xFF, 0xFC,
  0x00, 0xFF, 0xFF, 0x00, 0x3F, 0xFF, 0xC0, 0x00, 0x0F, 0xF0, 0x00, 0x03,
  0xFC, 0x00, 0x00, 0xFF, 0x80, 0x00, 0x3D, 0xE0, 0x00, 0x0F, 0x78, 0x00,
  0x03, 0xCF, 0x00, 0x00, 0xF3, 0xE0, 0x00, 0x3C, 0x78, 0x00, 0x0F, 0x1F,
  0x80, 0x07, 0xC3, 0xF8, 0x0F, 0xE0, 0x3F, 0xFF, 0xF0, 0x07, 0xFF, 0xF0,
  0x00, 0x3F, 0xE0, 0x00, 0xF0, 0x00, 0x07, 0xF8, 0x00, 0x03, 0xFC, 0x00,
  0x01, 0xFE, 0x00, 0x00, 0xFF, 0x00, 0x00, 0x7F, 0x80, 0x00, 0x3F, 0xC0,
  0x00, 0x1F, 0xE0, 0x00, 0x0F, 0xF0, 0x00, 0x07, 0xF8, 0x00, 0x03, 0xFC,
  0x00, 0x01, 0xFE, 0x00, 0x00, 0xFF, 0x00, 0x00, 0x7F, 0x80, 0x00, 0x3F,
  0xFF, 0xFF, 0xFF, 0xFF, 0xFF, 0xFF, 0xFF, 0xFF, 0xFF, 0xF8, 0x00, 0x03,
  0xFC, 0x00, 0x01, 0xFE, 0x00, 0x00, 0xFF, 0x00, 0x00, 0x7F, 0x80, 0x00,
  0x3F, 0xC0, 0x00, 0x1F, 0xE0, 0x00, 0x0F, 0xF0, 0x00, 0x07, 0xF8, 0x00,
  0x03, 0xFC, 0x00, 0x01, 0xFE, 0x00, 0x00, 0xFF, 0x00, 0x00, 0x7F, 0x80,
  0x00, 0x3F, 0xC0, 0x00, 0x1F, 0xE0, 0x00, 0x0F, 0xF0, 0x00, 0x07, 0x80,
  0xFF, 0xFF, 0xFF, 0xFF, 0xFF, 0xFF, 0xFF, 0xFF, 0xFF, 0xFF, 0xFF, 0xFF,
  0xFF, 0xFF, 0xFF, 0xFF, 0xF0, 0x00, 0x00, 0x78, 0x00, 0x03, 0xC0, 0x00,
  0x1E, 0x00, 0x00, 0xF0, 0x00, 0x07, 0x80, 0x00, 0x3C, 0x00, 0x01, 0xE0,
  0x00, 0x0F, 0x00, 0x00, 0x78, 0x00, 0x03, 0xC0, 0x00, 0x1E, 0x00, 0x00,
  0xF0, 0x00, 0x07, 0x80, 0x00, 0x3C, 0x00, 0x01, 0xE0, 0x00, 0x0F, 0x00,
  0x00, 0x78, 0x00, 0x03, 0xC0, 0x00, 0x1E, 0x00, 0x00, 0xF0, 0x00, 0x07,
  0x80, 0x00, 0x3C, 0x00, 0x01, 0xE0, 0x00, 0x0F, 0xF0, 0x00, 0x7F, 0x80,
  0x03, 0xFC, 0x00, 0x3E, 0xF0, 0x01, 0xE7, 0xC0, 0x1F, 0x1F, 0x83, 0xF0,
  0x7F, 0xFF, 0x01, 0xFF, 0xF0, 0x03, 0xFC, 0x00, 0xF0, 0x00, 0x3F, 0x78,
  0x00, 0x3F, 0x3C, 0x00, 0x1F, 0x1E, 0x00, 0x1F, 0x0F, 0x00, 0x1F, 0x07,
  0x80, 0x1F, 0x03, 0xC0, 0x1F, 0x01, 0xE0, 0x1F, 0x00, 0xF0, 0x1F, 0x80,
  0x78, 0x1F, 0x80, 0x3C, 0x1F, 0x80, 0x1E, 0x1F, 0x80, 0x0F, 0x0F, 0x80,
  0x07, 0x8F, 0x80, 0x03, 0xCF, 0x80, 0x01, 0xEF, 0xE0, 0x00, 0xFF, 0xF8,
  0x00, 0x7F, 0xFC, 0x00, 0x3F, 0x9F, 0x00, 0x1F, 0x8F, 0xC0, 0x0F, 0x83,
  0xF0, 0x07, 0x80, 0xF8, 0x03, 0xC0, 0x3E, 0x01, 0xE0, 0x0F, 0x80, 0xF0,
  0x07, 0xE0, 0x78, 0x01, 0xF0, 0x3C, 0x00, 0x7C, 0x1E, 0x00, 0x1F, 0x0F,
  0x00, 0x0F, 0xC7, 0x80, 0x03, 0xE3, 0xC0, 0x00, 0xF9, 0xE0, 0x00, 0x3E,
  0xF0, 0x00, 0x1F, 0x80, 0xF0, 0x00, 0x07, 0x80, 0x00, 0x3C, 0x00, 0x01,
  0xE0, 0x00, 0x0F, 0x00, 0x00, 0x78, 0x00, 0x03, 0xC0, 0x00, 0x1E, 0x00,
  0x00, 0xF0, 0x00, 0x07, 0x80, 0x00, 0x3C, 0x00, 0x01, 0xE0, 0x00, 0x0F,
  0x00, 0x00, 0x78, 0x00, 0x03, 0xC0, 0x00, 0x1E, 0x00, 0x00, 0xF0, 0x00,
  0x07, 0x80, 0x00, 0x3C, 0x00, 0x01, 0xE0, 0x00, 0x0F, 0x00, 0x00, 0x78,
  0x00, 0x03, 0xC0, 0x00, 0x1E, 0x00, 0x00, 0xF0, 0x00, 0x07, 0x80, 0x00,
  0x3C, 0x00, 0x01, 0xE0, 0x00, 0x0F, 0x00, 0x00, 0x78, 0x00, 0x03, 0xFF,
  0xFF, 0xFF, 0xFF, 0xFF, 0xFF, 0xFF, 0xF8, 0xFC, 0x00, 0x00, 0x1F, 0xFE,
  0x00, 0x00, 0x0F, 0xFF, 0x80, 0x00, 0x0F, 0xFF, 0xC0, 0x00, 0x07, 0xFF,
  0xE0, 0x00, 0x03, 0xFF, 0xF8, 0x00, 0x03, 0xFF, 0xFC, 0x00, 0x01, 0xFF,
  0xFF, 0x00, 0x01, 0xFF, 0xF7, 0x80, 0x00, 0xF7, 0xFB, 0xC0, 0x00, 0x7B,
  0xFC, 0xF0, 0x00, 0x79, 0xFE, 0x78, 0x00, 0x3C, 0xFF, 0x3E, 0x00, 0x3E,
  0x7F, 0x8F, 0x00, 0x1E, 0x3F, 0xC7, 0x80, 0x0F, 0x1F, 0xE1, 0xE0, 0x0F,
  0x0F, 0xF0, 0xF0, 0x07, 0x87, 0xF8, 0x7C, 0x07, 0xC3, 0xFC, 0x1E, 0x03,
  0xC1, 0xFE, 0x0F, 0x81, 0xE0, 0xFF, 0x03, 0xC1, 0xE0, 0x7F, 0x81, 0xE0,
  0xF0, 0x3F, 0xC0, 0x78, 0xF0, 0x1F, 0xE0, 0x3C, 0x78, 0x0F, 0xF0, 0x1F,
  0x7C, 0x07, 0xF8, 0x07, 0xBC, 0x03, 0xFC, 0x03, 0xDE, 0x01, 0xFE, 0x00,
  0xFE, 0x00, 0xFF, 0x00, 0x7F, 0x00, 0x7F, 0x80, 0x3F, 0x80, 0x3F, 0xC0,
  0x0F, 0x80, 0x1F, 0xE0, 0x07, 0xC0, 0x0F, 0xF0, 0x01, 0xC0, 0x07, 0x80,
  0xF0, 0x00, 0x03, 0xFE, 0x00, 0x00, 0xFF, 0xC0, 0x00, 0x3F, 0xF0, 0x00,
  0x0F, 0xFE, 0x00, 0x03, 0xFF, 0xC0, 0x00, 0xFF, 0xF8, 0x00, 0x3F, 0xFE,
  0x00, 0x0F, 0xF7, 0xC0, 0x03, 0xFD, 0xF8, 0x00, 0xFF, 0x3E, 0x00, 0x3F,
  0xC7, 0xC0, 0x0F, 0xF0, 0xF8, 0x03, 0xFC, 0x3F, 0x00, 0xFF, 0x07, 0xC0,
  0x3F, 0xC0, 0xF8, 0x0F, 0xF0, 0x3F, 0x03, 0xFC, 0x07, 0xC0, 0xFF, 0x00,
  0xF8, 0x3F, 0xC0, 0x3F, 0x0F, 0xF0, 0x07, 0xC3, 0xFC, 0x00, 0xF8, 0xFF,
  0x00, 0x1F, 0x3F, 0xC0, 0x07, 0xEF, 0xF0, 0x00, 0xFB, 0xFC, 0x00, 0x1F,
  0xFF, 0x00, 0x07, 0xFF, 0xC0, 0x00, 0xFF, 0xF0, 0x00, 0x1F, 0xFC, 0x00,
  0x07, 0xFF, 0x00, 0x00, 0xFF, 0xC0, 0x00, 0x1F, 0xF0, 0x00, 0x03, 0xC0,
  0x00, 0x3F, 0x80, 0x00, 0x3F, 0xFE, 0x00, 0x0F, 0xFF, 0xF0, 0x07, 0xE0,
  0x3F, 0x01, 0xF0, 0x01, 0xF0, 0x3C, 0x00, 0x1E, 0x0F, 0x00, 0x01, 0xE1,
  0xE0, 0x00, 0x3C, 0x78, 0x00, 0x03, 0xCF, 0x00, 0x00, 0x79, 0xE0, 0x00,
  0x0F, 0x78, 0x00, 0x00, 0xFF, 0x00, 0x00, 0x1F, 0xE0, 0x00, 0x03, 0xFC,
  0x00, 0x00, 0x7F, 0x80, 0x00, 0x0F, 0xF0, 0x00, 0x01, 0xFE, 0x00, 0x00,
  0x3F, 0xC0, 0x00, 0x07, 0xF8, 0x00, 0x00, 0xFF, 0x00, 0x00, 0x1F, 0xE0,
  0x00, 0x03, 0xDE, 0x00, 0x00, 0xF3, 0xC0, 0x00, 0x1E, 0x78, 0x00, 0x03,
  0xC7, 0x80, 0x00, 0xF0, 0xF0, 0x00, 0x1E, 0x0F, 0x00, 0x07, 0x81, 0xF0,
  0x01, 0xF0, 0x1F, 0x80, 0xFC, 0x00, 0xFF, 0xFF, 0x00, 0x0F, 0xFF, 0x80,
  0x00, 0x3F, 0x80, 0x00, 0xFF, 0xFF, 0x80, 0xFF, 0xFF, 0xE0, 0xFF, 0xFF,
  0xF8, 0xF0, 0x00, 0xFC, 0xF0, 0x00, 0x7C, 0xF0, 0x00, 0x3E, 0xF0, 0x00,
  0x1E, 0xF0, 0x00, 0x0F, 0xF0, 0x00, 0x0F, 0xF0, 0x00, 0x0F, 0xF0, 0x00,
  0x0F, 0xF0, 0x00, 0x0F, 0xF0, 0x00, 0x0F, 0xF0, 0x00, 0x1E, 0xF0, 0x00,
  0x1E, 0xF0, 0x00, 0x3E, 0xF0, 0x00, 0xFC, 0xFF, 0xFF, 0xF8, 0xFF, 0xFF,
  0xE0, 0xFF, 0xFF, 0x80, 0xF0, 0x00, 0x00, 0xF0, 0x00, 0x00, 0xF0, 0x00,
  0x00, 0xF0, 0x00, 0x00, 0xF0, 0x00, 0x00, 0xF0, 0x00, 0x00, 0xF0, 0x00,
  0x00, 0xF0, 0x00, 0x00, 0xF0, 0x00, 0x00, 0xF0, 0x00, 0x00, 0xF0, 0x00,
  0x00, 0xF0, 0x00, 0x00, 0xF0, 0x00, 0x00, 0x00, 0x3F, 0x80, 0x00, 0x3F,
  0xFE, 0x00, 0x0F, 0xFF, 0xF0, 0x07, 0xE0, 0x3F, 0x01, 0xF0, 0x01, 0xF0,
  0x3C, 0x00, 0x1E, 0x0F, 0x00, 0x01, 0xE1, 0xE0, 0x00, 0x3C, 0x78, 0x00,
  0x03, 0xCF, 0x00, 0x00, 0x79, 0xE0, 0x00, 0x0F, 0x78, 0x00, 0x00, 0xFF,
  0x00, 0x00, 0x1F, 0xE0, 0x00, 0x03, 0xFC, 0x00, 0x00, 0x7F, 0x80, 0x00,
  0x0F, 0xF0, 0x00, 0x01, 0xFE, 0x00, 0x00, 0x3F, 0xC0, 0x00, 0x07, 0xF8,
  0x00, 0x00, 0xFF, 0x00, 0x00, 0x1F, 0xE0, 0x00, 0x03, 0xDE, 0x00, 0x00,
  0xF3, 0xC0, 0x00, 0x1E, 0x78, 0x00, 0x03, 0xC7, 0x80, 0x00, 0xF0, 0xF0,
  0x00, 0x1E, 0x0F, 0x00, 0x07, 0x81, 0xF0, 0x01, 0xF0, 0x1F, 0x80, 0xFC,
  0x00, 0xFF, 0xFF, 0x00, 0x0F, 0xFF, 0xE0, 0x00, 0x3F, 0xFE, 0x00, 0x00,
  0x07, 0xE0, 0x00, 0x00, 0x7F, 0x00, 0x00, 0x03, 0xF0, 0x00, 0x00, 0x3C,
  0x00, 0x00, 0x03, 0x00, 0xFF, 0xFF, 0x00, 0xFF, 0xFF, 0xC0, 0xFF, 0xFF,
  0xF0, 0xF0, 0x01, 0xF8, 0xF0, 0x00, 0x7C, 0xF0, 0x00, 0x3C, 0xF0, 0x00,
  0x3E, 0xF0, 0x00, 0x1E, 0xF0, 0x00, 0x1E, 0xF0, 0x00, 0x1E, 0xF0, 0x00,
  0x1E, 0xF0, 0x00, 0x1E, 0xF0, 0x00, 0x3E, 0xF0, 0x00, 0x3C, 0xF0, 0x00,
  0x7C, 0xF0, 0x01, 0xF8, 0xFF, 0xFF, 0xF0, 0xFF, 0xFF, 0xC0, 0xFF, 0xFF,
  0x80, 0xF0, 0x07, 0xC0, 0xF0, 0x07, 0xC0, 0xF0, 0x03, 0xE0, 0xF0, 0x03,
  0xE0, 0xF0, 0x01, 0xF0, 0xF0, 0x01, 0xF0, 0xF0, 0x00, 0xF8, 0xF0, 0x00,
  0xF8, 0xF0, 0x00, 0x7C, 0xF0, 0x00, 0x3C, 0xF0, 0x00, 0x3E, 0xF0, 0x00,
  0x1E, 0xF0, 0x00, 0x1F, 0xF0, 0x00, 0x0F, 0x00, 0xFF, 0x00, 0x03, 0xFF,
  0xE0, 0x0F, 0xFF, 0xF0, 0x1F, 0x80, 0xFC, 0x3E, 0x00, 0x3C, 0x3C, 0x00,
  0x1E, 0x78, 0x00, 0x1E, 0x78, 0x00, 0x0F, 0x78, 0x00, 0x0F, 0x78, 0x00,
  0x00, 0x7C, 0x00, 0x00, 0x7E, 0x00, 0x00, 0x3F, 0x00, 0x00, 0x1F, 0xC0,
  0x00, 0x0F, 0xFC, 0x00, 0x07, 0xFF, 0x80, 0x01, 0xFF, 0xE0, 0x00, 0x7F,
  0xF8, 0x00, 0x0F, 0xFC, 0x00, 0x01, 0xFE, 0x00, 0x00, 0x7E, 0x00, 0x00,
  0x1F, 0x00, 0x00, 0x1F, 0xF0, 0x00, 0x0F, 0xF0, 0x00, 0x0F, 0xF0, 0x00,
  0x0F, 0x78, 0x00, 0x0F, 0x78, 0x00, 0x1E, 0x3E, 0x00, 0x3E, 0x1F, 0x80,
  0xFC, 0x0F, 0xFF, 0xF8, 0x07, 0xFF, 0xE0, 0x00, 0xFF, 0x80, 0xFF, 0xFF,
  0xFF, 0xFF, 0xFF, 0xFF, 0xFF, 0xFF, 0xFF, 0xFC, 0x00, 0x78, 0x00, 0x00,
  0x1E, 0x00, 0x00, 0x07, 0x80, 0x00, 0x01, 0xE0, 0x00, 0x00, 0x78, 0x00,
  0x00, 0x1E, 0x00, 0x00, 0x07, 0x80, 0x00, 0x01, 0xE0, 0x00, 0x00, 0x78,
  0x00, 0x00, 0x1E, 0x00, 0x00, 0x07, 0x80, 0x00, 0x01, 0xE0, 0x00, 0x00,
  0x78, 0x00, 0x00, 0x1E, 0x00, 0x00, 0x07, 0x80, 0x00, 0x01, 0xE0, 0x00,
  0x00, 0x78, 0x00, 0x00, 0x1E, 0x00, 0x00, 0x07, 0x80, 0x00, 0x01, 0xE0,
  0x00, 0x00, 0x78, 0x00, 0x00, 0x1E, 0x00, 0x00, 0x07, 0x80, 0x00, 0x01,
  0xE0, 0x00, 0x00, 0x78, 0x00, 0x00, 0x1E, 0x00, 0x00, 0x07, 0x80, 0x00,
  0x01, 0xE0, 0x00, 0x00, 0x78, 0x00, 0x00, 0x1E, 0x00, 0x00, 0xF0, 0x00,
  0x0F, 0xF0, 0x00, 0x0F, 0xF0, 0x00, 0x0F, 0xF0, 0x00, 0x0F, 0xF0, 0x00,
  0x0F, 0xF0, 0x00, 0x0F, 0xF0, 0x00, 0x0F, 0xF0, 0x00, 0x0F, 0xF0, 0x00,
  0x0F, 0xF0, 0x00, 0x0F, 0xF0, 0x00, 0x0F, 0xF0, 0x00, 0x0F, 0xF0, 0x00,
  0x0F, 0xF0, 0x00, 0x0F, 0xF0, 0x00, 0x0F, 0xF0, 0x00, 0x0F, 0xF0, 0x00,
  0x0F, 0xF0, 0x00, 0x0F, 0xF0, 0x00, 0x0F, 0xF0, 0x00, 0x0F, 0xF0, 0x00,
  0x0F, 0xF0, 0x00, 0x0F, 0xF0, 0x00, 0x0F, 0xF0, 0x00, 0x0F, 0xF0, 0x00,
  0x0F, 0xF0, 0x00, 0x0F, 0x78, 0x00, 0x1E, 0x7C, 0x00, 0x3E, 0x3E, 0x00,
  0x7C, 0x1F, 0x81, 0xF8, 0x0F, 0xFF, 0xF0, 0x07, 0xFF, 0xE0, 0x00, 0xFF,
  0x00, 0xF8, 0x00, 0x01, 0xFF, 0x80, 0x00, 0x1F, 0x78, 0x00, 0x01, 0xE7,
  0xC0, 0x00, 0x3E, 0x7C, 0x00, 0x03, 0xE3, 0xC0, 0x00, 0x3C, 0x3E, 0x00,
  0x07, 0xC3, 0xE0, 0x00, 0x7C, 0x1E, 0x00, 0x0F, 0x81, 0xF0, 0x00, 0xF8,
  0x0F, 0x00, 0x0F, 0x00, 0xF8, 0x01, 0xF0, 0x0F, 0x80, 0x1F, 0x00, 0x78,
  0x01, 0xE0, 0x07, 0xC0, 0x3E, 0x00, 0x7C, 0x03, 0xE0, 0x03, 0xC0, 0x3C,
  0x00, 0x3E, 0x07, 0xC0, 0x01, 0xE0, 0x78, 0x00, 0x1E, 0x07, 0x80, 0x01,
  0xF0, 0xF8, 0x00, 0x0F, 0x0F, 0x00, 0x00, 0xF0, 0xF0, 0x00, 0x0F, 0x9F,
  0x00, 0x00, 0x79, 0xE0, 0x00, 0x07, 0x9E, 0x00, 0x00, 0x3F, 0xC0, 0x00,
  0x03, 0xFC, 0x00, 0x00, 0x3F, 0xC0, 0x00, 0x01, 0xF8, 0x00, 0x00, 0x1F,
  0x80, 0x00, 0x01, 0xF8, 0x00, 0x00, 0x0F, 0x00, 0x00, 0x78, 0x00, 0x3C,
  0x00, 0x1F, 0x78, 0x00, 0x3C, 0x00, 0x1E, 0x78, 0x00, 0x3E, 0x00, 0x1E,
  0x7C, 0x00, 0x7E, 0x00, 0x3E, 0x3C, 0x00, 0x7E, 0x00, 0x3E, 0x3C, 0x00,
  0x7F, 0x00, 0x3C, 0x3C, 0x00, 0xFF, 0x00, 0x3C, 0x3E, 0x00, 0xFF, 0x00,
  0x7C, 0x3E, 0x00, 0xF7, 0x00, 0x7C, 0x1E, 0x00, 0xE7, 0x80, 0x78, 0x1E,
  0x01, 0xE7, 0x80, 0x78, 0x1F, 0x01, 0xE7, 0x80, 0x78, 0x1F, 0x01, 0xE3,
  0xC0, 0xF8, 0x0F, 0x03, 0xC3, 0xC0, 0xF0, 0x0F, 0x03, 0xC3, 0xC0, 0xF0,
  0x0F, 0x03, 0xC1, 0xC0, 0xF0, 0x0F, 0x83, 0x81, 0xE1, 0xF0, 0x07, 0x87,
  0x81, 0xE1, 0xE0, 0x07, 0x87, 0x81, 0xE1, 0xE0, 0x07, 0x87, 0x80, 0xE1,
  0xE0, 0x07, 0xCF, 0x00, 0xF1, 0xE0, 0x03, 0xCF, 0x00, 0xF3, 0xC0, 0x03,
  0xCF, 0x00, 0x73, 0xC0, 0x03, 0xCE, 0x00, 0x7B, 0xC0, 0x03, 0xDE, 0x00,
  0x7B, 0xC0, 0x01, 0xFE, 0x00, 0x7B, 0x80, 0x01, 0xFC, 0x00, 0x3F, 0x80,
  0x01, 0xFC, 0x00, 0x3F, 0x80, 0x01, 0xFC, 0x00, 0x3F, 0x80, 0x00, 0xFC,
  0x00, 0x1F, 0x00, 0x00, 0xF8, 0x00, 0x1F, 0x00, 0x00, 0xF8, 0x00, 0x1F,
  0x00, 0x00, 0xF8, 0x00, 0x1F, 0x00, 0x7C, 0x00, 0x07, 0xE7, 0xC0, 0x00,
  0xF8, 0xF8, 0x00, 0x3E, 0x0F, 0x80, 0x07, 0xC1, 0xF8, 0x01, 0xF0, 0x1F,
  0x00, 0x7C, 0x01, 0xF0, 0x0F, 0x80, 0x3F, 0x03, 0xE0, 0x03, 0xE0, 0xFC,
  0x00, 0x3E, 0x1F, 0x00, 0x07, 0xC7, 0xC0, 0x00, 0x7C, 0xF8, 0x00, 0x07,
  0xFE, 0x00, 0x00, 0xFF, 0x80, 0x00, 0x0F, 0xF0, 0x00, 0x00, 0xFC, 0x00,
  0x00, 0x1F, 0x80, 0x00, 0x07, 0xF0, 0x00, 0x00, 0xFF, 0x00, 0x00, 0x3F,
  0xF0, 0x00, 0x0F, 0xFE, 0x00, 0x01, 0xF3, 0xE0, 0x00, 0x7C, 0x7C, 0x00,
  0x1F, 0x87, 0xC0, 0x03, 0xE0, 0x7C, 0x00, 0xF8, 0x0F, 0x80, 0x1F, 0x00,
  0xF8, 0x07, 0xC0, 0x1F, 0x81, 0xF0, 0x01, 0xF0, 0x3E, 0x00, 0x1F, 0x0F,
  0x80, 0x03, 0xF3, 0xF0, 0x00, 0x3E, 0x7C, 0x00, 0x03, 0xE0, 0x7C, 0x00,
  0x03, 0xE7, 0xC0, 0x00, 0x3E, 0x3E, 0x00, 0x07, 0xC3, 0xE0, 0x00, 0x7C,
  0x1F, 0x00, 0x0F, 0x80, 0xF0, 0x00, 0xF0, 0x0F, 0x80, 0x1F, 0x00, 0x78,
  0x01, 0xE0, 0x07, 0xC0, 0x3E, 0x00, 0x3C, 0x03, 0xC0, 0x03, 0xE0, 0x7C,
  0x00, 0x1E, 0x07, 0x80, 0x01, 0xF0, 0xF8, 0x00, 0x0F, 0x0F, 0x00, 0x00,
  0x79, 0xE0, 0x00, 0x07, 0x9E, 0x00, 0x00, 0x3F, 0xC0, 0x00, 0x03, 0xFC,
  0x00, 0x00, 0x1F, 0x80, 0x00, 0x01, 0xF8, 0x00, 0x00, 0x0F, 0x00, 0x00,
  0x00, 0xF0, 0x00, 0x00, 0x0F, 0x00, 0x00, 0x00, 0xF0, 0x00, 0x00, 0x0F,
  0x00, 0x00, 0x00, 0xF0, 0x00, 0x00, 0x0F, 0x00, 0x00, 0x00, 0xF0, 0x00,
  0x00, 0x0F, 0x00, 0x00, 0x00, 0xF0, 0x00, 0x00, 0x0F, 0x00, 0x00, 0x00,
  0xF0, 0x00, 0x00, 0x0F, 0x00, 0x00, 0x7F, 0xFF, 0xFF, 0x3F, 0xFF, 0xFF,
  0x9F, 0xFF, 0xFF, 0xC0, 0x00, 0x03, 0xE0, 0x00, 0x03, 0xE0, 0x00, 0x03,
  0xE0, 0x00, 0x01, 0xE0, 0x00, 0x01, 0xF0, 0x00, 0x01, 0xF0, 0x00, 0x00,
  0xF0, 0x00, 0x00, 0xF8, 0x00, 0x00, 0xF8, 0x00, 0x00, 0x78, 0x00, 0x00,
  0x7C, 0x00, 0x00, 0x7C, 0x00, 0x00, 0x3C, 0x00, 0x00, 0x3E, 0x00, 0x00,
  0x3E, 0x00, 0x00, 0x3E, 0x00, 0x00, 0x1E, 0x00, 0x00, 0x1F, 0x00, 0x00,
  0x1F, 0x00, 0x00, 0x0F, 0x00, 0x00, 0x0F, 0x80, 0x00, 0x0F, 0x80, 0x00,
  0x07, 0x80, 0x00, 0x07, 0xC0, 0x00, 0x07, 0xC0, 0x00, 0x03, 0xC0, 0x00,
  0x03, 0xE0, 0x00, 0x03, 0xFF, 0xFF, 0xFF, 0xFF, 0xFF, 0xFF, 0xFF, 0xFF,
  0xFF, 0x80, 0xFF, 0xFF, 0xFF, 0xFE, 0x0F, 0x07, 0x83, 0xC1, 0xE0, 0xF0,
  0x78, 0x3C, 0x1E, 0x0F, 0x07, 0x83, 0xC1, 0xE0, 0xF0, 0x78, 0x3C, 0x1E,
  0x0F, 0x07, 0x83, 0xC1, 0xE0, 0xF0, 0x78, 0x3C, 0x1E, 0x0F, 0x07, 0x83,
  0xC1, 0xE0, 0xF0, 0x78, 0x3C, 0x1E, 0x0F, 0x07, 0x83, 0xC1, 0xE0, 0xF0,
  0x78, 0x3F, 0xFF, 0xFF, 0xF8, 0xF0, 0x00, 0x1E, 0x00, 0x07, 0x80, 0x01,
  0xE0, 0x00, 0x3C, 0x00, 0x0F, 0x00, 0x03, 0xE0, 0x00, 0x78, 0x00, 0x1E,
  0x00, 0x03, 0xC0, 0x00, 0xF0, 0x00, 0x3C, 0x00, 0x07, 0x80, 0x01, 0xE0,
  0x00, 0x3C, 0x00, 0x0F, 0x00, 0x03, 0xC0, 0x00, 0x78, 0x00, 0x1E, 0x00,
  0x03, 0xC0, 0x00, 0xF0, 0x00, 0x3C, 0x00, 0x07, 0x80, 0x01, 0xE0, 0x00,
  0x78, 0x00, 0x0F, 0x00, 0x03, 0xC0, 0x00, 0x78, 0x00, 0x1E, 0x00, 0x07,
  0x80, 0x00, 0xF0, 0x00, 0x3C, 0x00, 0x07, 0x80, 0x01, 0xE0, 0x00, 0x78,
  0x00, 0x0F, 0xFF, 0xFF, 0xFF, 0xE0, 0xF0, 0x78, 0x3C, 0x1E, 0x0F, 0x07,
  0x83, 0xC1, 0xE0, 0xF0, 0x78, 0x3C, 0x1E, 0x0F, 0x07, 0x83, 0xC1, 0xE0,
  0xF0, 0x78, 0x3C, 0x1E, 0x0F, 0x07, 0x83, 0xC1, 0xE0, 0xF0, 0x78, 0x3C,
  0x1E, 0x0F, 0x07, 0x83, 0xC1, 0xE0, 0xF0, 0x78, 0x3C, 0x1E, 0x0F, 0x07,
  0x83, 0xFF, 0xFF, 0xFF, 0xF8, 0x01, 0xC0, 0x00, 0xF0, 0x00, 0xF8, 0x00,
  0x7C, 0x00, 0x7F, 0x00, 0x3F, 0x80, 0x1D, 0xE0, 0x1E, 0xF0, 0x0F, 0x38,
  0x0F, 0x1E, 0x07, 0x8F, 0x03, 0x83, 0xC3, 0xC1, 0xE1, 0xE0, 0x79, 0xE0,
  0x3C, 0xF0, 0x1E, 0x70, 0x07, 0x80, 0xFF, 0xFF, 0xFF, 0xFF, 0xFF, 0xFF,
  0xFF, 0xFE, 0xF8, 0x1F, 0x03, 0xE0, 0x7C, 0x0F, 0x01, 0xE0, 0x3C, 0x01,
  0xFC, 0x00, 0x3F, 0xFC, 0x07, 0xFF, 0xF0, 0x7E, 0x0F, 0xC3, 0xC0, 0x1E,
  0x3C, 0x00, 0xF9, 0xE0, 0x03, 0xC0, 0x00, 0x1E, 0x00, 0x00, 0xF0, 0x00,
  0x07, 0x80, 0x7F, 0xFC, 0x1F, 0xFF, 0xE3, 0xFF, 0xFF, 0x3F, 0x80, 0x79,
  0xF0, 0x03, 0xDF, 0x00, 0x1E, 0xF0, 0x00, 0xF7, 0x80, 0x07, 0xBC, 0x00,
  0x3D, 0xE0, 0x03, 0xE7, 0x80, 0x3F, 0x3E, 0x07, 0xF8, 0xFF, 0xFF, 0xC3,
  0xFF, 0x9F, 0x07, 0xF0, 0x78, 0xF0, 0x00, 0x07, 0x80, 0x00, 0x3C, 0x00,
  0x01, 0xE0, 0x00, 0x0F, 0x00, 0x00, 0x78, 0x00, 0x03, 0xC0, 0x00, 0x1E,
  0x00, 0x00, 0xF0, 0x00, 0x07, 0x80, 0x00, 0x3C, 0x3F, 0x81, 0xE7, 0xFF,
  0x0F, 0x7F, 0xFC, 0x7F, 0x83, 0xF3, 0xF0, 0x0F, 0x9F, 0x00, 0x3E, 0xF0,
  0x00, 0xF7, 0x80, 0x07, 0xBC, 0x00, 0x1F, 0xE0, 0x00, 0xFF, 0x00, 0x07,
  0xF8, 0x00, 0x3F, 0xC0, 0x01, 0xFE, 0x00, 0x0F, 0xF0, 0x00, 0x7F, 0x80,
  0x03, 0xFC, 0x00, 0x1F, 0xE0, 0x01, 0xEF, 0x00, 0x0F, 0x7C, 0x00, 0xFB,
  0xF0, 0x0F, 0x9F, 0xE0, 0xFC, 0xF7, 0xFF, 0xC7, 0x9F, 0xF8, 0x3C, 0x3F,
  0x00, 0x01, 0xFE, 0x00, 0x3F, 0xFC, 0x03, 0xFF, 0xF0, 0x3E, 0x0F, 0xC3,
  0xE0, 0x1F, 0x3E, 0x00, 0x79, 0xE0, 0x03, 0xEF, 0x00, 0x0F, 0xF0, 0x00,
  0x7F, 0x80, 0x00, 0x3C, 0x00, 0x01, 0xE0, 0x00, 0x0F, 0x00, 0x00, 0x78,
  0x00, 0x03, 0xC0, 0x00, 0x1E, 0x00, 0x00, 0xF0, 0x00, 0x03, 0xC0, 0x03,
  0xDE, 0x00, 0x1E, 0xF8, 0x01, 0xE3, 0xE0, 0x1F, 0x0F, 0x83, 0xF0, 0x3F,
  0xFF, 0x00, 0xFF, 0xF0, 0x01, 0xFC, 0x00, 0x00, 0x00, 0x78, 0x00, 0x03,
  0xC0, 0x00, 0x1E, 0x00, 0x00, 0xF0, 0x00, 0x07, 0x80, 0x00, 0x3C, 0x00,
  0x01, 0xE0, 0x00, 0x0F, 0x00, 0x00, 0x78, 0x00, 0x03, 0xC0, 0x7E, 0x1E,
  0x0F, 0xFC, 0xF1, 0xFF, 0xF7, 0x8F, 0x81, 0xFC, 0xF8, 0x07, 0xEF, 0x80,
  0x1F, 0x78, 0x00, 0x7B, 0xC0, 0x03, 0xFC, 0x00, 0x1F, 0xE0, 0x00, 0xFF,
  0x00, 0x07, 0xF8, 0x00, 0x3F, 0xC0, 0x01, 0xFE, 0x00, 0x0F, 0xF0, 0x00,
  0x7F, 0x80, 0x03, 0xFC, 0x00, 0x1E, 0xF0, 0x00, 0xF7, 0x80, 0x07, 0xBE,
  0x00, 0x7C, 0xF8, 0x07, 0xE3, 0xE0, 0x7F, 0x0F, 0xFF, 0x78, 0x3F, 0xF3,
  0xC0, 0x7E, 0x1E, 0x00, 0xFC, 0x00, 0x1F, 0xFC, 0x03, 0xFF, 0xF0, 0x3E,
  0x07, 0xC3, 0xE0, 0x1E, 0x1E, 0x00, 0x79, 0xE0, 0x03, 0xCF, 0x00, 0x0F,
  0xF0, 0x00, 0x7F, 0x80, 0x03, 0xFF, 0xFF, 0xFF, 0xFF, 0xFF, 0xFF, 0xFF,
  0xFF, 0xF8, 0x00, 0x03, 0xC0, 0x00, 0x1E, 0x00, 0x00, 0xF0, 0x00, 0x03,
  0xC0, 0x00, 0x1E, 0x00, 0x08, 0xF8, 0x00, 0xE3, 0xE0, 0x0F, 0x8F, 0xC1,
  0xF8, 0x3F, 0xFF, 0x80, 0xFF, 0xF0, 0x00, 0xFE, 0x00, 0x00, 0x7E, 0x03,
  0xFC, 0x0F, 0xF8, 0x3E, 0x00, 0x78, 0x01, 0xE0, 0x03, 0xC0, 0x07, 0x80,
  0x0F, 0x00, 0x1E, 0x03, 0xFF, 0xF7, 0xFF, 0xEF, 0xFF, 0xC1, 0xE0, 0x03,
  0xC0, 0x07, 0x80, 0x0F, 0x00, 0x1E, 0x00, 0x3C, 0x00, 0x78, 0x00, 0xF0,
  0x01, 0xE0, 0x03, 0xC0, 0x07, 0x80, 0x0F, 0x00, 0x1E, 0x00, 0x3C, 0x00,
  0x78, 0x00, 0xF0, 0x01, 0xE0, 0x03, 0xC0, 0x07, 0x80, 0x0F, 0x00, 0x1E,
  0x00, 0x3C, 0x00, 0x01, 0xF8, 0x78, 0x3F, 0xF3, 0xC7, 0xFF, 0xDE, 0x3E,
  0x07, 0xF3, 0xE0, 0x1F, 0xBE, 0x00, 0x7D, 0xE0, 0x01, 0xEF, 0x00, 0x0F,
  0xF0, 0x00, 0x7F, 0x80, 0x03, 0xFC, 0x00, 0x1F, 0xE0, 0x00, 0xFF, 0x00,
  0x07, 0xF8, 0x00, 0x3F, 0xC0, 0x01, 0xFE, 0x00, 0x0F, 0xF0, 0x00, 0x7B,
  0xC0, 0x03, 0xDE, 0x00, 0x1E, 0xF8, 0x01, 0xF3, 0xE0, 0x1F, 0x8F, 0x81,
  0xFC, 0x3F, 0xFD, 0xE0, 0xFF, 0xCF, 0x01, 0xF8, 0x78, 0x00, 0x03, 0xC0,
  0x00, 0x1E, 0x00, 0x01, 0xE3, 0x00, 0x0F, 0x1C, 0x00, 0xF9, 0xF8, 0x1F,
  0x83, 0xFF, 0xF8, 0x0F, 0xFF, 0x80, 0x0F, 0xE0, 0x00, 0xF0, 0x00, 0x1E,
  0x00, 0x03, 0xC0, 0x00, 0x78, 0x00, 0x0F, 0x00, 0x01, 0xE0, 0x00, 0x3C,
  0x00, 0x07, 0x80, 0x00, 0xF0, 0x00, 0x1E, 0x00, 0x03, 0xC3, 0xF0, 0x79,
  0xFF, 0x8F, 0x7F, 0xF9, 0xFE, 0x0F, 0xBF, 0x00, 0xF7, 0xC0, 0x0F, 0xF0,
  0x01, 0xFE, 0x00, 0x3F, 0xC0, 0x07, 0xF8, 0x00, 0xFF, 0x00, 0x1F, 0xE0,
  0x03, 0xFC, 0x00, 0x7F, 0x80, 0x0F, 0xF0, 0x01, 0xFE, 0x00, 0x3F, 0xC0,
  0x07, 0xF8, 0x00, 0xFF, 0x00, 0x1F, 0xE0, 0x03, 0xFC, 0x00, 0x7F, 0x80,
  0x0F, 0xF0, 0x01, 0xFE, 0x00, 0x3F, 0xC0, 0x07, 0x80, 0x77, 0xFF, 0xF7,
  0x00, 0x00, 0x7B, 0xDE, 0xF7, 0xBD, 0xEF, 0x7B, 0xDE, 0xF7, 0xBD, 0xEF,
  0x7B, 0xDE, 0xF7, 0xBD, 0xEF, 0x78, 0x03, 0x81, 0xF0, 0x7C, 0x1F, 0x03,
  0x80, 0x00, 0x00, 0x00, 0x03, 0xC0, 0xF0, 0x3C, 0x0F, 0x03, 0xC0, 0xF0,
  0x3C, 0x0F, 0x03, 0xC0, 0xF0, 0x3C, 0x0F, 0x03, 0xC0, 0xF0, 0x3C, 0x0F,
  0x03, 0xC0, 0xF0, 0x3C, 0x0F, 0x03, 0xC0, 0xF0, 0x3C, 0x0F, 0x03, 0xC0,
  0xF0, 0x3C, 0x0F, 0x03, 0xC0, 0xF0, 0x7B, 0xFE, 0xFF, 0x3F, 0x00, 0xF0,
  0x00, 0x0F, 0x00, 0x00, 0xF0, 0x00, 0x0F, 0x00, 0x00, 0xF0, 0x00, 0x0F,
  0x00, 0x00, 0xF0, 0x00, 0x0F, 0x00, 0x00, 0xF0, 0x00, 0x0F, 0x00, 0x00,
  0xF0, 0x07, 0xEF, 0x00, 0x7C, 0xF0, 0x0F, 0x8F, 0x01, 0xF0, 0xF0, 0x3E,
  0x0F, 0x07, 0xC0, 0xF0, 0xF8, 0x0F, 0x1F, 0x00, 0xF3, 0xE0, 0x0F, 0x7C,
  0x00, 0xFF, 0xC0, 0x0F, 0xFC, 0x00, 0xFF, 0xE0, 0x0F, 0xFF, 0x00, 0xFD,
  0xF8, 0x0F, 0x8F, 0x80, 0xF0, 0x7C, 0x0F, 0x03, 0xE0, 0xF0, 0x3E, 0x0F,
  0x01, 0xF0, 0xF0, 0x0F, 0x8F, 0x00, 0x7C, 0xF0, 0x07, 0xCF, 0x00, 0x3E,
  0xF0, 0x01, 0xF0, 0xFF, 0xFF, 0xFF, 0xFF, 0xFF, 0xFF, 0xFF, 0xFF, 0xFF,
  0xFF, 0xFF, 0xFF, 0xFF, 0xFF, 0xFF, 0xFF, 0xFF, 0xF0, 0xF0, 0xFC, 0x01,
  0xFC, 0x1E, 0x7F, 0xE0, 0xFF, 0xE3, 0xFF, 0xFE, 0x7F, 0xFE, 0x7F, 0x07,
  0xFF, 0x07, 0xEF, 0x80, 0x3F, 0x80, 0x3D, 0xF0, 0x07, 0xE0, 0x07, 0xFC,
  0x00, 0x78, 0x00, 0x7F, 0x80, 0x0F, 0x00, 0x0F, 0xF0, 0x01, 0xE0, 0x01,
  0xFE, 0x00, 0x3C, 0x00, 0x3F, 0xC0, 0x07, 0x80, 0x07, 0xF8, 0x00, 0xF0,
  0x00, 0xFF, 0x00, 0x1E, 0x00, 0x1F, 0xE0, 0x03, 0xC0, 0x03, 0xFC, 0x00,
  0x78, 0x00, 0x7F, 0x80, 0x0F, 0x00, 0x0F, 0xF0, 0x01, 0xE0, 0x01, 0xFE,
  0x00, 0x3C, 0x00, 0x3F, 0xC0, 0x07, 0x80, 0x07, 0xF8, 0x00, 0xF0, 0x00,
  0xFF, 0x00, 0x1E, 0x00, 0x1F, 0xE0, 0x03, 0xC0, 0x03, 0xFC, 0x00, 0x78,
  0x00, 0x7F, 0x80, 0x0F, 0x00, 0x0F, 0xF0, 0x01, 0xE0, 0x01, 0xE0, 0xF0,
  0xFC, 0x1E, 0x7F, 0xE3, 0xDF, 0xFE, 0x7F, 0x83, 0xEF, 0xC0, 0x3D, 0xF0,
  0x03, 0xFC, 0x00, 0x7F, 0x80, 0x0F, 0xF0, 0x01, 0xFE, 0x00, 0x3F, 0xC0,
  0x07, 0xF8, 0x00, 0xFF, 0x00, 0x1F, 0xE0, 0x03, 0xFC, 0x00, 0x7F, 0x80,
  0x0F, 0xF0, 0x01, 0xFE, 0x00, 0x3F, 0xC0, 0x07, 0xF8, 0x00, 0xFF, 0x00,
  0x1F, 0xE0, 0x03, 0xFC, 0x00, 0x7F, 0x80, 0x0F, 0xF0, 0x01, 0xE0, 0x00,
  0xFC, 0x00, 0x1F, 0xFE, 0x00, 0xFF, 0xFC, 0x07, 0xC0, 0xF8, 0x3E, 0x01,
  0xF0, 0xF0, 0x03, 0xC7, 0x80, 0x07, 0x9E, 0x00, 0x1E, 0xF0, 0x00, 0x7F,
  0xC0, 0x00, 0xFF, 0x00, 0x03, 0xFC, 0x00, 0x0F, 0xF0, 0x00, 0x3F, 0xC0,
  0x00, 0xFF, 0x00, 0x03, 0xFC, 0x00, 0x0F, 0xF0, 0x00, 0x7D, 0xE0, 0x01,
  0xE7, 0x80, 0x07, 0x8F, 0x00, 0x3C, 0x3E, 0x01, 0xF0, 0x7C, 0x0F, 0x80,
  0xFF, 0xFC, 0x01, 0xFF, 0xE0, 0x01, 0xFC, 0x00, 0xF0, 0xFC, 0x07, 0x9F,
  0xFC, 0x3D, 0xFF, 0xF1, 0xFC, 0x0F, 0xCF, 0xC0, 0x3E, 0x7C, 0x00, 0xFB,
  0xC0, 0x03, 0xDE, 0x00, 0x1E, 0xF0, 0x00, 0x7F, 0x80, 0x03, 0xFC, 0x00,
  0x1F, 0xE0, 0x00, 0xFF, 0x00, 0x07, 0xF8, 0x00, 0x3F, 0xC0, 0x01, 0xFE,
  0x00, 0x0F, 0xF0, 0x00, 0x7F, 0x80, 0x07, 0xBC, 0x00, 0x3D, 0xF0, 0x03,
  0xEF, 0xC0, 0x3E, 0x7F, 0x03, 0xF3, 0xDF, 0xFF, 0x1E, 0x7F, 0xE0, 0xF0,
  0xFC, 0x07, 0x80, 0x00, 0x3C, 0x00, 0x01, 0xE0, 0x00, 0x0F, 0x00, 0x00,
  0x78, 0x00, 0x03, 0xC0, 0x00, 0x1E, 0x00, 0x00, 0xF0, 0x00, 0x07, 0x80,
  0x00, 0x00, 0x01, 0xF8, 0x78, 0x3F, 0xF3, 0xC7, 0xFF, 0xFE, 0x3E, 0x07,
  0xF3, 0xE0, 0x1F, 0xBE, 0x00, 0x7D, 0xE0, 0x01, 0xEF, 0x00, 0x0F, 0xF0,
  0x00, 0x7F, 0x80, 0x03, 0xFC, 0x00, 0x1F, 0xE0, 0x00, 0xFF, 0x00, 0x07,
  0xF8, 0x00, 0x3F, 0xC0, 0x01, 0xFE, 0x00, 0x0F, 0xF0, 0x00, 0x7B, 0xC0,
  0x03, 0xDE, 0x00, 0x1E, 0xF8, 0x01, 0xF3, 0xE0, 0x1F, 0x8F, 0x81, 0xFC,
  0x7F, 0xFF, 0xE0, 0xFF, 0xCF, 0x01, 0xF8, 0x78, 0x00, 0x03, 0xC0, 0x00,
  0x1E, 0x00, 0x00, 0xF0, 0x00, 0x07, 0x80, 0x00, 0x3C, 0x00, 0x01, 0xE0,
  0x00, 0x0F, 0x00, 0x00, 0x78, 0x00, 0x03, 0xC0, 0xF1, 0xFF, 0x3F, 0xF7,
  0xFF, 0xFF, 0xFE, 0x0F, 0xC0, 0xF8, 0x0F, 0x00, 0xF0, 0x0F, 0x00, 0xF0,
  0x0F, 0x00, 0xF0, 0x0F, 0x00, 0xF0, 0x0F, 0x00, 0xF0, 0x0F, 0x00, 0xF0,
  0x0F, 0x00, 0xF0, 0x0F, 0x00, 0xF0, 0x0F, 0x00, 0xF0, 0x00, 0x03, 0xFC,
  0x00, 0xFF, 0xF0, 0x1F, 0xFF, 0x83, 0xE0, 0xFC, 0x3C, 0x03, 0xC7, 0x80,
  0x3E, 0x78, 0x01, 0xE7, 0x80, 0x00, 0x7C, 0x00, 0x07, 0xE0, 0x00, 0x3F,
  0xE0, 0x01, 0xFF, 0xE0, 0x07, 0xFF, 0x80, 0x1F, 0xFC, 0x00, 0x1F, 0xE0,
  0x00, 0x3F, 0x00, 0x01, 0xFF, 0x00, 0x0F, 0xF0, 0x00, 0xFF, 0x80, 0x0F,
  0x78, 0x01, 0xE3, 0xE0, 0x3E, 0x3F, 0xFF, 0xC0, 0xFF, 0xF8, 0x03, 0xFC,
  0x00, 0x07, 0x80, 0x1E, 0x00, 0x78, 0x01, 0xE0, 0x07, 0x80, 0x1E, 0x0F,
  0xFF, 0xFF, 0xFF, 0xFF, 0xFC, 0x1E, 0x00, 0x78, 0x01, 0xE0, 0x07, 0x80,
  0x1E, 0x00, 0x78, 0x01, 0xE0, 0x07, 0x80, 0x1E, 0x00, 0x78, 0x01, 0xE0,
  0x07, 0x80, 0x1E, 0x00, 0x78, 0x01, 0xE0, 0x07, 0x80, 0x1E, 0x00, 0x78,
  0x01, 0xF0, 0x03, 0xFC, 0x07, 0xF0, 0x0F, 0xC0, 0xF0, 0x01, 0xFE, 0x00,
  0x3F, 0xC0, 0x07, 0xF8, 0x00, 0xFF, 0x00, 0x1F, 0xE0, 0x03, 0xFC, 0x00,
  0x7F, 0x80, 0x0F, 0xF0, 0x01, 0xFE, 0x00, 0x3F, 0xC0, 0x07, 0xF8, 0x00,
  0xFF, 0x00, 0x1F, 0xE0, 0x03, 0xFC, 0x00, 0x7F, 0x80, 0x0F, 0xF0, 0x01,
  0xFE, 0x00, 0x3F, 0xC0, 0x07, 0xF8, 0x01, 0xF7, 0x80, 0x7E, 0xF8, 0x1F,
  0xCF, 0xFF, 0xF8, 0xFF, 0xEF, 0x07, 0xE1, 0xE0, 0xF0, 0x00, 0xFF, 0xC0,
  0x07, 0x9E, 0x00, 0x3C, 0xF0, 0x03, 0xE7, 0xC0, 0x1E, 0x1E, 0x00, 0xF0,
  0xF0, 0x0F, 0x87, 0xC0, 0x78, 0x1E, 0x03, 0xC0, 0xF0, 0x3E, 0x03, 0xC1,
  0xE0, 0x1E, 0x0F, 0x00, 0xF0, 0x70, 0x03, 0xC7, 0x80, 0x1E, 0x3C, 0x00,
  0xF1, 0xC0, 0x03, 0xDE, 0x00, 0x1E, 0xF0, 0x00, 0xF7, 0x00, 0x03, 0xF8,
  0x00, 0x1F, 0xC0, 0x00, 0xFC, 0x00, 0x03, 0xE0, 0x00, 0x1F, 0x00, 0x00,
  0x70, 0x00, 0xF0, 0x01, 0xE0, 0x07, 0xFC, 0x01, 0xF0, 0x03, 0xDE, 0x00,
  0xF8, 0x03, 0xEF, 0x00, 0x7C, 0x01, 0xE7, 0x80, 0x7F, 0x00, 0xF1, 0xE0,
  0x3F, 0x80, 0x78, 0xF0, 0x1D, 0xC0, 0x78, 0x78, 0x0E, 0xF0, 0x3C, 0x3C,
  0x0F, 0x78, 0x1E, 0x0F, 0x07, 0x9C, 0x0F, 0x07, 0x83, 0x8F, 0x0F, 0x03,
  0xC3, 0xC7, 0x87, 0x80, 0xF1, 0xE1, 0xC3, 0xC0, 0x78, 0xE0, 0xF1, 0xC0,
  0x3C, 0xF0, 0x79, 0xE0, 0x1E, 0x78, 0x1C, 0xF0, 0x07, 0xB8, 0x0E, 0x70,
  0x03, 0xFC, 0x07, 0xB8, 0x01, 0xFE, 0x03, 0xFC, 0x00, 0x7E, 0x00, 0xFE,
  0x00, 0x3F, 0x00, 0x7E, 0x00, 0x1F, 0x80, 0x3F, 0x00, 0x0F, 0x80, 0x0F,
  0x80, 0x03, 0xC0, 0x07, 0x80, 0x01, 0xE0, 0x03, 0xC0, 0x00, 0x78, 0x00,
  0xFB, 0xE0, 0x0F, 0x8F, 0x80, 0xF8, 0x7C, 0x07, 0xC1, 0xF0, 0x7C, 0x07,
  0x83, 0xC0, 0x3E, 0x3E, 0x00, 0xFB, 0xE0, 0x03, 0xDE, 0x00, 0x1F, 0xF0,
  0x00, 0x7F, 0x00, 0x01, 0xF8, 0x00, 0x0F, 0x80, 0x00, 0x7E, 0x00, 0x07,
  0xF0, 0x00, 0x7F, 0xC0, 0x03, 0xDF, 0x00, 0x3E, 0x78, 0x03, 0xE3, 0xE0,
  0x1E, 0x0F, 0x81, 0xF0, 0x3C, 0x1F, 0x01, 0xF0, 0xF0, 0x07, 0xCF, 0x80,
  0x3E, 0xF8, 0x00, 0xF8, 0x78, 0x00, 0x79, 0xF0, 0x01, 0xE7, 0xC0, 0x0F,
  0x8F, 0x00, 0x3C, 0x3E, 0x00, 0xF0, 0xF8, 0x07, 0xC1, 0xE0, 0x1E, 0x07,
  0xC0, 0x78, 0x0F, 0x03, 0xE0, 0x3C, 0x0F, 0x00, 0xF8, 0x3C, 0x01, 0xE1,
  0xF0, 0x07, 0x87, 0x80, 0x1F, 0x1E, 0x00, 0x3C, 0x70, 0x00, 0xF3, 0xC0,
  0x03, 0xEF, 0x00, 0x07, 0xB8, 0x00, 0x1F, 0xE0, 0x00, 0x3F, 0x80, 0x00,
  0xFC, 0x00, 0x03, 0xF0, 0x00, 0x07, 0xC0, 0x00, 0x1E, 0x00, 0x00, 0x78,
  0x00, 0x01, 0xE0, 0x00, 0x07, 0x00, 0x00, 0x3C, 0x00, 0x00, 0xE0, 0x00,
  0x07, 0x80, 0x00, 0x3C, 0x00, 0x0F, 0xF0, 0x00, 0x3F, 0x80, 0x00, 0xF8,
  0x00, 0x00, 0xFF, 0xFF, 0xEF, 0xFF, 0xFE, 0xFF, 0xFF, 0xE0, 0x00, 0x3E,
  0x00, 0x07, 0xC0, 0x00, 0xF8, 0x00, 0x1F, 0x00, 0x01, 0xF0, 0x00, 0x3E,
  0x00, 0x07, 0xC0, 0x00, 0x78, 0x00, 0x0F, 0x80, 0x01, 0xF0, 0x00, 0x3E,
  0x00, 0x03, 0xE0, 0x00, 0x7C, 0x00, 0x0F, 0x80, 0x01, 0xF0, 0x00, 0x1F,
  0x00, 0x03, 0xE0, 0x00, 0x7C, 0x00, 0x07, 0xC0, 0x00, 0xFF, 0xFF, 0xFF,
  0xFF, 0xFF, 0xFF, 0xFF, 0xF0, 0x00, 0x18, 0x01, 0xE0, 0x0F, 0x80, 0x7C,
  0x03, 0xE0, 0x0F, 0x00, 0x3C, 0x01, 0xE0, 0x07, 0x80, 0x1E, 0x00, 0x78,
  0x01, 0xE0, 0x07, 0x80, 0x1E, 0x00, 0x78, 0x01, 0xE0, 0x07, 0x80, 0x1E,
  0x00, 0xF0, 0x07, 0xC0, 0xFE, 0x03, 0xF0, 0x0F, 0xC0, 0x3F, 0x80, 0x1F,
  0x00, 0x3C, 0x00, 0x78, 0x01, 0xE0, 0x07, 0x80, 0x1E, 0x00, 0x78, 0x01,
  0xE0, 0x07, 0x80, 0x1E, 0x00, 0x78, 0x01, 0xE0, 0x07, 0x80, 0x0F, 0x00,
  0x3C, 0x00, 0xF8, 0x01, 0xF0, 0x03, 0xF0, 0x07, 0x80, 0x06, 0xFF, 0xFF,
  0xFF, 0xFF, 0xFF, 0xFF, 0xFF, 0xFF, 0xFF, 0xFF, 0xFF, 0xFF, 0xFF, 0xFF,
  0xFF, 0xFF, 0xFF, 0xFF, 0xFF, 0xF0, 0x70, 0x03, 0xE0, 0x07, 0xC0, 0x07,
  0x80, 0x0F, 0x00, 0x3C, 0x00, 0xF8, 0x01, 0xE0, 0x07, 0x80, 0x1E, 0x00,
  0x78, 0x01, 0xE0, 0x07, 0x80, 0x1E, 0x00, 0x78, 0x01, 0xE0, 0x07, 0x80,
  0x1E, 0x00, 0x3C, 0x00, 0xF8, 0x01, 0xFC, 0x03, 0xF0, 0x0F, 0xC0, 0x7F,
  0x03, 0xE0, 0x0F, 0x00, 0x78, 0x01, 0xE0, 0x07, 0x80, 0x1E, 0x00, 0x78,
  0x01, 0xE0, 0x07, 0x80, 0x1E, 0x00, 0x78, 0x01, 0xE0, 0x07, 0x80, 0x3C,
  0x00, 0xF0, 0x07, 0xC0, 0x3E, 0x03, 0xF0, 0x07, 0x80, 0x18, 0x00, 0x07,
  0xC0, 0x03, 0xC7, 0xFC, 0x00, 0xF3, 0xFF, 0x80, 0x3D, 0xF1, 0xF0, 0x1F,
  0x78, 0x1E, 0x07, 0xBC, 0x03, 0xC3, 0xEF, 0x00, 0x7F, 0xF3, 0xC0, 0x0F,
  0xF8, 0x00, 0x00, 0xF8, 0x00, 0xFF, 0xFF, 0xFF, 0xFF, 0xFF, 0xFF, 0xFF,
  0xFF, 0xFC, 0x00, 0x0F, 0xF0, 0x00, 0x3F, 0xC0, 0x00, 0xFF, 0x00, 0x03,
  0xFC, 0x00, 0x0F, 0xF0, 0x00, 0x3F, 0xC0, 0x00, 0xFF, 0x00, 0x03, 0xFC,
  0x00, 0x0F, 0xF0, 0x00, 0x3F, 0xC0, 0x00, 0xFF, 0x00, 0x03, 0xFC, 0x00,
  0x0F, 0xF0, 0x00, 0x3F, 0xC0, 0x00, 0xFF, 0x00, 0x03, 0xFC, 0x00, 0x0F,
  0xF0, 0x00, 0x3F, 0xC0, 0x00, 0xFF, 0x00, 0x03, 0xFC, 0x00, 0x0F, 0xF0,
  0x00, 0x3F, 0xC0, 0x00, 0xFF, 0x00, 0x03, 0xFC, 0x00, 0x0F, 0xF0, 0x00,
  0x3F, 0xC0, 0x00, 0xFF, 0x00, 0x03, 0xFC, 0x00, 0x0F, 0xF0, 0x00, 0x3F,
  0xC0, 0x00, 0xFF, 0x00, 0x03, 0xFC, 0x00, 0x0F, 0xFF, 0xFF, 0xFF, 0xFF,
  0xFF, 0xFF, 0xFF, 0xFF, 0xC0, 0xFF, 0xFF, 0xFF, 0xFF, 0xFF, 0xFF, 0xFF,
  0xFF, 0xFC, 0x00, 0x0F, 0xF0, 0x00, 0x3F, 0xC0, 0x00, 0xFF, 0x00, 0x03,
  0xFC, 0x00, 0x0F, 0xF0, 0x00, 0x3F, 0xC0, 0x00, 0xFF, 0x00, 0x03, 0xFC,
  0x00, 0x0F, 0xF0, 0x00, 0x3F, 0xC0, 0x00, 0xFF, 0x00, 0x03, 0xFC, 0x00,
  0x0F, 0xF0, 0x00, 0x3F, 0xC0, 0x00, 0xFF, 0x00, 0x03, 0xFC, 0x00, 0x0F,
  0xF0, 0x00, 0x3F, 0xC0, 0x00, 0xFF, 0x00, 0x03, 0xFC, 0x00, 0x0F, 0xF0,
  0x00, 0x3F, 0xC0, 0x00, 0xFF, 0x00, 0x03, 0xFC, 0x00, 0x0F, 0xF0, 0x00,
  0x3F, 0xC0, 0x00, 0xFF, 0x00, 0x03, 0xFC, 0x00, 0x0F, 0xF0, 0x00, 0x3F,
  0xC0, 0x00, 0xFF, 0x00, 0x03, 0xFC, 0x00, 0x0F, 0xFF, 0xFF, 0xFF, 0xFF,
  0xFF, 0xFF, 0xFF, 0xFF, 0xC0, 0xFF, 0xFF, 0xFF, 0xFF, 0xFF, 0xFF, 0xFF,
  0xFF, 0xFC, 0x00, 0x0F, 0xF0, 0x00, 0x3F, 0xC0, 0x00, 0xFF, 0x00, 0x03,
  0xFC, 0x00, 0x0F, 0xF0, 0x00, 0x3F, 0xC0, 0x00, 0xFF, 0x00, 0x03, 0xFC,
  0x00, 0x0F, 0xF0, 0x00, 0x3F, 0xC0, 0x00, 0xFF, 0x00, 0x03, 0xFC, 0x00,
  0x0F, 0xF0, 0x00, 0x3F, 0xC0, 0x00, 0xFF, 0x00, 0x03, 0xFC, 0x00, 0x0F,
  0xF0, 0x00, 0x3F, 0xC0, 0x00, 0xFF, 0x00, 0x03, 0xFC, 0x00, 0x0F, 0xF0,
  0x00, 0x3F, 0xC0, 0x00, 0xFF, 0x00, 0x03, 0xFC, 0x00, 0x0F, 0xF0, 0x00,
  0x3F, 0xC0, 0x00, 0xFF, 0x00, 0x03, 0xFC, 0x00, 0x0F, 0xF0, 0x00, 0x3F,
  0xC0, 0x00, 0xFF, 0x00, 0x03, 0xFC, 0x00, 0x0F, 0xFF, 0xFF, 0xFF, 0xFF,
  0xFF, 0xFF, 0xFF, 0xFF, 0xC0, 0xFF, 0xFF, 0xFF, 0xFF, 0xFF, 0xFF, 0xFF,
  0xFF, 0xFC, 0x00, 0x0F, 0xF0, 0x00, 0x3F, 0xC0, 0x00, 0xFF, 0x00, 0x03,
  0xFC, 0x00, 0x0F, 0xF0, 0x00, 0x3F, 0xC0, 0x00, 0xFF, 0x00, 0x03, 0xFC,
  0x00, 0x0F, 0xF0, 0x00, 0x3F, 0xC0, 0x00, 0xFF, 0x00, 0x03, 0xFC, 0x00,
  0x0F, 0xF0, 0x00, 0x3F, 0xC0, 0x00, 0xFF, 0x00, 0x03, 0xFC, 0x00, 0x0F,
  0xF0, 0x00, 0x3F, 0xC0, 0x00, 0xFF, 0x00, 0x03, 0xFC, 0x00, 0x0F, 0xF0,
  0x00, 0x3F, 0xC0, 0x00, 0xFF, 0x00, 0x03, 0xFC, 0x00, 0x0F, 0xF0, 0x00,
  0x3F, 0xC0, 0x00, 0xFF, 0x00, 0x03, 0xFC, 0x00, 0x0F, 0xF0, 0x00, 0x3F,
  0xC0, 0x00, 0xFF, 0x00, 0x03, 0xFC, 0x00, 0x0F, 0xFF, 0xFF, 0xFF, 0xFF,
  0xFF, 0xFF, 0xFF, 0xFF, 0xC0, 0xFF, 0xFF, 0xFF, 0xFF, 0xFF, 0xFF, 0xFF,
  0xFF, 0xFC, 0x00, 0x0F, 0xF0, 0x00, 0x3F, 0xC0, 0x00, 0xFF, 0x00, 0x03,
  0xFC, 0x00, 0x0F, 0xF0, 0x00, 0x3F, 0xC0, 0x00, 0xFF, 0x00, 0x03, 0xFC,
  0x00, 0x0F, 0xF0, 0x00, 0x3F, 0xC0, 0x00, 0xFF, 0x00, 0x03, 0xFC, 0x00,
  0x0F, 0xF0, 0x00, 0x3F, 0xC0, 0x00, 0xFF, 0x00, 0x03, 0xFC, 0x00, 0x0F,
  0xF0, 0x00, 0x3F, 0xC0, 0x00, 0xFF, 0x00, 0x03, 0xFC, 0x00, 0x0F, 0xF0,
  0x00, 0x3F, 0xC0, 0x00, 0xFF, 0x00, 0x03, 0xFC, 0x00, 0x0F, 0xF0, 0x00,
  0x3F, 0xC0, 0x00, 0xFF, 0x00, 0x03, 0xFC, 0x00, 0x0F, 0xF0, 0x00, 0x3F,
  0xC0, 0x00, 0xFF, 0x00, 0x03, 0xFC, 0x00, 0x0F, 0xFF, 0xFF, 0xFF, 0xFF,
  0xFF, 0xFF, 0xFF, 0xFF, 0xC0, 0xFF, 0xFF, 0xFF, 0xFF, 0xFF, 0xFF, 0xFF,
  0xFF, 0xFC, 0x00, 0x0F, 0xF0, 0x00, 0x3F, 0xC0, 0x00, 0xFF, 0x00, 0x03,
  0xFC, 0x00, 0x0F, 0xF0, 0x00, 0x3F, 0xC0, 0x00, 0xFF, 0x00, 0x03, 0xFC,
  0x00, 0x0F, 0xF0, 0x00, 0x3F, 0xC0, 0x00, 0xFF, 0x00, 0x03, 0xFC, 0x00,
  0x0F, 0xF0, 0x00, 0x3F, 0xC0, 0x00, 0xFF, 0x00, 0x03, 0xFC, 0x00, 0x0F,
  0xF0, 0x00, 0x3F, 0xC0, 0x00, 0xFF, 0x00, 0x03, 0xFC, 0x00, 0x0F, 0xF0,
  0x00, 0x3F, 0xC0, 0x00, 0xFF, 0x00, 0x03, 0xFC, 0x00, 0x0F, 0xF0, 0x00,
  0x3F, 0xC0, 0x00, 0xFF, 0x00, 0x03, 0xFC, 0x00, 0x0F, 0xF0, 0x00, 0x3F,
  0xC0, 0x00, 0xFF, 0x00, 0x03, 0xFC, 0x00, 0x0F, 0xFF, 0xFF, 0xFF, 0xFF,
  0xFF, 0xFF, 0xFF, 0xFF, 0xC0, 0xFF, 0xFF, 0xFF, 0xFF, 0xFF, 0xFF, 0xFF,
  0xFF, 0xFC, 0x00, 0x0F, 0xF0, 0x00, 0x3F, 0xC0, 0x00, 0xFF, 0x00, 0x03,
  0xFC, 0x00, 0x0F, 0xF0, 0x00, 0x3F, 0xC0, 0x00, 0xFF, 0x00, 0x03, 0xFC,
  0x00, 0x0F, 0xF0, 0x00, 0x3F, 0xC0, 0x00, 0xFF, 0x00, 0x03, 0xFC, 0x00,
  0x0F, 0xF0, 0x00, 0x3F, 0xC0, 0x00, 0xFF, 0x00, 0x03, 0xFC, 0x00, 0x0F,
  0xF0, 0x00, 0x3F, 0xC0, 0x00, 0xFF, 0x00, 0x03, 0xFC, 0x00, 0x0F, 0xF0,
  0x00, 0x3F, 0xC0, 0x00, 0xFF, 0x00, 0x03, 0xFC, 0x00, 0x0F, 0xF0, 0x00,
  0x3F, 0xC0, 0x00, 0xFF, 0x00, 0x03, 0xFC, 0x00, 0x0F, 0xF0, 0x00, 0x3F,
  0xC0, 0x00, 0xFF, 0x00, 0x03, 0xFC, 0x00, 0x0F, 0xFF, 0xFF, 0xFF, 0xFF,
  0xFF, 0xFF, 0xFF, 0xFF, 0xC0, 0xFF, 0xFF, 0xFF, 0xFF, 0xFF, 0xFF, 0xFF,
  0xFF, 0xFC, 0x00, 0x0F, 0xF0, 0x00, 0x3F, 0xC0, 0x00, 0xFF, 0x00, 0x03,
  0xFC, 0x00, 0x0F, 0xF0, 0x00, 0x3F, 0xC0, 0x00, 0xFF, 0x00, 0x03, 0xFC,
  0x00, 0x0F, 0xF0, 0x00, 0x3F, 0xC0, 0x00, 0xFF, 0x00, 0x03, 0xFC, 0x00,
  0x0F, 0xF0, 0x00, 0x3F, 0xC0, 0x00, 0xFF, 0x00, 0x03, 0xFC, 0x00, 0x0F,
  0xF0, 0x00, 0x3F, 0xC0, 0x00, 0xFF, 0x00, 0x03, 0xFC, 0x00, 0x0F, 0xF0,
  0x00, 0x3F, 0xC0, 0x00, 0xFF, 0x00, 0x03, 0xFC, 0x00, 0x0F, 0xF0, 0x00,
  0x3F, 0xC0, 0x00, 0xFF, 0x00, 0x03, 0xFC, 0x00, 0x0F, 0xF0, 0x00, 0x3F,
  0xC0, 0x00, 0xFF, 0x00, 0x03, 0xFC, 0x00, 0x0F, 0xFF, 0xFF, 0xFF, 0xFF,
  0xFF, 0xFF, 0xFF, 0xFF, 0xC0, 0xFF, 0xFF, 0xFF, 0xFF, 0xFF, 0xFF, 0xFF,
  0xFF, 0xFC, 0x00, 0x0F, 0xF0, 0x00, 0x3F, 0xC0, 0x00, 0xFF, 0x00, 0x03,
  0xFC, 0x00, 0x0F, 0xF0, 0x00, 0x3F, 0xC0, 0x00, 0xFF, 0x00, 0x03, 0xFC,
  0x00, 0x0F, 0xF0, 0x00, 0x3F, 0xC0, 0x00, 0xFF, 0x00, 0x03, 0xFC, 0x00,
  0x0F, 0xF0, 0x00, 0x3F, 0xC0, 0x00, 0xFF, 0x00, 0x03, 0xFC, 0x00, 0x0F,
  0xF0, 0x00, 0x3F, 0xC0, 0x00, 0xFF, 0x00, 0x03, 0xFC, 0x00, 0x0F, 0xF0,
  0x00, 0x3F, 0xC0, 0x00, 0xFF, 0x00, 0x03, 0xFC, 0x00, 0x0F, 0xF0, 0x00,
  0x3F, 0xC0, 0x00, 0xFF, 0x00, 0x03, 0xFC, 0x00, 0x0F, 0xF0, 0x00, 0x3F,
  0xC0, 0x00, 0xFF, 0x00, 0x03, 0xFC, 0x00, 0x0F, 0xFF, 0xFF, 0xFF, 0xFF,
  0xFF, 0xFF, 0xFF, 0xFF, 0xC0, 0xFF, 0xFF, 0xFF, 0xFF, 0xFF, 0xFF, 0xFF,
  0xFF, 0xFC, 0x00, 0x0F, 0xF0, 0x00, 0x3F, 0xC0, 0x00, 0xFF, 0x00, 0x03,
  0xFC, 0x00, 0x0F, 0xF0, 0x00, 0x3F, 0xC0, 0x00, 0xFF, 0x00, 0x03, 0xFC,
  0x00, 0x0F, 0xF0, 0x00, 0x3F, 0xC0, 0x00, 0xFF, 0x00, 0x03, 0xFC, 0x00,
  0x0F, 0xF0, 0x00, 0x3F, 0xC0, 0x00, 0xFF, 0x00, 0x03, 0xFC, 0x00, 0x0F,
  0xF0, 0x00, 0x3F, 0xC0, 0x00, 0xFF, 0x00, 0x03, 0xFC, 0x00, 0x0F, 0xF0,
  0x00, 0x3F, 0xC0, 0x00, 0xFF, 0x00, 0x03, 0xFC, 0x00, 0x0F, 0xF0, 0x00,
  0x3F, 0xC0, 0x00, 0xFF, 0x00, 0x03, 0xFC, 0x00, 0x0F, 0xF0, 0x00, 0x3F,
  0xC0, 0x00, 0xFF, 0x00, 0x03, 0xFC, 0x00, 0x0F, 0xFF, 0xFF, 0xFF, 0xFF,
  0xFF, 0xFF, 0xFF, 0xFF, 0xC0, 0xFF, 0xFF, 0xFF, 0xFF, 0xFF, 0xFF, 0xFF,
  0xFF, 0xFC, 0x00, 0x0F, 0xF0, 0x00, 0x3F, 0xC0, 0x00, 0xFF, 0x00, 0x03,
  0xFC, 0x00, 0x0F, 0xF0, 0x00, 0x3F, 0xC0, 0x00, 0xFF, 0x00, 0x03, 0xFC,
  0x00, 0x0F, 0xF0, 0x00, 0x3F, 0xC0, 0x00, 0xFF, 0x00, 0x03, 0xFC, 0x00,
  0x0F, 0xF0, 0x00, 0x3F, 0xC0, 0x00, 0xFF, 0x00, 0x03, 0xFC, 0x00, 0x0F,
  0xF0, 0x00, 0x3F, 0xC0, 0x00, 0xFF, 0x00, 0x03, 0xFC, 0x00, 0x0F, 0xF0,
  0x00, 0x3F, 0xC0, 0x00, 0xFF, 0x00, 0x03, 0xFC, 0x00, 0x0F, 0xF0, 0x00,
  0x3F, 0xC0, 0x00, 0xFF, 0x00, 0x03, 0xFC, 0x00, 0x0F, 0xF0, 0x00, 0x3F,
  0xC0, 0x00, 0xFF, 0x00, 0x03, 0xFC, 0x00, 0x0F, 0xFF, 0xFF, 0xFF, 0xFF,
  0xFF, 0xFF, 0xFF, 0xFF, 0xC0, 0xFF, 0xFF, 0xFF, 0xFF, 0xFF, 0xFF, 0xFF,
  0xFF, 0xFC, 0x00, 0x0F, 0xF0, 0x00, 0x3F, 0xC0, 0x00, 0xFF, 0x00, 0x03,
  0xFC, 0x00, 0x0F, 0xF0, 0x00, 0x3F, 0xC0, 0x00, 0xFF, 0x00, 0x03, 0xFC,
  0x00, 0x0F, 0xF0, 0x00, 0x3F, 0xC0, 0x00, 0xFF, 0x00, 0x03, 0xFC, 0x00,
  0x0F, 0xF0, 0x00, 0x3F, 0xC0, 0x00, 0xFF, 0x00, 0x03, 0xFC, 0x00, 0x0F,
  0xF0, 0x00, 0x3F, 0xC0, 0x00, 0xFF, 0x00, 0x03, 0xFC, 0x00, 0x0F, 0xF0,
  0x00, 0x3F, 0xC0, 0x00, 0xFF, 0x00, 0x03, 0xFC, 0x00, 0x0F, 0xF0, 0x00,
  0x3F, 0xC0, 0x00, 0xFF, 0x00, 0x03, 0xFC, 0x00, 0x0F, 0xF0, 0x00, 0x3F,
  0xC0, 0x00, 0xFF, 0x00, 0x03, 0xFC, 0x00, 0x0F, 0xFF, 0xFF, 0xFF, 0xFF,
  0xFF, 0xFF, 0xFF, 0xFF, 0xC0, 0xFF, 0xFF, 0xFF, 0xFF, 0xFF, 0xFF, 0xFF,
  0xFF, 0xFC, 0x00, 0x0F, 0xF0, 0x00, 0x3F, 0xC0, 0x00, 0xFF, 0x00, 0x03,
  0xFC, 0x00, 0x0F, 0xF0, 0x00, 0x3F, 0xC0, 0x00, 0xFF, 0x00, 0x03, 0xFC,
  0x00, 0x0F, 0xF0, 0x00, 0x3F, 0xC0, 0x00, 0xFF, 0x00, 0x03, 0xFC, 0x00,
  0x0F, 0xF0, 0x00, 0x3F, 0xC0, 0x00, 0xFF, 0x00, 0x03, 0xFC, 0x00, 0x0F,
  0xF0, 0x00, 0x3F, 0xC0, 0x00, 0xFF, 0x00, 0x03, 0xFC, 0x00, 0x0F, 0xF0,
  0x00, 0x3F, 0xC0, 0x00, 0xFF, 0x00, 0x03, 0xFC, 0x00, 0x0F, 0xF0, 0x00,
  0x3F, 0xC0, 0x00, 0xFF, 0x00, 0x03, 0xFC, 0x00, 0x0F, 0xF0, 0x00, 0x3F,
  0xC0, 0x00, 0xFF, 0x00, 0x03, 0xFC, 0x00, 0x0F, 0xFF, 0xFF, 0xFF, 0xFF,
  0xFF, 0xFF, 0xFF, 0xFF, 0xC0, 0xFF, 0xFF, 0xFF, 0xFF, 0xFF, 0xFF, 0xFF,
  0xFF, 0xFC, 0x00, 0x0F, 0xF0, 0x00, 0x3F, 0xC0, 0x00, 0xFF, 0x00, 0x03,
  0xFC, 0x00, 0x0F, 0xF0, 0x00, 0x3F, 0xC0, 0x00, 0xFF, 0x00, 0x03, 0xFC,
  0x00, 0x0F, 0xF0, 0x00, 0x3F, 0xC0, 0x00, 0xFF, 0x00, 0x03, 0xFC, 0x00,
  0x0F, 0xF0, 0x00, 0x3F, 0xC0, 0x00, 0xFF, 0x00, 0x03, 0xFC, 0x00, 0x0F,
  0xF0, 0x00, 0x3F, 0xC0, 0x00, 0xFF, 0x00, 0x03, 0xFC, 0x00, 0x0F, 0xF0,
  0x00, 0x3F, 0xC0, 0x00, 0xFF, 0x00, 0x03, 0xFC, 0x00, 0x0F, 0xF0, 0x00,
  0x3F, 0xC0, 0x00, 0xFF, 0x00, 0x03, 0xFC, 0x00, 0x0F, 0xF0, 0x00, 0x3F,
  0xC0, 0x00, 0xFF, 0x00, 0x03, 0xFC, 0x00, 0x0F, 0xFF, 0xFF, 0xFF, 0xFF,
  0xFF, 0xFF, 0xFF, 0xFF, 0xC0, 0xFF, 0xFF, 0xFF, 0xFF, 0xFF, 0xFF, 0xFF,
  0xFF, 0xFC, 0x00, 0x0F, 0xF0, 0x00, 0x3F, 0xC0, 0x00, 0xFF, 0x00, 0x03,
  0xFC, 0x00, 0x0F, 0xF0, 0x00, 0x3F, 0xC0, 0x00, 0xFF, 0x00, 0x03, 0xFC,
  0x00, 0x0F, 0xF0, 0x00, 0x3F, 0xC0, 0x00, 0xFF, 0x00, 0x03, 0xFC, 0x00,
  0x0F, 0xF0, 0x00, 0x3F, 0xC0, 0x00, 0xFF, 0x00, 0x03, 0xFC, 0x00, 0x0F,
  0xF0, 0x00, 0x3F, 0xC0, 0x00, 0xFF, 0x00, 0x03, 0xFC, 0x00, 0x0F, 0xF0,
  0x00, 0x3F, 0xC0, 0x00, 0xFF, 0x00, 0x03, 0xFC, 0x00, 0x0F, 0xF0, 0x00,
  0x3F, 0xC0, 0x00, 0xFF, 0x00, 0x03, 0xFC, 0x00, 0x0F, 0xF0, 0x00, 0x3F,
  0xC0, 0x00, 0xFF, 0x00, 0x03, 0xFC, 0x00, 0x0F, 0xFF, 0xFF, 0xFF, 0xFF,
  0xFF, 0xFF, 0xFF, 0xFF, 0xC0, 0xFF, 0xFF, 0xFF, 0xFF, 0xFF, 0xFF, 0xFF,
  0xFF, 0xFC, 0x00, 0x0F, 0xF0, 0x00, 0x3F, 0xC0, 0x00, 0xFF, 0x00, 0x03,
  0xFC, 0x00, 0x0F, 0xF0, 0x00, 0x3F, 0xC0, 0x00, 0xFF, 0x00, 0x03, 0xFC,
  0x00, 0x0F, 0xF0, 0x00, 0x3F, 0xC0, 0x00, 0xFF, 0x00, 0x03, 0xFC, 0x00,
  0x0F, 0xF0, 0x00, 0x3F, 0xC0, 0x00, 0xFF, 0x00, 0x03, 0xFC, 0x00, 0x0F,
  0xF0, 0x00, 0x3F, 0xC0, 0x00, 0xFF, 0x00, 0x03, 0xFC, 0x00, 0x0F, 0xF0,
  0x00, 0x3F, 0xC0, 0x00, 0xFF, 0x00, 0x03, 0xFC, 0x00, 0x0F, 0xF0, 0x00,
  0x3F, 0xC0, 0x00, 0xFF, 0x00, 0x03, 0xFC, 0x00, 0x0F, 0xF0, 0x00, 0x3F,
  0xC0, 0x00, 0xFF, 0x00, 0x03, 0xFC, 0x00, 0x0F, 0xFF, 0xFF, 0xFF, 0xFF,
  0xFF, 0xFF, 0xFF, 0xFF, 0xC0, 0xFF, 0xFF, 0xFF, 0xFF, 0xFF, 0xFF, 0xFF,
  0xFF, 0xFC, 0x00, 0x0F, 0xF0, 0x00, 0x3F, 0xC0, 0x00, 0xFF, 0x00, 0x03,
  0xFC, 0x00, 0x0F, 0xF0, 0x00, 0x3F, 0xC0, 0x00, 0xFF, 0x00, 0x03, 0xFC,
  0x00, 0x0F, 0xF0, 0x00, 0x3F, 0xC0, 0x00, 0xFF, 0x00, 0x03, 0xFC, 0x00,
  0x0F, 0xF0, 0x00, 0x3F, 0xC0, 0x00, 0xFF, 0x00, 0x03, 0xFC, 0x00, 0x0F,
  0xF0, 0x00, 0x3F, 0xC0, 0x00, 0xFF, 0x00, 0x03, 0xFC, 0x00, 0x0F, 0xF0,
  0x00, 0x3F, 0xC0, 0x00, 0xFF, 0x00, 0x03, 0xFC, 0x00, 0x0F, 0xF0, 0x00,
  0x3F, 0xC0, 0x00, 0xFF, 0x00, 0x03, 0xFC, 0x00, 0x0F, 0xF0, 0x00, 0x3F,
  0xC0, 0x00, 0xFF, 0x00, 0x03, 0xFC, 0x00, 0x0F, 0xFF, 0xFF, 0xFF, 0xFF,
  0xFF, 0xFF, 0xFF, 0xFF, 0xC0, 0xFF, 0xFF, 0xFF, 0xFF, 0xFF, 0xFF, 0xFF,
  0xFF, 0xFC, 0x00, 0x0F, 0xF0, 0x00, 0x3F, 0xC0, 0x00, 0xFF, 0x00, 0x03,
  0xFC, 0x00, 0x0F, 0xF0, 0x00, 0x3F, 0xC0, 0x00, 0xFF, 0x00, 0x03, 0xFC,
  0x00, 0x0F, 0xF0, 0x00, 0x3F, 0xC0, 0x00, 0xFF, 0x00, 0x03, 0xFC, 0x00,
  0x0F, 0xF0, 0x00, 0x3F, 0xC0, 0x00, 0xFF, 0x00, 0x03, 0xFC, 0x00, 0x0F,
  0xF0, 0x00, 0x3F, 0xC0, 0x00, 0xFF, 0x00, 0x03, 0xFC, 0x00, 0x0F, 0xF0,
  0x00, 0x3F, 0xC0, 0x00, 0xFF, 0x00, 0x03, 0xFC, 0x00, 0x0F, 0xF0, 0x00,
  0x3F, 0xC0, 0x00, 0xFF, 0x00, 0x03, 0xFC, 0x00, 0x0F, 0xF0, 0x00, 0x3F,
  0xC0, 0x00, 0xFF, 0x00, 0x03, 0xFC, 0x00, 0x0F, 0xFF, 0xFF, 0xFF, 0xFF,
  0xFF, 0xFF, 0xFF, 0xFF, 0xC0, 0xFF, 0xFF, 0xFF, 0xFF, 0xFF, 0xFF, 0xFF,
  0xFF, 0xFC, 0x00, 0x0F, 0xF0, 0x00, 0x3F, 0xC0, 0x00, 0xFF, 0x00, 0x03,
  0xFC, 0x00, 0x0F, 0xF0, 0x00, 0x3F, 0xC0, 0x00, 0xFF, 0x00, 0x03, 0xFC,
  0x00, 0x0F, 0xF0, 0x00, 0x3F, 0xC0, 0x00, 0xFF, 0x00, 0x03, 0xFC, 0x00,
  0x0F, 0xF0, 0x00, 0x3F, 0xC0, 0x00, 0xFF, 0x00, 0x03, 0xFC, 0x00, 0x0F,
  0xF0, 0x00, 0x3F, 0xC0, 0x00, 0xFF, 0x00, 0x03, 0xFC, 0x00, 0x0F, 0xF0,
  0x00, 0x3F, 0xC0, 0x00, 0xFF, 0x00, 0x03, 0xFC, 0x00, 0x0F, 0xF0, 0x00,
  0x3F, 0xC0, 0x00, 0xFF, 0x00, 0x03, 0xFC, 0x00, 0x0F, 0xF0, 0x00, 0x3F,
  0xC0, 0x00, 0xFF, 0x00, 0x03, 0xFC, 0x00, 0x0F, 0xFF, 0xFF, 0xFF, 0xFF,
  0xFF, 0xFF, 0xFF, 0xFF, 0xC0, 0xFF, 0xFF, 0xFF, 0xFF, 0xFF, 0xFF, 0xFF,
  0xFF, 0xFC, 0x00, 0x0F, 0xF0, 0x00, 0x3F, 0xC0, 0x00, 0xFF, 0x00, 0x03,
  0xFC, 0x00, 0x0F, 0xF0, 0x00, 0x3F, 0xC0, 0x00, 0xFF, 0x00, 0x03, 0xFC,
  0x00, 0x0F, 0xF0, 0x00, 0x3F, 0xC0, 0x00, 0xFF, 0x00, 0x03, 0xFC, 0x00,
  0x0F, 0xF0, 0x00, 0x3F, 0xC0, 0x00, 0xFF, 0x00, 0x03, 0xFC, 0x00, 0x0F,
  0xF0, 0x00, 0x3F, 0xC0, 0x00, 0xFF, 0x00, 0x03, 0xFC, 0x00, 0x0F, 0xF0,
  0x00, 0x3F, 0xC0, 0x00, 0xFF, 0x00, 0x03, 0xFC, 0x00, 0x0F, 0xF0, 0x00,
  0x3F, 0xC0, 0x00, 0xFF, 0x00, 0x03, 0xFC, 0x00, 0x0F, 0xF0, 0x00, 0x3F,
  0xC0, 0x00, 0xFF, 0x00, 0x03, 0xFC, 0x00, 0x0F, 0xFF, 0xFF, 0xFF, 0xFF,
  0xFF, 0xFF, 0xFF, 0xFF, 0xC0, 0xFF, 0xFF, 0xFF, 0xFF, 0xFF, 0xFF, 0xFF,
  0xFF, 0xFC, 0x00, 0x0F, 0xF0, 0x00, 0x3F, 0xC0, 0x00, 0xFF, 0x00, 0x03,
  0xFC, 0x00, 0x0F, 0xF0, 0x00, 0x3F, 0xC0, 0x00, 0xFF, 0x00, 0x03, 0xFC,
  0x00, 0x0F, 0xF0, 0x00, 0x3F, 0xC0, 0x00, 0xFF, 0x00, 0x03, 0xFC, 0x00,
  0x0F, 0xF0, 0x00, 0x3F, 0xC0, 0x00, 0xFF, 0x00, 0x03, 0xFC, 0x00, 0x0F,
  0xF0, 0x00, 0x3F, 0xC0, 0x00, 0xFF, 0x00, 0x03, 0xFC, 0x00, 0x0F, 0xF0,
  0x00, 0x3F, 0xC0, 0x00, 0xFF, 0x00, 0x03, 0xFC, 0x00, 0x0F, 0xF0, 0x00,
  0x3F, 0xC0, 0x00, 0xFF, 0x00, 0x03, 0xFC, 0x00, 0x0F, 0xF0, 0x00, 0x3F,
  0xC0, 0x00, 0xFF, 0x00, 0x03, 0xFC, 0x00, 0x0F, 0xFF, 0xFF, 0xFF, 0xFF,
  0xFF, 0xFF, 0xFF, 0xFF, 0xC0, 0xFF, 0xFF, 0xFF, 0xFF, 0xFF, 0xFF, 0xFF,
  0xFF, 0xFC, 0x00, 0x0F, 0xF0, 0x00, 0x3F, 0xC0, 0x00, 0xFF, 0x00, 0x03,
  0xFC, 0x00, 0x0F, 0xF0, 0x00, 0x3F, 0xC0, 0x00, 0xFF, 0x00, 0x03, 0xFC,
  0x00, 0x0F, 0xF0, 0x00, 0x3F, 0xC0, 0x00, 0xFF, 0x00, 0x03, 0xFC, 0x00,
  0x0F, 0xF0, 0x00, 0x3F, 0xC0, 0x00, 0xFF, 0x00, 0x03, 0xFC, 0x00, 0x0F,
  0xF0, 0x00, 0x3F, 0xC0, 0x00, 0xFF, 0x00, 0x03, 0xFC, 0x00, 0x0F, 0xF0,
  0x00, 0x3F, 0xC0, 0x00, 0xFF, 0x00, 0x03, 0xFC, 0x00, 0x0F, 0xF0, 0x00,
  0x3F, 0xC0, 0x00, 0xFF, 0x00, 0x03, 0xFC, 0x00, 0x0F, 0xF0, 0x00, 0x3F,
  0xC0, 0x00, 0xFF, 0x00, 0x03, 0xFC, 0x00, 0x0F, 0xFF, 0xFF, 0xFF, 0xFF,
  0xFF, 0xFF, 0xFF, 0xFF, 0xC0, 0xFF, 0xFF, 0xFF, 0xFF, 0xFF, 0xFF, 0xFF,
  0xFF, 0xFC, 0x00, 0x0F, 0xF0, 0x00, 0x3F, 0xC0, 0x00, 0xFF, 0x00, 0x03,
  0xFC, 0x00, 0x0F, 0xF0, 0x00, 0x3F, 0xC0, 0x00, 0xFF, 0x00, 0x03, 0xFC,
  0x00, 0x0F, 0xF0, 0x00, 0x3F, 0xC0, 0x00, 0xFF, 0x00, 0x03, 0xFC, 0x00,
  0x0F, 0xF0, 0x00, 0x3F, 0xC0, 0x00, 0xFF, 0x00, 0x03, 0xFC, 0x00, 0x0F,
  0xF0, 0x00, 0x3F, 0xC0, 0x00, 0xFF, 0x00, 0x03, 0xFC, 0x00, 0x0F, 0xF0,
  0x00, 0x3F, 0xC0, 0x00, 0xFF, 0x00, 0x03, 0xFC, 0x00, 0x0F, 0xF0, 0x00,
  0x3F, 0xC0, 0x00, 0xFF, 0x00, 0x03, 0xFC, 0x00, 0x0F, 0xF0, 0x00, 0x3F,
  0xC0, 0x00, 0xFF, 0x00, 0x03, 0xFC, 0x00, 0x0F, 0xFF, 0xFF, 0xFF, 0xFF,
  0xFF, 0xFF, 0xFF, 0xFF, 0xC0, 0xFF, 0xFF, 0xFF, 0xFF, 0xFF, 0xFF, 0xFF,
  0xFF, 0xFC, 0x00, 0x0F, 0xF0, 0x00, 0x3F, 0xC0, 0x00, 0xFF, 0x00, 0x03,
  0xFC, 0x00, 0x0F, 0xF0, 0x00, 0x3F, 0xC0, 0x00, 0xFF, 0x00, 0x03, 0xFC,
  0x00, 0x0F, 0xF0, 0x00, 0x3F, 0xC0, 0x00, 0xFF, 0x00, 0x03, 0xFC, 0x00,
  0x0F, 0xF0, 0x00, 0x3F, 0xC0, 0x00, 0xFF, 0x00, 0x03, 0xFC, 0x00, 0x0F,
  0xF0, 0x00, 0x3F, 0xC0, 0x00, 0xFF, 0x00, 0x03, 0xFC, 0x00, 0x0F, 0xF0,
  0x00, 0x3F, 0xC0, 0x00, 0xFF, 0x00, 0x03, 0xFC, 0x00, 0x0F, 0xF0, 0x00,
  0x3F, 0xC0, 0x00, 0xFF, 0x00, 0x03, 0xFC, 0x00, 0x0F, 0xF0, 0x00, 0x3F,
  0xC0, 0x00, 0xFF, 0x00, 0x03, 0xFC, 0x00, 0x0F, 0xFF, 0xFF, 0xFF, 0xFF,
  0xFF, 0xFF, 0xFF, 0xFF, 0xC0, 0xFF, 0xFF, 0xFF, 0xFF, 0xFF, 0xFF, 0xFF,
  0xFF, 0xFC, 0x00, 0x0F, 0xF0, 0x00, 0x3F, 0xC0, 0x00, 0xFF, 0x00, 0x03,
  0xFC, 0x00, 0x0F, 0xF0, 0x00, 0x3F, 0xC0, 0x00, 0xFF, 0x00, 0x03, 0xFC,
  0x00, 0x0F, 0xF0, 0x00, 0x3F, 0xC0, 0x00, 0xFF, 0x00, 0x03, 0xFC, 0x00,
  0x0F, 0xF0, 0x00, 0x3F, 0xC0, 0x00, 0xFF, 0x00, 0x03, 0xFC, 0x00, 0x0F,
  0xF0, 0x00, 0x3F, 0xC0, 0x00, 0xFF, 0x00, 0x03, 0xFC, 0x00, 0x0F, 0xF0,
  0x00, 0x3F, 0xC0, 0x00, 0xFF, 0x00, 0x03, 0xFC, 0x00, 0x0F, 0xF0, 0x00,
  0x3F, 0xC0, 0x00, 0xFF, 0x00, 0x03, 0xFC, 0x00, 0x0F, 0xF0, 0x00, 0x3F,
  0xC0, 0x00, 0xFF, 0x00, 0x03, 0xFC, 0x00, 0x0F, 0xFF, 0xFF, 0xFF, 0xFF,
  0xFF, 0xFF, 0xFF, 0xFF, 0xC0, 0xFF, 0xFF, 0xFF, 0xFF, 0xFF, 0xFF, 0xFF,
  0xFF, 0xFC, 0x00, 0x0F, 0xF0, 0x00, 0x3F, 0xC0, 0x00, 0xFF, 0x00, 0x03,
  0xFC, 0x00, 0x0F, 0xF0, 0x00, 0x3F, 0xC0, 0x00, 0xFF, 0x00, 0x03, 0xFC,
  0x00, 0x0F, 0xF0, 0x00, 0x3F, 0xC0, 0x00, 0xFF, 0x00, 0x03, 0xFC, 0x00,
  0x0F, 0xF0, 0x00, 0x3F, 0xC0, 0x00, 0xFF, 0x00, 0x03, 0xFC, 0x00, 0x0F,
  0xF0, 0x00, 0x3F, 0xC0, 0x00, 0xFF, 0x00, 0x03, 0xFC, 0x00, 0x0F, 0xF0,
  0x00, 0x3F, 0xC0, 0x00, 0xFF, 0x00, 0x03, 0xFC, 0x00, 0x0F, 0xF0, 0x00,
  0x3F, 0xC0, 0x00, 0xFF, 0x00, 0x03, 0xFC, 0x00, 0x0F, 0xF0, 0x00, 0x3F,
  0xC0, 0x00, 0xFF, 0x00, 0x03, 0xFC, 0x00, 0x0F, 0xFF, 0xFF, 0xFF, 0xFF,
  0xFF, 0xFF, 0xFF, 0xFF, 0xC0, 0xFF, 0xFF, 0xFF, 0xFF, 0xFF, 0xFF, 0xFF,
  0xFF, 0xFC, 0x00, 0x0F, 0xF0, 0x00, 0x3F, 0xC0, 0x00, 0xFF, 0x00, 0x03,
  0xFC, 0x00, 0x0F, 0xF0, 0x00, 0x3F, 0xC0, 0x00, 0xFF, 0x00, 0x03, 0xFC,
  0x00, 0x0F, 0xF0, 0x00, 0x3F, 0xC0, 0x00, 0xFF, 0x00, 0x03, 0xFC, 0x00,
  0x0F, 0xF0, 0x00, 0x3F, 0xC0, 0x00, 0xFF, 0x00, 0x03, 0xFC, 0x00, 0x0F,
  0xF0, 0x00, 0x3F, 0xC0, 0x00, 0xFF, 0x00, 0x03, 0xFC, 0x00, 0x0F, 0xF0,
  0x00, 0x3F, 0xC0, 0x00, 0xFF, 0x00, 0x03, 0xFC, 0x00, 0x0F, 0xF0, 0x00,
  0x3F, 0xC0, 0x00, 0xFF, 0x00, 0x03, 0xFC, 0x00, 0x0F, 0xF0, 0x00, 0x3F,
  0xC0, 0x00, 0xFF, 0x00, 0x03, 0xFC, 0x00, 0x0F, 0xFF, 0xFF, 0xFF, 0xFF,
  0xFF, 0xFF, 0xFF, 0xFF, 0xC0, 0xFF, 0xFF, 0xFF, 0xFF, 0xFF, 0xFF, 0xFF,
  0xFF, 0xFC, 0x00, 0x0F, 0xF0, 0x00, 0x3F, 0xC0, 0x00, 0xFF, 0x00, 0x03,
  0xFC, 0x00, 0x0F, 0xF0, 0x00, 0x3F, 0xC0, 0x00, 0xFF, 0x00, 0x03, 0xFC,
  0x00, 0x0F, 0xF0, 0x00, 0x3F, 0xC0, 0x00, 0xFF, 0x00, 0x03, 0xFC, 0x00,
  0x0F, 0xF0, 0x00, 0x3F, 0xC0, 0x00, 0xFF, 0x00, 0x03, 0xFC, 0x00, 0x0F,
  0xF0, 0x00, 0x3F, 0xC0, 0x00, 0xFF, 0x00, 0x03, 0xFC, 0x00, 0x0F, 0xF0,
  0x00, 0x3F, 0xC0, 0x00, 0xFF, 0x00, 0x03, 0xFC, 0x00, 0x0F, 0xF0, 0x00,
  0x3F, 0xC0, 0x00, 0xFF, 0x00, 0x03, 0xFC, 0x00, 0x0F, 0xF0, 0x00, 0x3F,
  0xC0, 0x00, 0xFF, 0x00, 0x03, 0xFC, 0x00, 0x0F, 0xFF, 0xFF, 0xFF, 0xFF,
  0xFF, 0xFF, 0xFF, 0xFF, 0xC0, 0xFF, 0xFF, 0xFF, 0xFF, 0xFF, 0xFF, 0xFF,
  0xFF, 0xFC, 0x00, 0x0F, 0xF0, 0x00, 0x3F, 0xC0, 0x00, 0xFF, 0x00, 0x03,
  0xFC, 0x00, 0x0F, 0xF0, 0x00, 0x3F, 0xC0, 0x00, 0xFF, 0x00, 0x03, 0xFC,
  0x00, 0x0F, 0xF0, 0x00, 0x3F, 0xC0, 0x00, 0xFF, 0x00, 0x03, 0xFC, 0x00,
  0x0F, 0xF0, 0x00, 0x3F, 0xC0, 0x00, 0xFF, 0x00, 0x03, 0xFC, 0x00, 0x0F,
  0xF0, 0x00, 0x3F, 0xC0, 0x00, 0xFF, 0x00, 0x03, 0xFC, 0x00, 0x0F, 0xF0,
  0x00, 0x3F, 0xC0, 0x00, 0xFF, 0x00, 0x03, 0xFC, 0x00, 0x0F, 0xF0, 0x00,
  0x3F, 0xC0, 0x00, 0xFF, 0x00, 0x03, 0xFC, 0x00, 0x0F, 0xF0, 0x00, 0x3F,
  0xC0, 0x00, 0xFF, 0x00, 0x03, 0xFC, 0x00, 0x0F, 0xFF, 0xFF, 0xFF, 0xFF,
  0xFF, 0xFF, 0xFF, 0xFF, 0xC0, 0xFF, 0xFF, 0xFF, 0xFF, 0xFF, 0xFF, 0xFF,
  0xFF, 0xFC, 0x00, 0x0F, 0xF0, 0x00, 0x3F, 0xC0, 0x00, 0xFF, 0x00, 0x03,
  0xFC, 0x00, 0x0F, 0xF0, 0x00, 0x3F, 0xC0, 0x00, 0xFF, 0x00, 0x03, 0xFC,
  0x00, 0x0F, 0xF0, 0x00, 0x3F, 0xC0, 0x00, 0xFF, 0x00, 0x03, 0xFC, 0x00,
  0x0F, 0xF0, 0x00, 0x3F, 0xC0, 0x00, 0xFF, 0x00, 0x03, 0xFC, 0x00, 0x0F,
  0xF0, 0x00, 0x3F, 0xC0, 0x00, 0xFF, 0x00, 0x03, 0xFC, 0x00, 0x0F, 0xF0,
  0x00, 0x3F, 0xC0, 0x00, 0xFF, 0x00, 0x03, 0xFC, 0x00, 0x0F, 0xF0, 0x00,
  0x3F, 0xC0, 0x00, 0xFF, 0x00, 0x03, 0xFC, 0x00, 0x0F, 0xF0, 0x00, 0x3F,
  0xC0, 0x00, 0xFF, 0x00, 0x03, 0xFC, 0x00, 0x0F, 0xFF, 0xFF, 0xFF, 0xFF,
  0xFF, 0xFF, 0xFF, 0xFF, 0xC0, 0xFF, 0xFF, 0xFF, 0xFF, 0xFF, 0xFF, 0xFF,
  0xFF, 0xFC, 0x00, 0x0F, 0xF0, 0x00, 0x3F, 0xC0, 0x00, 0xFF, 0x00, 0x03,
  0xFC, 0x00, 0x0F, 0xF0, 0x00, 0x3F, 0xC0, 0x00, 0xFF, 0x00, 0x03, 0xFC,
  0x00, 0x0F, 0xF0, 0x00, 0x3F, 0xC0, 0x00, 0xFF, 0x00, 0x03, 0xFC, 0x00,
  0x0F, 0xF0, 0x00, 0x3F, 0xC0, 0x00, 0xFF, 0x00, 0x03, 0xFC, 0x00, 0x0F,
  0xF0, 0x00, 0x3F, 0xC0, 0x00, 0xFF, 0x00, 0x03, 0xFC, 0x00, 0x0F, 0xF0,
  0x00, 0x3F, 0xC0, 0x00, 0xFF, 0x00, 0x03, 0xFC, 0x00, 0x0F, 0xF0, 0x00,
  0x3F, 0xC0, 0x00, 0xFF, 0x00, 0x03, 0xFC, 0x00, 0x0F, 0xF0, 0x00, 0x3F,
  0xC0, 0x00, 0xFF, 0x00, 0x03, 0xFC, 0x00, 0x0F, 0xFF, 0xFF, 0xFF, 0xFF,
  0xFF, 0xFF, 0xFF, 0xFF, 0xC0, 0xFF, 0xFF, 0xFF, 0xFF, 0xFF, 0xFF, 0xFF,
  0xFF, 0xFC, 0x00, 0x0F, 0xF0, 0x00, 0x3F, 0xC0, 0x00, 0xFF, 0x00, 0x03,
  0xFC, 0x00, 0x0F, 0xF0, 0x00, 0x3F, 0xC0, 0x00, 0xFF, 0x00, 0x03, 0xFC,
  0x00, 0x0F, 0xF0, 0x00, 0x3F, 0xC0, 0x00, 0xFF, 0x00, 0x03, 0xFC, 0x00,
  0x0F, 0xF0, 0x00, 0x3F, 0xC0, 0x00, 0xFF, 0x00, 0x03, 0xFC, 0x00, 0x0F,
  0xF0, 0x00, 0x3F, 0xC0, 0x00, 0xFF, 0x00, 0x03, 0xFC, 0x00, 0x0F, 0xF0,
  0x00, 0x3F, 0xC0, 0x00, 0xFF, 0x00, 0x03, 0xFC, 0x00, 0x0F, 0xF0, 0x00,
  0x3F, 0xC0, 0x00, 0xFF, 0x00, 0x03, 0xFC, 0x00, 0x0F, 0xF0, 0x00, 0x3F,
  0xC0, 0x00, 0xFF, 0x00, 0x03, 0xFC, 0x00, 0x0F, 0xFF, 0xFF, 0xFF, 0xFF,
  0xFF, 0xFF, 0xFF, 0xFF, 0xC0, 0xFF, 0xFF, 0xFF, 0xFF, 0xFF, 0xFF, 0xFF,
  0xFF, 0xFC, 0x00, 0x0F, 0xF0, 0x00, 0x3F, 0xC0, 0x00, 0xFF, 0x00, 0x03,
  0xFC, 0x00, 0x0F, 0xF0, 0x00, 0x3F, 0xC0, 0x00, 0xFF, 0x00, 0x03, 0xFC,
  0x00, 0x0F, 0xF0, 0x00, 0x3F, 0xC0, 0x00, 0xFF, 0x00, 0x03, 0xFC, 0x00,
  0x0F, 0xF0, 0x00, 0x3F, 0xC0, 0x00, 0xFF, 0x00, 0x03, 0xFC, 0x00, 0x0F,
  0xF0, 0x00, 0x3F, 0xC0, 0x00, 0xFF, 0x00, 0x03, 0xFC, 0x00, 0x0F, 0xF0,
  0x00, 0x3F, 0xC0, 0x00, 0xFF, 0x00, 0x03, 0xFC, 0x00, 0x0F, 0xF0, 0x00,
  0x3F, 0xC0, 0x00, 0xFF, 0x00, 0x03, 0xFC, 0x00, 0x0F, 0xF0, 0x00, 0x3F,
  0xC0, 0x00, 0xFF, 0x00, 0x03, 0xFC, 0x00, 0x0F, 0xFF, 0xFF, 0xFF, 0xFF,
  0xFF, 0xFF, 0xFF, 0xFF, 0xC0, 0x00, 0xFF, 0xFF, 0xFF, 0xFF, 0xFF, 0xFF,
  0xFF, 0xFF, 0xFC, 0x00, 0x0F, 0xF0, 0x00, 0x3F, 0xC0, 0x00, 0xFF, 0x00,
  0x03, 0xFC, 0x00, 0x0F, 0xF0, 0x00, 0x3F, 0xC0, 0x00, 0xFF, 0x00, 0x03,
  0xFC, 0x00, 0x0F, 0xF0, 0x00, 0x3F, 0xC0, 0x00, 0xFF, 0x00, 0x03, 0xFC,
  0x00, 0x0F, 0xF0, 0x00, 0x3F, 0xC0, 0x00, 0xFF, 0x00, 0x03, 0xFC, 0x00,
  0x0F, 0xF0, 0x00, 0x3F, 0xC0, 0x00, 0xFF, 0x00, 0x03, 0xFC, 0x00, 0x0F,
  0xF0, 0x00, 0x3F, 0xC0, 0x00, 0xFF, 0x00, 0x03, 0xFC, 0x00, 0x0F, 0xF0,
  0x00, 0x3F, 0xC0, 0x00, 0xFF, 0x00, 0x03, 0xFC, 0x00, 0x0F, 0xF0, 0x00,
  0x3F, 0xC0, 0x00, 0xFF, 0x00, 0x03, 0xFC, 0x00, 0x0F, 0xFF, 0xFF, 0xFF,
  0xFF, 0xFF, 0xFF, 0xFF, 0xFF, 0xC0, 0x00, 0x78, 0x00, 0x03, 0xC0, 0x00,
  0x1E, 0x00, 0x00, 0xF0, 0x00, 0x07, 0x80, 0x00, 0x3C, 0x00, 0x07, 0xF8,
  0x00, 0xFF, 0xF0, 0x0F, 0xFF, 0xC0, 0xF8, 0x1F, 0x0F, 0x00, 0x7C, 0xF8,
  0x01, 0xE7, 0x80, 0x07, 0xBC, 0x00, 0x3F, 0xC0, 0x00, 0x1E, 0x00, 0x00,
  0xF0, 0x00, 0x07, 0x80, 0x00, 0x3C, 0x00, 0x01, 0xE0, 0x00, 0x0F, 0x00,
  0x00, 0x78, 0x00, 0x03, 0xC0, 0x00, 0x0F, 0x00, 0x0F, 0x78, 0x00, 0x7B,
  0xE0, 0x07, 0x8F, 0x80, 0x7C, 0x3E, 0x0F, 0xC0, 0xFF, 0xFC, 0x03, 0xFF,
  0xC0, 0x07, 0xF0, 0x00, 0x0F, 0x00, 0x00, 0x78, 0x00, 0x03, 0xC0, 0x00,
  0x1E, 0x00, 0x00, 0xF0, 0x00, 0x00, 0x3F, 0x80, 0x00, 0xFF, 0xF0, 0x01,
  0xFF, 0xF8, 0x03, 0xE0, 0xFC, 0x07, 0xC0, 0x3C, 0x07, 0x80, 0x3E, 0x0F,
  0x00, 0x1E, 0x0F, 0x00, 0x1E, 0x0F, 0x00, 0x1E, 0x0F, 0x00, 0x00, 0x0F,
  0x00, 0x00, 0x0F, 0x00, 0x00, 0x0F, 0x00, 0x00, 0x0F, 0x00, 0x00, 0x0F,
  0x00, 0x00, 0x0F, 0x00, 0x00, 0xFF, 0xFF, 0x00, 0xFF, 0xFF, 0x00, 0xFF,
  0xFF, 0x00, 0x0F, 0x00, 0x00, 0x0F, 0x00, 0x00, 0x0F, 0x00, 0x00, 0x0F,
  0x00, 0x00, 0x0F, 0x00, 0x00, 0x0F, 0x00, 0x00, 0x0F, 0x00, 0x00, 0x0F,
  0x00, 0x00, 0x0F, 0x00, 0x00, 0x1E, 0x00, 0x00, 0x1E, 0x00, 0x00, 0xFF,
  0xFF, 0xFF, 0xFF, 0xFF, 0xFF, 0xFF, 0xFF, 0xFF, 0x00, 0x00, 0x00, 0x01,
  0x80, 0xFE, 0x03, 0x1E, 0x3F, 0xFE, 0x3D, 0xFB, 0xFF, 0xFB, 0xF7, 0xFF,
  0xFF, 0xFF, 0x1F, 0xF8, 0x3F, 0xF0, 0x7F, 0x00, 0x7F, 0x03, 0xE0, 0x00,
  0xF8, 0x3E, 0x00, 0x03, 0xE1, 0xF0, 0x00, 0x1F, 0x0F, 0x00, 0x00, 0x78,
  0xF8, 0x00, 0x03, 0xE7, 0x80, 0x00, 0x0F, 0x3C, 0x00, 0x00, 0x79, 0xE0,
  0x00, 0x03, 0xCF, 0x00, 0x00, 0x1E, 0x78, 0x00, 0x00, 0xF3, 0xC0, 0x00,
  0x07, 0x9F, 0x00, 0x00, 0x7C, 0x78, 0x00, 0x03, 0xC3, 0xE0, 0x00, 0x3E,
  0x0F, 0x00, 0x01, 0xE0, 0x7C, 0x00, 0x1F, 0x03, 0xF0, 0x01, 0xF8, 0x3F,
  0xF0, 0x7F, 0xE3, 0xFF, 0xFF, 0xFF, 0x9F, 0x7F, 0xFF, 0x7C, 0x71, 0xFF,
  0xF1, 0xC1, 0x01, 0xFC, 0x04, 0x00, 0xF8, 0x00, 0x1F, 0x7C, 0x00, 0x1F,
  0x7C, 0x00, 0x3E, 0x3E, 0x00, 0x3E, 0x3E, 0x00, 0x7C, 0x1F, 0x00, 0x78,
  0x0F, 0x00, 0xF8, 0x0F, 0x80, 0xF0, 0x07, 0x81, 0xF0, 0x07, 0xC1, 0xE0,
  0x03, 0xC3, 0xE0, 0x03, 0xE3, 0xC0, 0x01, 0xE7, 0xC0, 0x01, 0xF7, 0x80,
  0x00, 0xFF, 0x00, 0x00, 0xFF, 0x00, 0x3F, 0xFF, 0xFC, 0x3F, 0xFF, 0xFC,
  0x3F, 0xFF, 0xFC, 0x00, 0x3C, 0x00, 0x00, 0x3C, 0x00, 0x00, 0x3C, 0x00,
  0x00, 0x3C, 0x00, 0x3F, 0xFF, 0xFC, 0x3F, 0xFF, 0xFC, 0x3F, 0xFF, 0xFC,
  0x00, 0x3C, 0x00, 0x00, 0x3C, 0x00, 0x00, 0x3C, 0x00, 0x00, 0x3C, 0x00,
  0x00, 0x3C, 0x00, 0x00, 0x3C, 0x00, 0x00, 0x3C, 0x00, 0xFF, 0xFF, 0xFF,
  0xFF, 0xFF, 0xFF, 0xFF, 0xFF, 0xF0, 0x00, 0x0F, 0xFF, 0xFF, 0xFF, 0xFF,
  0xFF, 0xFF, 0xFF, 0xFF, 0xF0, 0x00, 0xFF, 0x80, 0x07, 0xFF, 0xF0, 0x0F,
  0xFF, 0xF8, 0x1F, 0x80, 0xFC, 0x3E, 0x00, 0x3E, 0x7C, 0x00, 0x1E, 0x78,
  0x00, 0x1F, 0x78, 0x00, 0x0F, 0x78, 0x00, 0x0F, 0x78, 0x00, 0x00, 0x7C,
  0x00, 0x00, 0x3E, 0x00, 0x00, 0x3F, 0x80, 0x00, 0x1F, 0xF0, 0x00, 0x1F,
  0xFE, 0x00, 0x3F, 0xFF, 0xC0, 0x7E, 0xFF, 0xF0, 0x78, 0x1F, 0xF8, 0xF0,
  0x01, 0xFC, 0xF0, 0x00, 0x7E, 0xF0, 0x00, 0x1F, 0xF0, 0x00, 0x1F, 0xF0,
  0x00, 0x0F, 0xF8, 0x00, 0x0F, 0x7E, 0x00, 0x0F, 0x3F, 0x80, 0x1F, 0x1F,
  0xF8, 0x1E, 0x0F, 0xFF, 0x7E, 0x03, 0xFF, 0xFC, 0x00, 0x7F, 0xF0, 0x00,
  0x0F, 0xF8, 0x00, 0x01, 0xFC, 0x00, 0x00, 0x7C, 0x00, 0x00, 0x3E, 0x00,
  0x00, 0x1E, 0xF0, 0x00, 0x1E, 0xF0, 0x00, 0x1E, 0xF8, 0x00, 0x1E, 0x78,
  0x00, 0x3E, 0x7C, 0x00, 0x7C, 0x3F, 0x81, 0xF8, 0x1F, 0xFF, 0xF0, 0x07,
  0xFF, 0xE0, 0x01, 0xFF, 0x00, 0x70, 0x1D, 0xF0, 0x7F, 0xE0, 0xFF, 0xC1,
  0xF7, 0x01, 0xC0, 0x00, 0x0F, 0xF8, 0x00, 0x00, 0x1F, 0xFF, 0x00, 0x00,
  0x3F, 0xFF, 0xE0, 0x00, 0x7F, 0x01, 0xFC, 0x00, 0x7C, 0x00, 0x1F, 0x00,
  0x7C, 0x00, 0x07, 0xC0, 0x7C, 0x00, 0x01, 0xF0, 0x38, 0x0F, 0xE0, 0x78,
  0x3C, 0x1F, 0xFC, 0x1E, 0x1C, 0x1F, 0xFF, 0x07, 0x1C, 0x1F, 0x0F, 0x83,
  0xCE, 0x0F, 0x03, 0xE0, 0xE7, 0x0F, 0x80, 0xF0, 0x77, 0x07, 0x80, 0x78,
  0x1F, 0x83, 0xC0, 0x00, 0x0F, 0xC1, 0xE0, 0x00, 0x07, 0xE0, 0xF0, 0x00,
  0x03, 0xF0, 0x78, 0x00, 0x01, 0xF8, 0x3C, 0x00, 0x00, 0xFC, 0x1E, 0x00,
  0x00, 0x7E, 0x0F, 0x00, 0xF0, 0x3B, 0x87, 0xC0, 0x78, 0x39, 0xC1, 0xE0,
  0x7C, 0x1C, 0xF0, 0xF8, 0x7C, 0x1E, 0x38, 0x3F, 0xFE, 0x0E, 0x1E, 0x0F,
  0xFE, 0x0F, 0x07, 0x81, 0xFC, 0x0F, 0x03, 0xE0, 0x00, 0x0F, 0x80, 0xF8,
  0x00, 0x0F, 0x80, 0x3E, 0x00, 0x0F, 0x80, 0x0F, 0xE0, 0x3F, 0x80, 0x01,
  0xFF, 0xFF, 0x00, 0x00, 0x3F, 0xFE, 0x00, 0x00, 0x07, 0xF8, 0x00, 0x00,
  0x30, 0x00, 0x63, 0xC0, 0x07, 0xBF, 0x00, 0x7E, 0xFC, 0x07, 0xE3, 0xF0,
  0x7E, 0x0F, 0xC7, 0xE0, 0x3F, 0x7E, 0x00, 0xFF, 0xE0, 0x03, 0xFE, 0x00,
  0x0F, 0xE0, 0x00, 0x7F, 0x00, 0x07, 0xFC, 0x00, 0x7F, 0xF0, 0x07, 0xEF,
  0xC0, 0x7E, 0x3F, 0x07, 0xE0, 0xFC, 0x7E, 0x03, 0xF7, 0xE0, 0x0F, 0xDE,
  0x00, 0x3C, 0x60, 0x00, 0xC0, 0x01, 0xC3, 0xC0, 0xE0, 0xE0, 0x78, 0x70,
  0x3C, 0x3C, 0x0E, 0x1E, 0x07, 0x8F, 0x03, 0xC3, 0xC1, 0xE1, 0xE0, 0xF8,
  0xF0, 0x1E, 0x3C, 0x07, 0x87, 0x80, 0xF0, 0xF0, 0x1E, 0x3C, 0x03, 0x87,
  0x80, 0xF0, 0xF0, 0x1E, 0x1C, 0x03, 0x83, 0x80, 0x70, 0xF0, 0xFF, 0xFF,
  0xFF, 0xFF, 0xFF, 0xFF, 0xFF, 0x80, 0x00, 0xF0, 0x00, 0x1E, 0x00, 0x03,
  0xC0, 0x00, 0x78, 0x00, 0x0F, 0x00, 0x01, 0xE0, 0xFF, 0xFF, 0xFF, 0xFF,
  0xFF, 0xFF, 0xFF, 0xFF, 0xFC, 0x00, 0x0F, 0xF0, 0x00, 0x3F, 0xC0, 0x00,
  0xFF, 0x00, 0x03, 0xFC, 0x00, 0x0F, 0xF0, 0x00, 0x3F, 0xC0, 0x00, 0xFF,
  0x00, 0x03, 0xFC, 0x00, 0x0F, 0xF0, 0x00, 0x3F, 0xC0, 0x00, 0xFF, 0x00,
  0x03, 0xFC, 0x00, 0x0F, 0xF0, 0x00, 0x3F, 0xC0, 0x00, 0xFF, 0x00, 0x03,
  0xFC, 0x00, 0x0F, 0xF0, 0x00, 0x3F, 0xC0, 0x00, 0xFF, 0x00, 0x03, 0xFC,
  0x00, 0x0F, 0xF0, 0x00, 0x3F, 0xC0, 0x00, 0xFF, 0x00, 0x03, 0xFC, 0x00,
  0x0F, 0xF0, 0x00, 0x3F, 0xC0, 0x00, 0xFF, 0x00, 0x03, 0xFC, 0x00, 0x0F,
  0xF0, 0x00, 0x3F, 0xC0, 0x00, 0xFF, 0x00, 0x03, 0xFC, 0x00, 0x0F, 0xFF,
  0xFF, 0xFF, 0xFF, 0xFF, 0xFF, 0xFF, 0xFF, 0xC0, 0x00, 0x0F, 0xF8, 0x00,
  0x00, 0x1F, 0xFF, 0x00, 0x00, 0x3F, 0xFF, 0xE0, 0x00, 0x7F, 0x01, 0xFC,
  0x00, 0x7C, 0x00, 0x1F, 0x00, 0x7C, 0x00, 0x07, 0xC0, 0x7C, 0x00, 0x01,
  0xF0, 0x38, 0x7F, 0xC0, 0x78, 0x3C, 0x3F, 0xF8, 0x1E, 0x1C, 0x1F, 0xFE,
  0x07, 0x1C, 0x0E, 0x07, 0x83, 0xCE, 0x07, 0x01, 0xC0, 0xE7, 0x03, 0x80,
  0xE0, 0x77, 0x01, 0xC0, 0x70, 0x1F, 0x80, 0xE0, 0x38, 0x0F, 0xC0, 0x70,
  0x38, 0x07, 0xE0, 0x3F, 0xFC, 0x03, 0xF0, 0x1F, 0xF8, 0x01, 0xF8, 0x0F,
  0xFF, 0x00, 0xFC, 0x07, 0x03, 0x80, 0x7E, 0x03, 0x80, 0xE0, 0x3B, 0x81,
  0xC0, 0x70, 0x39, 0xC0, 0xE0, 0x38, 0x1C, 0xF0, 0x70, 0x1C, 0x1E, 0x38,
  0x38, 0x0E, 0x0E, 0x1E, 0x1C, 0x07, 0x0F, 0x07, 0x80, 0x00, 0x0F, 0x03,
  0xE0, 0x00, 0x0F, 0x80, 0xF8, 0x00, 0x0F, 0x80, 0x3E, 0x00, 0x0F, 0x80,
  0x0F, 0xE0, 0x3F, 0x80, 0x01, 0xFF, 0xFF, 0x00, 0x00, 0x3F, 0xFE, 0x00,
  0x00, 0x07, 0xF8, 0x00, 0x00, 0xFF, 0xFF, 0xFF, 0xFF, 0xFF, 0xF8, 0x0F,
  0x03, 0xFC, 0x7F, 0xE7, 0x0E, 0xE0, 0x7E, 0x07, 0xE0, 0x7E, 0x07, 0x70,
  0xE7, 0xFE, 0x3F, 0xC0, 0xF0, 0x00, 0x78, 0x00, 0x03, 0xC0, 0x00, 0x1E,
  0x00, 0x00, 0xF0, 0x00, 0x07, 0x80, 0x00, 0x3C, 0x00, 0x01, 0xE0, 0x00,
  0x0F, 0x00, 0x00, 0x78, 0x00, 0x03, 0xC0, 0x3F, 0xFF, 0xFF, 0xFF, 0xFF,
  0xFF, 0xFF, 0xFF, 0x80, 0x3C, 0x00, 0x01, 0xE0, 0x00, 0x0F, 0x00, 0x00,
  0x78, 0x00, 0x03, 0xC0, 0x00, 0x1E, 0x00, 0x00, 0xF0, 0x00, 0x07, 0x80,
  0x00, 0x3C, 0x00, 0x00, 0x00, 0x00, 0x00, 0x00, 0x00, 0x00, 0x00, 0x00,
  0x00, 0x1F, 0xFF, 0xFC, 0xFF, 0xFF, 0xE7, 0xFF, 0xFF, 0x00, 0x0F, 0xC0,
  0xFF, 0xC7, 0xFF, 0x9E, 0x1F, 0xF0, 0x3F, 0xC0, 0xF0, 0x03, 0xC0, 0x1E,
  0x00, 0xF8, 0x07, 0xC0, 0x3E, 0x01, 0xF0, 0x1F, 0x80, 0xF8, 0x07, 0xC0,
  0x3F, 0xFF, 0xFF, 0xFF, 0xFF, 0xF0, 0x1F, 0xC0, 0xFF, 0xC7, 0xFF, 0x3E,
  0x3E, 0xF0, 0x78, 0x01, 0xE0, 0x0F, 0x81, 0xFC, 0x07, 0xE0, 0x1F, 0xE0,
  0x07, 0x80, 0x0F, 0x00, 0x3F, 0xC0, 0xFF, 0x87, 0xDF, 0xFE, 0x3F, 0xF0,
  0x3F, 0x00, 0x07, 0xC3, 0xE1, 0xF0, 0x78, 0x3C, 0x1E, 0x07, 0x00, 0xF0,
  0x00, 0xFF, 0x00, 0x0F, 0xF0, 0x00, 0xFF, 0x00, 0x0F, 0xF0, 0x00, 0xFF,
  0x00, 0x0F, 0xF0, 0x00, 0xFF, 0x00, 0x0F, 0xF0, 0x00, 0xFF, 0x00, 0x0F,
  0xF0, 0x00, 0xFF, 0x00, 0x0F, 0xF0, 0x00, 0xFF, 0x00, 0x0F, 0xF0, 0x00,
  0xFF, 0x00, 0x0F, 0xF0, 0x00, 0xFF, 0x00, 0x0F, 0xF0, 0x00, 0xFF, 0x80,
  0x1F, 0xF8, 0x03, 0xFF, 0xC0, 0xFF, 0xFF, 0xFF, 0xFF, 0xFF, 0xCF, 0xF7,
  0xF0, 0xFF, 0x00, 0x00, 0xF0, 0x00, 0x0F, 0x00, 0x00, 0xF0, 0x00, 0x0F,
  0x00, 0x00, 0xF0, 0x00, 0x0F, 0x00, 0x00, 0xF0, 0x00, 0x0F, 0x00, 0x00,
  0x00, 0xFF, 0xC1, 0xFF, 0xF0, 0xFF, 0xFC, 0x7F, 0xFF, 0x3F, 0xFF, 0xCF,
  0xFF, 0xF7, 0xFF, 0xFD, 0xFF, 0xFF, 0x7F, 0xFF, 0xDF, 0xFF, 0xFF, 0xFF,
  0xFD, 0xFF, 0xFF, 0x7F, 0xFF, 0xDF, 0xFF, 0xF7, 0xFF, 0xFC, 0xFF, 0xFF,
  0x3F, 0xFF, 0xC7, 0xFF, 0xF0, 0xFF, 0xFC, 0x1F, 0xFF, 0x00, 0xFF, 0xC0,
  0x00, 0xF0, 0x00, 0x3C, 0x00, 0x0F, 0x00, 0x03, 0xC0, 0x00, 0xF0, 0x00,
  0x3C, 0x00, 0x0F, 0x00, 0x03, 0xC0, 0x00, 0xF0, 0x00, 0x3C, 0x00, 0x0F,
  0x00, 0x03, 0xC0, 0x77, 0xFF, 0xF7, 0x00, 0x70, 0x78, 0x7E, 0x1F, 0x0F,
  0x0F, 0x1F, 0xFE, 0xFC, 0xF0, 0x01, 0x87, 0xFF, 0xFF, 0xFF, 0x78, 0x3C,
  0x1E, 0x0F, 0x07, 0x83, 0xC1, 0xE0, 0xF0, 0x78, 0x3C, 0x1E, 0x0F, 0x07,
  0x83, 0xC0, 0x00, 0x38, 0x00, 0x00, 0xF8, 0x00, 0x01, 0xF0, 0x00, 0x03,
  0xE0, 0x00, 0x03, 0x80, 0x00, 0x00, 0x00, 0x00, 0x00, 0x00, 0x00, 0x00,
  0x00, 0x00, 0x00, 0x00, 0x00, 0x00, 0x03, 0xFF, 0xFF, 0xFF, 0xFF, 0xFF,
  0xFF, 0xFF, 0xFF, 0xFF, 0xFF, 0xFF, 0xC0, 0x00, 0x00, 0x00, 0x00, 0x00,
  0x00, 0x00, 0x00, 0x00, 0x00, 0x00, 0x00, 0x00, 0x00, 0x01, 0xC0, 0x00,
  0x07, 0xC0, 0x00, 0x0F, 0x80, 0x00, 0x1F, 0x00, 0x00, 0x1C, 0x00, 0x70,
  0x70, 0x1E, 0x1E, 0x03, 0xC3, 0xC0, 0x70, 0x70, 0x1E, 0x1E, 0x03, 0xC3,
  0xC0, 0x78, 0x78, 0x1E, 0x1E, 0x03, 0xC3, 0xC0, 0xF0, 0xF0, 0x78, 0x7C,
  0x1E, 0x1E, 0x0F, 0x0F, 0x07, 0x87, 0x81, 0xC1, 0xC0, 0xF0, 0xF0, 0x78,
  0x78, 0x1C, 0x1C, 0x00, 0x03, 0x80, 0x02, 0x00, 0x7E, 0x00, 0x1C, 0x0F,
  0xF8, 0x00, 0xF0, 0x3F, 0xE0, 0x03, 0x80, 0xC7, 0x80, 0x1C, 0x00, 0x1E,
  0x00, 0x70, 0x00, 0x78, 0x03, 0x80, 0x01, 0xE0, 0x1E, 0x00, 0x07, 0x80,
  0x70, 0x00, 0x1E, 0x03, 0x80, 0x00, 0x78, 0x1E, 0x00, 0x01, 0xE0, 0x70,
  0x00, 0x07, 0x83, 0xC1, 0xE0, 0x1E, 0x0E, 0x0F, 0x80, 0x78, 0x70, 0x7E,
  0x01, 0xE3, 0xC1, 0xF8, 0x07, 0x8E, 0x0F, 0xE0, 0x1E, 0x78, 0x7F, 0x80,
  0x01, 0xC1, 0xDE, 0x00, 0x0E, 0x0E, 0x78, 0x00, 0x78, 0x71, 0xE0, 0x01,
  0xC3, 0xC7, 0x80, 0x0F, 0x0E, 0x1E, 0x00, 0x38, 0x7F, 0xFF, 0x01, 0xC1,
  0xFF, 0xFC, 0x0F, 0x07, 0xFF, 0xF0, 0x18, 0x00, 0x1E, 0x00, 0x00, 0x00,
  0x78, 0x00, 0x00, 0x01, 0xE0, 0x00, 0x00, 0x07, 0x80, 0x01, 0x80, 0x02,
  0x00, 0x1F, 0x80, 0x03, 0x00, 0xFF, 0x80, 0x07, 0x00, 0xFF, 0x80, 0x0E,
  0x00, 0xE7, 0x80, 0x0E, 0x00, 0x07, 0x80, 0x1C, 0x00, 0x07, 0x80, 0x3C,
  0x00, 0x07, 0x80, 0x38, 0x00, 0x07, 0x80, 0x70, 0x00, 0x07, 0x80, 0x70,
  0x00, 0x07, 0x80, 0xE0, 0x00, 0x07, 0x81, 0xC0, 0x00, 0x07, 0x81, 0xC3,
  0xF0, 0x07, 0x83, 0x8F, 0xF8, 0x07, 0x87, 0x1F, 0xFC, 0x07, 0x87, 0x3E,
  0x3E, 0x07, 0x8E, 0x3C, 0x1E, 0x07, 0x9E, 0x3C, 0x1E, 0x00, 0x1C, 0x00,
  0x1E, 0x00, 0x38, 0x00, 0x3C, 0x00, 0x78, 0x00, 0x7C, 0x00, 0x70, 0x00,
  0xF8, 0x00, 0xE0, 0x01, 0xF0, 0x01, 0xE0, 0x03, 0xE0, 0x01, 0xC0, 0x07,
  0xC0, 0x03, 0xC0, 0x0F, 0x80, 0x01, 0x80, 0x1F, 0x00, 0x00, 0x00, 0x3F,
  0xFF, 0x00, 0x00, 0x3F, 0xFF, 0x00, 0x00, 0x3F, 0xFF, 0x0F, 0xC0, 0x00,
  0x00, 0x0F, 0xF8, 0x00, 0x18, 0x07, 0xFF, 0x00, 0x07, 0x03, 0xE3, 0xE0,
  0x03, 0x80, 0xF0, 0x78, 0x01, 0xE0, 0x00, 0x1E, 0x00, 0x70, 0x00, 0x07,
  0x80, 0x38, 0x00, 0x03, 0xC0, 0x1E, 0x00, 0x07, 0xF0, 0x07, 0x00, 0x01,
  0xF8, 0x03, 0xC0, 0x00, 0x7F, 0x81, 0xE0, 0x00, 0x01, 0xF0, 0x70, 0x00,
  0x00, 0x3C, 0x3C, 0x00, 0x00, 0x0F, 0x0E, 0x07, 0x8F, 0x03, 0xC7, 0x03,
  0xE3, 0xE1, 0xF3, 0xC1, 0xF8, 0x7F, 0xF8, 0xE0, 0xFE, 0x0F, 0xFC, 0x70,
  0x3F, 0x80, 0xFC, 0x3C, 0x1F, 0xE0, 0x00, 0x0E, 0x0F, 0x78, 0x00, 0x07,
  0x83, 0x9E, 0x00, 0x03, 0xC1, 0xC7, 0x80, 0x00, 0xE0, 0xE1, 0xE0, 0x00,
  0x78, 0x38, 0x78, 0x00, 0x3C, 0x1F, 0xFF, 0xC0, 0x0E, 0x07, 0xFF, 0xF0,
  0x07, 0x81, 0xFF, 0xFC, 0x00, 0xC0, 0x00, 0x78, 0x00, 0x00, 0x00, 0x1E,
  0x00, 0x00, 0x00, 0x07, 0x80, 0x00, 0x00, 0x01, 0xE0, 0xFF, 0xFF, 0xFF,
  0xFF, 0xFF, 0xFF, 0xFF, 0xFF, 0xFC, 0x00, 0x0F, 0xF0, 0x00, 0x3F, 0xC0,
  0x00, 0xFF, 0x00, 0x03, 0xFC, 0x00, 0x0F, 0xF0, 0x00, 0x3F, 0xC0, 0x00,
  0xFF, 0x00, 0x03, 0xFC, 0x00, 0x0F, 0xF0, 0x00, 0x3F, 0xC0, 0x00, 0xFF,
  0x00, 0x03, 0xFC, 0x00, 0x0F, 0xF0, 0x00, 0x3F, 0xC0, 0x00, 0xFF, 0x00,
  0x03, 0xFC, 0x00, 0x0F, 0xF0, 0x00, 0x3F, 0xC0, 0x00, 0xFF, 0x00, 0x03,
  0xFC, 0x00, 0x0F, 0xF0, 0x00, 0x3F, 0xC0, 0x00, 0xFF, 0x00, 0x03, 0xFC,
  0x00, 0x0F, 0xF0, 0x00, 0x3F, 0xC0, 0x00, 0xFF, 0x00, 0x03, 0xFC, 0x00,
  0x0F, 0xF0, 0x00, 0x3F, 0xC0, 0x00, 0xFF, 0x00, 0x03, 0xFC, 0x00, 0x0F,
  0xFF, 0xFF, 0xFF, 0xFF, 0xFF, 0xFF, 0xFF, 0xFF, 0xC0, 0xFF, 0xFF, 0xFF,
  0xFF, 0xFF, 0xFF, 0xFF, 0xFF, 0xFC, 0x00, 0x0F, 0xF0, 0x00, 0x3F, 0xC0,
  0x00, 0xFF, 0x00, 0x03, 0xFC, 0x00, 0x0F, 0xF0, 0x00, 0x3F, 0xC0, 0x00,
  0xFF, 0x00, 0x03, 0xFC, 0x00, 0x0F, 0xF0, 0x00, 0x3F, 0xC0, 0x00, 0xFF,
  0x00, 0x03, 0xFC, 0x00, 0x0F, 0xF0, 0x00, 0x3F, 0xC0, 0x00, 0xFF, 0x00,
  0x03, 0xFC, 0x00, 0x0F, 0xF0, 0x00, 0x3F, 0xC0, 0x00, 0xFF, 0x00, 0x03,
  0xFC, 0x00, 0x0F, 0xF0, 0x00, 0x3F, 0xC0, 0x00, 0xFF, 0x00, 0x03, 0xFC,
  0x00, 0x0F, 0xF0, 0x00, 0x3F, 0xC0, 0x00, 0xFF, 0x00, 0x03, 0xFC, 0x00,
  0x0F, 0xF0, 0x00, 0x3F, 0xC0, 0x00, 0xFF, 0x00, 0x03, 0xFC, 0x00, 0x0F,
  0xFF, 0xFF, 0xFF, 0xFF, 0xFF, 0xFF, 0xFF, 0xFF, 0xC0, 0xFF, 0xFF, 0xFF,
  0xFF, 0xFF, 0xFF, 0xFF, 0xFF, 0xFC, 0x00, 0x0F, 0xF0, 0x00, 0x3F, 0xC0,
  0x00, 0xFF, 0x00, 0x03, 0xFC, 0x00, 0x0F, 0xF0, 0x00, 0x3F, 0xC0, 0x00,
  0xFF, 0x00, 0x03, 0xFC, 0x00, 0x0F, 0xF0, 0x00, 0x3F, 0xC0, 0x00, 0xFF,
  0x00, 0x03, 0xFC, 0x00, 0x0F, 0xF0, 0x00, 0x3F, 0xC0, 0x00, 0xFF, 0x00,
  0x03, 0xFC, 0x00, 0x0F, 0xF0, 0x00, 0x3F, 0xC0, 0x00, 0xFF, 0x00, 0x03,
  0xFC, 0x00, 0x0F, 0xF0, 0x00, 0x3F, 0xC0, 0x00, 0xFF, 0x00, 0x03, 0xFC,
  0x00, 0x0F, 0xF0, 0x00, 0x3F, 0xC0, 0x00, 0xFF, 0x00, 0x03, 0xFC, 0x00,
  0x0F, 0xF0, 0x00, 0x3F, 0xC0, 0x00, 0xFF, 0x00, 0x03, 0xFC, 0x00, 0x0F,
  0xFF, 0xFF, 0xFF, 0xFF, 0xFF, 0xFF, 0xFF, 0xFF, 0xC0, 0xFF, 0xFF, 0xFF,
  0xFF, 0xFF, 0xFF, 0xFF, 0xFF, 0xFC, 0x00, 0x0F, 0xF0, 0x00, 0x3F, 0xC0,
  0x00, 0xFF, 0x00, 0x03, 0xFC, 0x00, 0x0F, 0xF0, 0x00, 0x3F, 0xC0, 0x00,
  0xFF, 0x00, 0x03, 0xFC, 0x00, 0x0F, 0xF0, 0x00, 0x3F, 0xC0, 0x00, 0xFF,
  0x00, 0x03, 0xFC, 0x00, 0x0F, 0xF0, 0x00, 0x3F, 0xC0, 0x00, 0xFF, 0x00,
  0x03, 0xFC, 0x00, 0x0F, 0xF0, 0x00, 0x3F, 0xC0, 0x00, 0xFF, 0x00, 0x03,
  0xFC, 0x00, 0x0F, 0xF0, 0x00, 0x3F, 0xC0, 0x00, 0xFF, 0x00, 0x03, 0xFC,
  0x00, 0x0F, 0xF0, 0x00, 0x3F, 0xC0, 0x00, 0xFF, 0x00, 0x03, 0xFC, 0x00,
  0x0F, 0xF0, 0x00, 0x3F, 0xC0, 0x00, 0xFF, 0x00, 0x03, 0xFC, 0x00, 0x0F,
  0xFF, 0xFF, 0xFF, 0xFF, 0xFF, 0xFF, 0xFF, 0xFF, 0xC0, 0xFF, 0xFF, 0xFF,
  0xFF, 0xFF, 0xFF, 0xFF, 0xFF, 0xFC, 0x00, 0x0F, 0xF0, 0x00, 0x3F, 0xC0,
  0x00, 0xFF, 0x00, 0x03, 0xFC, 0x00, 0x0F, 0xF0, 0x00, 0x3F, 0xC0, 0x00,
  0xFF, 0x00, 0x03, 0xFC, 0x00, 0x0F, 0xF0, 0x00, 0x3F, 0xC0, 0x00, 0xFF,
  0x00, 0x03, 0xFC, 0x00, 0x0F, 0xF0, 0x00, 0x3F, 0xC0, 0x00, 0xFF, 0x00,
  0x03, 0xFC, 0x00, 0x0F, 0xF0, 0x00, 0x3F, 0xC0, 0x00, 0xFF, 0x00, 0x03,
  0xFC, 0x00, 0x0F, 0xF0, 0x00, 0x3F, 0xC0, 0x00, 0xFF, 0x00, 0x03, 0xFC,
  0x00, 0x0F, 0xF0, 0x00, 0x3F, 0xC0, 0x00, 0xFF, 0x00, 0x03, 0xFC, 0x00,
  0x0F, 0xF0, 0x00, 0x3F, 0xC0, 0x00, 0xFF, 0x00, 0x03, 0xFC, 0x00, 0x0F,
  0xFF, 0xFF, 0xFF, 0xFF, 0xFF, 0xFF, 0xFF, 0xFF, 0xC0, 0xFF, 0xFF, 0xFF,
  0xFF, 0xFF, 0xFF, 0xFF, 0xFF, 0xFC, 0x00, 0x0F, 0xF0, 0x00, 0x3F, 0xC0,
  0x00, 0xFF, 0x00, 0x03, 0xFC, 0x00, 0x0F, 0xF0, 0x00, 0x3F, 0xC0, 0x00,
  0xFF, 0x00, 0x03, 0xFC, 0x00, 0x0F, 0xF0, 0x00, 0x3F, 0xC0, 0x00, 0xFF,
  0x00, 0x03, 0xFC, 0x00, 0x0F, 0xF0, 0x00, 0x3F, 0xC0, 0x00, 0xFF, 0x00,
  0x03, 0xFC, 0x00, 0x0F, 0xF0, 0x00, 0x3F, 0xC0, 0x00, 0xFF, 0x00, 0x03,
  0xFC, 0x00, 0x0F, 0xF0, 0x00, 0x3F, 0xC0, 0x00, 0xFF, 0x00, 0x03, 0xFC,
  0x00, 0x0F, 0xF0, 0x00, 0x3F, 0xC0, 0x00, 0xFF, 0x00, 0x03, 0xFC, 0x00,
  0x0F, 0xF0, 0x00, 0x3F, 0xC0, 0x00, 0xFF, 0x00, 0x03, 0xFC, 0x00, 0x0F,
  0xFF, 0xFF, 0xFF, 0xFF, 0xFF, 0xFF, 0xFF, 0xFF, 0xC0, 0xFF, 0xFF, 0xFF,
  0xFF, 0xFF, 0xFF, 0xFF, 0xFF, 0xFC, 0x00, 0x0F, 0xF0, 0x00, 0x3F, 0xC0,
  0x00, 0xFF, 0x00, 0x03, 0xFC, 0x00, 0x0F, 0xF0, 0x00, 0x3F, 0xC0, 0x00,
  0xFF, 0x00, 0x03, 0xFC, 0x00, 0x0F, 0xF0, 0x00, 0x3F, 0xC0, 0x00, 0xFF,
  0x00, 0x03, 0xFC, 0x00, 0x0F, 0xF0, 0x00, 0x3F, 0xC0, 0x00, 0xFF, 0x00,
  0x03, 0xFC, 0x00, 0x0F, 0xF0, 0x00, 0x3F, 0xC0, 0x00, 0xFF, 0x00, 0x03,
  0xFC, 0x00, 0x0F, 0xF0, 0x00, 0x3F, 0xC0, 0x00, 0xFF, 0x00, 0x03, 0xFC,
  0x00, 0x0F, 0xF0, 0x00, 0x3F, 0xC0, 0x00, 0xFF, 0x00, 0x03, 0xFC, 0x00,
  0x0F, 0xF0, 0x00, 0x3F, 0xC0, 0x00, 0xFF, 0x00, 0x03, 0xFC, 0x00, 0x0F,
  0xFF, 0xFF, 0xFF, 0xFF, 0xFF, 0xFF, 0xFF, 0xFF, 0xC0, 0xFF, 0xFF, 0xFF,
  0xFF, 0xFF, 0xFF, 0xFF, 0xFF, 0xFC, 0x00, 0x0F, 0xF0, 0x00, 0x3F, 0xC0,
  0x00, 0xFF, 0x00, 0x03, 0xFC, 0x00, 0x0F, 0xF0, 0x00, 0x3F, 0xC0, 0x00,
  0xFF, 0x00, 0x03, 0xFC, 0x00, 0x0F, 0xF0, 0x00, 0x3F, 0xC0, 0x00, 0xFF,
  0x00, 0x03, 0xFC, 0x00, 0x0F, 0xF0, 0x00, 0x3F, 0xC0, 0x00, 0xFF, 0x00,
  0x03, 0xFC, 0x00, 0x0F, 0xF0, 0x00, 0x3F, 0xC0, 0x00, 0xFF, 0x00, 0x03,
  0xFC, 0x00, 0x0F, 0xF0, 0x00, 0x3F, 0xC0, 0x00, 0xFF, 0x00, 0x03, 0xFC,
  0x00, 0x0F, 0xF0, 0x00, 0x3F, 0xC0, 0x00, 0xFF, 0x00, 0x03, 0xFC, 0x00,
  0x0F, 0xF0, 0x00, 0x3F, 0xC0, 0x00, 0xFF, 0x00, 0x03, 0xFC, 0x00, 0x0F,
  0xFF, 0xFF, 0xFF, 0xFF, 0xFF, 0xFF, 0xFF, 0xFF, 0xC0, 0xFF, 0xFF, 0xFF,
  0xFF, 0xFF, 0xFF, 0xFF, 0xFF, 0xFC, 0x00, 0x0F, 0xF0, 0x00, 0x3F, 0xC0,
  0x00, 0xFF, 0x00, 0x03, 0xFC, 0x00, 0x0F, 0xF0, 0x00, 0x3F, 0xC0, 0x00,
  0xFF, 0x00, 0x03, 0xFC, 0x00, 0x0F, 0xF0, 0x00, 0x3F, 0xC0, 0x00, 0xFF,
  0x00, 0x03, 0xFC, 0x00, 0x0F, 0xF0, 0x00, 0x3F, 0xC0, 0x00, 0xFF, 0x00,
  0x03, 0xFC, 0x00, 0x0F, 0xF0, 0x00, 0x3F, 0xC0, 0x00, 0xFF, 0x00, 0x03,
  0xFC, 0x00, 0x0F, 0xF0, 0x00, 0x3F, 0xC0, 0x00, 0xFF, 0x00, 0x03, 0xFC,
  0x00, 0x0F, 0xF0, 0x00, 0x3F, 0xC0, 0x00, 0xFF, 0x00, 0x03, 0xFC, 0x00,
  0x0F, 0xF0, 0x00, 0x3F, 0xC0, 0x00, 0xFF, 0x00, 0x03, 0xFC, 0x00, 0x0F,
  0xFF, 0xFF, 0xFF, 0xFF, 0xFF, 0xFF, 0xFF, 0xFF, 0xC0, 0xFF, 0xFF, 0xFF,
  0xFF, 0xFF, 0xFF, 0xFF, 0xFF, 0xFC, 0x00, 0x0F, 0xF0, 0x00, 0x3F, 0xC0,
  0x00, 0xFF, 0x00, 0x03, 0xFC, 0x00, 0x0F, 0xF0, 0x00, 0x3F, 0xC0, 0x00,
  0xFF, 0x00, 0x03, 0xFC, 0x00, 0x0F, 0xF0, 0x00, 0x3F, 0xC0, 0x00, 0xFF,
  0x00, 0x03, 0xFC, 0x00, 0x0F, 0xF0, 0x00, 0x3F, 0xC0, 0x00, 0xFF, 0x00,
  0x03, 0xFC, 0x00, 0x0F, 0xF0, 0x00, 0x3F, 0xC0, 0x00, 0xFF, 0x00, 0x03,
  0xFC, 0x00, 0x0F, 0xF0, 0x00, 0x3F, 0xC0, 0x00, 0xFF, 0x00, 0x03, 0xFC,
  0x00, 0x0F, 0xF0, 0x00, 0x3F, 0xC0, 0x00, 0xFF, 0x00, 0x03, 0xFC, 0x00,
  0x0F, 0xF0, 0x00, 0x3F, 0xC0, 0x00, 0xFF, 0x00, 0x03, 0xFC, 0x00, 0x0F,
  0xFF, 0xFF, 0xFF, 0xFF, 0xFF, 0xFF, 0xFF, 0xFF, 0xC0, 0xFF, 0xFF, 0xFF,
  0xFF, 0xFF, 0xFF, 0xFF, 0xFF, 0xFC, 0x00, 0x0F, 0xF0, 0x00, 0x3F, 0xC0,
  0x00, 0xFF, 0x00, 0x03, 0xFC, 0x00, 0x0F, 0xF0, 0x00, 0x3F, 0xC0, 0x00,
  0xFF, 0x00, 0x03, 0xFC, 0x00, 0x0F, 0xF0, 0x00, 0x3F, 0xC0, 0x00, 0xFF,
  0x00, 0x03, 0xFC, 0x00, 0x0F, 0xF0, 0x00, 0x3F, 0xC0, 0x00, 0xFF, 0x00,
  0x03, 0xFC, 0x00, 0x0F, 0xF0, 0x00, 0x3F, 0xC0, 0x00, 0xFF, 0x00, 0x03,
  0xFC, 0x00, 0x0F, 0xF0, 0x00, 0x3F, 0xC0, 0x00, 0xFF, 0x00, 0x03, 0xFC,
  0x00, 0x0F, 0xF0, 0x00, 0x3F, 0xC0, 0x00, 0xFF, 0x00, 0x03, 0xFC, 0x00,
  0x0F, 0xF0, 0x00, 0x3F, 0xC0, 0x00, 0xFF, 0x00, 0x03, 0xFC, 0x00, 0x0F,
  0xFF, 0xFF, 0xFF, 0xFF, 0xFF, 0xFF, 0xFF, 0xFF, 0xC0, 0xFF, 0xFF, 0xFF,
  0xFF, 0xFF, 0xFF, 0xFF, 0xFF, 0xFC, 0x00, 0x0F, 0xF0, 0x00, 0x3F, 0xC0,
  0x00, 0xFF, 0x00, 0x03, 0xFC, 0x00, 0x0F, 0xF0, 0x00, 0x3F, 0xC0, 0x00,
  0xFF, 0x00, 0x03, 0xFC, 0x00, 0x0F, 0xF0, 0x00, 0x3F, 0xC0, 0x00, 0xFF,
  0x00, 0x03, 0xFC, 0x00, 0x0F, 0xF0, 0x00, 0x3F, 0xC0, 0x00, 0xFF, 0x00,
  0x03, 0xFC, 0x00, 0x0F, 0xF0, 0x00, 0x3F, 0xC0, 0x00, 0xFF, 0x00, 0x03,
  0xFC, 0x00, 0x0F, 0xF0, 0x00, 0x3F, 0xC0, 0x00, 0xFF, 0x00, 0x03, 0xFC,
  0x00, 0x0F, 0xF0, 0x00, 0x3F, 0xC0, 0x00, 0xFF, 0x00, 0x03, 0xFC, 0x00,
  0x0F, 0xF0, 0x00, 0x3F, 0xC0, 0x00, 0xFF, 0x00, 0x03, 0xFC, 0x00, 0x0F,
  0xFF, 0xFF, 0xFF, 0xFF, 0xFF, 0xFF, 0xFF, 0xFF, 0xC0, 0xFF, 0xFF, 0xFF,
  0xFF, 0xFF, 0xFF, 0xFF, 0xFF, 0xFC, 0x00, 0x0F, 0xF0, 0x00, 0x3F, 0xC0,
  0x00, 0xFF, 0x00, 0x03, 0xFC, 0x00, 0x0F, 0xF0, 0x00, 0x3F, 0xC0, 0x00,
  0xFF, 0x00, 0x03, 0xFC, 0x00, 0x0F, 0xF0, 0x00, 0x3F, 0xC0, 0x00, 0xFF,
  0x00, 0x03, 0xFC, 0x00, 0x0F, 0xF0, 0x00, 0x3F, 0xC0, 0x00, 0xFF, 0x00,
  0x03, 0xFC, 0x00, 0x0F, 0xF0, 0x00, 0x3F, 0xC0, 0x00, 0xFF, 0x00, 0x03,
  0xFC, 0x00, 0x0F, 0xF0, 0x00, 0x3F, 0xC0, 0x00, 0xFF, 0x00, 0x03, 0xFC,
  0x00, 0x0F, 0xF0, 0x00, 0x3F, 0xC0, 0x00, 0xFF, 0x00, 0x03, 0xFC, 0x00,
  0x0F, 0xF0, 0x00, 0x3F, 0xC0, 0x00, 0xFF, 0x00, 0x03, 0xFC, 0x00, 0x0F,
  0xFF, 0xFF, 0xFF, 0xFF, 0xFF, 0xFF, 0xFF, 0xFF, 0xC0, 0xFF, 0xFF, 0xFF,
  0xFF, 0xFF, 0xFF, 0xFF, 0xFF, 0xFC, 0x00, 0x0F, 0xF0, 0x00, 0x3F, 0xC0,
  0x00, 0xFF, 0x00, 0x03, 0xFC, 0x00, 0x0F, 0xF0, 0x00, 0x3F, 0xC0, 0x00,
  0xFF, 0x00, 0x03, 0xFC, 0x00, 0x0F, 0xF0, 0x00, 0x3F, 0xC0, 0x00, 0xFF,
  0x00, 0x03, 0xFC, 0x00, 0x0F, 0xF0, 0x00, 0x3F, 0xC0, 0x00, 0xFF, 0x00,
  0x03, 0xFC, 0x00, 0x0F, 0xF0, 0x00, 0x3F, 0xC0, 0x00, 0xFF, 0x00, 0x03,
  0xFC, 0x00, 0x0F, 0xF0, 0x00, 0x3F, 0xC0, 0x00, 0xFF, 0x00, 0x03, 0xFC,
  0x00, 0x0F, 0xF0, 0x00, 0x3F, 0xC0, 0x00, 0xFF, 0x00, 0x03, 0xFC, 0x00,
  0x0F, 0xF0, 0x00, 0x3F, 0xC0, 0x00, 0xFF, 0x00, 0x03, 0xFC, 0x00, 0x0F,
  0xFF, 0xFF, 0xFF, 0xFF, 0xFF, 0xFF, 0xFF, 0xFF, 0xC0, 0xFF, 0xFF, 0xFF,
  0xFF, 0xFF, 0xFF, 0xFF, 0xFF, 0xFC, 0x00, 0x0F, 0xF0, 0x00, 0x3F, 0xC0,
  0x00, 0xFF, 0x00, 0x03, 0xFC, 0x00, 0x0F, 0xF0, 0x00, 0x3F, 0xC0, 0x00,
  0xFF, 0x00, 0x03, 0xFC, 0x00, 0x0F, 0xF0, 0x00, 0x3F, 0xC0, 0x00, 0xFF,
  0x00, 0x03, 0xFC, 0x00, 0x0F, 0xF0, 0x00, 0x3F, 0xC0, 0x00, 0xFF, 0x00,
  0x03, 0xFC, 0x00, 0x0F, 0xF0, 0x00, 0x3F, 0xC0, 0x00, 0xFF, 0x00, 0x03,
  0xFC, 0x00, 0x0F, 0xF0, 0x00, 0x3F, 0xC0, 0x00, 0xFF, 0x00, 0x03, 0xFC,
  0x00, 0x0F, 0xF0, 0x00, 0x3F, 0xC0, 0x00, 0xFF, 0x00, 0x03, 0xFC, 0x00,
  0x0F, 0xF0, 0x00, 0x3F, 0xC0, 0x00, 0xFF, 0x00, 0x03, 0xFC, 0x00, 0x0F,
  0xFF, 0xFF, 0xFF, 0xFF, 0xFF, 0xFF, 0xFF, 0xFF, 0xC0, 0xFF, 0xFF, 0xFF,
  0xFF, 0xFF, 0xFF, 0xFF, 0xFF, 0xFC, 0x00, 0x0F, 0xF0, 0x00, 0x3F, 0xC0,
  0x00, 0xFF, 0x00, 0x03, 0xFC, 0x00, 0x0F, 0xF0, 0x00, 0x3F, 0xC0, 0x00,
  0xFF, 0x00, 0x03, 0xFC, 0x00, 0x0F, 0xF0, 0x00, 0x3F, 0xC0, 0x00, 0xFF,
  0x00, 0x03, 0xFC, 0x00, 0x0F, 0xF0, 0x00, 0x3F, 0xC0, 0x00, 0xFF, 0x00,
  0x03, 0xFC, 0x00, 0x0F, 0xF0, 0x00, 0x3F, 0xC0, 0x00, 0xFF, 0x00, 0x03,
  0xFC, 0x00, 0x0F, 0xF0, 0x00, 0x3F, 0xC0, 0x00, 0xFF, 0x00, 0x03, 0xFC,
  0x00, 0x0F, 0xF0, 0x00, 0x3F, 0xC0, 0x00, 0xFF, 0x00, 0x03, 0xFC, 0x00,
  0x0F, 0xF0, 0x00, 0x3F, 0xC0, 0x00, 0xFF, 0x00, 0x03, 0xFC, 0x00, 0x0F,
  0xFF, 0xFF, 0xFF, 0xFF, 0xFF, 0xFF, 0xFF, 0xFF, 0xC0, 0xFF, 0xFF, 0xFF,
  0xFF, 0xFF, 0xFF, 0xFF, 0xFF, 0xFC, 0x00, 0x0F, 0xF0, 0x00, 0x3F, 0xC0,
  0x00, 0xFF, 0x00, 0x03, 0xFC, 0x00, 0x0F, 0xF0, 0x00, 0x3F, 0xC0, 0x00,
  0xFF, 0x00, 0x03, 0xFC, 0x00, 0x0F, 0xF0, 0x00, 0x3F, 0xC0, 0x00, 0xFF,
  0x00, 0x03, 0xFC, 0x00, 0x0F, 0xF0, 0x00, 0x3F, 0xC0, 0x00, 0xFF, 0x00,
  0x03, 0xFC, 0x00, 0x0F, 0xF0, 0x00, 0x3F, 0xC0, 0x00, 0xFF, 0x00, 0x03,
  0xFC, 0x00, 0x0F, 0xF0, 0x00, 0x3F, 0xC0, 0x00, 0xFF, 0x00, 0x03, 0xFC,
  0x00, 0x0F, 0xF0, 0x00, 0x3F, 0xC0, 0x00, 0xFF, 0x00, 0x03, 0xFC, 0x00,
  0x0F, 0xF0, 0x00, 0x3F, 0xC0, 0x00, 0xFF, 0x00, 0x03, 0xFC, 0x00, 0x0F,
  0xFF, 0xFF, 0xFF, 0xFF, 0xFF, 0xFF, 0xFF, 0xFF, 0xC0, 0xFF, 0xFF, 0xFF,
  0xFF, 0xFF, 0xFF, 0xFF, 0xFF, 0xFC, 0x00, 0x0F, 0xF0, 0x00, 0x3F, 0xC0,
  0x00, 0xFF, 0x00, 0x03, 0xFC, 0x00, 0x0F, 0xF0, 0x00, 0x3F, 0xC0, 0x00,
  0xFF, 0x00, 0x03, 0xFC, 0x00, 0x0F, 0xF0, 0x00, 0x3F, 0xC0, 0x00, 0xFF,
  0x00, 0x03, 0xFC, 0x00, 0x0F, 0xF0, 0x00, 0x3F, 0xC0, 0x00, 0xFF, 0x00,
  0x03, 0xFC, 0x00, 0x0F, 0xF0, 0x00, 0x3F, 0xC0, 0x00, 0xFF, 0x00, 0x03,
  0xFC, 0x00, 0x0F, 0xF0, 0x00, 0x3F, 0xC0, 0x00, 0xFF, 0x00, 0x03, 0xFC,
  0x00, 0x0F, 0xF0, 0x00, 0x3F, 0xC0, 0x00, 0xFF, 0x00, 0x03, 0xFC, 0x00,
  0x0F, 0xF0, 0x00, 0x3F, 0xC0, 0x00, 0xFF, 0x00, 0x03, 0xFC, 0x00, 0x0F,
  0xFF, 0xFF, 0xFF, 0xFF, 0xFF, 0xFF, 0xFF, 0xFF, 0xC0, 0xFF, 0xFF, 0xFF,
  0xFF, 0xFF, 0xFF, 0xFF, 0xFF, 0xFC, 0x00, 0x0F, 0xF0, 0x00, 0x3F, 0xC0,
  0x00, 0xFF, 0x00, 0x03, 0xFC, 0x00, 0x0F, 0xF0, 0x00, 0x3F, 0xC0, 0x00,
  0xFF, 0x00, 0x03, 0xFC, 0x00, 0x0F, 0xF0, 0x00, 0x3F, 0xC0, 0x00, 0xFF,
  0x00, 0x03, 0xFC, 0x00, 0x0F, 0xF0, 0x00, 0x3F, 0xC0, 0x00, 0xFF, 0x00,
  0x03, 0xFC, 0x00, 0x0F, 0xF0, 0x00, 0x3F, 0xC0, 0x00, 0xFF, 0x00, 0x03,
  0xFC, 0x00, 0x0F, 0xF0, 0x00, 0x3F, 0xC0, 0x00, 0xFF, 0x00, 0x03, 0xFC,
  0x00, 0x0F, 0xF0, 0x00, 0x3F, 0xC0, 0x00, 0xFF, 0x00, 0x03, 0xFC, 0x00,
  0x0F, 0xF0, 0x00, 0x3F, 0xC0, 0x00, 0xFF, 0x00, 0x03, 0xFC, 0x00, 0x0F,
  0xFF, 0xFF, 0xFF, 0xFF, 0xFF, 0xFF, 0xFF, 0xFF, 0xC0, 0xFF, 0xFF, 0xFF,
  0xFF, 0xFF, 0xFF, 0xFF, 0xFF, 0xFC, 0x00, 0x0F, 0xF0, 0x00, 0x3F, 0xC0,
  0x00, 0xFF, 0x00, 0x03, 0xFC, 0x00, 0x0F, 0xF0, 0x00, 0x3F, 0xC0, 0x00,
  0xFF, 0x00, 0x03, 0xFC, 0x00, 0x0F, 0xF0, 0x00, 0x3F, 0xC0, 0x00, 0xFF,
  0x00, 0x03, 0xFC, 0x00, 0x0F, 0xF0, 0x00, 0x3F, 0xC0, 0x00, 0xFF, 0x00,
  0x03, 0xFC, 0x00, 0x0F, 0xF0, 0x00, 0x3F, 0xC0, 0x00, 0xFF, 0x00, 0x03,
  0xFC, 0x00, 0x0F, 0xF0, 0x00, 0x3F, 0xC0, 0x00, 0xFF, 0x00, 0x03, 0xFC,
  0x00, 0x0F, 0xF0, 0x00, 0x3F, 0xC0, 0x00, 0xFF, 0x00, 0x03, 0xFC, 0x00,
  0x0F, 0xF0, 0x00, 0x3F, 0xC0, 0x00, 0xFF, 0x00, 0x03, 0xFC, 0x00, 0x0F,
  0xFF, 0xFF, 0xFF, 0xFF, 0xFF, 0xFF, 0xFF, 0xFF, 0xC0, 0xFF, 0xFF, 0xFF,
  0xFF, 0xFF, 0xFF, 0xFF, 0xFF, 0xFC, 0x00, 0x0F, 0xF0, 0x00, 0x3F, 0xC0,
  0x00, 0xFF, 0x00, 0x03, 0xFC, 0x00, 0x0F, 0xF0, 0x00, 0x3F, 0xC0, 0x00,
  0xFF, 0x00, 0x03, 0xFC, 0x00, 0x0F, 0xF0, 0x00, 0x3F, 0xC0, 0x00, 0xFF,
  0x00, 0x03, 0xFC, 0x00, 0x0F, 0xF0, 0x00, 0x3F, 0xC0, 0x00, 0xFF, 0x00,
  0x03, 0xFC, 0x00, 0x0F, 0xF0, 0x00, 0x3F, 0xC0, 0x00, 0xFF, 0x00, 0x03,
  0xFC, 0x00, 0x0F, 0xF0, 0x00, 0x3F, 0xC0, 0x00, 0xFF, 0x00, 0x03, 0xFC,
  0x00, 0x0F, 0xF0, 0x00, 0x3F, 0xC0, 0x00, 0xFF, 0x00, 0x03, 0xFC, 0x00,
  0x0F, 0xF0, 0x00, 0x3F, 0xC0, 0x00, 0xFF, 0x00, 0x03, 0xFC, 0x00, 0x0F,
  0xFF, 0xFF, 0xFF, 0xFF, 0xFF, 0xFF, 0xFF, 0xFF, 0xC0, 0xFF, 0xFF, 0xFF,
  0xFF, 0xFF, 0xFF, 0xFF, 0xFF, 0xFC, 0x00, 0x0F, 0xF0, 0x00, 0x3F, 0xC0,
  0x00, 0xFF, 0x00, 0x03, 0xFC, 0x00, 0x0F, 0xF0, 0x00, 0x3F, 0xC0, 0x00,
  0xFF, 0x00, 0x03, 0xFC, 0x00, 0x0F, 0xF0, 0x00, 0x3F, 0xC0, 0x00, 0xFF,
  0x00, 0x03, 0xFC, 0x00, 0x0F, 0xF0, 0x00, 0x3F, 0xC0, 0x00, 0xFF, 0x00,
  0x03, 0xFC, 0x00, 0x0F, 0xF0, 0x00, 0x3F, 0xC0, 0x00, 0xFF, 0x00, 0x03,
  0xFC, 0x00, 0x0F, 0xF0, 0x00, 0x3F, 0xC0, 0x00, 0xFF, 0x00, 0x03, 0xFC,
  0x00, 0x0F, 0xF0, 0x00, 0x3F, 0xC0, 0x00, 0xFF, 0x00, 0x03, 0xFC, 0x00,
  0x0F, 0xF0, 0x00, 0x3F, 0xC0, 0x00, 0xFF, 0x00, 0x03, 0xFC, 0x00, 0x0F,
  0xFF, 0xFF, 0xFF, 0xFF, 0xFF, 0xFF, 0xFF, 0xFF, 0xC0, 0xFF, 0xFF, 0xFF,
  0xFF, 0xFF, 0xFF, 0xFF, 0xFF, 0xFC, 0x00, 0x0F, 0xF0, 0x00, 0x3F, 0xC0,
  0x00, 0xFF, 0x00, 0x03, 0xFC, 0x00, 0x0F, 0xF0, 0x00, 0x3F, 0xC0, 0x00,
  0xFF, 0x00, 0x03, 0xFC, 0x00, 0x0F, 0xF0, 0x00, 0x3F, 0xC0, 0x00, 0xFF,
  0x00, 0x03, 0xFC, 0x00, 0x0F, 0xF0, 0x00, 0x3F, 0xC0, 0x00, 0xFF, 0x00,
  0x03, 0xFC, 0x00, 0x0F, 0xF0, 0x00, 0x3F, 0xC0, 0x00, 0xFF, 0x00, 0x03,
  0xFC, 0x00, 0x0F, 0xF0, 0x00, 0x3F, 0xC0, 0x00, 0xFF, 0x00, 0x03, 0xFC,
  0x00, 0x0F, 0xF0, 0x00, 0x3F, 0xC0, 0x00, 0xFF, 0x00, 0x03, 0xFC, 0x00,
  0x0F, 0xF0, 0x00, 0x3F, 0xC0, 0x00, 0xFF, 0x00, 0x03, 0xFC, 0x00, 0x0F,
  0xFF, 0xFF, 0xFF, 0xFF, 0xFF, 0xFF, 0xFF, 0xFF, 0xC0, 0xFF, 0xFF, 0xFF,
  0xFF, 0xFF, 0xFF, 0xFF, 0xFF, 0xFC, 0x00, 0x0F, 0xF0, 0x00, 0x3F, 0xC0,
  0x00, 0xFF, 0x00, 0x03, 0xFC, 0x00, 0x0F, 0xF0, 0x00, 0x3F, 0xC0, 0x00,
  0xFF, 0x00, 0x03, 0xFC, 0x00, 0x0F, 0xF0, 0x00, 0x3F, 0xC0, 0x00, 0xFF,
  0x00, 0x03, 0xFC, 0x00, 0x0F, 0xF0, 0x00, 0x3F, 0xC0, 0x00, 0xFF, 0x00,
  0x03, 0xFC, 0x00, 0x0F, 0xF0, 0x00, 0x3F, 0xC0, 0x00, 0xFF, 0x00, 0x03,
  0xFC, 0x00, 0x0F, 0xF0, 0x00, 0x3F, 0xC0, 0x00, 0xFF, 0x00, 0x03, 0xFC,
  0x00, 0x0F, 0xF0, 0x00, 0x3F, 0xC0, 0x00, 0xFF, 0x00, 0x03, 0xFC, 0x00,
  0x0F, 0xF0, 0x00, 0x3F, 0xC0, 0x00, 0xFF, 0x00, 0x03, 0xFC, 0x00, 0x0F,
  0xFF, 0xFF, 0xFF, 0xFF, 0xFF, 0xFF, 0xFF, 0xFF, 0xC0, 0xFF, 0xFF, 0xFF,
  0xFF, 0xFF, 0xFF, 0xFF, 0xFF, 0xFC, 0x00, 0x0F, 0xF0, 0x00, 0x3F, 0xC0,
  0x00, 0xFF, 0x00, 0x03, 0xFC, 0x00, 0x0F, 0xF0, 0x00, 0x3F, 0xC0, 0x00,
  0xFF, 0x00, 0x03, 0xFC, 0x00, 0x0F, 0xF0, 0x00, 0x3F, 0xC0, 0x00, 0xFF,
  0x00, 0x03, 0xFC, 0x00, 0x0F, 0xF0, 0x00, 0x3F, 0xC0, 0x00, 0xFF, 0x00,
  0x03, 0xFC, 0x00, 0x0F, 0xF0, 0x00, 0x3F, 0xC0, 0x00, 0xFF, 0x00, 0x03,
  0xFC, 0x00, 0x0F, 0xF0, 0x00, 0x3F, 0xC0, 0x00, 0xFF, 0x00, 0x03, 0xFC,
  0x00, 0x0F, 0xF0, 0x00, 0x3F, 0xC0, 0x00, 0xFF, 0x00, 0x03, 0xFC, 0x00,
  0x0F, 0xF0, 0x00, 0x3F, 0xC0, 0x00, 0xFF, 0x00, 0x03, 0xFC, 0x00, 0x0F,
  0xFF, 0xFF, 0xFF, 0xFF, 0xFF, 0xFF, 0xFF, 0xFF, 0xC0, 0xFF, 0xFF, 0xFF,
  0xFF, 0xFF, 0xFF, 0xFF, 0xFF, 0xFC, 0x00, 0x0F, 0xF0, 0x00, 0x3F, 0xC0,
  0x00, 0xFF, 0x00, 0x03, 0xFC, 0x00, 0x0F, 0xF0, 0x00, 0x3F, 0xC0, 0x00,
  0xFF, 0x00, 0x03, 0xFC, 0x00, 0x0F, 0xF0, 0x00, 0x3F, 0xC0, 0x00, 0xFF,
  0x00, 0x03, 0xFC, 0x00, 0x0F, 0xF0, 0x00, 0x3F, 0xC0, 0x00, 0xFF, 0x00,
  0x03, 0xFC, 0x00, 0x0F, 0xF0, 0x00, 0x3F, 0xC0, 0x00, 0xFF, 0x00, 0x03,
  0xFC, 0x00, 0x0F, 0xF0, 0x00, 0x3F, 0xC0, 0x00, 0xFF, 0x00, 0x03, 0xFC,
  0x00, 0x0F, 0xF0, 0x00, 0x3F, 0xC0, 0x00, 0xFF, 0x00, 0x03, 0xFC, 0x00,
  0x0F, 0xF0, 0x00, 0x3F, 0xC0, 0x00, 0xFF, 0x00, 0x03, 0xFC, 0x00, 0x0F,
  0xFF, 0xFF, 0xFF, 0xFF, 0xFF, 0xFF, 0xFF, 0xFF, 0xC0, 0xFF, 0xFF, 0xFF,
  0xFF, 0xFF, 0xFF, 0xFF, 0xFF, 0xFC, 0x00, 0x0F, 0xF0, 0x00, 0x3F, 0xC0,
  0x00, 0xFF, 0x00, 0x03, 0xFC, 0x00, 0x0F, 0xF0, 0x00, 0x3F, 0xC0, 0x00,
  0xFF, 0x00, 0x03, 0xFC, 0x00, 0x0F, 0xF0, 0x00, 0x3F, 0xC0, 0x00, 0xFF,
  0x00, 0x03, 0xFC, 0x00, 0x0F, 0xF0, 0x00, 0x3F, 0xC0, 0x00, 0xFF, 0x00,
  0x03, 0xFC, 0x00, 0x0F, 0xF0, 0x00, 0x3F, 0xC0, 0x00, 0xFF, 0x00, 0x03,
  0xFC, 0x00, 0x0F, 0xF0, 0x00, 0x3F, 0xC0, 0x00, 0xFF, 0x00, 0x03, 0xFC,
  0x00, 0x0F, 0xF0, 0x00, 0x3F, 0xC0, 0x00, 0xFF, 0x00, 0x03, 0xFC, 0x00,
  0x0F, 0xF0, 0x00, 0x3F, 0xC0, 0x00, 0xFF, 0x00, 0x03, 0xFC, 0x00, 0x0F,
  0xFF, 0xFF, 0xFF, 0xFF, 0xFF, 0xFF, 0xFF, 0xFF, 0xC0, 0xFF, 0xFF, 0xFF,
  0xFF, 0xFF, 0xFF, 0xFF, 0xFF, 0xFC, 0x00, 0x0F, 0xF0, 0x00, 0x3F, 0xC0,
  0x00, 0xFF, 0x00, 0x03, 0xFC, 0x00, 0x0F, 0xF0, 0x00, 0x3F, 0xC0, 0x00,
  0xFF, 0x00, 0x03, 0xFC, 0x00, 0x0F, 0xF0, 0x00, 0x3F, 0xC0, 0x00, 0xFF,
  0x00, 0x03, 0xFC, 0x00, 0x0F, 0xF0, 0x00, 0x3F, 0xC0, 0x00, 0xFF, 0x00,
  0x03, 0xFC, 0x00, 0x0F, 0xF0, 0x00, 0x3F, 0xC0, 0x00, 0xFF, 0x00, 0x03,
  0xFC, 0x00, 0x0F, 0xF0, 0x00, 0x3F, 0xC0, 0x00, 0xFF, 0x00, 0x03, 0xFC,
  0x00, 0x0F, 0xF0, 0x00, 0x3F, 0xC0, 0x00, 0xFF, 0x00, 0x03, 0xFC, 0x00,
  0x0F, 0xF0, 0x00, 0x3F, 0xC0, 0x00, 0xFF, 0x00, 0x03, 0xFC, 0x00, 0x0F,
  0xFF, 0xFF, 0xFF, 0xFF, 0xFF, 0xFF, 0xFF, 0xFF, 0xC0, 0xFF, 0xFF, 0xFF,
  0xFF, 0xFF, 0xFF, 0xFF, 0xFF, 0xFC, 0x00, 0x0F, 0xF0, 0x00, 0x3F, 0xC0,
  0x00, 0xFF, 0x00, 0x03, 0xFC, 0x00, 0x0F, 0xF0, 0x00, 0x3F, 0xC0, 0x00,
  0xFF, 0x00, 0x03, 0xFC, 0x00, 0x0F, 0xF0, 0x00, 0x3F, 0xC0, 0x00, 0xFF,
  0x00, 0x03, 0xFC, 0x00, 0x0F, 0xF0, 0x00, 0x3F, 0xC0, 0x00, 0xFF, 0x00,
  0x03, 0xFC, 0x00, 0x0F, 0xF0, 0x00, 0x3F, 0xC0, 0x00, 0xFF, 0x00, 0x03,
  0xFC, 0x00, 0x0F, 0xF0, 0x00, 0x3F, 0xC0, 0x00, 0xFF, 0x00, 0x03, 0xFC,
  0x00, 0x0F, 0xF0, 0x00, 0x3F, 0xC0, 0x00, 0xFF, 0x00, 0x03, 0xFC, 0x00,
  0x0F, 0xF0, 0x00, 0x3F, 0xC0, 0x00, 0xFF, 0x00, 0x03, 0xFC, 0x00, 0x0F,
  0xFF, 0xFF, 0xFF, 0xFF, 0xFF, 0xFF, 0xFF, 0xFF, 0xC0, 0xFF, 0xFF, 0xFF,
  0xFF, 0xFF, 0xFF, 0xFF, 0xFF, 0xFC, 0x00, 0x0F, 0xF0, 0x00, 0x3F, 0xC0,
  0x00, 0xFF, 0x00, 0x03, 0xFC, 0x00, 0x0F, 0xF0, 0x00, 0x3F, 0xC0, 0x00,
  0xFF, 0x00, 0x03, 0xFC, 0x00, 0x0F, 0xF0, 0x00, 0x3F, 0xC0, 0x00, 0xFF,
  0x00, 0x03, 0xFC, 0x00, 0x0F, 0xF0, 0x00, 0x3F, 0xC0, 0x00, 0xFF, 0x00,
  0x03, 0xFC, 0x00, 0x0F, 0xF0, 0x00, 0x3F, 0xC0, 0x00, 0xFF, 0x00, 0x03,
  0xFC, 0x00, 0x0F, 0xF0, 0x00, 0x3F, 0xC0, 0x00, 0xFF, 0x00, 0x03, 0xFC,
  0x00, 0x0F, 0xF0, 0x00, 0x3F, 0xC0, 0x00, 0xFF, 0x00, 0x03, 0xFC, 0x00,
  0x0F, 0xF0, 0x00, 0x3F, 0xC0, 0x00, 0xFF, 0x00, 0x03, 0xFC, 0x00, 0x0F,
  0xFF, 0xFF, 0xFF, 0xFF, 0xFF, 0xFF, 0xFF, 0xFF, 0xC0, 0xFF, 0xFF, 0xFF,
  0xFF, 0xFF, 0xFF, 0xFF, 0xFF, 0xFC, 0x00, 0x0F, 0xF0, 0x00, 0x3F, 0xC0,
  0x00, 0xFF, 0x00, 0x03, 0xFC, 0x00, 0x0F, 0xF0, 0x00, 0x3F, 0xC0, 0x00,
  0xFF, 0x00, 0x03, 0xFC, 0x00, 0x0F, 0xF0, 0x00, 0x3F, 0xC0, 0x00, 0xFF,
  0x00, 0x03, 0xFC, 0x00, 0x0F, 0xF0, 0x00, 0x3F, 0xC0, 0x00, 0xFF, 0x00,
  0x03, 0xFC, 0x00, 0x0F, 0xF0, 0x00, 0x3F, 0xC0, 0x00, 0xFF, 0x00, 0x03,
  0xFC, 0x00, 0x0F, 0xF0, 0x00, 0x3F, 0xC0, 0x00, 0xFF, 0x00, 0x03, 0xFC,
  0x00, 0x0F, 0xF0, 0x00, 0x3F, 0xC0, 0x00, 0xFF, 0x00, 0x03, 0xFC, 0x00,
  0x0F, 0xF0, 0x00, 0x3F, 0xC0, 0x00, 0xFF, 0x00, 0x03, 0xFC, 0x00, 0x0F,
  0xFF, 0xFF, 0xFF, 0xFF, 0xFF, 0xFF, 0xFF, 0xFF, 0xC0, 0xFF, 0xFF, 0xFF,
  0xFF, 0xFF, 0xFF, 0xFF, 0xFF, 0xFC, 0x00, 0x0F, 0xF0, 0x00, 0x3F, 0xC0,
  0x00, 0xFF, 0x00, 0x03, 0xFC, 0x00, 0x0F, 0xF0, 0x00, 0x3F, 0xC0, 0x00,
  0xFF, 0x00, 0x03, 0xFC, 0x00, 0x0F, 0xF0, 0x00, 0x3F, 0xC0, 0x00, 0xFF,
  0x00, 0x03, 0xFC, 0x00, 0x0F, 0xF0, 0x00, 0x3F, 0xC0, 0x00, 0xFF, 0x00,
  0x03, 0xFC, 0x00, 0x0F, 0xF0, 0x00, 0x3F, 0xC0, 0x00, 0xFF, 0x00, 0x03,
  0xFC, 0x00, 0x0F, 0xF0, 0x00, 0x3F, 0xC0, 0x00, 0xFF, 0x00, 0x03, 0xFC,
  0x00, 0x0F, 0xF0, 0x00, 0x3F, 0xC0, 0x00, 0xFF, 0x00, 0x03, 0xFC, 0x00,
  0x0F, 0xF0, 0x00, 0x3F, 0xC0, 0x00, 0xFF, 0x00, 0x03, 0xFC, 0x00, 0x0F,
  0xFF, 0xFF, 0xFF, 0xFF, 0xFF, 0xFF, 0xFF, 0xFF, 0xC0, 0xFF, 0xFF, 0xFF,
  0xFF, 0xFF, 0xFF, 0xFF, 0xFF, 0xFC, 0x00, 0x0F, 0xF0, 0x00, 0x3F, 0xC0,
  0x00, 0xFF, 0x00, 0x03, 0xFC, 0x00, 0x0F, 0xF0, 0x00, 0x3F, 0xC0, 0x00,
  0xFF, 0x00, 0x03, 0xFC, 0x00, 0x0F, 0xF0, 0x00, 0x3F, 0xC0, 0x00, 0xFF,
  0x00, 0x03, 0xFC, 0x00, 0x0F, 0xF0, 0x00, 0x3F, 0xC0, 0x00, 0xFF, 0x00,
  0x03, 0xFC, 0x00, 0x0F, 0xF0, 0x00, 0x3F, 0xC0, 0x00, 0xFF, 0x00, 0x03,
  0xFC, 0x00, 0x0F, 0xF0, 0x00, 0x3F, 0xC0, 0x00, 0xFF, 0x00, 0x03, 0xFC,
  0x00, 0x0F, 0xF0, 0x00, 0x3F, 0xC0, 0x00, 0xFF, 0x00, 0x03, 0xFC, 0x00,
  0x0F, 0xF0, 0x00, 0x3F, 0xC0, 0x00, 0xFF, 0x00, 0x03, 0xFC, 0x00, 0x0F,
  0xFF, 0xFF, 0xFF, 0xFF, 0xFF, 0xFF, 0xFF, 0xFF, 0xC0, 0xF8, 0x00, 0x1F,
  0x7C, 0x00, 0x1F, 0x3E, 0x00, 0x3E, 0x1E, 0x00, 0x3C, 0x1F, 0x00, 0x7C,
  0x0F, 0x80, 0xF8, 0x07, 0x80, 0xF8, 0x07, 0xC1, 0xF0, 0x07, 0xE1, 0xF0,
  0x0F, 0xF3, 0xE0, 0x1E, 0xF3, 0xC0, 0x3C, 0xFF, 0xC0, 0x3C, 0x7F, 0x80,
  0x78, 0x3F, 0x80, 0x78, 0x3F, 0x00, 0x78, 0x1F, 0x00, 0x78, 0x0F, 0x80,
  0x78, 0x07, 0x80, 0x78, 0x07, 0xC0, 0x78, 0x03, 0xE0, 0x78, 0x01, 0xF0,
  0x78, 0x00, 0xF0, 0x78, 0x00, 0xF8, 0x78, 0x00, 0x7C, 0x78, 0x00, 0x3C,
  0x78, 0x00, 0x3E, 0x78, 0x00, 0x1F, 0x3F, 0xF0, 0x00, 0x7F, 0xFC, 0x00,
  0xFF, 0xFC, 0x00, 0x00, 0x7C, 0x00, 0x00, 0x7C, 0x00, 0x00, 0x78, 0x00,
  0x00, 0x78, 0x00, 0x00, 0xF0, 0x00, 0x01, 0xE0, 0x00, 0x03, 0xC0, 0x00,
  0x07, 0x80, 0x00, 0x0F, 0x00, 0x00, 0x1E, 0x00, 0x00, 0x3C, 0x00, 0x00,
  0x78, 0x00, 0x00, 0xF0, 0x00, 0x01, 0xE0, 0x00, 0x03, 0xC0, 0x00, 0x07,
  0x80, 0x00, 0x0F, 0x00, 0x00, 0x1E, 0x00, 0x00, 0x3C, 0x00, 0x00, 0x78,
  0x00, 0x00, 0xF0, 0xFF, 0xFF, 0xFF, 0xFF, 0xFF, 0xFF, 0xFF, 0xFF, 0xF8,
  0x1F, 0xF8, 0x3F, 0xF0, 0x7F, 0xE0, 0x03, 0xC0, 0x07, 0x80, 0x0F, 0x00,
  0x1E, 0x00, 0x3C, 0x00, 0x78, 0x00, 0xF0, 0x01, 0xE0, 0x03, 0xC0, 0x07,
  0x80, 0x0F, 0x00, 0x1E, 0x00, 0x3C, 0x00, 0x78, 0x00, 0xF0, 0x03, 0xF0,
  0x07, 0xE0, 0x1B, 0xC0, 0x77, 0x83, 0xE7, 0x7F, 0x8F, 0xFE, 0x1F, 0xF8,
  0x3F, 0xC0, 0x78, 0xFF, 0xFF, 0xFF, 0xFF, 0xFF, 0xFF, 0xFF, 0xFF, 0xC0,
  0x01, 0xE0, 0x00, 0x07, 0x80, 0x00, 0x1E, 0x00, 0x00, 0x78, 0x00, 0x01,
  0xE0, 0x00, 0x07, 0x80, 0x00, 0x1E, 0x00, 0x00, 0x78, 0x00, 0x01, 0xE0,
  0x00, 0x07, 0x80, 0x00, 0x1E, 0x00, 0x00, 0x78, 0x00, 0x01, 0xE0, 0x00,
  0x07, 0x80, 0x00, 0x1E, 0x00, 0x00, 0x78, 0x00, 0x01, 0xE0, 0x00, 0x07,
  0x80, 0x00, 0x1E, 0x00, 0x00, 0x78, 0x00, 0x01, 0xE0, 0x00, 0x07, 0x80,
  0x00, 0x1E, 0x00, 0x00, 0x78, 0x00, 0xFF, 0xFC, 0x07, 0xFF, 0xFC, 0x3F,
  0xFF, 0xF0, 0x00, 0x0F, 0xC0, 0x00, 0x1F, 0x00, 0x00, 0x78, 0x00, 0x03,
  0xE0, 0x00, 0x0F, 0x00, 0x00, 0x78, 0x00, 0x03, 0xC0, 0x00, 0x1E, 0x00,
  0x00, 0xF7, 0x00, 0x07, 0xB8, 0x00, 0x3F, 0xC0, 0x01, 0xFE, 0x00, 0x0F,
  0xF0, 0x00, 0x7F, 0x80, 0x03, 0xFC, 0x00, 0x1F, 0xE0, 0x00, 0xFF, 0x00,
  0x07, 0xF8, 0x00, 0x3F, 0xC0, 0x01, 0xFE, 0x00, 0x0F, 0xF0, 0x00, 0x7F,
  0x80, 0x03, 0xFC, 0x00, 0x1E, 0xFF, 0xFF, 0xF8, 0xF1, 0xE3, 0xC7, 0x8F,
  0x1E, 0x3C, 0x78, 0xF1, 0xE3, 0xC7, 0x8F, 0x1E, 0x3C, 0x78, 0xF1, 0xE3,
  0xC7, 0x8F, 0x1E, 0x3C, 0x78, 0xFF, 0xFF, 0xFF, 0xFF, 0xFE, 0x78, 0x03,
  0xC0, 0x1E, 0x00, 0xF8, 0x03, 0xC0, 0x1E, 0x00, 0xF0, 0x07, 0x80, 0x3C,
  0x01, 0xF0, 0x0F, 0x80, 0x3C, 0x01, 0xE0, 0x0F, 0x00, 0x78, 0x03, 0xE0,
  0x1F, 0x00, 0x78, 0x03, 0xC0, 0x1E, 0x00, 0xF0, 0x07, 0x80, 0x3E, 0x01,
  0xF0, 0xFF, 0xFE, 0x07, 0xFF, 0xFC, 0x3F, 0xFF, 0xF1, 0xE0, 0x07, 0xCF,
  0x00, 0x1F, 0x78, 0x00, 0x7B, 0xC0, 0x01, 0xFE, 0x00, 0x0F, 0xF0, 0x00,
  0x7F, 0x80, 0x03, 0xFC, 0x00, 0x1F, 0xE0, 0x00, 0xFF, 0x00, 0x07, 0xF8,
  0x00, 0x3F, 0xC0, 0x01, 0xFE, 0x00, 0x0F, 0xF0, 0x00, 0x7F, 0x80, 0x03,
  0xFC, 0x00, 0x1F, 0xE0, 0x00, 0xFF, 0x00, 0x07, 0xF8, 0x00, 0x3F, 0xC0,
  0x01, 0xFE, 0x00, 0x0F, 0xF0, 0x00, 0x7F, 0x80, 0x03, 0xFC, 0x00, 0x1E,
  0xF0, 0x1F, 0x87, 0x83, 0xFF, 0x3C, 0x0F, 0xFD, 0xE0, 0x43, 0xEF, 0x00,
  0x0F, 0xF8, 0x00, 0x3F, 0xC0, 0x01, 0xFE, 0x00, 0x0F, 0xF0, 0x00, 0x7F,
  0x80, 0x03, 0xFC, 0x00, 0x1F, 0xE0, 0x00, 0xFF, 0x00, 0x07, 0xF8, 0x00,
  0x3F, 0xC0, 0x01, 0xFE, 0x00, 0x0F, 0xF0, 0x00, 0x7F, 0x80, 0x03, 0xFC,
  0x00, 0x1F, 0xE0, 0x00, 0xF7, 0x80, 0x0F, 0x3C, 0x00, 0x79, 0xF0, 0x07,
  0xC7, 0xC0, 0x7C, 0x1F, 0xFF, 0xC0, 0x7F, 0xFC, 0x00, 0xFF, 0x80, 0x00,
  0x40, 0x00, 0xFF, 0xFF, 0xFF, 0xE0, 0xF0, 0x78, 0x3C, 0x1E, 0x0F, 0x07,
  0x83, 0xC1, 0xE0, 0xF0, 0x78, 0x3C, 0x1E, 0xFF, 0xFF, 0xFF, 0xFF, 0xFF,
  0xFF, 0xFC, 0x00, 0x0F, 0x00, 0x03, 0xC0, 0x00, 0xF0, 0x00, 0x3C, 0x00,
  0x0F, 0x00, 0x03, 0xC0, 0x00, 0xF0, 0x00, 0x3C, 0x00, 0x0F, 0x00, 0x03,
  0xC0, 0x00, 0xF0, 0x00, 0x3C, 0x00, 0x0F, 0x00, 0x03, 0xC0, 0x00, 0xF0,
  0x00, 0x3C, 0x00, 0x0F, 0x00, 0x03, 0xC0, 0x00, 0xF0, 0x00, 0x3C, 0x00,
  0x0F, 0x00, 0x03, 0xC0, 0x00, 0xF0, 0x00, 0x3C, 0x00, 0x0F, 0x00, 0x03,
  0xC0, 0x00, 0xF0, 0x00, 0x3C, 0x00, 0x0F, 0x00, 0x03, 0xC0, 0x00, 0xF0,
  0x00, 0x3C, 0x00, 0x0F, 0x00, 0x03, 0xC0, 0x7F, 0xFF, 0xEF, 0xFF, 0xFD,
  0xFF, 0xFF, 0x80, 0x00, 0xF0, 0x00, 0x1E, 0x00, 0x03, 0xC0, 0x00, 0x78,
  0x00, 0x0F, 0x00, 0x01, 0xE0, 0x00, 0x3C, 0x00, 0x07, 0x80, 0x00, 0xF0,
  0x00, 0x1E, 0x00, 0x03, 0xC0, 0x00, 0x78, 0x00, 0x0F, 0x00, 0x01, 0xE0,
  0x00, 0x3C, 0x00, 0x07, 0x80, 0x00, 0xF0, 0x00, 0x3C, 0x00, 0x07, 0x80,
  0x01, 0xF0, 0x00, 0x7C, 0xFF, 0xFF, 0x1F, 0xFF, 0xC3, 0xFF, 0xE0, 0x00,
  0x80, 0x00, 0xF0, 0x00, 0x07, 0x80, 0x00, 0x3C, 0x00, 0x01, 0xE0, 0x00,
  0x0F, 0x00, 0x00, 0x78, 0x00, 0x03, 0xC0, 0x00, 0x1E, 0x00, 0x00, 0xF0,
  0x00, 0x07, 0xFF, 0xFF, 0xFF, 0xFF, 0xFF, 0xFF, 0xFF, 0xE0, 0x00, 0x0F,
  0x00, 0x00, 0xF8, 0x00, 0x07, 0x80, 0x00, 0x3C, 0x00, 0x03, 0xC0, 0x00,
  0x1E, 0x00, 0x01, 0xF0, 0x00, 0x0F, 0x00, 0x00, 0xF8, 0x00, 0x07, 0x80,
  0x00, 0x3C, 0x00, 0x03, 0xE0, 0x00, 0x1E, 0x00, 0x01, 0xF0, 0x00, 0x0F,
  0x00, 0x00, 0xF8, 0x00, 0x07, 0xC0, 0x00, 0x3C, 0x00, 0x03, 0xE0, 0x00,
  0x1E, 0x00, 0x01, 0xF0, 0x00, 0x0F, 0x80, 0x00, 0xF8, 0x00, 0x07, 0xC0,
  0x00, 0xFF, 0xFF, 0xFF, 0xFF, 0xFF, 0xFF, 0xFF, 0xFF, 0xE0, 0x00, 0xFF,
  0x00, 0x07, 0xF8, 0x00, 0x3F, 0xC0, 0x01, 0xFE, 0x00, 0x0F, 0xF0, 0x00,
  0x7F, 0x80, 0x03, 0xFC, 0x00, 0x1F, 0xE0, 0x00, 0xFF, 0x00, 0x07, 0xF8,
  0x00, 0x3F, 0xC0, 0x01, 0xFE, 0x00, 0x0F, 0xF0, 0x00, 0x7F, 0x80, 0x03,
  0xFC, 0x00, 0x1F, 0xE0, 0x00, 0xFF, 0x00, 0x07, 0xF8, 0x00, 0x3F, 0xC0,
  0x01, 0xFE, 0x00, 0x0F, 0xFF, 0xFF, 0xFF, 0xFF, 0xFF, 0xFF, 0xFF, 0xFE,
  0x00, 0x00, 0x00, 0x3F, 0xFF, 0x03, 0xFF, 0xFF, 0x87, 0xFF, 0xFF, 0x86,
  0x7C, 0x0F, 0x80, 0xF0, 0x0F, 0x83, 0xC0, 0x0F, 0x07, 0x80, 0x1E, 0x1E,
  0x00, 0x1E, 0x3C, 0x00, 0x3C, 0x78, 0x00, 0x78, 0xF0, 0x00, 0xF1, 0xE0,
  0x01, 0xE7, 0xC0, 0x03, 0xCF, 0x00, 0x07, 0x9E, 0x00, 0x0F, 0x3C, 0x00,
  0x1E, 0x78, 0x00, 0x3C, 0xF0, 0x00, 0x79, 0xE0, 0x00, 0xF3, 0xC0, 0x01,
  0xEF, 0x80, 0x03, 0xDF, 0x00, 0x07, 0xBC, 0x00, 0x0F, 0x78, 0x00, 0x1E,
  0xF0, 0x1F, 0xFD, 0xE0, 0x3F, 0xFB, 0xC0, 0x7F, 0xF0, 0xFF, 0xFF, 0xF8,
  0xF1, 0xE3, 0xC7, 0x8F, 0x1E, 0x3C, 0x78, 0xF1, 0xE3, 0xC7, 0x8F, 0x1E,
  0x3C, 0x78, 0xF1, 0xE3, 0xC7, 0x8F, 0x1E, 0x3C, 0x78, 0xF1, 0xE3, 0xC7,
  0x8F, 0x1E, 0x3C, 0x78, 0xF1, 0xE0, 0x3F, 0xE7, 0xFC, 0xFF, 0x80, 0xF0,
  0x1E, 0x03, 0xC0, 0x78, 0x0F, 0x01, 0xE0, 0x3C, 0x07, 0x80, 0xF0, 0x1E,
  0x03, 0xC0, 0x78, 0x0F, 0x01, 0xE0, 0x3C, 0x07, 0x80, 0xF0, 0x1E, 0x03,
  0xC0, 0x78, 0x1E, 0xFF, 0xDF, 0xF3, 0xFC, 0x0C, 0x00, 0x00, 0x00, 0x00,
  0x0F, 0xFF, 0xE0, 0x1F, 0xFF, 0xFC, 0x0F, 0xFF, 0xFF, 0x06, 0x7C, 0x07,
  0xC0, 0x78, 0x01, 0xF0, 0x3C, 0x00, 0x7C, 0x3C, 0x00, 0x1E, 0x1E, 0x00,
  0x0F, 0x1E, 0x00, 0x03, 0xCF, 0x00, 0x01, 0xE7, 0x80, 0x00, 0xF3, 0xC0,
  0x00, 0x79, 0xE0, 0x00, 0x3C, 0xF0, 0x00, 0x1E, 0x78, 0x00, 0x0F, 0x3C,
  0x00, 0x07, 0x9E, 0x00, 0x03, 0xCF, 0x00, 0x01, 0xE7, 0x80, 0x00, 0xF1,
  0xE0, 0x00, 0xF0, 0xF0, 0x00, 0x78, 0x7C, 0x00, 0x7C, 0x1F, 0x00, 0x7C,
  0x07, 0xC0, 0x7C, 0x01, 0xFF, 0xFC, 0x00, 0x7F, 0xFC, 0x00, 0x1F, 0xF8,
  0x00, 0x00, 0x40, 0x00, 0x78, 0x00, 0x7B, 0xE0, 0x03, 0xCF, 0x00, 0x1E,
  0x78, 0x00, 0xF3, 0xC0, 0x07, 0x9F, 0x00, 0x3C, 0x78, 0x01, 0xE3, 0xC0,
  0x0F, 0x1E, 0x00, 0x78, 0xF0, 0x03, 0xC7, 0xC0, 0x1E, 0x1E, 0x00, 0xF0,
  0xF0, 0x07, 0x87, 0x80, 0x3C, 0x3E, 0x01, 0xE0, 0xF0, 0x0F, 0x07, 0x80,
  0x78, 0x3C, 0x03, 0xC1, 0xE0, 0x1E, 0x0F, 0x80, 0xF0, 0x3C, 0x0F, 0x01,
  0xE0, 0x78, 0x0F, 0x07, 0x9C, 0x3C, 0xFC, 0xFF, 0xFF, 0xC7, 0xFF, 0xFC,
  0x0F, 0xFF, 0x80, 0x01, 0x80, 0x00, 0xFF, 0xFF, 0xFF, 0xFF, 0xFF, 0xFF,
  0xFF, 0xF1, 0xC0, 0x0F, 0x3C, 0x00, 0xF3, 0xC0, 0x0F, 0x38, 0x00, 0xF7,
  0x80, 0x0F, 0x78, 0x00, 0xF7, 0x80, 0x0F, 0x78, 0x00, 0xF7, 0x80, 0x0F,
  0x78, 0x00, 0xF7, 0x80, 0x0F, 0x78, 0x00, 0xF7, 0xF8, 0x0F, 0x7F, 0x80,
  0xF1, 0xF8, 0x0F, 0x00, 0x00, 0xF0, 0x00, 0x0F, 0x00, 0x00, 0xF0, 0x00,
  0x0F, 0x00, 0x00, 0xF0, 0x00, 0x0F, 0x00, 0x00, 0xF0, 0x00, 0x0F, 0x00,
  0x00, 0xF0, 0x00, 0x0F, 0x00, 0x00, 0xF0, 0x00, 0x0F, 0x00, 0x00, 0xF0,
  0x00, 0x0F, 0x00, 0x00, 0xF0, 0x00, 0x0F, 0x00, 0x00, 0xF0, 0x00, 0x0F,
  0x00, 0x00, 0xF0, 0xFF, 0xFF, 0xFF, 0xFF, 0xFF, 0xFF, 0xFF, 0xFF, 0xC7,
  0x00, 0x0F, 0x3C, 0x00, 0x3C, 0xF0, 0x00, 0xF3, 0x80, 0x03, 0xDE, 0x00,
  0x0F, 0x78, 0x00, 0x3D, 0xE0, 0x00, 0xF7, 0x80, 0x03, 0xDE, 0x00, 0x0F,
  0x78, 0x00, 0x3D, 0xFE, 0x00, 0xF7, 0xF8, 0x03, 0xC7, 0xE0, 0x0F, 0x00,
  0x00, 0x3C, 0x00, 0x00, 0xF0, 0x00, 0x03, 0xC0, 0x00, 0x0F, 0x00, 0x00,
  0x78, 0x00, 0x01, 0xE0, 0x00, 0x0F, 0x08, 0x00, 0x7C, 0x3F, 0xFF, 0xE1,
  0xFF, 0xFF, 0x03, 0xFF, 0xF0, 0x00, 0x10, 0x00, 0xF8, 0x00, 0x7D, 0xE0,
  0x01, 0xF7, 0xC0, 0x0F, 0x8F, 0x80, 0x3E, 0x1E, 0x01, 0xF0, 0x7C, 0x07,
  0x80, 0xF8, 0x3E, 0x01, 0xE0, 0xF0, 0x07, 0xC7, 0xC0, 0x0F, 0xBE, 0x00,
  0x1E, 0xF8, 0x00, 0x7F, 0xC0, 0x00, 0xFE, 0x00, 0x01, 0xF8, 0x00, 0x07,
  0xC0, 0x00, 0x0F, 0x80, 0x00, 0x1E, 0x00, 0x00, 0x7C, 0x00, 0x00, 0xF0,
  0x00, 0x03, 0xC0, 0x00, 0x0F, 0x00, 0x00, 0x3C, 0x00, 0x00, 0xF0, 0x00,
  0x03, 0xC0, 0x00, 0x0F, 0x00, 0x00, 0x3C, 0x00, 0x00, 0xF0, 0x00, 0x03,
  0xC0, 0x00, 0x0F, 0x00, 0x00, 0x3C, 0x00, 0x00, 0xF0, 0x00, 0x03, 0xC0,
  0x00, 0x0F, 0x00, 0x00, 0x3C, 0x00, 0x00, 0xF0, 0x00, 0x03, 0xC0, 0x00,
  0x0F, 0x00, 0x7C, 0x00, 0x3E, 0xF8, 0x00, 0x78, 0xF8, 0x01, 0xF0, 0xF0,
  0x07, 0xC1, 0xF0, 0x0F, 0x81, 0xF0, 0x3E, 0x01, 0xE0, 0x7C, 0x03, 0xE1,
  0xF0, 0x03, 0xE3, 0xC0, 0x03, 0xCF, 0x80, 0x07, 0xDE, 0x00, 0x07, 0xFC,
  0x00, 0x07, 0xF0, 0x00, 0x0F, 0xE0, 0x00, 0x0F, 0x80, 0x00, 0x0F, 0x00,
  0x00, 0x1F, 0x00, 0x00, 0x1F, 0x00, 0x00, 0x1E, 0x00, 0x00, 0x3E, 0x00,
  0x00, 0x3E, 0x00, 0x00, 0x3E, 0x00, 0x00, 0x7C, 0x00, 0x00, 0x7C, 0x3F,
  0xFF, 0xFC, 0x7F, 0xFF, 0xF8, 0xFF, 0xFF, 0xF0, 0xFF, 0xFF, 0xFF, 0xFF,
  0xFF, 0xFF, 0xFF, 0xFE, 0x00, 0x00, 0xF0, 0x00, 0x07, 0x80, 0x00, 0x3C,
  0x00, 0x01, 0xE0, 0x00, 0x0F, 0x00, 0x00, 0x78, 0x00, 0x03, 0xC0, 0x00,
  0x1E, 0x00, 0x00, 0xF3, 0x80, 0x07, 0x9C, 0x00, 0x3D, 0xE0, 0x01, 0xEF,
  0x00, 0x0F, 0x78, 0x00, 0x7B, 0xC0, 0x03, 0xDE, 0x00, 0x1E, 0xF0, 0x01,
  0xF7, 0x80, 0x0F, 0x3C, 0x00, 0xF9, 0xE0, 0x0F, 0x8F, 0x01, 0xF8, 0x78,
  0x7F, 0x83, 0xC3, 0xF8, 0x1E, 0x1E, 0x00, 0xF0, 0x00, 0x07, 0x80, 0x00,
  0x3C, 0x00, 0x01, 0xE0, 0x00, 0x0F, 0x00, 0x00, 0x78, 0x00, 0x03, 0xC0,
  0x00, 0x1E, 0x00, 0x00, 0xF0, 0x00, 0x07, 0x80, 0x00, 0x00, 0xFF, 0xF8,
  0x3F, 0xFF, 0x8F, 0xFF, 0xF0, 0x00, 0x7E, 0x00, 0x07, 0x80, 0x00, 0xF0,
  0x00, 0x3C, 0x00, 0x0F, 0x00, 0x03, 0xC0, 0x00, 0xF0, 0x00, 0x3C, 0x00,
  0x0F, 0x00, 0x03, 0xC0, 0x00, 0xF0, 0x00, 0x3C, 0x00, 0x0F, 0x00, 0x03,
  0xC0, 0x00, 0xF0, 0x00, 0x3C, 0x00, 0x0F, 0x00, 0x03, 0xC0, 0x00, 0xF0,
  0x00, 0x3C, 0x00, 0x0F, 0x00, 0x03, 0xC0, 0x00, 0xF0, 0x00, 0x3C, 0xF0,
  0x0F, 0x00, 0x7F, 0x80, 0x78, 0x03, 0xFC, 0x03, 0xC0, 0x1F, 0xE0, 0x1E,
  0x00, 0xFF, 0x00, 0xF0, 0x07, 0xF8, 0x07, 0x80, 0x3F, 0xC0, 0x3C, 0x01,
  0xFE, 0x01, 0xE0, 0x0F, 0xF0, 0x0F, 0x00, 0x7F, 0x80, 0x78, 0x03, 0xFC,
  0x03, 0xC0, 0x1F, 0xE0, 0x1E, 0x00, 0xFF, 0x00, 0xF0, 0x07, 0xF8, 0x07,
  0x80, 0x3F, 0xC0, 0x3C, 0x01, 0xFE, 0x01, 0xE0, 0x0F, 0xF0, 0x0E, 0x00,
  0x7F, 0x80, 0xF0, 0x03, 0xFC, 0x07, 0x00, 0x1F, 0xE0, 0x00, 0x01, 0xEF,
  0x00, 0x00, 0x0F, 0x78, 0x00, 0x00, 0xFB, 0xE0, 0x00, 0x1F, 0x9F, 0xC0,
  0x03, 0xF8, 0xFF, 0xFF, 0xFF, 0x81, 0xFF, 0xFF, 0xF0, 0x01, 0xFF, 0xFE,
  0x00, 0x00, 0x18, 0x00, 0x00, 0x1F, 0xFF, 0xE0, 0x07, 0xFF, 0xFF, 0x01,
  0xFF, 0xFF, 0xE0, 0x03, 0x80, 0x7C, 0x01, 0xE0, 0x0F, 0x80, 0x78, 0x01,
  0xE0, 0x3C, 0x00, 0x3C, 0x0F, 0x00, 0x0F, 0x03, 0xC0, 0x03, 0xC0, 0xF0,
  0x00, 0xF0, 0x3C, 0x00, 0x3C, 0x0F, 0x00, 0x0F, 0x03, 0xC0, 0x03, 0xC0,
  0xF0, 0x00, 0xF0, 0x3C, 0x00, 0x3C, 0x0F, 0x00, 0x0F, 0x03, 0xC0, 0x03,
  0xC0, 0xF0, 0x00, 0xF0, 0x3C, 0x00, 0x3C, 0x0F, 0x00, 0x0F, 0x03, 0xC0,
  0x03, 0xC0, 0xF0, 0x00, 0xF0, 0x7C, 0x00, 0x3C, 0x3E, 0x00, 0x0F, 0xFF,
  0x80, 0x03, 0xFF, 0xC0, 0x00, 0xFF, 0xC0, 0x00, 0x3C, 0xFF, 0xFF, 0xFF,
  0xFF, 0xFF, 0xFF, 0xFF, 0xFF, 0xFC, 0x00, 0x0F, 0xF0, 0x00, 0x3F, 0xC0,
  0x00, 0xFF, 0x00, 0x03, 0xFC, 0x00, 0x0F, 0xF0, 0x00, 0x3F, 0xC0, 0x00,
  0xFF, 0x00, 0x03, 0xFC, 0x00, 0x0F, 0xF0, 0x00, 0x3F, 0xC0, 0x00, 0xFF,
  0x00, 0x03, 0xFC, 0x00, 0x0F, 0xF0, 0x00, 0x3F, 0xC0, 0x00, 0xFF, 0x00,
  0x03, 0xFC, 0x00, 0x0F, 0xF0, 0x00, 0x3F, 0xC0, 0x00, 0xFF, 0x00, 0x03,
  0xFC, 0x00, 0x0F, 0xF0, 0x00, 0x3F, 0xC0, 0x00, 0xFF, 0x00, 0x03, 0xFC,
  0x00, 0x0F, 0xF0, 0x00, 0x3F, 0xC0, 0x00, 0xFF, 0x00, 0x03, 0xFC, 0x00,
  0x0F, 0xF0, 0x00, 0x3F, 0xC0, 0x00, 0xFF, 0x00, 0x03, 0xFC, 0x00, 0x0F,
  0xFF, 0xFF, 0xFF, 0xFF, 0xFF, 0xFF, 0xFF, 0xFF, 0xC0, 0xFF, 0xFF, 0xFF,
  0xFF, 0xFF, 0xFF, 0xFF, 0xFF, 0xFC, 0x00, 0x0F, 0xF0, 0x00, 0x3F, 0xC0,
  0x00, 0xFF, 0x00, 0x03, 0xFC, 0x00, 0x0F, 0xF0, 0x00, 0x3F, 0xC0, 0x00,
  0xFF, 0x00, 0x03, 0xFC, 0x00, 0x0F, 0xF0, 0x00, 0x3F, 0xC0, 0x00, 0xFF,
  0x00, 0x03, 0xFC, 0x00, 0x0F, 0xF0, 0x00, 0x3F, 0xC0, 0x00, 0xFF, 0x00,
  0x03, 0xFC, 0x00, 0x0F, 0xF0, 0x00, 0x3F, 0xC0, 0x00, 0xFF, 0x00, 0x03,
  0xFC, 0x00, 0x0F, 0xF0, 0x00, 0x3F, 0xC0, 0x00, 0xFF, 0x00, 0x03, 0xFC,
  0x00, 0x0F, 0xF0, 0x00, 0x3F, 0xC0, 0x00, 0xFF, 0x00, 0x03, 0xFC, 0x00,
  0x0F, 0xF0, 0x00, 0x3F, 0xC0, 0x00, 0xFF, 0x00, 0x03, 0xFC, 0x00, 0x0F,
  0xFF, 0xFF, 0xFF, 0xFF, 0xFF, 0xFF, 0xFF, 0xFF, 0xC0, 0x07, 0x80, 0x07,
  0x00, 0x0E, 0x00, 0x1C, 0xFF, 0xFB, 0xFF, 0xFF, 0xFF, 0xB8, 0x3C, 0xE1,
  0xE3, 0x8F, 0x0E, 0x78, 0x38, 0x00, 0xE0, 0x03, 0x80, 0x0E, 0x00, 0x38,
  0x00, 0xE0, 0x03, 0x80, 0x0E, 0x00, 0x38, 0x00, 0xE0, 0x03, 0x80, 0x0E,
  0x00, 0x38, 0x00, 0xE0, 0x03, 0x80, 0x0E, 0x00, 0x38, 0x00, 0xE0, 0x03,
  0x80, 0x0E, 0x00, 0x38, 0x00, 0xE0, 0x03, 0x80, 0x0E, 0x00, 0x38, 0x00,
  0xE0, 0x03, 0x80, 0x00, 0x07, 0x00, 0x38, 0x01, 0xC0, 0x0E, 0x00, 0x7F,
  0xFF, 0xFF, 0xF7, 0xFF, 0xCF, 0x07, 0x1E, 0x1C, 0x3C, 0x70, 0x79, 0xC0,
  0x07, 0x00, 0x1C, 0x00, 0x70, 0x01, 0xC0, 0x07, 0x00, 0x1C, 0x00, 0x70,
  0x01, 0xC0, 0x07, 0x00, 0x1C, 0x00, 0x70, 0x01, 0xC0, 0x07, 0x00, 0x1C,
  0x00, 0x70, 0x01, 0xC0, 0x07, 0x00, 0x1C, 0x00, 0x70, 0x01, 0xC0, 0x07,
  0x00, 0x1C, 0x00, 0x70, 0x01, 0xC0, 0x07, 0x00, 0x1C, 0x00, 0x70, 0xFF,
  0xFF, 0xFF, 0xFF, 0xFF, 0xFF, 0xFF, 0xFF, 0xFC, 0x00, 0x0F, 0xF0, 0x00,
  0x3F, 0xC0, 0x00, 0xFF, 0x00, 0x03, 0xFC, 0x00, 0x0F, 0xF0, 0x00, 0x3F,
  0xC0, 0x00, 0xFF, 0x00, 0x03, 0xFC, 0x00, 0x0F, 0xF0, 0x00, 0x3F, 0xC0,
  0x00, 0xFF, 0x00, 0x03, 0xFC, 0x00, 0x0F, 0xF0, 0x00, 0x3F, 0xC0, 0x00,
  0xFF, 0x00, 0x03, 0xFC, 0x00, 0x0F, 0xF0, 0x00, 0x3F, 0xC0, 0x00, 0xFF,
  0x00, 0x03, 0xFC, 0x00, 0x0F, 0xF0, 0x00, 0x3F, 0xC0, 0x00, 0xFF, 0x00,
  0x03, 0xFC, 0x00, 0x0F, 0xF0, 0x00, 0x3F, 0xC0, 0x00, 0xFF, 0x00, 0x03,
  0xFC, 0x00, 0x0F, 0xF0, 0x00, 0x3F, 0xC0, 0x00, 0xFF, 0x00, 0x03, 0xFC,
  0x00, 0x0F, 0xFF, 0xFF, 0xFF, 0xFF, 0xFF, 0xFF, 0xFF, 0xFF, 0xC0 };

const GFXglyph Heebo_24pt8bGlyphs[] PROGMEM = {
  {     0,   1,   1,  12,    0,    0 }, // 0x20 ' '
  {     1,   5,  33,  12,    4,  -32 }, // 0x21 '!'
  {    22,   9,  11,  15,    3,  -34 }, // 0x22 '"'
  {    35,  26,  33,  30,    3,  -32 }, // 0x23 '#'
  {   143,  21,  43,  27,    3,  -38 }, // 0x24 '$'
  {   256,  30,  33,  34,    2,  -32 }, // 0x25 '%'
  {   380,  27,  33,  29,    2,  -32 }, // 0x26 '&'
  {   492,   3,  11,   8,    2,  -34 }, // 0x27 '''
  {   497,  12,  48,  16,    3,  -36 }, // 0x28 '('
  {   569,  12,  48,  16,    1,  -36 }, // 0x29 ')'
  {   641,  20,  19,  21,    1,  -32 }, // 0x2A '*'
  {   689,  24,  25,  26,    1,  -27 }, // 0x2B '+'
  {   764,   6,  12,   9,    1,   -4 }, // 0x2C ','
  {   773,  11,   3,  13,    1,  -14 }, // 0x2D '-'
  {   778,   5,   5,  12,    3,   -4 }, // 0x2E '.'
  {   782,  18,  36,  19,    0,  -32 }, // 0x2F '/'
  {   863,  21,  33,  26,    3,  -32 }, // 0x30 '0'
  {   950,  13,  33,  26,    3,  -32 }, // 0x31 '1'
  {  1004,  23,  33,  26,    2,  -32 }, // 0x32 '2'
  {  1099,  21,  33,  26,    2,  -32 }, // 0x33 '3'
  {  1186,  24,  33,  26,    1,  -32 }, // 0x34 '4'
  {  1285,  21,  33,  26,    3,  -32 }, // 0x35 '5'
  {  1372,  21,  33,  26,    3,  -32 }, // 0x36 '6'
  {  1459,  23,  33,  26,    2,  -32 }, // 0x37 '7'
  {  1554,  21,  33,  26,    3,  -32 }, // 0x38 '8'
  {  1641,  21,  33,  26,    2,  -32 }, // 0x39 '9'
  {  1728,   5,  25,  11,    3,  -24 }, // 0x3A ':'
  {  1744,   7,  32,  10,    1,  -24 }, // 0x3B ';'
  {  1772,  19,  21,  25,    3,  -24 }, // 0x3C '<'
  {  1822,  19,  13,  25,    3,  -21 }, // 0x3D '='
  {  1853,  20,  21,  25,    3,  -24 }, // 0x3E '>'
  {  1906,  18,  33,  22,    2,  -32 }, // 0x3F '?'
  {  1981,  37,  43,  42,    3,  -33 }, // 0x40 '@'
  {  2180,  30,  33,  31,    0,  -32 }, // 0x41 'A'
  {  2304,  23,  33,  30,    4,  -32 }, // 0x42 'B'
  {  2399,  25,  33,  30,    3,  -32 }, // 0x43 'C'
  {  2503,  24,  33,  31,    4,  -32 }, // 0x44 'D'
  {  2602,  21,  33,  27,    4,  -32 }, // 0x45 'E'
  {  2689,  21,  33,  26,    4,  -32 }, // 0x46 'F'
  {  2776,  26,  33,  32,    3,  -32 }, // 0x47 'G'
  {  2884,  25,  33,  33,    4,  -32 }, // 0x48 'H'
  {  2988,   4,  33,  12,    4,  -32 }, // 0x49 'I'
  {  3005,  21,  33,  26,    1,  -32 }, // 0x4A 'J'
  {  3092,  25,  33,  29,    4,  -32 }, // 0x4B 'K'
  {  3196,  21,  33,  26,    4,  -32 }, // 0x4C 'L'
  {  3283,  33,  33,  41,    4,  -32 }, // 0x4D 'M'
  {  3420,  26,  33,  34,    4,  -32 }, // 0x4E 'N'
  {  3528,  27,  33,  33,    3,  -32 }, // 0x4F 'O'
  {  3640,  24,  33,  30,    4,  -32 }, // 0x50 'P'
  {  3739,  27,  38,  32,    2,  -32 }, // 0x51 'Q'
  {  3868,  24,  33,  29,    4,  -32 }, // 0x52 'R'
  {  3967,  24,  33,  28,    2,  -32 }, // 0x53 'S'
  {  4066,  26,  33,  28,    1,  -32 }, // 0x54 'T'
  {  4174,  24,  33,  30,    3,  -32 }, // 0x55 'U'
  {  4273,  28,  33,  30,    1,  -32 }, // 0x56 'V'
  {  4389,  40,  33,  42,    1,  -32 }, // 0x57 'W'
  {  4554,  27,  33,  29,    1,  -32 }, // 0x58 'X'
  {  4666,  28,  33,  28,    0,  -32 }, // 0x59 'Y'
  {  4782,  25,  33,  28,    1,  -32 }, // 0x5A 'Z'
  {  4886,   9,  45,  12,    3,  -37 }, // 0x5B '['
  {  4937,  18,  36,  19,    1,  -32 }, // 0x5C '\'
  {  5018,   9,  45,  13,    0,  -37 }, // 0x5D ']'
  {  5069,  17,  17,  25,    4,  -33 }, // 0x5E '^'
  {  5106,  21,   3,  23,    1,    1 }, // 0x5F '_'
  {  5114,  10,   7,  14,    2,  -33 }, // 0x60 '`'
  {  5123,  21,  25,  25,    2,  -24 }, // 0x61 'a'
  {  5189,  21,  35,  26,    3,  -34 }, // 0x62 'b'
  {  5281,  21,  25,  25,    2,  -24 }, // 0x63 'c'
  {  5347,  21,  35,  26,    2,  -34 }, // 0x64 'd'
  {  5439,  21,  25,  25,    2,  -24 }, // 0x65 'e'
  {  5505,  15,  35,  17,    1,  -34 }, // 0x66 'f'
  {  5571,  21,  34,  26,    2,  -24 }, // 0x67 'g'
  {  5661,  19,  35,  25,    3,  -34 }, // 0x68 'h'
  {  5745,   5,  33,  11,    3,  -32 }, // 0x69 'i'
  {  5766,  10,  42,  12,   -2,  -32 }, // 0x6A 'j'
  {  5819,  20,  35,  23,    3,  -34 }, // 0x6B 'k'
  {  5907,   4,  35,  12,    4,  -34 }, // 0x6C 'l'
  {  5925,  35,  25,  41,    3,  -24 }, // 0x6D 'm'
  {  6035,  19,  25,  25,    3,  -24 }, // 0x6E 'n'
  {  6095,  22,  25,  26,    2,  -24 }, // 0x6F 'o'
  {  6164,  21,  34,  26,    3,  -24 }, // 0x70 'p'
  {  6254,  21,  34,  27,    2,  -24 }, // 0x71 'q'
  {  6344,  12,  25,  16,    3,  -24 }, // 0x72 'r'
  {  6382,  20,  25,  24,    2,  -24 }, // 0x73 's'
  {  6445,  14,  31,  16,    0,  -30 }, // 0x74 't'
  {  6500,  19,  25,  25,    3,  -24 }, // 0x75 'u'
  {  6560,  21,  25,  23,    1,  -24 }, // 0x76 'v'
  {  6626,  33,  25,  35,    1,  -24 }, // 0x77 'w'
  {  6730,  21,  25,  23,    1,  -24 }, // 0x78 'x'
  {  6796,  22,  34,  22,    0,  -24 }, // 0x79 'y'
  {  6890,  20,  25,  24,    2,  -24 }, // 0x7A 'z'
  {  6953,  14,  44,  15,    1,  -35 }, // 0x7B '{'
  {  7030,   4,  39,  12,    4,  -32 }, // 0x7C '|'
  {  7050,  14,  44,  16,    0,  -35 }, // 0x7D '}'
  {  7127,  26,   9,  30,    2,  -17 }, // 0x7E '~'
  {  7157,  22,  39,  30,    4,  -34 }, // 0x7F 
  {  7265,  22,  39,  30,    4,  -34 }, // 0x80 
  {  7373,  22,  39,  30,    4,  -34 }, // 0x81 
  {  7481,  22,  39,  30,    4,  -34 }, // 0x82 
  {  7589,  22,  39,  30,    4,  -34 }, // 0x83 
  {  7697,  22,  39,  30,    4,  -34 }, // 0x84 
  {  7805,  22,  39,  30,    4,  -34 }, // 0x85 
  {  7913,  22,  39,  30,    4,  -34 }, // 0x86 
  {  8021,  22,  39,  30,    4,  -34 }, // 0x87 
  {  8129,  22,  39,  30,    4,  -34 }, // 0x88 
  {  8237,  22,  39,  30,    4,  -34 }, // 0x89 
  {  8345,  22,  39,  30,    4,  -34 }, // 0x8A 
  {  8453,  22,  39,  30,    4,  -34 }, // 0x8B 
  {  8561,  22,  39,  30,    4,  -34 }, // 0x8C 
  {  8669,  22,  39,  30,    4,  -34 }, // 0x8D 
  {  8777,  22,  39,  30,    4,  -34 }, // 0x8E 
  {  8885,  22,  39,  30,    4,  -34 }, // 0x8F 
  {  8993,  22,  39,  30,    4,  -34 }, // 0x90 
  {  9101,  22,  39,  30,    4,  -34 }, // 0x91 
  {  9209,  22,  39,  30,    4,  -34 }, // 0x92 
  {  9317,  22,  39,  30,    4,  -34 }, // 0x93 
  {  9425,  22,  39,  30,    4,  -34 }, // 0x94 
  {  9533,  22,  39,  30,    4,  -34 }, // 0x95 
  {  9641,  22,  39,  30,    4,  -34 }, // 0x96 
  {  9749,  22,  39,  30,    4,  -34 }, // 0x97 
  {  9857,  22,  39,  30,    4,  -34 }, // 0x98 
  {  9965,  22,  39,  30,    4,  -34 }, // 0x99 
  { 10073,  22,  39,  30,    4,  -34 }, // 0x9A 
  { 10181,  22,  39,  30,    4,  -34 }, // 0x9B 
  { 10289,  22,  39,  30,    4,  -34 }, // 0x9C 
  { 10397,  22,  39,  30,    4,  -34 }, // 0x9D 
  { 10505,  22,  39,  30,    4,  -34 }, // 0x9E 
  { 10613,  22,  39,  30,    4,  -34 }, // 0x9F 
  { 10721,   1,   1,  12,    0,    0 }, // 0xA0 
  { 10722,  22,  39,  30,    4,  -34 }, // 0xA1 '¡'
  { 10830,  21,  36,  25,    2,  -30 }, // 0xA2 '¢'
  { 10925,  24,  33,  27,    2,  -32 }, // 0xA3 '£'
  { 11024,  29,  29,  33,    2,  -28 }, // 0xA4 '¤'
  { 11130,  24,  33,  25,    0,  -32 }, // 0xA5 '¥'
  { 11229,   4,  39,  11,    3,  -32 }, // 0xA6 '¦'
  { 11249,  24,  44,  29,    2,  -32 }, // 0xA7 '§'
  { 11381,  15,   5,  19,    2,  -32 }, // 0xA8 '¨'
  { 11391,  33,  34,  37,    2,  -33 }, // 0xA9 '©'
  { 11532,  21,  20,  25,    2,  -24 }, // 0xAA 'ª'
  { 11585,  18,  18,  22,    2,  -20 }, // 0xAB '«'
  { 11626,  19,   9,  25,    3,  -17 }, // 0xAC '¬'
  { 11648,  22,  39,  30,    4,  -34 }, // 0xAD '­'
  { 11756,  33,  34,  37,    2,  -33 }, // 0xAE '®'
  { 11897,  15,   3,  22,    3,  -32 }, // 0xAF '¯'
  { 11903,  12,  12,  18,    3,  -33 }, // 0xB0 '°'
  { 11921,  21,  29,  25,    2,  -28 }, // 0xB1 '±'
  { 11998,  14,  18,  18,    2,  -32 }, // 0xB2 '²'
  { 12030,  14,  18,  18,    2,  -32 }, // 0xB3 '³'
  { 12062,  10,   7,  14,    2,  -33 }, // 0xB4 '´'
  { 12071,  20,  34,  26,    3,  -24 }, // 0xB5 'µ'
  { 12156,  18,  33,  23,    1,  -32 }, // 0xB6 '¶'
  { 12231,   5,   5,  12,    3,  -18 }, // 0xB7 '·'
  { 12235,   8,  10,  24,    1,    1 }, // 0xB8 '¸'
  { 12245,   9,  18,  18,    3,  -32 }, // 0xB9 '¹'
  { 12266,  23,  24,  25,    1,  -27 }, // 0xBA 'º'
  { 12335,  18,  18,  22,    2,  -20 }, // 0xBB '»'
  { 12376,  30,  30,  34,    3,  -29 }, // 0xBC '¼'
  { 12489,  32,  30,  37,    3,  -29 }, // 0xBD '½'
  { 12609,  34,  31,  37,    2,  -30 }, // 0xBE '¾'
  { 12741,  22,  39,  30,    4,  -34 }, // 0xBF '¿'
  { 12849,  22,  39,  30,    4,  -34 }, // 0xC0 'À'
  { 12957,  22,  39,  30,    4,  -34 }, // 0xC1 'Á'
  { 13065,  22,  39,  30,    4,  -34 }, // 0xC2 'Â'
  { 13173,  22,  39,  30,    4,  -34 }, // 0xC3 'Ã'
  { 13281,  22,  39,  30,    4,  -34 }, // 0xC4 'Ä'
  { 13389,  22,  39,  30,    4,  -34 }, // 0xC5 'Å'
  { 13497,  22,  39,  30,    4,  -34 }, // 0xC6 'Æ'
  { 13605,  22,  39,  30,    4,  -34 }, // 0xC7 'Ç'
  { 13713,  22,  39,  30,    4,  -34 }, // 0xC8 'È'
  { 13821,  22,  39,  30,    4,  -34 }, // 0xC9 'É'
  { 13929,  22,  39,  30,    4,  -34 }, // 0xCA 'Ê'
  { 14037,  22,  39,  30,    4,  -34 }, // 0xCB 'Ë'
  { 14145,  22,  39,  30,    4,  -34 }, // 0xCC 'Ì'
  { 14253,  22,  39,  30,    4,  -34 }, // 0xCD 'Í'
  { 14361,  22,  39,  30,    4,  -34 }, // 0xCE 'Î'
  { 14469,  22,  39,  30,    4,  -34 }, // 0xCF 'Ï'
  { 14577,  22,  39,  30,    4,  -34 }, // 0xD0 'Ð'
  { 14685,  22,  39,  30,    4,  -34 }, // 0xD1 'Ñ'
  { 14793,  22,  39,  30,    4,  -34 }, // 0xD2 'Ò'
  { 14901,  22,  39,  30,    4,  -34 }, // 0xD3 'Ó'
  { 15009,  22,  39,  30,    4,  -34 }, // 0xD4 'Ô'
  { 15117,  22,  39,  30,    4,  -34 }, // 0xD5 'Õ'
  { 15225,  22,  39,  30,    4,  -34 }, // 0xD6 'Ö'
  { 15333,  22,  39,  30,    4,  -34 }, // 0xD7 '×'
  { 15441,  22,  39,  30,    4,  -34 }, // 0xD8 'Ø'
  { 15549,  22,  39,  30,    4,  -34 }, // 0xD9 'Ù'
  { 15657,  22,  39,  30,    4,  -34 }, // 0xDA 'Ú'
  { 15765,  22,  39,  30,    4,  -34 }, // 0xDB 'Û'
  { 15873,  22,  39,  30,    4,  -34 }, // 0xDC 'Ü'
  { 15981,  22,  39,  30,    4,  -34 }, // 0xDD 'Ý'
  { 16089,  22,  39,  30,    4,  -34 }, // 0xDE 'Þ'
  { 16197,  22,  39,  30,    4,  -34 }, // 0xDF 'ß'
  { 16305,  24,  27,  30,    3,  -26 }, // 0xE0 'à'
  { 16386,  23,  27,  25,    1,  -26 }, // 0xE1 'á'
  { 16464,  15,  27,  18,    1,  -26 }, // 0xE2 'â'
  { 16515,  22,  27,  24,    1,  -26 }, // 0xE3 'ã'
  { 16590,  21,  27,  27,    3,  -26 }, // 0xE4 'ä'
  { 16661,   7,  27,  13,    2,  -26 }, // 0xE5 'å'
  { 16685,  13,  27,  17,    2,  -26 }, // 0xE6 'æ'
  { 16729,  21,  27,  29,    4,  -26 }, // 0xE7 'ç'
  { 16800,  21,  28,  28,    4,  -26 }, // 0xE8 'è'
  { 16874,   9,  15,  14,    1,  -26 }, // 0xE9 'é'
  { 16891,  18,  37,  23,    1,  -26 }, // 0xEA 'ê'
  { 16975,  19,  28,  25,    2,  -26 }, // 0xEB 'ë'
  { 17042,  21,  36,  24,    2,  -35 }, // 0xEC 'ì'
  { 17137,  21,  27,  29,    4,  -26 }, // 0xED 'í'
  { 17208,  23,  28,  30,    3,  -27 }, // 0xEE 'î'
  { 17289,   7,  37,  13,    2,  -26 }, // 0xEF 'ï'
  { 17322,  11,  28,  16,    1,  -26 }, // 0xF0 'ð'
  { 17361,  25,  29,  30,    2,  -27 }, // 0xF1 'ñ'
  { 17452,  21,  28,  27,    2,  -26 }, // 0xF2 'ò'
  { 17526,  20,  37,  27,    3,  -26 }, // 0xF3 'ó'
  { 17619,  22,  28,  29,    3,  -26 }, // 0xF4 'ô'
  { 17696,  22,  37,  25,    2,  -26 }, // 0xF5 'õ'
  { 17798,  23,  27,  26,    1,  -26 }, // 0xF6 'ö'
  { 17876,  21,  37,  29,    4,  -26 }, // 0xF7 '÷'
  { 17974,  18,  27,  23,    1,  -26 }, // 0xF8 'ø'
  { 18035,  29,  28,  37,    4,  -26 }, // 0xF9 'ù'
  { 18137,  26,  27,  30,    0,  -26 }, // 0xFA 'ú'
  { 18225,  22,  39,  30,    4,  -34 }, // 0xFB 'û'
  { 18333,  22,  39,  30,    4,  -34 }, // 0xFC 'ü'
  { 18441,  14,  38,   0,  -19,  -32 }, // 0xFD 'ý'
  { 18508,  14,  38,   0,  -20,  -32 }, // 0xFE 'þ'
  { 18575,  22,  39,  30,    4,  -34 } }; // 0xFF 'ÿ'

const GFXfont Heebo_24pt8b PROGMEM = {
  (uint8_t  *)Heebo_24pt8bBitmaps,
  (GFXglyph *)Heebo_24pt8bGlyphs,
  0x20, 0xFF, 69 };

// Approx. 20258 bytes
