// Generated by tools/gen_assets709.py -- do not edit.
// The moon at 32 phases, 72 x 72, 1 bit per pixel, MSB first, rows padded to a
// byte. A set bit is a WHITE pixel; everything else inside the disc is black.
// Phase 0 is new, 16 is full. Rendered from NASA's LRO colour map (public
// domain, NASA's Scientific Visualization Studio, svs.gsfc.nasa.gov/4720).
#ifndef __MOON709_H__
#define __MOON709_H__

#include <Arduino.h>

#define MOON709_PX 72
#define MOON709_STEPS 32

static const uint8_t moon709_00[648] PROGMEM = {
  0x00,0x00,0x00,0x00,0x00,0x00,0x00,0x00,0x00,0x00,0x00,0x00,0x00,0x00,0x00,0x00,0x00,0x00,0x00,0x00,
  0x00,0x00,0x00,0x00,0x00,0x00,0x00,0x00,0x00,0x00,0x00,0x00,0x00,0x00,0x00,0x00,0x00,0x00,0x00,0x00,
  0x00,0x00,0x00,0x00,0x00,0x00,0x00,0x00,0x00,0x00,0x00,0x00,0x00,0x00,0x00,0x00,0x00,0x00,0x00,0x00,
  0x00,0x00,0x00,0x00,0x00,0x00,0x00,0x00,0x00,0x00,0x00,0x00,0x00,0x00,0x00,0x00,0x00,0x00,0x00,0x00,
  0x00,0x00,0x00,0x00,0x00,0x00,0x00,0x00,0x00,0x00,0x00,0x00,0x00,0x00,0x00,0x00,0x00,0x00,0x00,0x00,
  0x00,0x00,0x00,0x00,0x00,0x00,0x00,0x00,0x00,0x00,0x00,0x00,0x00,0x00,0x00,0x00,0x00,0x00,0x00,0x00,
  0x00,0x00,0x00,0x00,0x00,0x00,0x00,0x00,0x00,0x00,0x00,0x00,0x00,0x00,0x00,0x00,0x00,0x00,0x00,0x00,
  0x00,0x00,0x00,0x00,0x00,0x00,0x00,0x00,0x00,0x00,0x00,0x00,0x00,0x00,0x00,0x00,0x00,0x00,0x00,0x00,
  0x00,0x00,0x00,0x00,0x00,0x00,0x00,0x00,0x00,0x00,0x00,0x00,0x00,0x00,0x00,0x00,0x00,0x00,0x00,0x00,
  0x00,0x00,0x00,0x00,0x00,0x00,0x00,0x00,0x00,0x00,0x00,0x00,0x00,0x00,0x00,0x00,0x00,0x00,0x00,0x00,
  0x00,0x00,0x00,0x00,0x00,0x00,0x00,0x00,0x00,0x00,0x00,0x00,0x00,0x00,0x00,0x00,0x00,0x00,0x00,0x00,
  0x00,0x00,0x00,0x00,0x00,0x00,0x00,0x00,0x00,0x00,0x00,0x00,0x00,0x00,0x00,0x00,0x00,0x00,0x00,0x00,
  0x00,0x00,0x00,0x00,0x00,0x00,0x00,0x00,0x00,0x00,0x00,0x00,0x00,0x00,0x00,0x00,0x00,0x00,0x00,0x00,
  0x00,0x00,0x00,0x00,0x00,0x00,0x00,0x00,0x00,0x00,0x00,0x00,0x00,0x00,0x00,0x00,0x00,0x00,0x00,0x00,
  0x00,0x00,0x00,0x00,0x00,0x00,0x00,0x00,0x00,0x00,0x00,0x00,0x00,0x00,0x00,0x00,0x00,0x00,0x00,0x00,
  0x00,0x00,0x00,0x00,0x00,0x00,0x00,0x00,0x00,0x00,0x00,0x00,0x00,0x00,0x00,0x00,0x00,0x00,0x00,0x00,
  0x00,0x00,0x00,0x00,0x00,0x00,0x00,0x00,0x00,0x00,0x00,0x00,0x00,0x00,0x00,0x00,0x00,0x00,0x00,0x00,
  0x00,0x00,0x00,0x00,0x00,0x00,0x00,0x00,0x00,0x00,0x00,0x00,0x00,0x00,0x00,0x00,0x00,0x00,0x00,0x00,
  0x00,0x00,0x00,0x00,0x00,0x00,0x00,0x00,0x00,0x00,0x00,0x00,0x00,0x00,0x00,0x00,0x00,0x00,0x00,0x00,
  0x00,0x00,0x00,0x00,0x00,0x00,0x00,0x00,0x00,0x00,0x00,0x00,0x00,0x00,0x00,0x00,0x00,0x00,0x00,0x00,
  0x00,0x00,0x00,0x00,0x00,0x00,0x00,0x00,0x00,0x00,0x00,0x00,0x00,0x00,0x00,0x00,0x00,0x00,0x00,0x00,
  0x00,0x00,0x00,0x00,0x00,0x00,0x00,0x00,0x00,0x00,0x00,0x00,0x00,0x00,0x00,0x00,0x00,0x00,0x00,0x00,
  0x00,0x00,0x00,0x00,0x00,0x00,0x00,0x00,0x00,0x00,0x00,0x00,0x00,0x00,0x00,0x00,0x00,0x00,0x00,0x00,
  0x00,0x00,0x00,0x00,0x00,0x00,0x00,0x00,0x00,0x00,0x00,0x00,0x00,0x00,0x00,0x00,0x00,0x00,0x00,0x00,
  0x00,0x00,0x00,0x00,0x00,0x00,0x00,0x00,0x00,0x00,0x00,0x00,0x00,0x00,0x00,0x00,0x00,0x00,0x00,0x00,
  0x00,0x00,0x00,0x00,0x00,0x00,0x00,0x00,0x00,0x00,0x00,0x00,0x00,0x00,0x00,0x00,0x00,0x00,0x00,0x00,
  0x00,0x00,0x00,0x00,0x00,0x00,0x00,0x00,0x00,0x00,0x00,0x00,0x00,0x00,0x00,0x00,0x00,0x00,0x00,0x00,
  0x00,0x00,0x00,0x00,0x00,0x00,0x00,0x00,0x00,0x00,0x00,0x00,0x00,0x00,0x00,0x00,0x00,0x00,0x00,0x00,
  0x00,0x00,0x00,0x00,0x00,0x00,0x00,0x00,0x00,0x00,0x00,0x00,0x00,0x00,0x00,0x00,0x00,0x00,0x00,0x00,
  0x00,0x00,0x00,0x00,0x00,0x00,0x00,0x00,0x00,0x00,0x00,0x00,0x00,0x00,0x00,0x00,0x00,0x00,0x00,0x00,
  0x00,0x00,0x00,0x00,0x00,0x00,0x00,0x00,0x00,0x00,0x00,0x00,0x00,0x00,0x00,0x00,0x00,0x00,0x00,0x00,
  0x00,0x00,0x00,0x00,0x00,0x00,0x00,0x00,0x00,0x00,0x00,0x00,0x00,0x00,0x00,0x00,0x00,0x00,0x00,0x00,
  0x00,0x00,0x00,0x00,0x00,0x00,0x00,0x00,
};
static const uint8_t moon709_01[648] PROGMEM = {
  0x00,0x00,0x00,0x00,0x00,0x00,0x00,0x00,0x00,0x00,0x00,0x00,0x00,0x00,0x00,0x00,0x00,0x00,0x00,0x00,
  0x00,0x00,0x00,0x00,0x00,0x00,0x00,0x00,0x00,0x00,0x00,0x00,0x00,0x00,0x00,0x00,0x00,0x00,0x00,0x00,
  0x00,0x00,0x00,0x00,0x00,0x00,0x00,0x00,0x00,0x00,0x00,0x00,0x00,0x00,0x00,0x00,0x00,0x00,0x00,0x00,
  0x00,0x00,0x00,0x00,0x00,0x00,0x00,0x00,0x00,0x00,0x00,0x00,0x00,0x00,0x00,0x00,0x00,0x00,0x00,0x00,
  0x00,0x00,0x00,0x00,0x00,0x00,0x00,0x00,0x00,0x00,0x00,0x00,0x00,0x00,0x00,0x00,0x00,0x00,0x00,0x00,
  0x00,0x00,0x00,0x00,0x00,0x00,0x00,0x00,0x00,0x00,0x00,0x00,0x00,0x00,0x00,0x00,0x00,0x00,0x00,0x00,
  0x00,0x00,0x00,0x00,0x00,0x00,0x00,0x00,0x00,0x00,0x00,0x00,0x00,0x00,0x00,0x00,0x00,0x00,0x00,0x00,
  0x00,0x00,0x00,0x00,0x00,0x00,0x00,0x00,0x00,0x00,0x00,0x00,0x00,0x00,0x00,0x00,0x00,0x00,0x00,0x00,
  0x00,0x00,0x00,0x00,0x00,0x00,0x00,0x00,0x00,0x00,0x00,0x00,0x00,0x00,0x00,0x00,0x00,0x00,0x00,0x10,
  0x00,0x00,0x00,0x00,0x00,0x00,0x00,0x00,0x00,0x00,0x00,0x00,0x00,0x00,0x00,0x00,0x00,0x00,0x00,0x00,
  0x00,0x00,0x00,0x00,0x00,0x00,0x00,0x00,0x00,0x00,0x00,0x00,0x00,0x00,0x00,0x00,0x00,0x00,0x00,0x00,
  0x00,0x00,0x00,0x00,0x00,0x00,0x00,0x00,0x00,0x00,0x00,0x00,0x00,0x00,0x00,0x00,0x00,0x00,0x00,0x00,
  0x00,0x00,0x00,0x00,0x00,0x00,0x00,0x00,0x00,0x00,0x00,0x00,0x00,0x00,0x00,0x00,0x00,0x00,0x00,0x00,
  0x00,0x00,0x00,0x00,0x00,0x00,0x00,0x00,0x00,0x00,0x00,0x00,0x00,0x00,0x00,0x00,0x00,0x00,0x00,0x00,
  0x00,0x00,0x00,0x00,0x00,0x00,0x00,0x00,0x00,0x00,0x00,0x00,0x00,0x00,0x00,0x00,0x00,0x00,0x00,0x00,
  0x00,0x00,0x00,0x00,0x00,0x00,0x00,0x00,0x00,0x00,0x00,0x00,0x00,0x00,0x00,0x00,0x00,0x00,0x00,0x00,
  0x00,0x00,0x00,0x00,0x00,0x00,0x00,0x00,0x00,0x00,0x00,0x00,0x00,0x00,0x00,0x00,0x00,0x00,0x00,0x00,
  0x00,0x00,0x00,0x00,0x00,0x00,0x00,0x00,0x00,0x00,0x00,0x00,0x00,0x00,0x00,0x00,0x00,0x00,0x00,0x00,
  0x00,0x00,0x00,0x00,0x00,0x00,0x00,0x00,0x00,0x00,0x00,0x00,0x00,0x00,0x00,0x00,0x00,0x00,0x00,0x00,
  0x00,0x00,0x00,0x00,0x00,0x00,0x00,0x00,0x00,0x00,0x00,0x00,0x00,0x00,0x00,0x00,0x00,0x00,0x00,0x00,
  0x00,0x00,0x00,0x00,0x00,0x00,0x00,0x00,0x00,0x00,0x00,0x00,0x00,0x00,0x00,0x00,0x00,0x00,0x00,0x00,
  0x00,0x00,0x00,0x00,0x00,0x00,0x00,0x00,0x00,0x00,0x00,0x00,0x00,0x00,0x00,0x00,0x00,0x00,0x00,0x00,
  0x00,0x00,0x00,0x00,0x00,0x00,0x00,0x00,0x00,0x00,0x00,0x00,0x00,0x00,0x00,0x00,0x00,0x00,0x00,0x00,
  0x00,0x00,0x00,0x00,0x00,0x00,0x00,0x00,0x00,0x00,0x00,0x00,0x00,0x00,0x00,0x00,0x00,0x00,0x00,0x00,
  0x00,0x00,0x00,0x00,0x00,0x00,0x00,0x00,0x00,0x00,0x00,0x00,0x00,0x00,0x00,0x00,0x00,0x00,0x00,0x00,
  0x00,0x00,0x00,0x00,0x00,0x00,0x00,0x00,0x00,0x00,0x00,0x00,0x00,0x00,0x00,0x00,0x00,0x00,0x00,0x00,
  0x00,0x00,0x00,0x00,0x00,0x00,0x00,0x00,0x00,0x00,0x00,0x00,0x00,0x00,0x00,0x00,0x00,0x00,0x00,0x00,
  0x00,0x00,0x00,0x00,0x00,0x00,0x00,0x00,0x00,0x00,0x00,0x00,0x00,0x00,0x00,0x00,0x00,0x00,0x00,0x00,
  0x00,0x00,0x00,0x00,0x00,0x00,0x00,0x00,0x00,0x00,0x00,0x00,0x00,0x00,0x00,0x00,0x00,0x00,0x00,0x00,
  0x00,0x00,0x00,0x00,0x00,0x00,0x00,0x00,0x00,0x00,0x00,0x00,0x00,0x00,0x00,0x00,0x00,0x00,0x00,0x00,
  0x00,0x00,0x00,0x00,0x00,0x00,0x00,0x00,0x00,0x00,0x00,0x00,0x00,0x00,0x00,0x00,0x00,0x00,0x00,0x00,
  0x00,0x00,0x00,0x00,0x00,0x00,0x00,0x00,0x00,0x00,0x00,0x00,0x00,0x00,0x00,0x00,0x00,0x00,0x00,0x00,
  0x00,0x00,0x00,0x00,0x00,0x00,0x00,0x00,
};
static const uint8_t moon709_02[648] PROGMEM = {
  0x00,0x00,0x00,0x00,0x00,0x00,0x00,0x00,0x00,0x00,0x00,0x00,0x00,0x00,0x00,0x00,0x00,0x00,0x00,0x00,
  0x00,0x00,0x00,0x00,0x00,0x00,0x00,0x00,0x00,0x00,0x00,0x00,0x00,0x00,0x00,0x00,0x00,0x00,0x00,0x00,
  0x00,0x00,0x00,0x00,0x00,0x00,0x00,0x00,0x00,0x00,0x00,0x02,0x00,0x00,0x00,0x00,0x00,0x00,0x00,0x00,
  0x00,0x00,0x00,0x00,0x00,0x00,0x00,0x00,0x00,0x00,0x40,0x00,0x00,0x00,0x00,0x00,0x00,0x00,0x00,0x00,
  0x00,0x00,0x00,0x00,0x00,0x00,0x00,0x00,0x10,0x00,0x00,0x00,0x00,0x00,0x00,0x00,0x00,0x08,0x00,0x00,
  0x00,0x00,0x00,0x00,0x00,0x00,0x04,0x00,0x00,0x00,0x00,0x00,0x00,0x00,0x00,0x02,0x00,0x00,0x00,0x00,
  0x00,0x00,0x00,0x00,0x01,0x00,0x00,0x00,0x00,0x00,0x00,0x00,0x00,0x00,0x80,0x00,0x00,0x00,0x00,0x00,
  0x00,0x00,0x00,0x40,0x00,0x00,0x00,0x00,0x00,0x00,0x00,0x00,0x40,0x00,0x00,0x00,0x00,0x00,0x00,0x00,
  0x00,0x20,0x00,0x00,0x00,0x00,0x00,0x00,0x00,0x00,0x20,0x00,0x00,0x00,0x00,0x00,0x00,0x00,0x00,0x10,
  0x00,0x00,0x00,0x00,0x00,0x00,0x00,0x00,0x10,0x00,0x00,0x00,0x00,0x00,0x00,0x00,0x00,0x08,0x00,0x00,
  0x00,0x00,0x00,0x00,0x00,0x00,0x08,0x00,0x00,0x00,0x00,0x00,0x00,0x00,0x00,0x0C,0x00,0x00,0x00,0x00,
  0x00,0x00,0x00,0x00,0x04,0x00,0x00,0x00,0x00,0x00,0x00,0x00,0x00,0x04,0x00,0x00,0x00,0x00,0x00,0x00,
  0x00,0x00,0x02,0x00,0x00,0x00,0x00,0x00,0x00,0x00,0x00,0x04,0x00,0x00,0x00,0x00,0x00,0x00,0x00,0x00,
  0x02,0x00,0x00,0x00,0x00,0x00,0x00,0x00,0x00,0x02,0x00,0x00,0x00,0x00,0x00,0x00,0x00,0x00,0x02,0x00,
  0x00,0x00,0x00,0x00,0x00,0x00,0x00,0x02,0x00,0x00,0x00,0x00,0x00,0x00,0x00,0x00,0x01,0x00,0x00,0x00,
  0x00,0x00,0x00,0x00,0x00,0x03,0x00,0x00,0x00,0x00,0x00,0x00,0x00,0x00,0x01,0x00,0x00,0x00,0x00,0x00,
  0x00,0x00,0x00,0x01,0x00,0x00,0x00,0x00,0x00,0x00,0x00,0x00,0x02,0x00,0x00,0x00,0x00,0x00,0x00,0x00,
  0x00,0x01,0x00,0x00,0x00,0x00,0x00,0x00,0x00,0x00,0x02,0x00,0x00,0x00,0x00,0x00,0x00,0x00,0x00,0x01,
  0x00,0x00,0x00,0x00,0x00,0x00,0x00,0x00,0x02,0x00,0x00,0x00,0x00,0x00,0x00,0x00,0x00,0x02,0x00,0x00,
  0x00,0x00,0x00,0x00,0x00,0x00,0x02,0x00,0x00,0x00,0x00,0x00,0x00,0x00,0x00,0x02,0x00,0x00,0x00,0x00,
  0x00,0x00,0x00,0x00,0x04,0x00,0x00,0x00,0x00,0x00,0x00,0x00,0x00,0x02,0x00,0x00,0x00,0x00,0x00,0x00,
  0x00,0x00,0x04,0x00,0x00,0x00,0x00,0x00,0x00,0x00,0x00,0x04,0x00,0x00,0x00,0x00,0x00,0x00,0x00,0x00,
  0x08,0x00,0x00,0x00,0x00,0x00,0x00,0x00,0x00,0x08,0x00,0x00,0x00,0x00,0x00,0x00,0x00,0x00,0x08,0x00,
  0x00,0x00,0x00,0x00,0x00,0x00,0x00,0x10,0x00,0x00,0x00,0x00,0x00,0x00,0x00,0x00,0x10,0x00,0x00,0x00,
  0x00,0x00,0x00,0x00,0x00,0x20,0x00,0x00,0x00,0x00,0x00,0x00,0x00,0x00,0x20,0x00,0x00,0x00,0x00,0x00,
  0x00,0x00,0x00,0x40,0x00,0x00,0x00,0x00,0x00,0x00,0x00,0x00,0x80,0x00,0x00,0x00,0x00,0x00,0x00,0x00,
  0x00,0x00,0x00,0x00,0x00,0x00,0x00,0x00,0x00,0x01,0x00,0x00,0x00,0x00,0x00,0x00,0x00,0x00,0x02,0x00,
  0x00,0x00,0x00,0x00,0x00,0x00,0x00,0x00,0x00,0x00,0x00,0x00,0x00,0x00,0x00,0x00,0x04,0x00,0x00,0x00,
  0x00,0x00,0x00,0x00,0x00,0x00,0x00,0x00,0x00,0x00,0x00,0x00,0x00,0x00,0x10,0x00,0x00,0x00,0x00,0x00,
  0x00,0x00,0x00,0x00,0x00,0x00,0x00,0x00,0x00,0x00,0x00,0x00,0x00,0x00,0x00,0x00,0x00,0x00,0x00,0x00,
  0x00,0x00,0x00,0x00,0x00,0x00,0x00,0x00,0x00,0x00,0x00,0x00,0x00,0x00,0x00,0x00,0x00,0x00,0x00,0x00,
  0x00,0x00,0x00,0x00,0x00,0x00,0x00,0x00,0x00,0x00,0x00,0x00,0x00,0x00,0x00,0x00,0x00,0x00,0x00,0x00,
  0x00,0x00,0x00,0x00,0x00,0x00,0x00,0x00,
};
static const uint8_t moon709_03[648] PROGMEM = {
  0x00,0x00,0x00,0x00,0x00,0x00,0x00,0x00,0x00,0x00,0x00,0x00,0x00,0x00,0x00,0x00,0x00,0x00,0x00,0x00,
  0x00,0x00,0x00,0x00,0x00,0x00,0x00,0x00,0x00,0x00,0x00,0x00,0x00,0x50,0x00,0x00,0x00,0x00,0x00,0x00,
  0x00,0x00,0x08,0x00,0x00,0x00,0x00,0x00,0x00,0x00,0x00,0x04,0x00,0x00,0x00,0x00,0x00,0x00,0x00,0x00,
  0x03,0x00,0x00,0x00,0x00,0x00,0x00,0x00,0x00,0x00,0xC0,0x00,0x00,0x00,0x00,0x00,0x00,0x00,0x00,0x60,
  0x00,0x00,0x00,0x00,0x00,0x00,0x00,0x00,0x10,0x00,0x00,0x00,0x00,0x00,0x00,0x00,0x00,0x28,0x00,0x00,
  0x00,0x00,0x00,0x00,0x00,0x00,0x0C,0x00,0x00,0x00,0x00,0x00,0x00,0x00,0x00,0x0E,0x00,0x00,0x00,0x00,
  0x00,0x00,0x00,0x00,0x03,0x00,0x00,0x00,0x00,0x00,0x00,0x00,0x00,0x03,0x00,0x00,0x00,0x00,0x00,0x00,
  0x00,0x00,0x01,0xC0,0x00,0x00,0x00,0x00,0x00,0x00,0x00,0x02,0x80,0x00,0x00,0x00,0x00,0x00,0x00,0x00,
  0x00,0xE0,0x00,0x00,0x00,0x00,0x00,0x00,0x00,0x00,0xE0,0x00,0x00,0x00,0x00,0x00,0x00,0x00,0x00,0x50,
  0x00,0x00,0x00,0x00,0x00,0x00,0x00,0x00,0xB0,0x00,0x00,0x00,0x00,0x00,0x00,0x00,0x00,0x58,0x00,0x00,
  0x00,0x00,0x00,0x00,0x00,0x00,0x38,0x00,0x00,0x00,0x00,0x00,0x00,0x00,0x00,0x0C,0x00,0x00,0x00,0x00,
  0x00,0x00,0x00,0x00,0x28,0x00,0x00,0x00,0x00,0x00,0x00,0x00,0x00,0x0C,0x00,0x00,0x00,0x00,0x00,0x00,
  0x00,0x00,0x14,0x00,0x00,0x00,0x00,0x00,0x00,0x00,0x00,0x0E,0x00,0x00,0x00,0x00,0x00,0x00,0x00,0x00,
  0x14,0x00,0x00,0x00,0x00,0x00,0x00,0x00,0x00,0x0E,0x00,0x00,0x00,0x00,0x00,0x00,0x00,0x00,0x15,0x00,
  0x00,0x00,0x00,0x00,0x00,0x00,0x00,0x0A,0x00,0x00,0x00,0x00,0x00,0x00,0x00,0x00,0x17,0x00,0x00,0x00,
  0x00,0x00,0x00,0x00,0x00,0x0A,0x00,0x00,0x00,0x00,0x00,0x00,0x00,0x00,0x0B,0x00,0x00,0x00,0x00,0x00,
  0x00,0x00,0x00,0x0A,0x00,0x00,0x00,0x00,0x00,0x00,0x00,0x00,0x0B,0x00,0x00,0x00,0x00,0x00,0x00,0x00,
  0x00,0x0D,0x00,0x00,0x00,0x00,0x00,0x00,0x00,0x00,0x0A,0x00,0x00,0x00,0x00,0x00,0x00,0x00,0x00,0x0B,
  0x00,0x00,0x00,0x00,0x00,0x00,0x00,0x00,0x16,0x00,0x00,0x00,0x00,0x00,0x00,0x00,0x00,0x1A,0x00,0x00,
  0x00,0x00,0x00,0x00,0x00,0x00,0x0E,0x00,0x00,0x00,0x00,0x00,0x00,0x00,0x00,0x14,0x00,0x00,0x00,0x00,
  0x00,0x00,0x00,0x00,0x1A,0x00,0x00,0x00,0x00,0x00,0x00,0x00,0x00,0x16,0x00,0x00,0x00,0x00,0x00,0x00,
  0x00,0x00,0x2C,0x00,0x00,0x00,0x00,0x00,0x00,0x00,0x00,0x14,0x00,0x00,0x00,0x00,0x00,0x00,0x00,0x00,
  0x58,0x00,0x00,0x00,0x00,0x00,0x00,0x00,0x00,0x28,0x00,0x00,0x00,0x00,0x00,0x00,0x00,0x00,0x78,0x00,
  0x00,0x00,0x00,0x00,0x00,0x00,0x00,0x50,0x00,0x00,0x00,0x00,0x00,0x00,0x00,0x00,0xE0,0x00,0x00,0x00,
  0x00,0x00,0x00,0x00,0x00,0xA0,0x00,0x00,0x00,0x00,0x00,0x00,0x00,0x01,0xC0,0x00,0x00,0x00,0x00,0x00,
  0x00,0x00,0x01,0x40,0x00,0x00,0x00,0x00,0x00,0x00,0x00,0x02,0x80,0x00,0x00,0x00,0x00,0x00,0x00,0x00,
  0x03,0x80,0x00,0x00,0x00,0x00,0x00,0x00,0x00,0x06,0x00,0x00,0x00,0x00,0x00,0x00,0x00,0x00,0x0A,0x00,
  0x00,0x00,0x00,0x00,0x00,0x00,0x00,0x0C,0x00,0x00,0x00,0x00,0x00,0x00,0x00,0x00,0x10,0x00,0x00,0x00,
  0x00,0x00,0x00,0x00,0x00,0x30,0x00,0x00,0x00,0x00,0x00,0x00,0x00,0x00,0x40,0x00,0x00,0x00,0x00,0x00,
  0x00,0x00,0x00,0x80,0x00,0x00,0x00,0x00,0x00,0x00,0x00,0x01,0x00,0x00,0x00,0x00,0x00,0x00,0x00,0x00,
  0x04,0x00,0x00,0x00,0x00,0x00,0x00,0x00,0x00,0x08,0x00,0x00,0x00,0x00,0x00,0x00,0x00,0x00,0x20,0x00,
  0x00,0x00,0x00,0x00,0x00,0x00,0x00,0x00,0x00,0x00,0x00,0x00,0x00,0x00,0x00,0x00,0x00,0x00,0x00,0x00,
  0x00,0x00,0x00,0x00,0x00,0x00,0x00,0x00,
};
static const uint8_t moon709_04[648] PROGMEM = {
  0x00,0x00,0x00,0x00,0x00,0x00,0x00,0x00,0x00,0x00,0x00,0x00,0x00,0x00,0x04,0x00,0x00,0x00,0x00,0x00,
  0x00,0x00,0x00,0x01,0x00,0x00,0x00,0x00,0x00,0x00,0x00,0x00,0x00,0xE0,0x00,0x00,0x00,0x00,0x00,0x00,
  0x00,0x00,0x18,0x00,0x00,0x00,0x00,0x00,0x00,0x00,0x00,0x0E,0x00,0x00,0x00,0x00,0x00,0x00,0x00,0x00,
  0x07,0x00,0x00,0x00,0x00,0x00,0x00,0x00,0x00,0x01,0xC0,0x00,0x00,0x00,0x00,0x00,0x00,0x00,0x05,0x60,
  0x00,0x00,0x00,0x00,0x00,0x00,0x00,0x00,0xD0,0x00,0x00,0x00,0x00,0x00,0x00,0x00,0x00,0x78,0x00,0x00,
  0x00,0x00,0x00,0x00,0x00,0x00,0xAC,0x00,0x00,0x00,0x00,0x00,0x00,0x00,0x00,0x36,0x00,0x00,0x00,0x00,
  0x00,0x00,0x00,0x00,0x1F,0x00,0x00,0x00,0x00,0x00,0x00,0x00,0x00,0x55,0x80,0x00,0x00,0x00,0x00,0x00,
  0x00,0x00,0x16,0x80,0x00,0x00,0x00,0x00,0x00,0x00,0x00,0x0F,0xC0,0x00,0x00,0x00,0x00,0x00,0x00,0x00,
  0x15,0x60,0x00,0x00,0x00,0x00,0x00,0x00,0x00,0x06,0xE0,0x00,0x00,0x00,0x00,0x00,0x00,0x00,0x0B,0xB0,
  0x00,0x00,0x00,0x00,0x00,0x00,0x00,0x02,0xF0,0x00,0x00,0x00,0x00,0x00,0x00,0x00,0x05,0x58,0x00,0x00,
  0x00,0x00,0x00,0x00,0x00,0x02,0xA8,0x00,0x00,0x00,0x00,0x00,0x00,0x00,0x01,0x3C,0x00,0x00,0x00,0x00,
  0x00,0x00,0x00,0x04,0x88,0x00,0x00,0x00,0x00,0x00,0x00,0x00,0x02,0x4C,0x00,0x00,0x00,0x00,0x00,0x00,
  0x00,0x01,0x2C,0x00,0x00,0x00,0x00,0x00,0x00,0x00,0x00,0x96,0x00,0x00,0x00,0x00,0x00,0x00,0x00,0x02,
  0xAC,0x00,0x00,0x00,0x00,0x00,0x00,0x00,0x01,0x56,0x00,0x00,0x00,0x00,0x00,0x00,0x00,0x00,0xBA,0x00,
  0x00,0x00,0x00,0x00,0x00,0x00,0x01,0x67,0x00,0x00,0x00,0x00,0x00,0x00,0x00,0x00,0xB5,0x00,0x00,0x00,
  0x00,0x00,0x00,0x00,0x00,0x5B,0x00,0x00,0x00,0x00,0x00,0x00,0x00,0x00,0x56,0x00,0x00,0x00,0x00,0x00,
  0x00,0x00,0x01,0x15,0x00,0x00,0x00,0x00,0x00,0x00,0x00,0x00,0x56,0x00,0x00,0x00,0x00,0x00,0x00,0x00,
  0x00,0x2B,0x00,0x00,0x00,0x00,0x00,0x00,0x00,0x00,0xAD,0x00,0x00,0x00,0x00,0x00,0x00,0x00,0x00,0x56,
  0x00,0x00,0x00,0x00,0x00,0x00,0x00,0x01,0x2B,0x00,0x00,0x00,0x00,0x00,0x00,0x00,0x00,0xBE,0x00,0x00,
  0x00,0x00,0x00,0x00,0x00,0x00,0x6A,0x00,0x00,0x00,0x00,0x00,0x00,0x00,0x01,0x5E,0x00,0x00,0x00,0x00,
  0x00,0x00,0x00,0x01,0x54,0x00,0x00,0x00,0x00,0x00,0x00,0x00,0x02,0x6E,0x00,0x00,0x00,0x00,0x00,0x00,
  0x00,0x01,0x54,0x00,0x00,0x00,0x00,0x00,0x00,0x00,0x01,0xBC,0x00,0x00,0x00,0x00,0x00,0x00,0x00,0x04,
  0xD4,0x00,0x00,0x00,0x00,0x00,0x00,0x00,0x03,0xB8,0x00,0x00,0x00,0x00,0x00,0x00,0x00,0x05,0x68,0x00,
  0x00,0x00,0x00,0x00,0x00,0x00,0x05,0xD0,0x00,0x00,0x00,0x00,0x00,0x00,0x00,0x07,0x70,0x00,0x00,0x00,
  0x00,0x00,0x00,0x00,0x0B,0xD0,0x00,0x00,0x00,0x00,0x00,0x00,0x00,0x0D,0x60,0x00,0x00,0x00,0x00,0x00,
  0x00,0x00,0x17,0xC0,0x00,0x00,0x00,0x00,0x00,0x00,0x00,0x1D,0x80,0x00,0x00,0x00,0x00,0x00,0x00,0x00,
  0x2B,0x00,0x00,0x00,0x00,0x00,0x00,0x00,0x00,0x3E,0x00,0x00,0x00,0x00,0x00,0x00,0x00,0x00,0x4A,0x00,
  0x00,0x00,0x00,0x00,0x00,0x00,0x00,0x74,0x00,0x00,0x00,0x00,0x00,0x00,0x00,0x00,0xA8,0x00,0x00,0x00,
  0x00,0x00,0x00,0x00,0x01,0x70,0x00,0x00,0x00,0x00,0x00,0x00,0x00,0x02,0xC0,0x00,0x00,0x00,0x00,0x00,
  0x00,0x00,0x03,0x40,0x00,0x00,0x00,0x00,0x00,0x00,0x00,0x0A,0x80,0x00,0x00,0x00,0x00,0x00,0x00,0x00,
  0x0E,0x00,0x00,0x00,0x00,0x00,0x00,0x00,0x00,0x30,0x00,0x00,0x00,0x00,0x00,0x00,0x00,0x00,0x50,0x00,
  0x00,0x00,0x00,0x00,0x00,0x00,0x01,0x40,0x00,0x00,0x00,0x00,0x00,0x00,0x00,0x02,0x00,0x00,0x00,0x00,
  0x00,0x00,0x00,0x00,0x00,0x00,0x00,0x00,
};
static const uint8_t moon709_05[648] PROGMEM = {
  0x00,0x00,0x00,0x00,0x00,0x00,0x00,0x00,0x00,0x00,0x00,0x00,0x00,0x00,0x14,0x00,0x00,0x00,0x00,0x00,
  0x00,0x00,0x00,0x03,0x80,0x00,0x00,0x00,0x00,0x00,0x00,0x00,0x00,0xE0,0x00,0x00,0x00,0x00,0x00,0x00,
  0x00,0x01,0x78,0x00,0x00,0x00,0x00,0x00,0x00,0x00,0x00,0x2E,0x00,0x00,0x00,0x00,0x00,0x00,0x00,0x00,
  0x5D,0x00,0x00,0x00,0x00,0x00,0x00,0x00,0x00,0x17,0xC0,0x00,0x00,0x00,0x00,0x00,0x00,0x00,0x15,0xE0,
  0x00,0x00,0x00,0x00,0x00,0x00,0x00,0x0B,0x50,0x00,0x00,0x00,0x00,0x00,0x00,0x00,0x06,0xB8,0x00,0x00,
  0x00,0x00,0x00,0x00,0x00,0x09,0xEC,0x00,0x00,0x00,0x00,0x00,0x00,0x00,0x03,0x5E,0x00,0x00,0x00,0x00,
  0x00,0x00,0x00,0x01,0xB7,0x00,0x00,0x00,0x00,0x00,0x00,0x00,0x04,0xFD,0x80,0x00,0x00,0x00,0x00,0x00,
  0x00,0x01,0x57,0x80,0x00,0x00,0x00,0x00,0x00,0x00,0x00,0xED,0xC0,0x00,0x00,0x00,0x00,0x00,0x00,0x02,
  0x7E,0xE0,0x00,0x00,0x00,0x00,0x00,0x00,0x00,0xAB,0x60,0x00,0x00,0x00,0x00,0x00,0x00,0x00,0xBD,0xF0,
  0x00,0x00,0x00,0x00,0x00,0x00,0x00,0xAB,0x50,0x00,0x00,0x00,0x00,0x00,0x00,0x00,0x5D,0xB8,0x00,0x00,
  0x00,0x00,0x00,0x00,0x00,0x56,0x68,0x00,0x00,0x00,0x00,0x00,0x00,0x00,0x5A,0x9C,0x00,0x00,0x00,0x00,
  0x00,0x00,0x00,0x2D,0x54,0x00,0x00,0x00,0x00,0x00,0x00,0x00,0x1E,0x4C,0x00,0x00,0x00,0x00,0x00,0x00,
  0x00,0x55,0x2C,0x00,0x00,0x00,0x00,0x00,0x00,0x00,0x16,0x96,0x00,0x00,0x00,0x00,0x00,0x00,0x00,0x0B,
  0x5C,0x00,0x00,0x00,0x00,0x00,0x00,0x00,0x0B,0xAA,0x00,0x00,0x00,0x00,0x00,0x00,0x00,0x2A,0xDE,0x00,
  0x00,0x00,0x00,0x00,0x00,0x00,0x05,0xB3,0x00,0x00,0x00,0x00,0x00,0x00,0x00,0x14,0xDB,0x00,0x00,0x00,
  0x00,0x00,0x00,0x00,0x0A,0x6E,0x00,0x00,0x00,0x00,0x00,0x00,0x00,0x15,0x2B,0x00,0x00,0x00,0x00,0x00,
  0x00,0x00,0x08,0x95,0x00,0x00,0x00,0x00,0x00,0x00,0x00,0x52,0x2E,0x00,0x00,0x00,0x00,0x00,0x00,0x00,
  0x09,0x55,0x00,0x00,0x00,0x00,0x00,0x00,0x00,0x24,0xAF,0x00,0x00,0x00,0x00,0x00,0x00,0x00,0x15,0x2A,
  0x00,0x00,0x00,0x00,0x00,0x00,0x00,0x50,0xB6,0x00,0x00,0x00,0x00,0x00,0x00,0x00,0x16,0x5E,0x00,0x00,
  0x00,0x00,0x00,0x00,0x00,0x29,0x76,0x00,0x00,0x00,0x00,0x00,0x00,0x00,0x2D,0x5A,0x00,0x00,0x00,0x00,
  0x00,0x00,0x00,0x2B,0x6E,0x00,0x00,0x00,0x00,0x00,0x00,0x00,0x36,0xB4,0x00,0x00,0x00,0x00,0x00,0x00,
  0x00,0x2A,0xAC,0x00,0x00,0x00,0x00,0x00,0x00,0x00,0x2D,0xDC,0x00,0x00,0x00,0x00,0x00,0x00,0x00,0xAA,
  0xE8,0x00,0x00,0x00,0x00,0x00,0x00,0x00,0x37,0x58,0x00,0x00,0x00,0x00,0x00,0x00,0x00,0xAD,0xF8,0x00,
  0x00,0x00,0x00,0x00,0x00,0x00,0x5E,0xD0,0x00,0x00,0x00,0x00,0x00,0x00,0x00,0xBB,0xF0,0x00,0x00,0x00,
  0x00,0x00,0x00,0x00,0xDF,0x40,0x00,0x00,0x00,0x00,0x00,0x00,0x01,0x77,0xE0,0x00,0x00,0x00,0x00,0x00,
  0x00,0x01,0x5D,0x80,0x00,0x00,0x00,0x00,0x00,0x00,0x01,0x7E,0xC0,0x00,0x00,0x00,0x00,0x00,0x00,0x02,
  0xEB,0x00,0x00,0x00,0x00,0x00,0x00,0x00,0x02,0xBF,0x00,0x00,0x00,0x00,0x00,0x00,0x00,0x05,0xEA,0x00,
  0x00,0x00,0x00,0x00,0x00,0x00,0x07,0x5C,0x00,0x00,0x00,0x00,0x00,0x00,0x00,0x0A,0xF0,0x00,0x00,0x00,
  0x00,0x00,0x00,0x00,0x0B,0xA0,0x00,0x00,0x00,0x00,0x00,0x00,0x00,0x16,0xD0,0x00,0x00,0x00,0x00,0x00,
  0x00,0x00,0x2D,0x40,0x00,0x00,0x00,0x00,0x00,0x00,0x00,0x37,0x00,0x00,0x00,0x00,0x00,0x00,0x00,0x00,
  0xAC,0x00,0x00,0x00,0x00,0x00,0x00,0x00,0x00,0x78,0x00,0x00,0x00,0x00,0x00,0x00,0x00,0x01,0xC0,0x00,
  0x00,0x00,0x00,0x00,0x00,0x00,0x06,0x80,0x00,0x00,0x00,0x00,0x00,0x00,0x00,0x08,0x00,0x00,0x00,0x00,
  0x00,0x00,0x00,0x00,0x00,0x00,0x00,0x00,
};
static const uint8_t moon709_06[648] PROGMEM = {
  0x00,0x00,0x00,0x00,0x00,0x00,0x00,0x00,0x00,0x00,0x00,0x00,0x00,0x00,0x5A,0x00,0x00,0x00,0x00,0x00,
  0x00,0x00,0x00,0x0F,0x00,0x00,0x00,0x00,0x00,0x00,0x00,0x00,0x03,0xE0,0x00,0x00,0x00,0x00,0x00,0x00,
  0x00,0x09,0xF8,0x00,0x00,0x00,0x00,0x00,0x00,0x00,0x02,0xBE,0x00,0x00,0x00,0x00,0x00,0x00,0x00,0x00,
  0xDB,0x00,0x00,0x00,0x00,0x00,0x00,0x00,0x02,0x6F,0xC0,0x00,0x00,0x00,0x00,0x00,0x00,0x00,0xBA,0xE0,
  0x00,0x00,0x00,0x00,0x00,0x00,0x00,0x57,0x70,0x00,0x00,0x00,0x00,0x00,0x00,0x01,0x5D,0xB8,0x00,0x00,
  0x00,0x00,0x00,0x00,0x00,0x2B,0xDC,0x00,0x00,0x00,0x00,0x00,0x00,0x00,0xAD,0x6E,0x00,0x00,0x00,0x00,
  0x00,0x00,0x00,0x17,0xBB,0x00,0x00,0x00,0x00,0x00,0x00,0x00,0x2A,0xEF,0x80,0x00,0x00,0x00,0x00,0x00,
  0x00,0x13,0x5D,0x80,0x00,0x00,0x00,0x00,0x00,0x00,0x2D,0xF7,0xC0,0x00,0x00,0x00,0x00,0x00,0x00,0x16,
  0xBE,0xE0,0x00,0x00,0x00,0x00,0x00,0x00,0x0B,0xED,0xE0,0x00,0x00,0x00,0x00,0x00,0x00,0x06,0xBF,0x70,
  0x00,0x00,0x00,0x00,0x00,0x00,0x15,0xEA,0xF0,0x00,0x00,0x00,0x00,0x00,0x00,0x06,0xB7,0x58,0x00,0x00,
  0x00,0x00,0x00,0x00,0x05,0xDA,0xB8,0x00,0x00,0x00,0x00,0x00,0x00,0x12,0x6D,0x5C,0x00,0x00,0x00,0x00,
  0x00,0x00,0x05,0x5E,0x8C,0x00,0x00,0x00,0x00,0x00,0x00,0x02,0xB6,0x54,0x00,0x00,0x00,0x00,0x00,0x00,
  0x08,0x1D,0x4C,0x00,0x00,0x00,0x00,0x00,0x00,0x02,0xAE,0xAE,0x00,0x00,0x00,0x00,0x00,0x00,0x00,0x13,
  0x1C,0x00,0x00,0x00,0x00,0x00,0x00,0x09,0x4F,0xD6,0x00,0x00,0x00,0x00,0x00,0x00,0x00,0x22,0xFB,0x00,
  0x00,0x00,0x00,0x00,0x00,0x05,0x1B,0x56,0x00,0x00,0x00,0x00,0x00,0x00,0x00,0xA4,0xF7,0x00,0x00,0x00,
  0x00,0x00,0x00,0x02,0x15,0x5B,0x00,0x00,0x00,0x00,0x00,0x00,0x09,0x4A,0x2D,0x00,0x00,0x00,0x00,0x00,
  0x00,0x01,0xA9,0x2B,0x00,0x00,0x00,0x00,0x00,0x00,0x05,0x64,0x96,0x00,0x00,0x00,0x00,0x00,0x00,0x03,
  0x55,0x5B,0x00,0x00,0x00,0x00,0x00,0x00,0x09,0xB2,0x2E,0x00,0x00,0x00,0x00,0x00,0x00,0x05,0x54,0xAB,
  0x00,0x00,0x00,0x00,0x00,0x00,0x0B,0xEA,0xBE,0x00,0x00,0x00,0x00,0x00,0x00,0x02,0xB4,0xB6,0x00,0x00,
  0x00,0x00,0x00,0x00,0x15,0x75,0x7E,0x00,0x00,0x00,0x00,0x00,0x00,0x0A,0xAA,0xAA,0x00,0x00,0x00,0x00,
  0x00,0x00,0x0A,0xBD,0x7E,0x00,0x00,0x00,0x00,0x00,0x00,0x12,0xB7,0x54,0x00,0x00,0x00,0x00,0x00,0x00,
  0x0A,0xAA,0xDC,0x00,0x00,0x00,0x00,0x00,0x00,0x15,0x7A,0xD4,0x00,0x00,0x00,0x00,0x00,0x00,0x0A,0x95,
  0xFC,0x00,0x00,0x00,0x00,0x00,0x00,0x2B,0xEF,0x58,0x00,0x00,0x00,0x00,0x00,0x00,0x0D,0x3B,0xF0,0x00,
  0x00,0x00,0x00,0x00,0x00,0x2B,0xEE,0xD8,0x00,0x00,0x00,0x00,0x00,0x00,0x16,0xBF,0xF0,0x00,0x00,0x00,
  0x00,0x00,0x00,0x1B,0xF7,0x60,0x00,0x00,0x00,0x00,0x00,0x00,0x4D,0x5F,0xC0,0x00,0x00,0x00,0x00,0x00,
  0x00,0x2B,0xFB,0x40,0x00,0x00,0x00,0x00,0x00,0x00,0x1E,0xDF,0x80,0x00,0x00,0x00,0x00,0x00,0x00,0x57,
  0x7B,0x00,0x00,0x00,0x00,0x00,0x00,0x00,0x5B,0xDE,0x00,0x00,0x00,0x00,0x00,0x00,0x00,0x2D,0x76,0x00,
  0x00,0x00,0x00,0x00,0x00,0x00,0xBF,0xD8,0x00,0x00,0x00,0x00,0x00,0x00,0x00,0xAD,0x74,0x00,0x00,0x00,
  0x00,0x00,0x00,0x00,0xBF,0xD0,0x00,0x00,0x00,0x00,0x00,0x00,0x01,0x75,0x60,0x00,0x00,0x00,0x00,0x00,
  0x00,0x01,0x6F,0x80,0x00,0x00,0x00,0x00,0x00,0x00,0x02,0xDA,0x00,0x00,0x00,0x00,0x00,0x00,0x00,0x02,
  0xFD,0x00,0x00,0x00,0x00,0x00,0x00,0x00,0x0B,0x54,0x00,0x00,0x00,0x00,0x00,0x00,0x00,0x05,0xE0,0x00,
  0x00,0x00,0x00,0x00,0x00,0x00,0x17,0x00,0x00,0x00,0x00,0x00,0x00,0x00,0x00,0x28,0x00,0x00,0x00,0x00,
  0x00,0x00,0x00,0x00,0x00,0x00,0x00,0x00,
};
static const uint8_t moon709_07[648] PROGMEM = {
  0x00,0x00,0x00,0x00,0x00,0x40,0x00,0x00,0x00,0x00,0x00,0x00,0x00,0x00,0xBA,0x00,0x00,0x00,0x00,0x00,
  0x00,0x00,0x00,0x5F,0x00,0x00,0x00,0x00,0x00,0x00,0x00,0x00,0x2B,0xE0,0x00,0x00,0x00,0x00,0x00,0x00,
  0x00,0x16,0xF8,0x00,0x00,0x00,0x00,0x00,0x00,0x00,0x4B,0xBE,0x00,0x00,0x00,0x00,0x00,0x00,0x00,0x14,
  0xEF,0x00,0x00,0x00,0x00,0x00,0x00,0x00,0x0A,0xBB,0xC0,0x00,0x00,0x00,0x00,0x00,0x00,0x25,0x6E,0xE0,
  0x00,0x00,0x00,0x00,0x00,0x00,0x0B,0x7B,0x70,0x00,0x00,0x00,0x00,0x00,0x00,0x15,0xAF,0xB8,0x00,0x00,
  0x00,0x00,0x00,0x00,0x05,0x55,0xDC,0x00,0x00,0x00,0x00,0x00,0x00,0x12,0xDB,0x76,0x00,0x00,0x00,0x00,
  0x00,0x00,0x0A,0x6D,0xDF,0x00,0x00,0x00,0x00,0x00,0x00,0x03,0x27,0x7D,0x80,0x00,0x00,0x00,0x00,0x00,
  0x04,0xB5,0xDF,0x80,0x00,0x00,0x00,0x00,0x00,0x01,0x56,0xF6,0xC0,0x00,0x00,0x00,0x00,0x00,0x09,0x2B,
  0xBF,0xE0,0x00,0x00,0x00,0x00,0x00,0x00,0x9E,0xF6,0xE0,0x00,0x00,0x00,0x00,0x00,0x05,0x27,0xBD,0xF0,
  0x00,0x00,0x00,0x00,0x00,0x00,0x8A,0xEF,0x70,0x00,0x00,0x00,0x00,0x00,0x02,0x57,0xB5,0xB8,0x00,0x00,
  0x00,0x00,0x00,0x01,0x04,0xDE,0xB8,0x00,0x00,0x00,0x00,0x00,0x04,0xAB,0x75,0x5C,0x00,0x00,0x00,0x00,
  0x00,0x00,0x25,0x5E,0x8C,0x00,0x00,0x00,0x00,0x00,0x05,0x12,0x3D,0x54,0x00,0x00,0x00,0x00,0x00,0x01,
  0x45,0x56,0x9C,0x00,0x00,0x00,0x00,0x00,0x04,0x10,0x2F,0x4E,0x00,0x00,0x00,0x00,0x00,0x00,0x8A,0x96,
  0xAC,0x00,0x00,0x00,0x00,0x00,0x04,0x50,0x27,0x5E,0x00,0x00,0x00,0x00,0x00,0x01,0x05,0x1B,0xF6,0x00,
  0x00,0x00,0x00,0x00,0x04,0x50,0x89,0x5B,0x00,0x00,0x00,0x00,0x00,0x01,0x04,0x56,0xF7,0x00,0x00,0x00,
  0x00,0x00,0x04,0x52,0x94,0xBB,0x00,0x00,0x00,0x00,0x00,0x02,0x84,0x95,0x2D,0x00,0x00,0x00,0x00,0x00,
  0x02,0x29,0xA8,0x97,0x00,0x00,0x00,0x00,0x00,0x05,0xA5,0xD5,0x2A,0x00,0x00,0x00,0x00,0x00,0x01,0x6A,
  0xB2,0x5F,0x00,0x00,0x00,0x00,0x00,0x05,0xD5,0xD5,0x55,0x00,0x00,0x00,0x00,0x00,0x02,0xAB,0x68,0xAE,
  0x00,0x00,0x00,0x00,0x00,0x05,0xD5,0xD5,0x5B,0x00,0x00,0x00,0x00,0x00,0x02,0xB6,0xF4,0xBE,0x00,0x00,
  0x00,0x00,0x00,0x09,0xFA,0xBA,0xF6,0x00,0x00,0x00,0x00,0x00,0x05,0x56,0xAA,0xBE,0x00,0x00,0x00,0x00,
  0x00,0x02,0xFA,0xBF,0x56,0x00,0x00,0x00,0x00,0x00,0x05,0xBA,0xF5,0x7C,0x00,0x00,0x00,0x00,0x00,0x02,
  0xED,0x2E,0xD4,0x00,0x00,0x00,0x00,0x00,0x09,0x75,0x75,0xBC,0x00,0x00,0x00,0x00,0x00,0x05,0xBD,0xAD,
  0xEC,0x00,0x00,0x00,0x00,0x00,0x02,0xD6,0xDD,0xB8,0x00,0x00,0x00,0x00,0x00,0x0A,0xFB,0xB7,0xF0,0x00,
  0x00,0x00,0x00,0x00,0x02,0xDE,0xFF,0xD8,0x00,0x00,0x00,0x00,0x00,0x0B,0x77,0xBD,0xF0,0x00,0x00,0x00,
  0x00,0x00,0x02,0xDD,0xEF,0xA0,0x00,0x00,0x00,0x00,0x00,0x0B,0xEE,0xBF,0xE0,0x00,0x00,0x00,0x00,0x00,
  0x05,0x77,0xFD,0xC0,0x00,0x00,0x00,0x00,0x00,0x15,0xAD,0xB7,0x80,0x00,0x00,0x00,0x00,0x00,0x05,0xDE,
  0xFF,0x00,0x00,0x00,0x00,0x00,0x00,0x0B,0x77,0xDD,0x00,0x00,0x00,0x00,0x00,0x00,0x0B,0xBD,0xF6,0x00,
  0x00,0x00,0x00,0x00,0x00,0x15,0x6F,0x5C,0x00,0x00,0x00,0x00,0x00,0x00,0x0B,0xFB,0xF0,0x00,0x00,0x00,
  0x00,0x00,0x00,0x15,0x5E,0xB0,0x00,0x00,0x00,0x00,0x00,0x00,0x0B,0xF7,0xC0,0x00,0x00,0x00,0x00,0x00,
  0x00,0x2E,0xDA,0x80,0x00,0x00,0x00,0x00,0x00,0x00,0x17,0xBF,0x00,0x00,0x00,0x00,0x00,0x00,0x00,0x2A,
  0xEC,0x00,0x00,0x00,0x00,0x00,0x00,0x00,0x5F,0xB8,0x00,0x00,0x00,0x00,0x00,0x00,0x00,0x2A,0xE0,0x00,
  0x00,0x00,0x00,0x00,0x00,0x00,0x5F,0x80,0x00,0x00,0x00,0x00,0x00,0x00,0x00,0xB0,0x00,0x00,0x00,0x00,
  0x00,0x00,0x00,0x00,0x40,0x00,0x00,0x00,
};
static const uint8_t moon709_08[648] PROGMEM = {
  0x00,0x00,0x00,0x00,0x01,0x40,0x00,0x00,0x00,0x00,0x00,0x00,0x00,0x02,0xBA,0x00,0x00,0x00,0x00,0x00,
  0x00,0x00,0x01,0x7F,0x40,0x00,0x00,0x00,0x00,0x00,0x00,0x01,0x55,0xE0,0x00,0x00,0x00,0x00,0x00,0x00,
  0x02,0xBF,0xB8,0x00,0x00,0x00,0x00,0x00,0x00,0x00,0xAA,0xFE,0x00,0x00,0x00,0x00,0x00,0x00,0x02,0x55,
  0x6F,0x00,0x00,0x00,0x00,0x00,0x00,0x01,0x6A,0xBB,0xC0,0x00,0x00,0x00,0x00,0x00,0x00,0xB7,0x7E,0xE0,
  0x00,0x00,0x00,0x00,0x00,0x02,0xAA,0xD7,0xB0,0x00,0x00,0x00,0x00,0x00,0x01,0x5D,0x7B,0x78,0x00,0x00,
  0x00,0x00,0x00,0x02,0x76,0xD7,0xDC,0x00,0x00,0x00,0x00,0x00,0x01,0x5A,0xAD,0x7E,0x00,0x00,0x00,0x00,
  0x00,0x00,0xD5,0x77,0xDB,0x00,0x00,0x00,0x00,0x00,0x02,0xAB,0x4A,0xFF,0x80,0x00,0x00,0x00,0x00,0x00,
  0x95,0x35,0xDD,0x80,0x00,0x00,0x00,0x00,0x02,0x44,0xAF,0x77,0xC0,0x00,0x00,0x00,0x00,0x00,0x92,0xB5,
  0xFE,0xE0,0x00,0x00,0x00,0x00,0x02,0x49,0x0F,0xDF,0xE0,0x00,0x00,0x00,0x00,0x00,0x24,0xAB,0x7B,0xF0,
  0x00,0x00,0x00,0x00,0x02,0x95,0x0F,0xEE,0xB8,0x00,0x00,0x00,0x00,0x00,0x42,0xA5,0x7B,0x78,0x00,0x00,
  0x00,0x00,0x02,0x14,0x56,0xDD,0xA8,0x00,0x00,0x00,0x00,0x00,0xA2,0x85,0x76,0xBC,0x00,0x00,0x00,0x00,
  0x01,0x14,0x56,0xBD,0x4C,0x00,0x00,0x00,0x00,0x00,0x55,0x11,0x5E,0x9C,0x00,0x00,0x00,0x00,0x02,0x4A,
  0xA5,0x2E,0xA4,0x00,0x00,0x00,0x00,0x00,0xAA,0x00,0x9B,0x5E,0x00,0x00,0x00,0x00,0x00,0x29,0x54,0x4F,
  0x1A,0x00,0x00,0x00,0x00,0x00,0x94,0x09,0x27,0xDE,0x00,0x00,0x00,0x00,0x02,0x55,0x44,0x5A,0xF6,0x00,
  0x00,0x00,0x00,0x00,0xAC,0x22,0x0B,0xB7,0x00,0x00,0x00,0x00,0x02,0x76,0x91,0x54,0xFB,0x00,0x00,0x00,
  0x00,0x01,0x5A,0x4A,0x4A,0x57,0x00,0x00,0x00,0x00,0x01,0x75,0x22,0x9A,0xBD,0x00,0x00,0x00,0x00,0x02,
  0xBB,0x49,0xA9,0x17,0x00,0x00,0x00,0x00,0x00,0xD6,0xA5,0xE4,0xAA,0x00,0x00,0x00,0x00,0x02,0xBD,0xF7,
  0x5A,0xAF,0x00,0x00,0x00,0x00,0x01,0x6B,0xA9,0xB2,0x5B,0x00,0x00,0x00,0x00,0x01,0x5F,0xD6,0xEA,0xAE,
  0x00,0x00,0x00,0x00,0x02,0xEA,0xD5,0xD4,0xBB,0x00,0x00,0x00,0x00,0x00,0xBF,0xBB,0x7A,0xBE,0x00,0x00,
  0x00,0x00,0x02,0xAA,0xED,0xEA,0xF6,0x00,0x00,0x00,0x00,0x01,0x7F,0xFE,0x7A,0xBE,0x00,0x00,0x00,0x00,
  0x01,0x55,0xB5,0x5F,0x56,0x00,0x00,0x00,0x00,0x02,0xBE,0xFA,0xF5,0x7C,0x00,0x00,0x00,0x00,0x00,0xD5,
  0xDB,0x2F,0xAC,0x00,0x00,0x00,0x00,0x02,0x6F,0x7C,0xF9,0x7C,0x00,0x00,0x00,0x00,0x01,0x75,0xEF,0x56,
  0xD8,0x00,0x00,0x00,0x00,0x02,0xAE,0xBA,0xFD,0xF8,0x00,0x00,0x00,0x00,0x00,0xBB,0xFF,0xAF,0xD8,0x00,
  0x00,0x00,0x00,0x02,0xED,0x6A,0xFF,0xF0,0x00,0x00,0x00,0x00,0x01,0x77,0xFF,0xFD,0xF0,0x00,0x00,0x00,
  0x00,0x04,0xAE,0xAD,0x5F,0xA0,0x00,0x00,0x00,0x00,0x01,0x7B,0xFF,0xFF,0xE0,0x00,0x00,0x00,0x00,0x02,
  0xDE,0xD7,0x7B,0xC0,0x00,0x00,0x00,0x00,0x01,0x6B,0xBB,0xFF,0x00,0x00,0x00,0x00,0x00,0x02,0xBD,0xEE,
  0xDD,0x80,0x00,0x00,0x00,0x00,0x01,0x6F,0x7F,0xFF,0x00,0x00,0x00,0x00,0x00,0x02,0xBB,0xB6,0xD4,0x00,
  0x00,0x00,0x00,0x00,0x01,0x6E,0xFF,0xFC,0x00,0x00,0x00,0x00,0x00,0x02,0xBB,0xAD,0xB0,0x00,0x00,0x00,
  0x00,0x00,0x01,0x6D,0xFF,0x68,0x00,0x00,0x00,0x00,0x00,0x02,0xBF,0x6D,0xC0,0x00,0x00,0x00,0x00,0x00,
  0x01,0x6B,0xF7,0x40,0x00,0x00,0x00,0x00,0x00,0x02,0xBD,0x5E,0x80,0x00,0x00,0x00,0x00,0x00,0x01,0x77,
  0xFC,0x00,0x00,0x00,0x00,0x00,0x00,0x02,0xDD,0xB0,0x00,0x00,0x00,0x00,0x00,0x00,0x01,0x77,0xE0,0x00,
  0x00,0x00,0x00,0x00,0x00,0x04,0xBE,0x80,0x00,0x00,0x00,0x00,0x00,0x00,0x01,0xE8,0x00,0x00,0x00,0x00,
  0x00,0x00,0x00,0x02,0x00,0x00,0x00,0x00,
};
static const uint8_t moon709_09[648] PROGMEM = {
  0x00,0x00,0x00,0x00,0x02,0x80,0x00,0x00,0x00,0x00,0x00,0x00,0x00,0x0B,0xFC,0x00,0x00,0x00,0x00,0x00,
  0x00,0x00,0x05,0x7F,0x80,0x00,0x00,0x00,0x00,0x00,0x00,0x17,0xAB,0xE0,0x00,0x00,0x00,0x00,0x00,0x00,
  0x0A,0xFE,0xF8,0x00,0x00,0x00,0x00,0x00,0x00,0x15,0x4B,0x7E,0x00,0x00,0x00,0x00,0x00,0x00,0x0A,0xB5,
  0xBB,0x00,0x00,0x00,0x00,0x00,0x00,0x2B,0x55,0x6F,0xC0,0x00,0x00,0x00,0x00,0x00,0x2D,0x76,0xFE,0xE0,
  0x00,0x00,0x00,0x00,0x00,0x16,0xAD,0x57,0xF0,0x00,0x00,0x00,0x00,0x00,0x2B,0xF6,0xFD,0x58,0x00,0x00,
  0x00,0x00,0x00,0x0D,0x5B,0x57,0xFC,0x00,0x00,0x00,0x00,0x00,0x55,0xAD,0xB6,0xBE,0x00,0x00,0x00,0x00,
  0x00,0x16,0xF6,0xAB,0xEF,0x00,0x00,0x00,0x00,0x00,0x53,0x4A,0xB7,0x7D,0x80,0x00,0x00,0x00,0x00,0x1A,
  0xAA,0xAB,0xEF,0x80,0x00,0x00,0x00,0x00,0x4A,0x92,0xB6,0xFE,0xC0,0x00,0x00,0x00,0x00,0x2A,0xA9,0x1F,
  0xBF,0xE0,0x00,0x00,0x00,0x00,0x9A,0x84,0xAB,0xF7,0xE0,0x00,0x00,0x00,0x00,0x4A,0xB2,0x8E,0xFD,0xB0,
  0x00,0x00,0x00,0x00,0x2A,0x8A,0x57,0xDF,0xF8,0x00,0x00,0x00,0x00,0xAB,0x25,0x25,0xEA,0xB8,0x00,0x00,
  0x00,0x00,0x2C,0x92,0x96,0xBF,0x68,0x00,0x00,0x00,0x00,0x36,0x24,0x4B,0x75,0x5C,0x00,0x00,0x00,0x00,
  0x95,0x49,0x25,0x5E,0x9C,0x00,0x00,0x00,0x00,0x54,0xAA,0x95,0x7E,0xAC,0x00,0x00,0x00,0x01,0x29,0x4D,
  0x42,0x1E,0x94,0x00,0x00,0x00,0x00,0x44,0xA4,0x29,0x57,0x5E,0x00,0x00,0x00,0x00,0x12,0x5A,0x84,0x2F,
  0x4C,0x00,0x00,0x00,0x00,0x99,0x2A,0x29,0x13,0xBE,0x00,0x00,0x00,0x00,0x54,0x94,0x84,0xAF,0xEB,0x00,
  0x00,0x00,0x00,0x2B,0x7A,0x50,0x11,0x7B,0x00,0x00,0x00,0x00,0xB6,0xAD,0x25,0xAE,0xEE,0x00,0x00,0x00,
  0x00,0x1B,0xF5,0x08,0x55,0x77,0x00,0x00,0x00,0x00,0xA5,0x7A,0xA5,0x14,0x2D,0x00,0x00,0x00,0x00,0x57,
  0xAE,0x93,0xD5,0x97,0x00,0x00,0x00,0x01,0x2A,0xFB,0xAA,0xF2,0x5A,0x00,0x00,0x00,0x00,0xAD,0xAE,0xF3,
  0xAA,0x5F,0x00,0x00,0x00,0x00,0xB7,0xFB,0xD6,0xF5,0x56,0x00,0x00,0x00,0x01,0x5A,0xAF,0xD7,0xA9,0x5B,
  0x00,0x00,0x00,0x00,0x57,0xFB,0x6A,0xF4,0xBE,0x00,0x00,0x00,0x01,0x5A,0xAF,0xFB,0xDA,0xF7,0x00,0x00,
  0x00,0x00,0x57,0xFD,0xB6,0xF5,0x3E,0x00,0x00,0x00,0x01,0x5A,0xAF,0xFE,0x5D,0xDA,0x00,0x00,0x00,0x00,
  0x2D,0xDA,0xEB,0x7E,0xBE,0x00,0x00,0x00,0x00,0xB6,0xFF,0xFD,0x77,0x6C,0x00,0x00,0x00,0x00,0x5B,0x55,
  0xBA,0xBA,0xDC,0x00,0x00,0x00,0x01,0x57,0xBF,0x7D,0x6D,0xF4,0x00,0x00,0x00,0x00,0x5A,0xEB,0xEE,0xDB,
  0xBC,0x00,0x00,0x00,0x00,0xAE,0xBE,0xFB,0xBD,0xE8,0x00,0x00,0x00,0x00,0x5B,0xEB,0x7F,0xF7,0xF8,0x00,
  0x00,0x00,0x00,0x5D,0x7D,0xD6,0xDF,0xB0,0x00,0x00,0x00,0x00,0xAF,0xD7,0xFF,0x7F,0xF0,0x00,0x00,0x00,
  0x00,0x5A,0xFE,0xDD,0xFF,0xE0,0x00,0x00,0x00,0x00,0xBF,0xAB,0xF7,0xFF,0xA0,0x00,0x00,0x00,0x00,0x55,
  0xFF,0x7F,0xBD,0xC0,0x00,0x00,0x00,0x00,0xAF,0x5B,0xD6,0xFF,0x80,0x00,0x00,0x00,0x00,0x3B,0xF6,0xFF,
  0xF7,0x00,0x00,0x00,0x00,0x00,0x9E,0xBF,0xB6,0xFE,0x00,0x00,0x00,0x00,0x00,0x57,0xED,0xFF,0xDA,0x00,
  0x00,0x00,0x00,0x00,0x2D,0x7F,0x5F,0x74,0x00,0x00,0x00,0x00,0x00,0x5B,0xAB,0xF7,0xD8,0x00,0x00,0x00,
  0x00,0x00,0x2F,0xFD,0xDD,0x70,0x00,0x00,0x00,0x00,0x00,0x2A,0xAF,0x7F,0xC0,0x00,0x00,0x00,0x00,0x00,
  0x17,0xFB,0xF6,0x80,0x00,0x00,0x00,0x00,0x00,0x56,0xBD,0xBB,0x00,0x00,0x00,0x00,0x00,0x00,0x17,0xEF,
  0xEE,0x00,0x00,0x00,0x00,0x00,0x00,0x0A,0xBA,0xB8,0x00,0x00,0x00,0x00,0x00,0x00,0x2B,0xEF,0xE0,0x00,
  0x00,0x00,0x00,0x00,0x00,0x05,0xBF,0x00,0x00,0x00,0x00,0x00,0x00,0x00,0x0A,0xF0,0x00,0x00,0x00,0x00,
  0x00,0x00,0x00,0x02,0x80,0x00,0x00,0x00,
};
static const uint8_t moon709_10[648] PROGMEM = {
  0x00,0x00,0x00,0x00,0x05,0x40,0x00,0x00,0x00,0x00,0x00,0x00,0x00,0x1B,0xFA,0x00,0x00,0x00,0x00,0x00,
  0x00,0x00,0x57,0x7F,0x40,0x00,0x00,0x00,0x00,0x00,0x00,0x5D,0xD7,0xE0,0x00,0x00,0x00,0x00,0x00,0x00,
  0xAE,0xDD,0xB8,0x00,0x00,0x00,0x00,0x00,0x00,0x53,0x6B,0xFE,0x00,0x00,0x00,0x00,0x00,0x02,0xBA,0xAC,
  0xBF,0x00,0x00,0x00,0x00,0x00,0x01,0x56,0xB6,0xEB,0xC0,0x00,0x00,0x00,0x00,0x02,0xBB,0x75,0x7F,0xE0,
  0x00,0x00,0x00,0x00,0x01,0x56,0xDF,0xB6,0xB0,0x00,0x00,0x00,0x00,0x04,0xAD,0xB4,0xDF,0xF8,0x00,0x00,
  0x00,0x00,0x02,0x57,0x77,0x75,0x6C,0x00,0x00,0x00,0x00,0x09,0x55,0xDA,0xDF,0xFE,0x00,0x00,0x00,0x00,
  0x02,0x5A,0xED,0x66,0xBF,0x00,0x00,0x00,0x00,0x09,0x57,0x56,0xB7,0xF7,0x80,0x00,0x00,0x00,0x04,0xA9,
  0x93,0x55,0xDE,0xC0,0x00,0x00,0x00,0x12,0x56,0xA8,0xBB,0xFF,0xC0,0x00,0x00,0x00,0x04,0xAA,0x95,0x2F,
  0x7E,0xE0,0x00,0x00,0x00,0x12,0xAD,0x45,0x57,0xF7,0xE0,0x00,0x00,0x00,0x09,0x56,0xA9,0x0E,0xFF,0x70,
  0x00,0x00,0x00,0x05,0x6A,0x25,0x67,0xDB,0xF0,0x00,0x00,0x00,0x29,0x55,0x95,0x17,0xFE,0xB8,0x00,0x00,
  0x00,0x04,0xAE,0x42,0x55,0x56,0xD8,0x00,0x00,0x00,0x2A,0x35,0x2A,0x8B,0x7D,0x5C,0x00,0x00,0x00,0x12,
  0xDA,0x92,0x55,0x7E,0xAC,0x00,0x00,0x00,0x4A,0xAA,0x55,0x25,0x2E,0x9C,0x00,0x00,0x00,0x2A,0xA5,0x56,
  0x92,0xBF,0x4C,0x00,0x00,0x00,0x55,0x28,0xD4,0x44,0x2E,0xAE,0x00,0x00,0x00,0x14,0x92,0x2A,0x92,0x97,
  0x5A,0x00,0x00,0x00,0xAA,0x49,0x54,0x28,0x4B,0xAE,0x00,0x00,0x00,0x2A,0xBD,0x3A,0x82,0x9B,0xFA,0x00,
  0x00,0x00,0x94,0x55,0x56,0x54,0x4D,0xDB,0x00,0x00,0x00,0x09,0x6B,0xFA,0x82,0xA6,0xF7,0x00,0x00,0x00,
  0x54,0x2E,0xAD,0x29,0x1A,0x7E,0x00,0x00,0x00,0x09,0x55,0xFA,0x95,0x55,0x17,0x00,0x00,0x00,0xA5,0x57,
  0x7E,0xA2,0xD4,0xAA,0x00,0x00,0x00,0x2A,0xCB,0xEB,0xAB,0xEA,0x5F,0x00,0x00,0x00,0x55,0xBD,0xBF,0xF5,
  0x6A,0xAA,0x00,0x00,0x00,0x16,0xD7,0x6D,0xD7,0xB4,0xAF,0x00,0x00,0x00,0xA7,0x7B,0xFF,0xD5,0xEA,0x5A,
  0x00,0x00,0x00,0x12,0xD6,0xDB,0xEF,0x75,0x7F,0x00,0x00,0x00,0x55,0x6F,0xFF,0x75,0xEA,0xBA,0x00,0x00,
  0x00,0x22,0xDA,0xAD,0xFE,0xFD,0x7E,0x00,0x00,0x00,0x1B,0x6D,0xFF,0xEB,0x5A,0xB6,0x00,0x00,0x00,0x44,
  0xB7,0x57,0xFD,0x7F,0x7E,0x00,0x00,0x00,0x2A,0xDA,0xFD,0xBD,0xB7,0x54,0x00,0x00,0x00,0x09,0x6F,0xEF,
  0xFA,0xFD,0xFC,0x00,0x00,0x00,0x45,0xBB,0x5B,0x7D,0x2A,0xAC,0x00,0x00,0x00,0x12,0xED,0xFF,0xEE,0xFD,
  0xFC,0x00,0x00,0x00,0x29,0x5B,0x5A,0xFD,0xDF,0xE8,0x00,0x00,0x00,0x05,0x77,0xFF,0xBF,0xF7,0xB8,0x00,
  0x00,0x00,0x11,0xDD,0x6D,0xF7,0x7E,0xF0,0x00,0x00,0x00,0x0A,0xBF,0xF7,0xFF,0xFF,0xF0,0x00,0x00,0x00,
  0x26,0xF6,0xDE,0xDD,0xBF,0xE0,0x00,0x00,0x00,0x17,0xDF,0xF7,0xF7,0xFF,0xC0,0x00,0x00,0x00,0x2A,0xF6,
  0xBF,0x7F,0xFF,0x40,0x00,0x00,0x00,0x0B,0xBF,0xF7,0xDB,0x77,0x80,0x00,0x00,0x00,0x16,0xEB,0x7D,0x7F,
  0xFD,0x80,0x00,0x00,0x00,0x0B,0xBF,0xDF,0xEE,0xFF,0x00,0x00,0x00,0x00,0x15,0xFB,0x77,0xBF,0xD6,0x00,
  0x00,0x00,0x00,0x05,0xAF,0xFD,0xFF,0xF8,0x00,0x00,0x00,0x00,0x0A,0xFD,0xAF,0x6D,0x58,0x00,0x00,0x00,
  0x00,0x03,0xB7,0xF5,0xFF,0xF0,0x00,0x00,0x00,0x00,0x04,0xFD,0x7F,0xFB,0xA0,0x00,0x00,0x00,0x00,0x02,
  0xAF,0xDB,0x6E,0x80,0x00,0x00,0x00,0x00,0x01,0x7B,0x7F,0xFB,0x00,0x00,0x00,0x00,0x00,0x02,0xB7,0xD6,
  0xBE,0x00,0x00,0x00,0x00,0x00,0x00,0xBD,0x7F,0xE8,0x00,0x00,0x00,0x00,0x00,0x00,0x57,0xF5,0xE0,0x00,
  0x00,0x00,0x00,0x00,0x00,0x2E,0xDF,0x00,0x00,0x00,0x00,0x00,0x00,0x00,0x2B,0xF4,0x00,0x00,0x00,0x00,
  0x00,0x00,0x00,0x05,0x00,0x00,0x00,0x00,
};
static const uint8_t moon709_11[648] PROGMEM = {
  0x00,0x00,0x00,0x00,0x0A,0xA0,0x00,0x00,0x00,0x00,0x00,0x00,0x00,0x7F,0xFA,0x00,0x00,0x00,0x00,0x00,
  0x00,0x01,0x56,0xDF,0x40,0x00,0x00,0x00,0x00,0x00,0x02,0xFD,0xED,0xE0,0x00,0x00,0x00,0x00,0x00,0x05,
  0x57,0x5F,0xF8,0x00,0x00,0x00,0x00,0x00,0x0A,0xAA,0xEA,0xBE,0x00,0x00,0x00,0x00,0x00,0x15,0xB5,0x55,
  0xFB,0x00,0x00,0x00,0x00,0x00,0x2A,0xDE,0xBA,0xAF,0xC0,0x00,0x00,0x00,0x00,0x15,0x6B,0xEF,0x7F,0xE0,
  0x00,0x00,0x00,0x00,0x4A,0xBD,0x5A,0xF6,0xB0,0x00,0x00,0x00,0x00,0x25,0x17,0x77,0x5F,0xF8,0x00,0x00,
  0x00,0x00,0x92,0xD5,0xDD,0xEB,0x6C,0x00,0x00,0x00,0x00,0x29,0x2E,0xF5,0x5F,0xBE,0x00,0x00,0x00,0x00,
  0x84,0xB5,0xAE,0xB5,0xFF,0x00,0x00,0x00,0x00,0x55,0x56,0xD5,0xAB,0xDD,0x80,0x00,0x00,0x02,0x24,0xAB,
  0xAA,0xB6,0xFF,0x80,0x00,0x00,0x01,0x4A,0x5A,0x95,0x5B,0xEE,0xC0,0x00,0x00,0x00,0x25,0x55,0x49,0x3F,
  0xFF,0xE0,0x00,0x00,0x05,0x50,0xAD,0x55,0x4B,0xBE,0xE0,0x00,0x00,0x01,0x0E,0xD6,0xA4,0x97,0xFB,0xF0,
  0x00,0x00,0x04,0xA9,0x6B,0x12,0xAF,0xEF,0xB8,0x00,0x00,0x02,0x45,0x55,0x4A,0x45,0xBE,0xF8,0x00,0x00,
  0x09,0x54,0xBE,0x25,0x2E,0xF6,0xA8,0x00,0x00,0x05,0x2A,0x55,0x95,0x47,0x7D,0x5C,0x00,0x00,0x12,0xA5,
  0x5A,0x52,0x2A,0xBE,0xAC,0x00,0x00,0x0A,0x55,0x6A,0xAA,0x92,0xAE,0x9C,0x00,0x00,0x0A,0xAA,0xA9,0x56,
  0xA9,0x3F,0x4C,0x00,0x00,0x15,0xDA,0x94,0xCA,0x04,0x9E,0xAE,0x00,0x00,0x0B,0x6A,0x4A,0x35,0x52,0x4B,
  0x5A,0x00,0x00,0x2B,0xAA,0xA8,0x9A,0x14,0xAF,0xBE,0x00,0x00,0x0A,0xAA,0x56,0xB4,0xA2,0x15,0xEA,0x00,
  0x00,0x15,0x54,0xBB,0x5E,0x48,0xAB,0xF7,0x00,0x00,0x0B,0x49,0x56,0xF5,0x25,0x2C,0xDB,0x00,0x00,0x2A,
  0xAA,0x5B,0xFA,0x92,0x96,0x7F,0x00,0x00,0x0A,0xA9,0x2E,0xDE,0x92,0x55,0x2A,0x00,0x00,0x15,0x95,0xAB,
  0xFB,0x49,0xA9,0x57,0x00,0x00,0x04,0xD2,0xD6,0xEF,0x6B,0xF5,0x2D,0x00,0x00,0x2A,0x56,0xBB,0xBD,0xF7,
  0x6A,0x5E,0x00,0x00,0x02,0xAF,0xD7,0xFF,0xD3,0xD5,0x57,0x00,0x00,0x15,0x65,0x7D,0xB7,0xED,0xF4,0xAD,
  0x00,0x00,0x22,0xAB,0xB7,0xFF,0xB7,0x6A,0xBE,0x00,0x00,0x14,0xA4,0xDD,0xDB,0xFB,0xFA,0xFB,0x00,0x00,
  0x02,0x55,0xEB,0x7F,0xF6,0xF5,0x5E,0x00,0x00,0x11,0x55,0x5F,0xEF,0xDE,0xBD,0x7A,0x00,0x00,0x0A,0xAA,
  0xEA,0xBD,0xFD,0x77,0xAE,0x00,0x00,0x05,0x25,0x5F,0xF7,0xFB,0xBE,0xFC,0x00,0x00,0x14,0xA9,0x76,0xFF,
  0x7D,0x6D,0x56,0x00,0x00,0x05,0x4A,0xFB,0xAD,0xFA,0xBB,0xFC,0x00,0x00,0x12,0xA5,0xAF,0x7F,0xFF,0xF5,
  0xD8,0x00,0x00,0x05,0x29,0xF5,0xF6,0xED,0xBF,0xE8,0x00,0x00,0x05,0x45,0x5F,0x7F,0xFF,0xEF,0x78,0x00,
  0x00,0x09,0x29,0x7D,0xED,0xFE,0xFF,0xF0,0x00,0x00,0x02,0x95,0xDF,0xFF,0xBB,0xFF,0xD0,0x00,0x00,0x05,
  0x6B,0x77,0x6E,0xFF,0xBF,0xE0,0x00,0x00,0x01,0xB7,0xFF,0xFB,0xEF,0xFE,0xE0,0x00,0x00,0x04,0xEE,0xDD,
  0xBF,0xFB,0xFF,0xC0,0x00,0x00,0x02,0xBB,0xF7,0xEE,0xDF,0x77,0x80,0x00,0x00,0x01,0x7F,0x7F,0x7F,0xFF,
  0xFE,0x80,0x00,0x00,0x02,0xD7,0xDD,0xF6,0xED,0xFB,0x00,0x00,0x00,0x00,0x7D,0x7F,0xDF,0xBF,0xAE,0x00,
  0x00,0x00,0x01,0x57,0xED,0xFF,0xFF,0xF8,0x00,0x00,0x00,0x00,0xBD,0xBF,0x6A,0xEE,0xD8,0x00,0x00,0x00,
  0x00,0x57,0xF7,0xFF,0xFF,0xE0,0x00,0x00,0x00,0x00,0x2E,0xDE,0xDD,0xBB,0x50,0x00,0x00,0x00,0x00,0x2D,
  0xFB,0xF7,0xFE,0x80,0x00,0x00,0x00,0x00,0x17,0x6F,0x7F,0xD7,0x00,0x00,0x00,0x00,0x00,0x0B,0xDD,0xDA,
  0xFC,0x00,0x00,0x00,0x00,0x00,0x05,0x7F,0xFF,0xB8,0x00,0x00,0x00,0x00,0x00,0x02,0xEB,0x5B,0xE0,0x00,
  0x00,0x00,0x00,0x00,0x01,0x5F,0xFF,0x00,0x00,0x00,0x00,0x00,0x00,0x00,0x6D,0x68,0x00,0x00,0x00,0x00,
  0x00,0x00,0x00,0x0B,0x40,0x00,0x00,0x00,
};
static const uint8_t moon709_12[648] PROGMEM = {
  0x00,0x00,0x00,0x00,0x16,0xA0,0x00,0x00,0x00,0x00,0x00,0x00,0x01,0x7F,0xFA,0x00,0x00,0x00,0x00,0x00,
  0x00,0x05,0xEB,0x5F,0x00,0x00,0x00,0x00,0x00,0x00,0x17,0x7E,0xF7,0xE0,0x00,0x00,0x00,0x00,0x00,0x2A,
  0xAB,0xBD,0xF8,0x00,0x00,0x00,0x00,0x00,0x55,0x56,0xD6,0xFE,0x00,0x00,0x00,0x00,0x00,0xB6,0xFA,0xAB,
  0x6F,0x00,0x00,0x00,0x00,0x01,0x5B,0x57,0x75,0x7D,0xC0,0x00,0x00,0x00,0x05,0xD5,0x7D,0xBD,0xDF,0xE0,
  0x00,0x00,0x00,0x02,0x4A,0x96,0xD6,0xF6,0xF0,0x00,0x00,0x00,0x09,0x25,0x5B,0x7D,0xBF,0x58,0x00,0x00,
  0x00,0x0A,0x94,0xAF,0xD6,0xD5,0xFC,0x00,0x00,0x00,0x10,0x4A,0xB5,0x7B,0x7F,0xB6,0x00,0x00,0x00,0x0A,
  0x25,0x57,0xDD,0xA6,0xFF,0x00,0x00,0x00,0x25,0x52,0x5A,0xD6,0xB7,0xFD,0x80,0x00,0x00,0x10,0x8A,0xAB,
  0x4A,0xAB,0xAF,0x80,0x00,0x00,0x4A,0x52,0x5D,0xA9,0x5D,0xFE,0xC0,0x00,0x00,0x29,0x29,0x55,0x4A,0xBF,
  0xFF,0xE0,0x00,0x00,0x94,0x85,0x6D,0x29,0x4B,0xF7,0xE0,0x00,0x00,0x42,0x5A,0xAB,0x55,0x2F,0x7D,0xB0,
  0x00,0x00,0x95,0x25,0xB5,0x4A,0x8B,0xFF,0xF0,0x00,0x00,0x52,0x94,0xD7,0x25,0x6F,0xD6,0xB8,0x00,0x01,
  0x14,0xAA,0x3D,0x12,0x05,0x7D,0x78,0x00,0x00,0xAA,0xA5,0x56,0xAA,0xB7,0x76,0x9C,0x00,0x02,0x52,0x54,
  0xFA,0xA4,0x8A,0xBE,0xAC,0x00,0x01,0x2D,0x56,0xAA,0x55,0x55,0x5F,0x4C,0x00,0x02,0x55,0xB5,0x52,0xD6,
  0x82,0xBE,0xAC,0x00,0x01,0x56,0xD5,0x55,0x55,0x28,0x2F,0x2C,0x00,0x05,0x2D,0xBA,0x90,0x54,0x95,0x57,
  0x5E,0x00,0x02,0xB7,0xD5,0x2D,0x2D,0x11,0x0B,0xAA,0x00,0x05,0x15,0x54,0xB5,0x5A,0x4A,0x5F,0xFE,0x00,
  0x02,0xD6,0xAA,0x6E,0xFD,0x20,0x91,0xB7,0x00,0x05,0x3B,0x54,0xB7,0x56,0x95,0x4E,0xF5,0x00,0x02,0xA5,
  0x49,0x5B,0xFA,0x49,0x2A,0x7F,0x00,0x04,0x9B,0x55,0x2D,0xFF,0x25,0x5A,0x95,0x00,0x02,0x55,0xAA,0xD7,
  0xBA,0xA9,0xA9,0x2E,0x00,0x01,0x4A,0xAB,0x56,0xFF,0xD7,0xEA,0xAB,0x00,0x04,0xA9,0x55,0xEF,0xF7,0xEA,
  0xEA,0x5E,0x00,0x00,0x55,0x6F,0x7B,0xBF,0xF7,0xB5,0x57,0x00,0x02,0xA2,0xA5,0xDE,0xFF,0xAA,0xEA,0x5A,
  0x00,0x01,0x35,0x57,0x77,0xF7,0xEF,0xF5,0x7F,0x00,0x04,0xA2,0xA9,0xDD,0xFE,0xF5,0xEA,0xB6,0x00,0x00,
  0x94,0x6A,0xD7,0xBF,0xFE,0xBD,0x7E,0x00,0x04,0x52,0xB5,0xBD,0xEF,0xFB,0x7A,0xB6,0x00,0x02,0x8A,0x92,
  0xEF,0x7F,0xFE,0xFF,0xDC,0x00,0x02,0x55,0x55,0x75,0xF6,0xFA,0xB6,0x76,0x00,0x01,0x2D,0x52,0xDF,0xDF,
  0xFD,0xED,0xDC,0x00,0x04,0x94,0x8B,0xBF,0x7B,0xF6,0x7E,0xEC,0x00,0x00,0x6B,0x54,0xEB,0xEF,0x7F,0xAB,
  0xD8,0x00,0x01,0x2A,0xA3,0xBE,0xBF,0xFD,0xFD,0xF8,0x00,0x00,0x2A,0x54,0xF7,0xFD,0xF7,0xBF,0xB8,0x00,
  0x00,0x93,0x12,0xDD,0xFF,0xFF,0xFF,0xE0,0x00,0x00,0x59,0x55,0xFF,0xED,0xBE,0xFE,0xF0,0x00,0x01,0x2B,
  0xAE,0xFF,0x7F,0xFF,0xDF,0xE0,0x00,0x00,0x55,0x77,0xDB,0xEF,0xEF,0xFF,0xC0,0x00,0x00,0x55,0xDD,0xFF,
  0xFE,0xFB,0x7F,0x40,0x00,0x00,0x2A,0xF7,0xBF,0x77,0xDF,0xFD,0x80,0x00,0x00,0x5F,0x5F,0xF7,0xFF,0x7F,
  0xFF,0x80,0x00,0x00,0x12,0xFD,0xDE,0xDD,0xFB,0x6D,0x00,0x00,0x00,0x1F,0x6F,0x7F,0xFF,0xEF,0xFE,0x00,
  0x00,0x00,0x05,0xFD,0xFB,0xF7,0xBF,0xB4,0x00,0x00,0x00,0x15,0x57,0xEF,0x5E,0xFF,0xF0,0x00,0x00,0x00,
  0x03,0xFF,0x7F,0xFB,0xFD,0x50,0x00,0x00,0x00,0x04,0xAD,0xFB,0xEF,0xEF,0xE0,0x00,0x00,0x00,0x01,0x7F,
  0xAF,0x7F,0x7B,0x00,0x00,0x00,0x00,0x00,0xB5,0xFD,0xDD,0xEE,0x80,0x00,0x00,0x00,0x00,0xBF,0x77,0xFF,
  0xBC,0x00,0x00,0x00,0x00,0x00,0x15,0xDF,0x6B,0xF4,0x00,0x00,0x00,0x00,0x00,0x17,0xFB,0xFE,0xD0,0x00,
  0x00,0x00,0x00,0x00,0x05,0x5E,0xDF,0x00,0x00,0x00,0x00,0x00,0x00,0x00,0xF7,0xF0,0x00,0x00,0x00,0x00,
  0x00,0x00,0x00,0x0A,0x00,0x00,0x00,0x00,
};
static const uint8_t moon709_13[648] PROGMEM = {
  0x00,0x00,0x00,0x00,0x56,0x80,0x00,0x00,0x00,0x00,0x00,0x00,0x03,0xFF,0xFC,0x00,0x00,0x00,0x00,0x00,
  0x00,0x1E,0xB5,0xFF,0x80,0x00,0x00,0x00,0x00,0x00,0x57,0xDF,0x56,0xE0,0x00,0x00,0x00,0x00,0x01,0x6A,
  0x6D,0xFF,0xF8,0x00,0x00,0x00,0x00,0x02,0xB5,0xAB,0x55,0xBE,0x00,0x00,0x00,0x00,0x05,0x5A,0xDD,0x55,
  0x7B,0x00,0x00,0x00,0x00,0x0B,0xEF,0x76,0xFA,0xEF,0xC0,0x00,0x00,0x00,0x16,0x52,0xBD,0xAF,0x7E,0xE0,
  0x00,0x00,0x00,0x2D,0xAA,0xAE,0xF5,0xB7,0xB0,0x00,0x00,0x00,0x59,0x15,0x57,0x5E,0xDE,0xF8,0x00,0x00,
  0x00,0x6A,0x4A,0xAD,0xFB,0x77,0xAC,0x00,0x00,0x00,0xA9,0x24,0xB7,0xAD,0xDD,0xFE,0x00,0x00,0x01,0x52,
  0x55,0x5A,0xFE,0xB7,0x7B,0x00,0x00,0x01,0x49,0x12,0xAD,0xCA,0xD7,0xDF,0x80,0x00,0x02,0x4A,0x4A,0x5B,
  0x55,0x35,0xFD,0x80,0x00,0x01,0x29,0x29,0x6D,0xAA,0xBB,0xB7,0xC0,0x00,0x0A,0x92,0xA5,0x55,0x49,0x5F,
  0xFE,0xE0,0x00,0x04,0x54,0x2A,0xBE,0xA5,0x4D,0xFF,0xE0,0x00,0x0A,0xA2,0xAA,0xCB,0x2A,0x97,0xFB,0x70,
  0x00,0x12,0x95,0x25,0x75,0x55,0x4F,0xBF,0xD0,0x00,0x14,0x4A,0x95,0x56,0x8A,0x2B,0xEA,0xF8,0x00,0x15,
  0x29,0x54,0xBD,0x22,0xA6,0xFF,0x38,0x00,0x24,0xAA,0xAA,0xAE,0xAA,0x97,0x6C,0xAC,0x00,0x15,0x55,0x54,
  0xB5,0x54,0x4A,0xBF,0x54,0x00,0x0A,0x2A,0xAB,0xDA,0x95,0x55,0x5E,0x8C,0x00,0x52,0xAD,0x6C,0xA9,0x6E,
  0x92,0x3E,0xAC,0x00,0x0A,0x57,0xB5,0x55,0x52,0x44,0xAF,0x5E,0x00,0x25,0x5A,0xDA,0x92,0x5D,0x29,0x17,
  0x2A,0x00,0x15,0x3F,0xD5,0x29,0x2A,0x44,0xAB,0xDE,0x00,0x4B,0x4B,0x6C,0xDE,0xBA,0x29,0x17,0xB6,0x00,
  0x2D,0xAD,0x55,0x6B,0x5D,0x44,0x55,0xF5,0x00,0x86,0x75,0xA8,0x7D,0xF6,0x52,0x96,0xDB,0x00,0x29,0x4E,
  0x95,0x2B,0xFA,0x89,0x54,0x7E,0x00,0x0A,0xAA,0xD5,0x57,0x7F,0x25,0x2B,0x2B,0x00,0xA5,0x55,0xAA,0xDD,
  0xFA,0xAB,0xD4,0x96,0x00,0x10,0x95,0x55,0xA7,0xFF,0xD3,0x75,0x5B,0x00,0x45,0x55,0x6B,0xFF,0xDF,0xF5,
  0xD4,0xAE,0x00,0x10,0xA9,0x56,0xB6,0xFB,0xEB,0xF5,0x2B,0x00,0xA5,0x25,0xAF,0xFF,0xFF,0xDE,0xD4,0xDE,
  0x00,0x08,0xB4,0xE5,0xB7,0xEF,0xEB,0xF5,0x36,0x00,0x45,0x52,0x55,0xDD,0xFF,0xF7,0xEA,0xFE,0x00,0x28,
  0xA9,0x6A,0xEF,0x7F,0xFD,0x7D,0x76,0x00,0x95,0x25,0x35,0xBB,0xDF,0xBE,0xBA,0xBA,0x00,0x2A,0x4A,0xD2,
  0xEE,0xFB,0xFB,0x7F,0x5E,0x00,0x55,0x2D,0x2B,0x7B,0xEF,0xFD,0xF7,0x6C,0x00,0x2D,0x4A,0xA9,0xBF,0xFF,
  0xFA,0x6D,0xB4,0x00,0x2A,0x55,0x4A,0xEF,0x7B,0x7F,0x7D,0xEC,0x00,0x31,0x6D,0x55,0xFB,0xBF,0xFD,0xAA,
  0xDC,0x00,0x14,0x2A,0xA5,0x6E,0xFE,0xFF,0xFF,0xF8,0x00,0x52,0xAA,0x92,0xFF,0xEF,0xF6,0xDD,0xD0,0x00,
  0x0C,0x2A,0xAA,0xDD,0xFD,0xFF,0xFF,0xF0,0x00,0x12,0xAA,0x95,0xFF,0xF7,0xFF,0x7F,0xD0,0x00,0x0D,0x55,
  0xD7,0xFF,0xBF,0xBD,0xFF,0x60,0x00,0x0B,0x76,0xFD,0xB7,0xFF,0xF7,0xFF,0xE0,0x00,0x05,0xAA,0xDF,0xFF,
  0x77,0xFF,0xEF,0x80,0x00,0x05,0x55,0xF7,0xFF,0xFE,0xDF,0xBD,0x80,0x00,0x02,0xBF,0x7E,0xEF,0xEF,0xFB,
  0xFF,0x00,0x00,0x01,0x6A,0xDB,0xFD,0xBF,0xBF,0x7B,0x00,0x00,0x01,0x7F,0xFF,0xBF,0xFE,0xFF,0xEE,0x00,
  0x00,0x00,0xAA,0xB7,0xFF,0xFB,0xED,0xB8,0x00,0x00,0x00,0x5D,0xFE,0xED,0xBF,0xFF,0xE8,0x00,0x00,0x00,
  0x2B,0x5B,0xFF,0xED,0xFE,0xF0,0x00,0x00,0x00,0x17,0xFF,0xBF,0xFF,0xB7,0x80,0x00,0x00,0x00,0x0A,0xB6,
  0xF6,0xB7,0xFD,0x40,0x00,0x00,0x00,0x05,0xDF,0xFF,0xFD,0xB7,0x00,0x00,0x00,0x00,0x02,0xF6,0xDB,0xDF,
  0xFC,0x00,0x00,0x00,0x00,0x01,0x5F,0xFE,0xFB,0x68,0x00,0x00,0x00,0x00,0x00,0x6D,0x6F,0xBF,0xD0,0x00,
  0x00,0x00,0x00,0x00,0x17,0xFB,0xED,0x00,0x00,0x00,0x00,0x00,0x00,0x02,0xAE,0xF4,0x00,0x00,0x00,0x00,
  0x00,0x00,0x00,0x5B,0x00,0x00,0x00,0x00,
};
static const uint8_t moon709_14[648] PROGMEM = {
  0x00,0x00,0x00,0x00,0xAD,0x40,0x00,0x00,0x00,0x00,0x00,0x00,0x0B,0xFF,0xFA,0x00,0x00,0x00,0x00,0x00,
  0x00,0x3F,0x6D,0xBF,0x00,0x00,0x00,0x00,0x00,0x01,0xEB,0xBF,0xED,0xE0,0x00,0x00,0x00,0x00,0x05,0x5C,
  0xD5,0x77,0xF8,0x00,0x00,0x00,0x00,0x0B,0x6B,0x5B,0xAD,0xFE,0x00,0x00,0x00,0x00,0x2D,0xB5,0xED,0x56,
  0xAF,0x00,0x00,0x00,0x00,0x2A,0xDE,0x5B,0xBA,0xFB,0xC0,0x00,0x00,0x00,0x97,0x63,0xBE,0xED,0x6E,0xE0,
  0x00,0x00,0x00,0xBD,0x5A,0xB7,0x77,0xBF,0x70,0x00,0x00,0x02,0xD5,0x25,0x5B,0xBD,0x77,0xB8,0x00,0x00,
  0x00,0x59,0x4A,0xAE,0xEE,0xDA,0xEC,0x00,0x00,0x05,0xA8,0x94,0xB7,0xBB,0x77,0xBE,0x00,0x00,0x0A,0xA5,
  0x25,0x5A,0xED,0xAF,0xEF,0x00,0x00,0x01,0x54,0x95,0x57,0xAE,0xB5,0x7B,0x80,0x00,0x15,0x4A,0x52,0xB9,
  0xA2,0xAB,0xEE,0x80,0x00,0x2A,0x29,0x2A,0x4E,0xAD,0x7F,0xBF,0xC0,0x00,0x11,0x94,0x95,0x75,0x92,0x96,
  0xFD,0x60,0x00,0x4C,0x52,0xA2,0xAE,0x6A,0xAF,0xFF,0xE0,0x00,0x25,0x4A,0x5D,0xB5,0x95,0x17,0xF6,0xF0,
  0x00,0x9A,0xA5,0x25,0x6B,0x49,0x4F,0xBF,0xB0,0x00,0x54,0x52,0x92,0xB6,0x95,0x55,0xEA,0xD8,0x01,0x2A,
  0x9A,0xA9,0x5E,0x4A,0x27,0x7E,0xB8,0x00,0xAA,0x55,0x56,0x75,0x25,0x55,0xED,0x58,0x00,0x25,0x4A,0xA9,
  0xAE,0xD2,0x8E,0x3E,0x8C,0x02,0x94,0xAD,0x56,0xDA,0xAD,0x22,0xBE,0xAC,0x00,0x4A,0x56,0xED,0x69,0x56,
  0xA9,0x5E,0x94,0x02,0x25,0x5B,0xB5,0x2A,0xEA,0x14,0xAF,0x5E,0x01,0x2A,0xBD,0xDA,0x92,0x15,0x42,0x16,
  0x94,0x04,0x46,0xAB,0xB6,0xA9,0x5C,0x99,0x4B,0xDE,0x01,0x16,0xAF,0xDA,0xBE,0xB6,0x22,0x2F,0x76,0x04,
  0xAB,0x55,0x54,0x6B,0x5C,0x94,0x92,0xEB,0x02,0x16,0xBD,0x49,0x7E,0xFA,0xA2,0x56,0xFA,0x00,0x8A,0xA7,
  0x55,0x2B,0xFE,0x92,0xAA,0x57,0x0A,0x52,0xAA,0xDA,0xAF,0xF6,0x95,0x1A,0xBA,0x01,0x0A,0x5B,0xA5,0xAB,
  0xFF,0x49,0xD5,0x17,0x04,0x51,0x54,0xD5,0xDF,0x7D,0xB5,0xF2,0x55,0x09,0x09,0x55,0x5B,0x6B,0xF7,0xEB,
  0xAA,0xAE,0x00,0xA4,0xAA,0xEF,0xFF,0xDF,0xF7,0xF4,0xAB,0x0A,0x12,0x52,0xAB,0x7B,0xFF,0xD5,0x55,0x5D,
  0x04,0xA5,0x55,0x6B,0xDF,0xFF,0xFB,0xF4,0xB6,0x04,0x48,0xB2,0xAA,0xF7,0xFF,0xDF,0xFA,0xBE,0x0A,0x85,
  0x29,0x6B,0xAD,0xB7,0xF5,0x75,0x76,0x04,0xB4,0xA5,0x35,0xFF,0xFF,0xFE,0xBD,0xBA,0x06,0x96,0x15,0x55,
  0x5B,0x7F,0xFE,0xF6,0xAE,0x02,0xAA,0xD6,0xAA,0xFF,0xED,0xFA,0xBF,0x74,0x03,0x6D,0x2D,0x55,0x6E,0xFF,
  0xFD,0xED,0xAC,0x02,0xB5,0x55,0x53,0xFB,0xF7,0xFA,0x7A,0xFC,0x02,0xD8,0x6A,0xA9,0xBF,0x7F,0x7F,0xAD,
  0xD4,0x01,0x65,0x2D,0x4A,0xEF,0xDF,0xFD,0xFF,0xE8,0x01,0xB8,0xAB,0x55,0xFD,0xFD,0xF7,0xBB,0x78,0x01,
  0x6A,0x55,0x4A,0xBF,0xFF,0xFF,0xFF,0xD0,0x00,0xF5,0x2A,0xAA,0xFF,0xF7,0xBF,0x7F,0xF0,0x00,0x5D,0x75,
  0xAF,0xFD,0xBF,0xFD,0xFB,0x40,0x00,0x6E,0xAB,0xF7,0xF7,0xFE,0xF7,0xEF,0xE0,0x00,0x35,0xD5,0x7E,0xFF,
  0xEF,0xFF,0xBF,0x80,0x00,0x1E,0xBB,0xDF,0xFF,0xFF,0xB7,0xFE,0xC0,0x00,0x2A,0xDD,0xFB,0xDF,0xFB,0xFF,
  0x7B,0x00,0x00,0x0B,0x6E,0xDF,0xFE,0xDF,0x7D,0xFF,0x00,0x00,0x0B,0xBB,0xFF,0x7F,0xFF,0xEF,0xD4,0x00,
  0x00,0x05,0x6E,0xDD,0xFB,0xFB,0xBF,0xFC,0x00,0x00,0x02,0xBB,0xFF,0xEF,0xBF,0xFE,0xA8,0x00,0x00,0x01,
  0xD7,0x6F,0xFF,0xED,0xF7,0xF0,0x00,0x00,0x00,0x5B,0xBD,0xBE,0xFF,0xBD,0x80,0x00,0x00,0x00,0x56,0xF7,
  0xFB,0xDD,0xF7,0x40,0x00,0x00,0x00,0x2D,0xBF,0x6F,0xFF,0xBD,0x00,0x00,0x00,0x00,0x0B,0xED,0xFF,0x6D,
  0xEE,0x00,0x00,0x00,0x00,0x05,0x7F,0xFB,0xFF,0x78,0x00,0x00,0x00,0x00,0x01,0xAB,0x5F,0x77,0xC0,0x00,
  0x00,0x00,0x00,0x00,0x5F,0xF7,0xDD,0x00,0x00,0x00,0x00,0x00,0x00,0x05,0x7D,0xF4,0x00,0x00,0x00,0x00,
  0x00,0x00,0x00,0x96,0x00,0x00,0x00,0x00,
};
static const uint8_t moon709_15[648] PROGMEM = {
  0x00,0x00,0x00,0x01,0x5A,0x80,0x00,0x00,0x00,0x00,0x00,0x00,0x17,0xFF,0xF8,0x00,0x00,0x00,0x00,0x00,
  0x00,0xFE,0xDB,0xFF,0x80,0x00,0x00,0x00,0x00,0x03,0x5B,0xBE,0xAF,0xE0,0x00,0x00,0x00,0x00,0x0F,0xED,
  0x6B,0xF6,0xB8,0x00,0x00,0x00,0x00,0x35,0x55,0xAD,0x5B,0xFE,0x00,0x00,0x00,0x00,0x5A,0xDA,0xF6,0xD5,
  0x6D,0x00,0x00,0x00,0x00,0xAD,0xB7,0x5B,0x6D,0x7B,0xC0,0x00,0x00,0x01,0x57,0x6A,0xFE,0xF7,0xBF,0x60,
  0x00,0x00,0x05,0x5D,0xAB,0x2B,0x5D,0x6D,0xF0,0x00,0x00,0x02,0xEA,0x4A,0xBF,0xF6,0xF7,0x58,0x00,0x00,
  0x0A,0x59,0x2A,0xAB,0x7B,0xAD,0xEC,0x00,0x00,0x12,0xA8,0x95,0x56,0xDD,0x7F,0x7E,0x00,0x00,0x29,0x66,
  0x4A,0xBB,0xEE,0xA5,0xD7,0x00,0x00,0x05,0x51,0x24,0xAD,0xAB,0x77,0xFD,0x80,0x00,0xAA,0x95,0x55,0x5A,
  0xD5,0x55,0xB6,0x80,0x00,0x52,0x54,0x95,0x57,0x95,0x5F,0xFF,0xC0,0x01,0x15,0x4A,0x52,0x7A,0xA5,0x36,
  0xDD,0x60,0x00,0xA9,0x29,0x4A,0xAD,0x52,0x9F,0xFF,0xE0,0x02,0x15,0x55,0x2D,0xD7,0x55,0x47,0xF5,0xB0,
  0x01,0x55,0x44,0xAA,0xB5,0x2A,0xAD,0xBE,0xF0,0x04,0xB4,0xB3,0x49,0x6E,0x84,0x4B,0xEB,0x58,0x04,0x55,
  0x1A,0xAA,0xBB,0x55,0x2E,0xDE,0xB8,0x05,0x2A,0xA9,0x55,0x5D,0x25,0x45,0x7A,0x94,0x08,0x94,0xAA,0xAA,
  0xB6,0xAA,0xAB,0x5E,0xAC,0x02,0x45,0x2D,0x55,0xEA,0xAA,0x15,0x7E,0x94,0x10,0x2A,0xB7,0xFD,0x55,0x57,
  0x49,0x16,0xAC,0x0A,0x95,0x5A,0xAA,0xAA,0xEA,0x52,0x5F,0x14,0x20,0x4A,0xAF,0xDA,0x90,0x1C,0x88,0x97,
  0x5E,0x15,0x27,0x5B,0xED,0x2D,0x55,0x25,0x2B,0xAA,0x20,0x9A,0xAF,0x5A,0xDD,0x7A,0x10,0x4D,0xFA,0x2A,
  0x4F,0x5A,0xEA,0x77,0x5D,0x4A,0x95,0xAB,0x29,0x25,0x6F,0x49,0x5D,0xF6,0xA4,0x56,0xF6,0x30,0x95,0x55,
  0x54,0xB7,0xFD,0x12,0x94,0x5B,0x55,0x0A,0xAF,0x5A,0xAF,0x7B,0x55,0x55,0x56,0x20,0xA5,0x55,0xCB,0x57,
  0xFE,0x91,0xAA,0x95,0x34,0x12,0x55,0x6A,0xED,0xFF,0xD7,0xF4,0x5A,0x52,0xA9,0x55,0x5B,0xDF,0xEF,0xEA,
  0xD2,0xAF,0x31,0x04,0xAA,0xEF,0xFB,0xBF,0xF7,0xB5,0x2A,0x18,0xAA,0xAA,0xAB,0x7F,0xFF,0xAA,0xEA,0xAD,
  0x2A,0x41,0x72,0xED,0xEF,0xFB,0xF7,0xF4,0xB6,0x3A,0x2A,0x2A,0xA7,0xBB,0xFF,0xDD,0xEA,0xBA,0x15,0x49,
  0x52,0x72,0xEE,0xDF,0xFE,0xBD,0x7E,0x3D,0x55,0x29,0x5B,0xBF,0xFF,0xFB,0x75,0x56,0x16,0xAC,0xAE,0xAA,
  0xF6,0xFF,0xFD,0xBF,0x6A,0x1B,0x57,0x15,0x55,0x7F,0xED,0xFA,0xF5,0x5C,0x0D,0x5A,0xD6,0xA9,0xDB,0xFF,
  0xFE,0xBF,0x6C,0x16,0xF4,0x5A,0xA6,0xFF,0x77,0xF5,0x69,0xD8,0x0F,0x5A,0xAB,0x55,0xED,0xDF,0x7F,0xBD,
  0xEC,0x0B,0xB1,0x35,0x53,0x7F,0xFF,0xFD,0xD7,0x58,0x06,0xDA,0x56,0xAA,0xFE,0xFD,0xF7,0xFF,0xF0,0x07,
  0xEA,0x9A,0x95,0xDF,0xFF,0xFF,0x7D,0xB0,0x02,0xBA,0x6A,0xAA,0xFD,0xEE,0xDF,0xEF,0xD0,0x03,0xED,0x55,
  0xD7,0xFF,0xFF,0xFD,0xBF,0x60,0x01,0x7E,0xB7,0x7F,0xFF,0xDF,0xFF,0xFD,0xC0,0x00,0xD7,0xEA,0xFB,0xDF,
  0xFD,0xDB,0xFF,0xC0,0x00,0xBA,0x5B,0xEF,0xFF,0x7F,0xFF,0x6E,0x80,0x00,0x6D,0xBE,0xFF,0xFD,0xF7,0x6D,
  0xFB,0x00,0x00,0x5B,0x6B,0xBF,0x7F,0xFF,0xFF,0xDE,0x00,0x00,0x37,0xFE,0xFF,0xF7,0xFF,0xBF,0x75,0x00,
  0x00,0x0D,0x5B,0xFB,0xFF,0xDA,0xF7,0xDC,0x00,0x00,0x0A,0xB7,0x6F,0xDF,0x7F,0xFE,0xF0,0x00,0x00,0x07,
  0xDF,0xFF,0x7F,0xF7,0xDD,0xA0,0x00,0x00,0x01,0x6A,0xDF,0xFD,0xDE,0xF7,0xC0,0x00,0x00,0x00,0xD7,0xBB,
  0xF7,0xFF,0xFD,0x00,0x00,0x00,0x00,0x7A,0xFF,0x7F,0x76,0xAE,0x80,0x00,0x00,0x00,0x1F,0xB7,0xDF,0xFF,
  0xFA,0x00,0x00,0x00,0x00,0x06,0xFD,0xFB,0xB6,0xE8,0x00,0x00,0x00,0x00,0x03,0xDF,0x6E,0xFF,0xA0,0x00,
  0x00,0x00,0x00,0x00,0x77,0xFF,0xDA,0x80,0x00,0x00,0x00,0x00,0x00,0x0A,0xDB,0x74,0x00,0x00,0x00,0x00,
  0x00,0x00,0x01,0x55,0x40,0x00,0x00,0x00,
};
static const uint8_t moon709_16[648] PROGMEM = {
  0x00,0x00,0x00,0x01,0x6D,0x00,0x00,0x00,0x00,0x00,0x00,0x00,0x2F,0xFF,0xF8,0x00,0x00,0x00,0x00,0x00,
  0x01,0xFE,0xDB,0xEF,0x00,0x00,0x00,0x00,0x00,0x06,0xAB,0xFE,0xBF,0xE0,0x00,0x00,0x00,0x00,0x1F,0xFD,
  0x4B,0xEB,0x70,0x00,0x00,0x00,0x00,0x75,0x4A,0xB6,0xBD,0xDE,0x00,0x00,0x00,0x00,0xAA,0xF7,0xDB,0x4A,
  0xFD,0x00,0x00,0x00,0x01,0x5F,0x5A,0x7D,0xB5,0x57,0x80,0x00,0x00,0x05,0x4B,0xEB,0xB6,0xFF,0x7D,0xE0,
  0x00,0x00,0x05,0x7C,0x95,0x5F,0x55,0xDE,0xB0,0x00,0x00,0x12,0xAA,0xAA,0xAB,0xFD,0x6B,0xD8,0x00,0x00,
  0x0A,0xDA,0x4A,0xBE,0xB6,0xFE,0xAC,0x00,0x00,0x54,0xB1,0x2A,0xAB,0xED,0xAB,0xF6,0x00,0x00,0x22,0xCC,
  0x95,0x5B,0x7E,0xB6,0xBB,0x00,0x00,0x95,0x52,0x4A,0xAD,0xC5,0x57,0xED,0x00,0x01,0x55,0x4A,0xA9,0x76,
  0xB5,0xB5,0xBF,0x80,0x00,0x48,0xA9,0x25,0x1B,0x95,0x5B,0xED,0x40,0x02,0xA6,0x94,0xAA,0xED,0x52,0xAE,
  0xFE,0xC0,0x04,0x15,0x55,0x54,0xB6,0xA9,0x1B,0xDB,0xE0,0x05,0x54,0xA5,0x2B,0xAB,0x4A,0xAF,0xFE,0xB0,
  0x08,0xAA,0x94,0xAA,0xED,0x2A,0x87,0x6B,0xE0,0x0A,0x3A,0x53,0x49,0x5B,0x4A,0x6D,0xFD,0x58,0x11,0x55,
  0x5A,0xAA,0xBE,0x92,0x96,0xD6,0xB0,0x0A,0x55,0x55,0x55,0x5A,0xAA,0x47,0x7D,0x58,0x24,0x8A,0x4A,0xAA,
  0xB6,0x92,0xAA,0xAE,0x0C,0x28,0x55,0x36,0xB6,0xEA,0xAD,0x12,0x5D,0xAC,0x22,0x95,0x5B,0xDA,0xB5,0x66,
  0xA5,0x36,0x94,0x48,0x4A,0xBD,0x6D,0x54,0xDA,0x10,0xBE,0xAC,0x52,0x2B,0x57,0xF5,0x12,0x2C,0xA5,0x07,
  0x14,0x49,0x4A,0xBF,0xAD,0x5A,0xAA,0x48,0xAB,0xDE,0x64,0x2F,0x55,0xF5,0x6D,0x5D,0x12,0x16,0xEA,0xD2,
  0x95,0xAF,0x54,0xBB,0x7A,0x49,0x55,0xB5,0x69,0x4B,0x75,0x95,0x6F,0xED,0x52,0x4A,0xEA,0xB2,0x2A,0x9E,
  0xD4,0xBB,0x7E,0x89,0x2D,0x37,0xE8,0x8A,0xD5,0x55,0x57,0xFB,0x25,0x52,0x5A,0x62,0x55,0x2B,0xD5,0xAF,
  0xFE,0xA9,0xA9,0x15,0xB4,0x82,0xAD,0x6B,0xD6,0xFF,0xA7,0xD5,0x56,0x69,0x29,0x55,0x5E,0xFF,0xED,0xF2,
  0xEA,0x2A,0xB0,0x94,0xAA,0xEB,0xDB,0xFF,0xEF,0x74,0xAD,0x5A,0x45,0x55,0x57,0xFF,0xBF,0xD5,0xD2,0xAA,
  0xD4,0x92,0xB5,0xEB,0x77,0xFB,0xFB,0xEA,0x5E,0x7A,0x48,0xB2,0x6B,0xDE,0xFF,0xD7,0x79,0x75,0x55,0x2A,
  0xAA,0xB5,0x77,0xFF,0xFD,0xDD,0x5C,0x7D,0xAC,0x49,0x55,0xFD,0xDF,0xFE,0x75,0x6A,0x2E,0xAB,0x2D,0x56,
  0xB7,0xFD,0xFB,0x7E,0xBC,0x35,0x5D,0x56,0xAA,0xFF,0x77,0xFD,0x6B,0x54,0x37,0xAA,0xAA,0xB2,0xEF,0xFF,
  0xF5,0xBD,0xAC,0x2E,0xFA,0xAD,0x4D,0xFB,0xBE,0xFE,0x6A,0xF4,0x1D,0x54,0x77,0x53,0xBF,0xF7,0xDD,0xBD,
  0xA8,0x1F,0xF2,0xAA,0xAA,0xF6,0xDF,0x7F,0xD6,0xF8,0x0B,0x5A,0x2A,0xAA,0xFF,0xFD,0xFB,0x7F,0xA0,0x0F,
  0xF5,0x56,0xA5,0xDF,0xFF,0xFF,0xFA,0xF0,0x0D,0xBA,0xAB,0x55,0x7E,0xF7,0xFD,0xBF,0xD0,0x06,0xF6,0xBA,
  0xDF,0xFF,0xFF,0x6F,0xEF,0x60,0x03,0xBE,0xD7,0xF7,0xFF,0xDF,0xFE,0xFD,0xC0,0x02,0xED,0xB4,0xFF,0xFF,
  0xFD,0xEB,0xBF,0x40,0x01,0xBB,0x77,0xDF,0xFD,0xF7,0xBF,0xF5,0x80,0x00,0xEE,0xDD,0xFD,0xDF,0xDF,0xFE,
  0xDF,0x00,0x00,0xBB,0x77,0xBF,0xFF,0xFE,0xEB,0xFA,0x00,0x00,0x6D,0xDE,0xFF,0xFF,0x7F,0xBF,0xAC,0x00,
  0x00,0x36,0xFF,0xFF,0x7B,0xF7,0xFE,0xF4,0x00,0x00,0x1B,0x55,0xB7,0xFF,0xDE,0xEF,0xA8,0x00,0x00,0x0D,
  0xDF,0xFF,0xEF,0x7B,0xFA,0xE0,0x00,0x00,0x06,0xEB,0x7D,0xFF,0xFF,0x6F,0x80,0x00,0x00,0x01,0xB7,0xDF,
  0xBD,0xEF,0xFA,0x80,0x00,0x00,0x00,0xDD,0x7B,0xF7,0xBB,0x5E,0x00,0x00,0x00,0x00,0x3B,0xEF,0xDF,0xFF,
  0xF4,0x00,0x00,0x00,0x00,0x1F,0xBE,0xFE,0xED,0x68,0x00,0x00,0x00,0x00,0x02,0xFB,0xF7,0xBF,0xC0,0x00,
  0x00,0x00,0x00,0x01,0xBF,0x5E,0xF6,0x00,0x00,0x00,0x00,0x00,0x00,0x15,0xFB,0xD8,0x00,0x00,0x00,0x00,
  0x00,0x00,0x02,0xAD,0x00,0x00,0x00,0x00,
};
static const uint8_t moon709_17[648] PROGMEM = {
  0x00,0x00,0x00,0x02,0xB5,0x00,0x00,0x00,0x00,0x00,0x00,0x00,0x3F,0xFF,0xF0,0x00,0x00,0x00,0x00,0x00,
  0x01,0xED,0xB6,0xDE,0x00,0x00,0x00,0x00,0x00,0x07,0xBE,0xFF,0xFB,0xC0,0x00,0x00,0x00,0x00,0x1E,0xEB,
  0x55,0x5F,0xF0,0x00,0x00,0x00,0x00,0x7B,0x55,0x5B,0xAA,0xB8,0x00,0x00,0x00,0x00,0xD5,0xFB,0xED,0x6A,
  0xEE,0x00,0x00,0x00,0x02,0xAF,0x56,0xBB,0xB5,0x5B,0x00,0x00,0x00,0x05,0x5B,0xB5,0x7E,0xDF,0x7E,0xC0,
  0x00,0x00,0x0A,0xBC,0xD6,0xAB,0x75,0xD7,0x60,0x00,0x00,0x15,0x6B,0x12,0xBE,0xDD,0x7B,0xA0,0x00,0x00,
  0x24,0xD8,0xAA,0xAB,0xF6,0xD6,0xD8,0x00,0x00,0x52,0xB5,0x4A,0xAE,0xDB,0x6D,0xB4,0x00,0x00,0x8A,0xC8,
  0x2A,0xB5,0xED,0x57,0x7C,0x00,0x00,0x55,0x66,0xA5,0x5B,0xAE,0xB5,0xD6,0x00,0x01,0x49,0x15,0x2A,0xAD,
  0xA3,0x57,0x7D,0x00,0x02,0x55,0x52,0x94,0xB6,0xA9,0x5B,0xD7,0x00,0x01,0x25,0x54,0x52,0xBB,0x55,0x3D,
  0xFD,0x80,0x05,0x55,0x55,0x55,0x55,0x4A,0x8F,0x6E,0xC0,0x0A,0x15,0x52,0xAB,0xDE,0xA9,0x55,0xFB,0xA0,
  0x09,0x5A,0x4A,0x95,0x63,0x25,0x27,0xAD,0x40,0x14,0xB5,0x2A,0x54,0xBE,0x95,0x4E,0xF7,0x60,0x12,0x55,
  0x55,0xAA,0xBB,0x4A,0x25,0xBA,0xB0,0x09,0x2A,0xB5,0x55,0x5D,0x25,0x56,0xED,0x10,0x28,0x95,0x4A,0xAA,
  0xEA,0xA9,0x25,0x3D,0x48,0x25,0x4A,0x5D,0x6D,0x5A,0xAC,0x92,0xAE,0xA0,0x50,0x2B,0x57,0xB6,0xEA,0xD7,
  0x4A,0x5D,0x18,0x4A,0xAA,0xBB,0xDA,0x95,0x54,0x21,0x2E,0xA8,0x64,0x25,0x5E,0xED,0x28,0x55,0x14,0x97,
  0x14,0x51,0x4F,0x5B,0xBA,0xAA,0xAC,0xA2,0x25,0xD8,0xEA,0x2A,0xAF,0xED,0x5D,0x5A,0x14,0x97,0x68,0x51,
  0x4F,0xB6,0xA8,0xB7,0x7D,0x41,0x15,0xB4,0xEA,0x2A,0xBD,0xAD,0x7B,0xD6,0xAA,0x54,0xD4,0xB1,0x4A,0xCE,
  0xA8,0xAE,0xFD,0x11,0x4A,0x74,0xE8,0x96,0xB5,0xD6,0xAF,0xFA,0xA5,0x2A,0x14,0xB2,0x49,0x57,0x55,0xAB,
  0xFF,0x49,0xA9,0x54,0xE9,0x25,0x5A,0xD5,0xDF,0x77,0xAB,0xD4,0x94,0xB2,0x91,0x55,0x6E,0xEB,0xFE,0xF5,
  0x6A,0x54,0xD8,0x4A,0xA9,0xB7,0xFF,0xDF,0xEB,0xD5,0x2A,0x55,0x24,0xAA,0xD7,0xBD,0xFF,0xD6,0xE8,0xA8,
  0xD8,0x92,0xB5,0x6B,0xF7,0xF7,0xEB,0xB5,0x5C,0x7D,0x4A,0x6A,0xEA,0xDF,0xFF,0xBD,0xEA,0x74,0x6A,0x55,
  0x29,0x35,0xED,0xBE,0xF6,0xBA,0xA8,0x7D,0xA8,0xA5,0x57,0x7F,0xF7,0xFE,0xF5,0x58,0x56,0xAE,0xAD,0x72,
  0xDB,0x7F,0xFA,0xBE,0xA8,0x3F,0x56,0x96,0x95,0x7F,0xEF,0xFD,0x6B,0x74,0x35,0xBA,0xAD,0x6A,0xF7,0xFD,
  0xF5,0x6D,0x50,0x3E,0xEE,0xB5,0x55,0xFE,0xBF,0x7E,0xBA,0xD0,0x2F,0x70,0x6F,0x4B,0xB7,0xF7,0xED,0xAD,
  0xA8,0x1D,0xBA,0xA9,0x69,0xFE,0xFE,0xFF,0xF6,0xE0,0x17,0xEA,0x37,0x26,0xEF,0xDD,0xFA,0xBB,0xA0,0x0F,
  0xFA,0x99,0x92,0xFD,0xFF,0xDF,0xEE,0xC0,0x0D,0xB5,0x6D,0x5B,0x7F,0xF7,0x7D,0x7F,0xC0,0x07,0xFD,0x57,
  0xAF,0xFF,0xFF,0xF7,0xDA,0x80,0x05,0x6F,0x75,0xFB,0xFF,0xAE,0xFF,0x7F,0x80,0x03,0xDD,0xB5,0xFF,0xF7,
  0xFF,0xDB,0xED,0x00,0x01,0xBE,0xEE,0xFF,0xFF,0xFB,0xF7,0x7E,0x80,0x01,0xEB,0x7B,0xDF,0xBE,0xEF,0x5F,
  0xD5,0x00,0x00,0x7D,0xBF,0xFD,0xFF,0xFF,0xFA,0xFC,0x00,0x00,0x57,0xED,0x7F,0xFF,0xBD,0xBF,0xA8,0x00,
  0x00,0x3A,0xBF,0xFF,0xF7,0xF7,0xEE,0xE8,0x00,0x00,0x1F,0xDB,0xDF,0xDF,0x7E,0xFB,0xB0,0x00,0x00,0x0A,
  0xB7,0x7B,0x7F,0xDB,0xDE,0xC0,0x00,0x00,0x07,0xDD,0xFF,0xFD,0xFF,0x77,0x40,0x00,0x00,0x02,0xEF,0xBF,
  0xF7,0xB7,0xFA,0x80,0x00,0x00,0x00,0xB5,0xF6,0xDF,0xFD,0xAC,0x00,0x00,0x00,0x00,0x7F,0x7F,0xFE,0xDF,
  0x74,0x00,0x00,0x00,0x00,0x1B,0xDB,0xF7,0xF5,0xD0,0x00,0x00,0x00,0x00,0x07,0x7E,0xBE,0xDF,0xA0,0x00,
  0x00,0x00,0x00,0x01,0xEF,0xF7,0xFA,0x00,0x00,0x00,0x00,0x00,0x00,0x1B,0xBD,0xA4,0x00,0x00,0x00,0x00,
  0x00,0x00,0x00,0xD6,0x00,0x00,0x00,0x00,
};
static const uint8_t moon709_18[648] PROGMEM = {
  0x00,0x00,0x00,0x02,0xDA,0x00,0x00,0x00,0x00,0x00,0x00,0x00,0x3F,0xFF,0xE0,0x00,0x00,0x00,0x00,0x00,
  0x01,0xF6,0xAB,0x7C,0x00,0x00,0x00,0x00,0x00,0x07,0xBF,0xFF,0xD7,0x00,0x00,0x00,0x00,0x00,0x1E,0xEA,
  0xAA,0xBD,0xC0,0x00,0x00,0x00,0x00,0x7B,0xB5,0x5D,0xD7,0x70,0x00,0x00,0x00,0x00,0xDD,0x6D,0xEA,0xA9,
  0xD8,0x00,0x00,0x00,0x03,0x57,0xDB,0x7F,0x76,0x7D,0x00,0x00,0x00,0x05,0x5A,0xB5,0x55,0xBB,0x56,0x00,
  0x00,0x00,0x0A,0xBE,0xD5,0xBE,0xD5,0xFB,0x40,0x00,0x00,0x15,0x69,0x2A,0xAB,0x7E,0xAE,0x80,0x00,0x00,
  0x24,0xDA,0x8A,0xAF,0xD5,0xB5,0xC0,0x00,0x00,0x52,0xB4,0xAA,0xB5,0x7D,0x5B,0x70,0x00,0x00,0x95,0xD2,
  0x55,0x5B,0xD6,0xED,0xA8,0x00,0x00,0x55,0x4A,0x8A,0xAD,0xD5,0x27,0x70,0x00,0x01,0x49,0x29,0x29,0x5A,
  0xAB,0x59,0xDC,0x00,0x02,0xA5,0x54,0xA5,0x5B,0x94,0xB7,0x6A,0x00,0x01,0x15,0x55,0x54,0xAD,0x49,0x5B,
  0xFC,0x00,0x06,0x55,0x52,0x95,0x76,0xA5,0x0E,0xAE,0x00,0x09,0x5A,0xAA,0x55,0xAB,0x55,0x57,0xF5,0x00,
  0x0A,0x2A,0x95,0x55,0xD5,0x29,0x4B,0x5E,0x80,0x11,0x5A,0x52,0xAA,0x7E,0x85,0x2B,0xEB,0x00,0x14,0xAA,
  0xAA,0xA5,0x56,0xAA,0x46,0xB4,0x80,0x2A,0x55,0x5A,0xAA,0xBD,0x25,0x2A,0xDE,0x80,0x21,0x2A,0xA5,0x55,
  0x55,0x52,0x95,0x5A,0x00,0x2A,0x95,0x3E,0xB6,0xF5,0x54,0x45,0x3E,0xA0,0x48,0x56,0xAB,0xDA,0xAA,0xCF,
  0x29,0x2A,0x80,0x65,0x2A,0xBD,0x76,0xAA,0x69,0x04,0x9E,0x40,0x50,0x95,0x5B,0xDA,0x91,0x2C,0xA8,0x47,
  0x00,0x65,0x27,0x5F,0xED,0x5A,0x55,0x12,0x2A,0xD0,0xD2,0x56,0xAF,0xB5,0x5A,0xBA,0x44,0x95,0xA0,0x69,
  0x1B,0xB5,0x5A,0x6F,0x5C,0x91,0x15,0xD0,0xF4,0xA6,0xDE,0xC9,0x75,0xF6,0x4A,0x4A,0x60,0xD2,0x4B,0x57,
  0x54,0xAF,0xFA,0x91,0x2A,0xA0,0xE9,0x2D,0x5B,0xAD,0x5B,0x7E,0x8A,0x94,0x20,0xB0,0x92,0xAD,0xD5,0xAF,
  0xF6,0xA5,0x52,0x90,0xEA,0x49,0x55,0x55,0xD6,0xFF,0x53,0xE9,0x20,0xB1,0x24,0xB5,0x77,0x7B,0xDB,0xF5,
  0x54,0x40,0xF5,0x4A,0xAA,0xDF,0xEF,0xFF,0xD7,0xB2,0xA0,0x58,0x92,0xAB,0x67,0x7F,0xDF,0xEA,0xD4,0x48,
  0xDA,0x49,0x74,0xD5,0xF6,0xFB,0x5B,0x6A,0xA0,0x7A,0x54,0xAA,0xB5,0xBF,0xFF,0xED,0xF4,0x50,0x6D,0x4A,
  0xA5,0x6B,0xD5,0xDF,0xFA,0xB5,0x40,0x7D,0xAA,0x52,0xB5,0x7F,0x7B,0xBE,0xDA,0xA0,0x6E,0xAD,0x2D,0x55,
  0xEF,0xEF,0xF5,0x76,0xA0,0x3F,0x76,0xAE,0xAA,0xBA,0xFE,0xFD,0x5B,0x40,0x35,0xAD,0x55,0x55,0xFF,0xF7,
  0xF5,0x6D,0x40,0x3F,0x7A,0xAD,0x55,0xB7,0x5E,0xDE,0xB5,0x40,0x37,0xB4,0xB6,0xAA,0xFD,0xFB,0xFA,0xDA,
  0x80,0x1E,0xF5,0x6B,0x53,0xEF,0xFF,0x7F,0xAD,0x80,0x1F,0xD8,0x2A,0xAA,0xBE,0xDD,0xEA,0xF6,0x80,0x0B,
  0xF7,0x5B,0x49,0xFF,0xFF,0xFF,0x5F,0x00,0x0F,0xB9,0x5A,0xAD,0x7D,0xEB,0x7D,0xFA,0x80,0x06,0xFE,0xB5,
  0xD7,0xFF,0xFF,0xD7,0x6E,0x00,0x07,0xFF,0x6F,0xFF,0xFF,0xB7,0x7D,0xDA,0x00,0x02,0xDA,0xF2,0xFF,0xF7,
  0xFF,0xEF,0x7C,0x00,0x01,0xEF,0x5D,0xEF,0xDF,0x7B,0x77,0xE8,0x00,0x01,0x7D,0xF7,0xBE,0xFF,0xEF,0xDD,
  0x74,0x00,0x00,0xD7,0x5E,0xFF,0xFF,0xFD,0xF7,0xA8,0x00,0x00,0x7D,0xFF,0xFF,0xFD,0xBF,0x5D,0xD0,0x00,
  0x00,0x37,0x77,0xFB,0xEF,0xF7,0xFF,0x40,0x00,0x00,0x1D,0xBD,0x6F,0xBF,0xBD,0x6B,0x40,0x00,0x00,0x0E,
  0xD7,0xFF,0xFD,0xEF,0xFD,0x00,0x00,0x00,0x07,0xEF,0xBE,0xFF,0xBB,0x56,0x80,0x00,0x00,0x01,0x76,0xFB,
  0xEE,0xFE,0xFA,0x00,0x00,0x00,0x01,0xDB,0xEF,0xFB,0xEB,0xD4,0x00,0x00,0x00,0x00,0x7F,0x7F,0x7F,0xBF,
  0x60,0x00,0x00,0x00,0x00,0x1B,0xDD,0xEE,0xF5,0xA0,0x00,0x00,0x00,0x00,0x07,0x7F,0xFB,0xDE,0x80,0x00,
  0x00,0x00,0x00,0x01,0xF6,0xBF,0x74,0x00,0x00,0x00,0x00,0x00,0x00,0x1F,0xED,0xD0,0x00,0x00,0x00,0x00,
  0x00,0x00,0x01,0x54,0x00,0x00,0x00,0x00,
};
static const uint8_t moon709_19[648] PROGMEM = {
  0x00,0x00,0x00,0x02,0xD4,0x00,0x00,0x00,0x00,0x00,0x00,0x00,0x3F,0xFF,0xA0,0x00,0x00,0x00,0x00,0x00,
  0x01,0xFB,0x6D,0xE8,0x00,0x00,0x00,0x00,0x00,0x07,0xDF,0xBF,0x74,0x00,0x00,0x00,0x00,0x00,0x1F,0x6A,
  0xD5,0xAF,0x00,0x00,0x00,0x00,0x00,0x7D,0xB5,0x5A,0xDA,0xC0,0x00,0x00,0x00,0x00,0xEA,0xDD,0xED,0x6A,
  0xA0,0x00,0x00,0x00,0x03,0x57,0xEB,0x3B,0xAA,0xE8,0x00,0x00,0x00,0x05,0x5E,0xB5,0xEE,0xBB,0x54,0x00,
  0x00,0x00,0x0A,0xB5,0x55,0x3B,0x6D,0x78,0x00,0x00,0x00,0x15,0x7A,0x95,0x57,0xB6,0xD6,0x00,0x00,0x00,
  0x2A,0xAA,0xAA,0xAD,0xFB,0x5A,0x80,0x00,0x00,0x49,0x74,0x92,0xB6,0xAD,0x6D,0x00,0x00,0x00,0xA5,0xAA,
  0x4A,0xAB,0xF5,0x57,0x40,0x00,0x00,0x95,0x51,0x2A,0xBA,0x8D,0xAA,0x80,0x00,0x01,0x55,0x4D,0x54,0xAD,
  0xD2,0x55,0xD0,0x00,0x02,0x4A,0xA9,0x12,0xAB,0x55,0x5B,0x40,0x00,0x01,0x29,0x24,0xAA,0xBD,0x49,0x2D,
  0xE8,0x00,0x06,0xAD,0x55,0x55,0x55,0x25,0x57,0x60,0x00,0x09,0x2A,0xAA,0x95,0xAB,0x54,0x8B,0xB4,0x00,
  0x0A,0x55,0x55,0x55,0x75,0x4A,0x56,0xD0,0x00,0x14,0xBA,0x92,0x4A,0xDF,0x22,0x8B,0xB4,0x00,0x12,0x55,
  0x5A,0xA9,0x2A,0x95,0x25,0x68,0x00,0x29,0x54,0xAA,0xAA,0xBD,0x24,0xAA,0xB4,0x00,0x24,0x96,0xAA,0xAA,
  0xD5,0x52,0x0A,0xBA,0x00,0x29,0x2A,0x56,0xED,0x75,0x2A,0xA5,0x54,0x00,0x52,0x4B,0x5F,0x5B,0x55,0x56,
  0x91,0x2D,0x00,0x48,0xAA,0xB5,0xED,0x54,0xEA,0x24,0x34,0x00,0x65,0x15,0x5F,0xB5,0x12,0x14,0x89,0x0A,
  0x00,0x68,0x4F,0x5B,0xDD,0x59,0x5A,0x22,0x4A,0x80,0xE5,0x2B,0x6F,0xEA,0xAD,0x55,0x10,0x2A,0x00,0xD4,
  0xAF,0x5A,0xAA,0x76,0xBC,0xA5,0x4A,0x00,0x72,0x95,0x6F,0x54,0xBB,0xEA,0x48,0x24,0x80,0xE8,0x4B,0x5A,
  0xAA,0xAF,0x7E,0x82,0x94,0x00,0xF2,0xAA,0xAF,0xAA,0x55,0xF5,0x2A,0x95,0x00,0xE9,0x15,0x6A,0xD5,0xAF,
  0xFE,0xA5,0x50,0x00,0xB4,0xA2,0x95,0x6B,0xD7,0x6F,0xA9,0xD5,0x00,0xE9,0x14,0xDA,0xDA,0xFB,0xFA,0xE6,
  0xA8,0x00,0xB4,0xA2,0x55,0x6F,0xAF,0xBF,0xF3,0xEA,0x00,0xD9,0x15,0x6B,0xAB,0xFD,0xEF,0xAD,0x50,0x00,
  0xDA,0x55,0x34,0xEE,0xF7,0xFB,0xD6,0xEA,0x80,0x7D,0x44,0xD2,0xA3,0xAF,0x6E,0xEB,0x68,0x00,0x74,0xAA,
  0x6A,0xBA,0xFB,0xFF,0xFD,0xB5,0x00,0x7E,0xAD,0x29,0x6B,0xAE,0xB7,0x6A,0x5A,0x00,0x6F,0x55,0x56,0xAA,
  0xFB,0xFF,0xFD,0xB4,0x00,0x3D,0xBE,0x8D,0x55,0x6F,0x6D,0xDA,0xBA,0x00,0x77,0x6A,0xB6,0xA9,0xBD,0xFB,
  0x7A,0xA8,0x00,0x3F,0xBD,0x5A,0xA6,0xF7,0xBF,0xF6,0xB5,0x00,0x1D,0xF2,0x6D,0x55,0xFF,0x6D,0xBD,0x54,
  0x00,0x1F,0x59,0x37,0x55,0xB5,0xFE,0xED,0xD8,0x00,0x1F,0xF4,0xAA,0xAA,0xFF,0xDB,0xFB,0x68,0x00,0x0F,
  0xFA,0x9A,0x92,0xDE,0xFE,0xDF,0x74,0x00,0x0D,0xED,0x6B,0x55,0xFF,0xEB,0xF5,0xA8,0x00,0x07,0xBE,0xB5,
  0xDF,0xFB,0xBF,0x5F,0x60,0x00,0x07,0xFD,0xB7,0x77,0x7F,0xF7,0xF5,0xD0,0x00,0x02,0xEF,0xEA,0xFF,0xF7,
  0x7E,0xDF,0x60,0x00,0x01,0xBD,0x7D,0xFF,0xFF,0xED,0xEB,0x90,0x00,0x01,0xF7,0x57,0xFB,0xBF,0xBF,0x7D,
  0x40,0x00,0x00,0xDD,0xFF,0x6F,0xFB,0xF7,0xAF,0x40,0x00,0x00,0x7B,0xBB,0xFF,0xFF,0x7D,0xF5,0x00,0x00,
  0x00,0x3D,0xFF,0xFF,0x6F,0xDE,0xBE,0x80,0x00,0x00,0x17,0x56,0xBD,0xFD,0xF7,0xD4,0x00,0x00,0x00,0x0F,
  0xDF,0xF7,0xFF,0x5A,0xFA,0x00,0x00,0x00,0x05,0x77,0x7F,0xDB,0xFF,0xA8,0x00,0x00,0x00,0x03,0xDB,0xFF,
  0x7F,0xB5,0xE0,0x00,0x00,0x00,0x00,0xFD,0xB7,0xFD,0xFE,0xA0,0x00,0x00,0x00,0x00,0x5F,0xFD,0xD7,0x57,
  0x40,0x00,0x00,0x00,0x00,0x1B,0x6F,0xFF,0xFA,0x80,0x00,0x00,0x00,0x00,0x07,0xFE,0xDB,0x6C,0x00,0x00,
  0x00,0x00,0x00,0x01,0x6B,0xFF,0xB0,0x00,0x00,0x00,0x00,0x00,0x00,0x3F,0x6D,0x40,0x00,0x00,0x00,0x00,
  0x00,0x00,0x01,0xB2,0x00,0x00,0x00,0x00,
};
static const uint8_t moon709_20[648] PROGMEM = {
  0x00,0x00,0x00,0x02,0xD4,0x00,0x00,0x00,0x00,0x00,0x00,0x00,0x3F,0xFB,0x00,0x00,0x00,0x00,0x00,0x00,
  0x01,0xFD,0xAF,0xD0,0x00,0x00,0x00,0x00,0x00,0x07,0xD7,0x7D,0x60,0x00,0x00,0x00,0x00,0x00,0x1F,0x7A,
  0xD6,0xDC,0x00,0x00,0x00,0x00,0x00,0x7D,0xAB,0x55,0x6A,0x00,0x00,0x00,0x00,0x00,0xEA,0xED,0xEE,0xA9,
  0x00,0x00,0x00,0x00,0x03,0x5F,0xB6,0x5B,0xAD,0x40,0x00,0x00,0x00,0x05,0x56,0xD5,0xBD,0x75,0x00,0x00,
  0x00,0x00,0x0A,0xBA,0xAA,0xAB,0x5B,0x60,0x00,0x00,0x00,0x15,0x6D,0x55,0x5E,0xED,0xA0,0x00,0x00,0x00,
  0x2A,0xD9,0x15,0x55,0xB6,0xA8,0x00,0x00,0x00,0x49,0x6A,0xA5,0x5B,0xDA,0xD0,0x00,0x00,0x00,0xAA,0xA8,
  0x54,0xAD,0x6D,0x2A,0x00,0x00,0x01,0x25,0xAB,0x12,0xB6,0xD5,0x50,0x00,0x00,0x00,0xAA,0x54,0xAA,0xAB,
  0x92,0xAA,0x00,0x00,0x02,0x95,0x52,0x4A,0x5A,0xAA,0xB4,0x00,0x00,0x02,0x55,0x4A,0xA9,0x6D,0x44,0x9B,
  0x00,0x00,0x05,0x2A,0xA9,0x25,0x55,0x29,0x2A,0x00,0x00,0x0A,0xAA,0x55,0x55,0xAE,0xA5,0x46,0x80,0x00,
  0x09,0x35,0x55,0x2A,0xEA,0x92,0x16,0x80,0x00,0x14,0xB6,0x92,0xAA,0xB6,0x49,0x4A,0x80,0x00,0x15,0x59,
  0x5A,0xA4,0xAD,0x25,0x25,0x20,0x00,0x28,0x4A,0xAA,0xAA,0x5D,0x4A,0x4A,0x80,0x00,0x25,0x2A,0x55,0x55,
  0xB5,0x21,0x25,0x00,0x00,0x28,0xAB,0x56,0xB6,0xD5,0x5C,0x92,0xA0,0x00,0x65,0x2A,0xBB,0xDA,0xB4,0xC6,
  0x88,0x00,0x00,0x50,0xA6,0x5D,0x6A,0x92,0x6A,0x22,0x80,0x00,0x55,0x15,0xB7,0xDD,0x4A,0x94,0x88,0x20,
  0x00,0x62,0x56,0xAF,0xEA,0x34,0x5A,0x25,0x00,0x00,0xE9,0x17,0x5B,0xB5,0xAB,0x2A,0x40,0x40,0x00,0xEA,
  0xAF,0x6E,0xAA,0x7D,0x7A,0x2A,0x00,0x00,0xB1,0x2A,0xBB,0x54,0xAB,0xAD,0x41,0x48,0x00,0xF4,0x96,0xCD,
  0xAA,0x5E,0xF5,0x14,0x00,0x00,0xE9,0x4A,0xB6,0xA9,0x55,0xFD,0x42,0xA0,0x00,0xE4,0x25,0x57,0xD6,0xD7,
  0xB6,0x95,0x80,0x00,0xF2,0x92,0xAA,0x55,0xAD,0xFD,0xA2,0xA0,0x00,0xB9,0x49,0x59,0xEB,0xF7,0xAF,0xEB,
  0x40,0x00,0xE8,0xAA,0xA5,0x5E,0xBD,0xFA,0xB5,0xA0,0x00,0xDA,0x44,0xBA,0xD7,0xEF,0x6F,0xD5,0x48,0x00,
  0x79,0x2A,0xAA,0xEA,0xF5,0xFB,0xD6,0xC0,0x00,0xDD,0x44,0xB2,0x53,0xAF,0xDE,0xEB,0x50,0x00,0x7A,0xAA,
  0xAA,0xB5,0xDD,0x77,0xBA,0xA0,0x00,0x7D,0x54,0xA5,0x55,0x77,0xDE,0xF6,0x80,0x00,0x6F,0x5E,0x2A,0xB5,
  0xDD,0x7B,0xDA,0x50,0x00,0x3F,0x6B,0x9D,0x55,0x77,0xEF,0x7A,0x80,0x00,0x75,0xBC,0xA6,0xA9,0xBE,0xFB,
  0xED,0x40,0x00,0x3F,0xD6,0xBA,0xA5,0xF7,0xAD,0x7A,0x00,0x00,0x1F,0x78,0xAD,0x55,0xBA,0xF7,0xDA,0xA0,
  0x00,0x3F,0xEA,0x6B,0x55,0xEF,0xBE,0xED,0x80,0x00,0x1F,0xBA,0xAA,0xA5,0x7D,0xED,0xBA,0x00,0x00,0x0E,
  0xFA,0x2D,0x95,0xAF,0x7B,0xEF,0x40,0x00,0x0F,0xF5,0x5A,0xAA,0xFD,0xEE,0xBA,0x00,0x00,0x07,0xFE,0xF5,
  0xD7,0xFF,0xBB,0xED,0x00,0x00,0x05,0xBF,0x57,0xFF,0xBF,0xEF,0x75,0x00,0x00,0x03,0xF5,0xB5,0x76,0xF6,
  0xFD,0xDA,0x00,0x00,0x01,0xDE,0xFB,0xFF,0xFF,0xB7,0x6A,0x00,0x00,0x01,0xBF,0x5F,0xBF,0xFB,0xED,0xB4,
  0x00,0x00,0x00,0xF5,0xF5,0xFB,0xBE,0xFF,0xD8,0x00,0x00,0x00,0x7F,0xDF,0x7F,0xF7,0xB5,0x64,0x00,0x00,
  0x00,0x35,0x7F,0xEF,0x7F,0xFF,0xB0,0x00,0x00,0x00,0x1F,0xB6,0xFF,0xED,0xAA,0xC8,0x00,0x00,0x00,0x0D,
  0xDF,0xFB,0xBF,0xDF,0x50,0x00,0x00,0x00,0x07,0x76,0xBF,0xFD,0x75,0x80,0x00,0x00,0x00,0x03,0xDB,0xEE,
  0xEF,0xFE,0xA0,0x00,0x00,0x00,0x00,0xFF,0xBF,0xBD,0xAA,0x00,0x00,0x00,0x00,0x00,0x6A,0xFB,0xF7,0xFA,
  0x80,0x00,0x00,0x00,0x00,0x1F,0xEE,0xDE,0xA8,0x00,0x00,0x00,0x00,0x00,0x07,0xBF,0xFB,0xE8,0x00,0x00,
  0x00,0x00,0x00,0x01,0xFB,0x6E,0x80,0x00,0x00,0x00,0x00,0x00,0x00,0x2F,0xFB,0x20,0x00,0x00,0x00,0x00,
  0x00,0x00,0x01,0x28,0x00,0x00,0x00,0x00,
};
static const uint8_t moon709_21[648] PROGMEM = {
  0x00,0x00,0x00,0x02,0xD0,0x00,0x00,0x00,0x00,0x00,0x00,0x00,0x3F,0xED,0x00,0x00,0x00,0x00,0x00,0x00,
  0x01,0xFB,0x7D,0x00,0x00,0x00,0x00,0x00,0x00,0x07,0xDE,0xD6,0xC0,0x00,0x00,0x00,0x00,0x00,0x1F,0x6B,
  0x6F,0x50,0x00,0x00,0x00,0x00,0x00,0x7D,0xB5,0x55,0x40,0x00,0x00,0x00,0x00,0x00,0xEA,0xDB,0xB5,0x50,
  0x00,0x00,0x00,0x00,0x03,0x5F,0x6E,0x7B,0x6A,0x00,0x00,0x00,0x00,0x05,0x55,0xE9,0xAD,0xB0,0x00,0x00,
  0x00,0x00,0x0A,0xBE,0x96,0xB6,0xAD,0x00,0x00,0x00,0x00,0x15,0x69,0x52,0x9B,0x74,0x00,0x00,0x00,0x00,
  0x2A,0xDA,0x8A,0x6D,0xAD,0x00,0x00,0x00,0x00,0x55,0x68,0x55,0x56,0xF4,0x80,0x00,0x00,0x00,0xA2,0xAA,
  0x92,0xAB,0xAD,0x00,0x00,0x00,0x01,0x2A,0xD5,0x2A,0xB5,0x55,0x20,0x00,0x00,0x00,0xAA,0x48,0x94,0x9A,
  0xC5,0x00,0x00,0x00,0x02,0x95,0x55,0x52,0x6B,0x28,0x80,0x00,0x00,0x02,0x55,0x52,0x4A,0xAD,0x4A,0x50,
  0x00,0x00,0x05,0x4A,0xAA,0xA5,0x55,0x51,0x00,0x00,0x00,0x0A,0x55,0x55,0x1A,0xAA,0x8A,0x80,0x00,0x00,
  0x09,0x3A,0x84,0xA5,0xD6,0xA4,0x40,0x00,0x00,0x15,0x55,0x32,0xAA,0x6B,0x12,0x90,0x00,0x00,0x14,0xB4,
  0xAD,0x54,0xBC,0x8A,0x20,0x00,0x00,0x2A,0x56,0xAA,0xA5,0x2B,0x22,0x80,0x00,0x00,0x21,0x2A,0x55,0x54,
  0xDA,0xA8,0x48,0x00,0x00,0x2A,0x95,0x5A,0xAB,0x6A,0x2A,0x80,0x00,0x00,0x68,0x4A,0xAF,0x7A,0xA9,0xCD,
  0x20,0x00,0x00,0x45,0x2A,0xB5,0xD5,0x54,0x52,0x08,0x00,0x00,0x70,0xAB,0x5F,0x6D,0x12,0x4C,0xA0,0x00,
  0x00,0x55,0x16,0xB7,0xDA,0xA9,0x2A,0x00,0x00,0x00,0xE4,0xAF,0x5B,0xAA,0x5D,0x58,0xA4,0x00,0x00,0xF5,
  0x15,0xAD,0x69,0x6A,0xAE,0x00,0x00,0x00,0xE2,0x56,0xB7,0x54,0xB7,0x74,0xA0,0x00,0x00,0xF9,0x4B,0x5D,
  0x95,0x5B,0xDA,0x10,0x00,0x00,0xE4,0x95,0x56,0xD4,0xAA,0xF7,0x44,0x00,0x00,0xF2,0x4A,0xAB,0x55,0x4F,
  0x7A,0x90,0x00,0x00,0xD4,0x92,0xB5,0x6B,0xAB,0xDD,0x40,0x00,0x00,0xF1,0x29,0x55,0x55,0xF6,0xEB,0xF4,
  0x00,0x00,0xBA,0x84,0xAA,0xEF,0x5D,0xBE,0xA0,0x00,0x00,0xD8,0xAA,0xAA,0xAB,0xF7,0xD7,0xD4,0x00,0x00,
  0xDA,0x49,0x72,0xD5,0x5D,0x7B,0x50,0x00,0x00,0x7D,0x24,0xAA,0xAB,0xEB,0xEE,0xE4,0x00,0x00,0xF5,0x55,
  0x29,0x72,0xBD,0xBB,0xB0,0x00,0x00,0x7E,0xAA,0xA5,0x2B,0x6B,0x6E,0xE8,0x00,0x00,0x6F,0x5D,0x2A,0xD5,
  0x77,0xDB,0xA8,0x00,0x00,0x3D,0xB6,0x9D,0x2A,0xDD,0x7E,0xE0,0x00,0x00,0x77,0x6D,0x66,0xD2,0xF7,0xD5,
  0xD8,0x00,0x00,0x3F,0xDA,0x9A,0x4B,0x5D,0x7B,0x60,0x00,0x00,0x3E,0xF9,0x6D,0xA9,0xF7,0xAE,0xD4,0x00,
  0x00,0x1F,0xAA,0x36,0xAA,0xDA,0xFB,0xA0,0x00,0x00,0x1F,0xF9,0x52,0xA5,0x7F,0x5D,0x68,0x00,0x00,0x0F,
  0xF5,0x2D,0x52,0xDB,0xF7,0xA0,0x00,0x00,0x0F,0xBD,0x5B,0x4B,0x7E,0xDA,0xC0,0x00,0x00,0x06,0xFD,0x75,
  0xB7,0xF7,0xEF,0x50,0x00,0x00,0x07,0xFF,0xAB,0xFD,0xDE,0xBB,0x40,0x00,0x00,0x03,0xDA,0xF5,0x6F,0xFF,
  0xED,0xA0,0x00,0x00,0x01,0xFF,0x5F,0xFF,0x75,0xBE,0x80,0x00,0x00,0x01,0xB6,0xF5,0xBB,0xFF,0xEB,0x20,
  0x00,0x00,0x00,0xFB,0xBF,0xFF,0xB6,0xBD,0x40,0x00,0x00,0x00,0x6F,0xF6,0xEE,0xFF,0xEE,0x00,0x00,0x00,
  0x00,0x3D,0x5F,0xBF,0xED,0xBA,0x80,0x00,0x00,0x00,0x1E,0xFB,0xFB,0xBF,0xD5,0x00,0x00,0x00,0x00,0x0F,
  0xAE,0xEF,0xF6,0xFA,0x00,0x00,0x00,0x00,0x05,0xF7,0xBE,0xDF,0x54,0x00,0x00,0x00,0x00,0x03,0x5D,0xFB,
  0xFB,0xE8,0x00,0x00,0x00,0x00,0x00,0xF7,0x6F,0xBD,0x50,0x00,0x00,0x00,0x00,0x00,0x7D,0xFE,0xEF,0xD4,
  0x00,0x00,0x00,0x00,0x00,0x1F,0xBB,0xFA,0xA0,0x00,0x00,0x00,0x00,0x00,0x07,0xEF,0x5F,0x40,0x00,0x00,
  0x00,0x00,0x00,0x00,0xFD,0xF5,0x00,0x00,0x00,0x00,0x00,0x00,0x00,0x1F,0xBA,0x00,0x00,0x00,0x00,0x00,
  0x00,0x00,0x01,0x40,0x00,0x00,0x00,0x00,
};
static const uint8_t moon709_22[648] PROGMEM = {
  0x00,0x00,0x00,0x02,0xA0,0x00,0x00,0x00,0x00,0x00,0x00,0x00,0x3F,0xD4,0x00,0x00,0x00,0x00,0x00,0x00,
  0x01,0xFB,0x78,0x00,0x00,0x00,0x00,0x00,0x00,0x07,0xDE,0xED,0x00,0x00,0x00,0x00,0x00,0x00,0x1F,0x6B,
  0x54,0x80,0x00,0x00,0x00,0x00,0x00,0x7D,0xB4,0xAA,0x00,0x00,0x00,0x00,0x00,0x00,0xEA,0xD7,0xDA,0x80,
  0x00,0x00,0x00,0x00,0x03,0x57,0x7A,0x6D,0x40,0x00,0x00,0x00,0x00,0x05,0x5F,0xA5,0xB6,0x80,0x00,0x00,
  0x00,0x00,0x0A,0xB4,0xAA,0xAD,0x50,0x00,0x00,0x00,0x00,0x15,0x7A,0x95,0x57,0x40,0x00,0x00,0x00,0x00,
  0x2A,0xD5,0x4A,0x5A,0xA0,0x00,0x00,0x00,0x00,0x55,0x54,0x25,0x56,0xD0,0x00,0x00,0x00,0x00,0xA5,0x69,
  0x54,0xAB,0x48,0x00,0x00,0x00,0x01,0x29,0x54,0x8A,0xAA,0xC0,0x00,0x00,0x00,0x00,0xA5,0x4A,0x52,0x5A,
  0xA0,0x00,0x00,0x00,0x02,0x95,0x29,0x29,0x2A,0x90,0x00,0x00,0x00,0x02,0x55,0x54,0x94,0xD5,0x44,0x00,
  0x00,0x00,0x05,0x55,0x52,0xA5,0x5A,0x90,0x00,0x00,0x00,0x0C,0x95,0x4A,0x55,0x56,0x40,0x00,0x00,0x00,
  0x0A,0x5A,0xA5,0x2A,0xD3,0x28,0x00,0x00,0x00,0x11,0x5A,0x2A,0x89,0x5D,0x02,0x00,0x00,0x00,0x15,0x6A,
  0xAA,0xAA,0x55,0x50,0x00,0x00,0x00,0x2A,0x2A,0xAA,0xA9,0x3A,0x08,0x00,0x00,0x00,0x28,0xAA,0x55,0x55,
  0x55,0x62,0x00,0x00,0x00,0x25,0x25,0x55,0x55,0xAA,0x94,0x00,0x00,0x00,0x68,0x96,0xBE,0xDA,0xB2,0x48,
  0x00,0x00,0x00,0x52,0x55,0x53,0x6A,0x89,0x62,0x00,0x00,0x00,0x64,0x95,0x3F,0xB5,0x28,0x18,0x00,0x00,
  0x00,0x69,0x27,0x55,0xDA,0x95,0x48,0x00,0x00,0x00,0xE4,0x9B,0x5F,0xAA,0x6A,0xB4,0x00,0x00,0x00,0xF2,
  0x4E,0xAA,0xD4,0xB5,0x54,0x00,0x00,0x00,0xD5,0x2B,0x76,0x94,0xAE,0xB2,0x00,0x00,0x00,0xF0,0xAA,0x9B,
  0x54,0xAB,0xE8,0x00,0x00,0x00,0xEA,0x8A,0xD5,0xAA,0x55,0x7A,0x00,0x00,0x00,0xF1,0x25,0x56,0xC9,0xAF,
  0xAA,0x00,0x00,0x00,0xEA,0x52,0x5A,0xAA,0xA5,0x74,0x00,0x00,0x00,0xB4,0x89,0x55,0x6F,0xDB,0xDA,0x80,
  0x00,0x00,0xF1,0x25,0x52,0xAA,0xBD,0x6A,0x00,0x00,0x00,0xDC,0xA9,0x2A,0xD7,0xEB,0xB4,0x00,0x00,0x00,
  0xDA,0x44,0xF5,0x6A,0xBE,0xFA,0x00,0x00,0x00,0x7A,0x2A,0x52,0xA5,0xD5,0xD5,0x00,0x00,0x00,0xFD,0xA5,
  0x29,0x72,0xAE,0xB4,0x00,0x00,0x00,0x76,0xAC,0xA4,0x9B,0x75,0xDA,0x00,0x00,0x00,0x7E,0xB6,0x96,0xA5,
  0x5B,0x69,0x00,0x00,0x00,0x37,0xAD,0x5A,0xAA,0xEE,0xDA,0x00,0x00,0x00,0x7E,0xDA,0xAD,0x51,0x77,0x74,
  0x00,0x00,0x00,0x3F,0x7D,0x2A,0xAD,0xBB,0xA8,0x00,0x00,0x00,0x2F,0xD2,0x6D,0x42,0xED,0x75,0x00,0x00,
  0x00,0x1F,0x79,0x35,0x5B,0x6B,0xA8,0x00,0x00,0x00,0x1F,0xEA,0xAB,0x21,0xBE,0xEA,0x00,0x00,0x00,0x0F,
  0xFA,0x55,0x54,0xED,0xB0,0x00,0x00,0x00,0x0F,0xBA,0xAA,0x96,0xDE,0xEA,0x00,0x00,0x00,0x06,0xFE,0xBB,
  0xD5,0xF7,0xA8,0x00,0x00,0x00,0x07,0xFB,0x6A,0xFF,0xBD,0xD0,0x00,0x00,0x00,0x03,0xDF,0xB5,0xB6,0xF7,
  0x6A,0x00,0x00,0x00,0x01,0xFA,0xEE,0xFF,0xDE,0xD0,0x00,0x00,0x00,0x01,0xBF,0x5B,0xDB,0xFB,0xD0,0x00,
  0x00,0x00,0x00,0xEB,0xFE,0xFE,0xDE,0xA8,0x00,0x00,0x00,0x00,0x7D,0x6F,0xEF,0xF7,0xC0,0x00,0x00,0x00,
  0x00,0x3F,0xBB,0x7D,0xBD,0x50,0x00,0x00,0x00,0x00,0x1A,0xEF,0xDF,0xEF,0xA0,0x00,0x00,0x00,0x00,0x0F,
  0xBD,0x76,0xBA,0x80,0x00,0x00,0x00,0x00,0x06,0xD7,0xFF,0xF7,0x50,0x00,0x00,0x00,0x00,0x03,0xFB,0x5B,
  0x7D,0x40,0x00,0x00,0x00,0x00,0x00,0xDF,0xFF,0xD6,0x80,0x00,0x00,0x00,0x00,0x00,0x75,0xB6,0xFD,0x00,
  0x00,0x00,0x00,0x00,0x00,0x1F,0xFF,0xAA,0x80,0x00,0x00,0x00,0x00,0x00,0x07,0x5A,0xFC,0x00,0x00,0x00,
  0x00,0x00,0x00,0x01,0xFF,0xAA,0x00,0x00,0x00,0x00,0x00,0x00,0x00,0x2B,0xE8,0x00,0x00,0x00,0x00,0x00,
  0x00,0x00,0x04,0x90,0x00,0x00,0x00,0x00,
};
static const uint8_t moon709_23[648] PROGMEM = {
  0x00,0x00,0x00,0x02,0x80,0x00,0x00,0x00,0x00,0x00,0x00,0x00,0x3F,0xA0,0x00,0x00,0x00,0x00,0x00,0x00,
  0x01,0xF6,0xD0,0x00,0x00,0x00,0x00,0x00,0x00,0x07,0xDD,0xA8,0x00,0x00,0x00,0x00,0x00,0x00,0x1F,0x6A,
  0xD0,0x00,0x00,0x00,0x00,0x00,0x00,0x7D,0xB5,0x44,0x00,0x00,0x00,0x00,0x00,0x00,0xEA,0xD6,0xD0,0x00,
  0x00,0x00,0x00,0x00,0x03,0x57,0x6D,0x68,0x00,0x00,0x00,0x00,0x00,0x05,0x5D,0xB3,0x54,0x00,0x00,0x00,
  0x00,0x00,0x0A,0xB6,0x95,0x52,0x00,0x00,0x00,0x00,0x00,0x15,0x6A,0xAA,0x54,0x00,0x00,0x00,0x00,0x00,
  0x2A,0xB9,0x09,0x52,0x00,0x00,0x00,0x00,0x00,0x54,0xD4,0xA5,0x28,0x00,0x00,0x00,0x00,0x00,0xA3,0x64,
  0x54,0xAA,0x00,0x00,0x00,0x00,0x01,0x2A,0x92,0x8A,0xA8,0x80,0x00,0x00,0x00,0x00,0xA9,0x55,0x24,0x54,
  0x00,0x00,0x00,0x00,0x02,0x95,0x28,0x92,0xA9,0x00,0x00,0x00,0x00,0x05,0x55,0x4A,0x54,0xAA,0x00,0x00,
  0x00,0x00,0x04,0x2A,0xA9,0x25,0x54,0x00,0x00,0x00,0x00,0x0A,0xAA,0x55,0x55,0x52,0x00,0x00,0x00,0x00,
  0x09,0x55,0x44,0x89,0x54,0x00,0x00,0x00,0x00,0x14,0xB5,0x2A,0x54,0xAA,0x00,0x00,0x00,0x00,0x15,0x2A,
  0xAA,0xA5,0x59,0x00,0x00,0x00,0x00,0x28,0xAA,0x55,0x52,0x2C,0x00,0x00,0x00,0x00,0x25,0x2A,0xAA,0x4A,
  0xD2,0x00,0x00,0x00,0x00,0x28,0x95,0x2A,0xB5,0x68,0x80,0x00,0x00,0x00,0x65,0x4A,0xB6,0xD5,0x54,0x00,
  0x00,0x00,0x00,0x50,0x2A,0xAB,0x5A,0x22,0x00,0x00,0x00,0x00,0x6A,0xA5,0x3D,0xEA,0x94,0x00,0x00,0x00,
  0x00,0x64,0x4E,0xAF,0xAA,0x48,0x40,0x00,0x00,0x00,0xE9,0x2B,0x55,0xB5,0x55,0x00,0x00,0x00,0x00,0xE5,
  0x4F,0x5A,0xA8,0x6A,0x00,0x00,0x00,0x00,0xF2,0x2A,0xAE,0x95,0x5A,0x00,0x00,0x00,0x00,0xE9,0x4A,0xD5,
  0xA8,0xAA,0x80,0x00,0x00,0x00,0xF4,0x95,0x5A,0xA5,0x2A,0x00,0x00,0x00,0x00,0xE2,0x4A,0xAB,0xAA,0x95,
  0x40,0x00,0x00,0x00,0xF4,0x91,0x2A,0xAA,0xD4,0x00,0x00,0x00,0x00,0xB2,0x4A,0xA9,0x55,0xAB,0x00,0x00,
  0x00,0x00,0xF9,0x20,0xAA,0xAE,0xF4,0x80,0x00,0x00,0x00,0xD4,0x96,0xA9,0x67,0x5A,0x00,0x00,0x00,0x00,
  0xDA,0x48,0xB5,0xB2,0xED,0x40,0x00,0x00,0x00,0x7D,0x25,0x52,0x4A,0xAA,0x80,0x00,0x00,0x00,0xF4,0xA8,
  0xA9,0x6A,0xDA,0x00,0x00,0x00,0x00,0x7E,0xAD,0x24,0xB3,0x6A,0x00,0x00,0x00,0x00,0x7F,0xAA,0x96,0x94,
  0xB5,0x40,0x00,0x00,0x00,0x35,0x5D,0x4A,0xA3,0x5A,0x00,0x00,0x00,0x00,0x7F,0xB6,0xAD,0x59,0x6D,0x00,
  0x00,0x00,0x00,0x2E,0xFA,0x54,0x85,0xB4,0x00,0x00,0x00,0x00,0x3F,0xA9,0x6F,0x55,0x6A,0x80,0x00,0x00,
  0x00,0x1F,0xF4,0x29,0x52,0xFA,0x00,0x00,0x00,0x00,0x1F,0x5A,0xAA,0x95,0x55,0x00,0x00,0x00,0x00,0x0F,
  0xF5,0x2A,0xA2,0xDC,0x40,0x00,0x00,0x00,0x0F,0xFA,0xB5,0x55,0x75,0x00,0x00,0x00,0x00,0x07,0x7D,0x5B,
  0xAB,0xDA,0x00,0x00,0x00,0x00,0x07,0xEE,0xE5,0x76,0xF5,0x00,0x00,0x00,0x00,0x03,0xBF,0x5A,0xEF,0xBA,
  0x00,0x00,0x00,0x00,0x01,0xF5,0xED,0xFD,0xEA,0x00,0x00,0x00,0x00,0x01,0xBE,0xBB,0xB7,0x78,0x80,0x00,
  0x00,0x00,0x00,0xF7,0x6E,0xFF,0xAD,0x00,0x00,0x00,0x00,0x00,0x7B,0xFF,0xAA,0xF4,0x00,0x00,0x00,0x00,
  0x00,0x3D,0x5A,0xFF,0xD4,0x00,0x00,0x00,0x00,0x00,0x1F,0xEF,0xBB,0x74,0x00,0x00,0x00,0x00,0x00,0x0A,
  0xBB,0x6F,0xD9,0x00,0x00,0x00,0x00,0x00,0x07,0xD7,0xFD,0x68,0x00,0x00,0x00,0x00,0x00,0x03,0x7D,0x6F,
  0xEA,0x00,0x00,0x00,0x00,0x00,0x00,0xEB,0xDB,0x68,0x00,0x00,0x00,0x00,0x00,0x00,0x7F,0x7F,0xA4,0x00,
  0x00,0x00,0x00,0x00,0x00,0x1D,0xED,0xD0,0x00,0x00,0x00,0x00,0x00,0x00,0x07,0xBE,0xD0,0x00,0x00,0x00,
  0x00,0x00,0x00,0x01,0xF7,0x50,0x00,0x00,0x00,0x00,0x00,0x00,0x00,0x1D,0xA0,0x00,0x00,0x00,0x00,0x00,
  0x00,0x00,0x02,0x80,0x00,0x00,0x00,0x00,
};
static const uint8_t moon709_24[648] PROGMEM = {
  0x00,0x00,0x00,0x02,0x40,0x00,0x00,0x00,0x00,0x00,0x00,0x00,0x3F,0x00,0x00,0x00,0x00,0x00,0x00,0x00,
  0x01,0xF5,0x40,0x00,0x00,0x00,0x00,0x00,0x00,0x07,0xBE,0x80,0x00,0x00,0x00,0x00,0x00,0x00,0x1E,0xD2,
  0x00,0x00,0x00,0x00,0x00,0x00,0x00,0x7B,0x6A,0x80,0x00,0x00,0x00,0x00,0x00,0x00,0xED,0xB5,0x20,0x00,
  0x00,0x00,0x00,0x00,0x03,0x56,0xDA,0x80,0x00,0x00,0x00,0x00,0x00,0x05,0x5B,0x65,0x00,0x00,0x00,0x00,
  0x00,0x00,0x0A,0xAD,0x54,0x40,0x00,0x00,0x00,0x00,0x00,0x15,0x7A,0x8A,0x00,0x00,0x00,0x00,0x00,0x00,
  0x2A,0xA9,0x25,0x00,0x00,0x00,0x00,0x00,0x00,0x52,0xD4,0x50,0x80,0x00,0x00,0x00,0x00,0x00,0xA9,0x62,
  0x8A,0x20,0x00,0x00,0x00,0x00,0x01,0x15,0x29,0x25,0x00,0x00,0x00,0x00,0x00,0x00,0xCA,0x94,0x92,0x00,
  0x00,0x00,0x00,0x00,0x02,0x24,0xAA,0x48,0x80,0x00,0x00,0x00,0x00,0x05,0x55,0x41,0x24,0x00,0x00,0x00,
  0x00,0x00,0x04,0xAA,0x5A,0x95,0x40,0x00,0x00,0x00,0x00,0x0A,0x55,0x44,0x49,0x00,0x00,0x00,0x00,0x00,
  0x09,0x2A,0xAA,0xA4,0x80,0x00,0x00,0x00,0x00,0x14,0xB4,0x22,0x14,0x20,0x00,0x00,0x00,0x00,0x15,0x55,
  0x9A,0xD2,0x80,0x00,0x00,0x00,0x00,0x28,0x54,0xA9,0x28,0x00,0x00,0x00,0x00,0x00,0x25,0x2A,0x55,0x46,
  0x40,0x00,0x00,0x00,0x00,0x28,0x95,0x55,0x59,0x00,0x00,0x00,0x00,0x00,0x65,0x4A,0xAA,0xAA,0x40,0x00,
  0x00,0x00,0x00,0x50,0x25,0x37,0xB4,0x00,0x00,0x00,0x00,0x00,0x6A,0x95,0x5A,0xD5,0x00,0x00,0x00,0x00,
  0x00,0x62,0x4B,0x2F,0xAA,0x00,0x00,0x00,0x00,0x00,0xE9,0x2E,0xD5,0x54,0x80,0x00,0x00,0x00,0x00,0xEA,
  0x55,0x56,0xD4,0x20,0x00,0x00,0x00,0x00,0xE4,0x8B,0x5A,0x91,0x00,0x00,0x00,0x00,0x00,0xF2,0x55,0x56,
  0xAA,0x00,0x00,0x00,0x00,0x00,0xE9,0x0A,0xAA,0x94,0x40,0x00,0x00,0x00,0x00,0xE8,0xA5,0x55,0xC9,0x00,
  0x00,0x00,0x00,0x00,0xEA,0x51,0x2A,0x55,0x00,0x00,0x00,0x00,0x00,0xB1,0x0A,0xA9,0x54,0xA0,0x00,0x00,
  0x00,0x00,0xF9,0x50,0x95,0x6B,0x00,0x00,0x00,0x00,0x00,0xD4,0x8A,0xA9,0xA6,0x80,0x00,0x00,0x00,0x00,
  0xDA,0x52,0x6A,0x55,0x20,0x00,0x00,0x00,0x00,0x7D,0x24,0xA2,0xA2,0x00,0x00,0x00,0x00,0x00,0xF4,0x8A,
  0x54,0xB5,0x40,0x00,0x00,0x00,0x00,0x7E,0xB5,0x29,0x52,0x00,0x00,0x00,0x00,0x00,0x6F,0x54,0x95,0x2A,
  0x80,0x00,0x00,0x00,0x00,0x3D,0xB6,0xAA,0xA2,0x40,0x00,0x00,0x00,0x00,0x77,0x5D,0x4D,0x54,0x80,0x00,
  0x00,0x00,0x00,0x3E,0xF5,0x2A,0x25,0x00,0x00,0x00,0x00,0x00,0x3F,0xB4,0xB5,0x91,0x40,0x00,0x00,0x00,
  0x00,0x1F,0x68,0x55,0x4A,0x00,0x00,0x00,0x00,0x00,0x1B,0xF5,0x2A,0xA5,0x40,0x00,0x00,0x00,0x00,0x0F,
  0xDA,0xAA,0x90,0x80,0x00,0x00,0x00,0x00,0x0F,0xFA,0x55,0x4D,0x00,0x00,0x00,0x00,0x00,0x07,0x7D,0x5A,
  0xB5,0x40,0x00,0x00,0x00,0x00,0x07,0xDF,0x6B,0xD6,0x80,0x00,0x00,0x00,0x00,0x03,0xF5,0xB4,0xFA,0x80,
  0x00,0x00,0x00,0x00,0x01,0xBE,0xD7,0x5E,0xA0,0x00,0x00,0x00,0x00,0x01,0xED,0x7B,0xEB,0x00,0x00,0x00,
  0x00,0x00,0x00,0xFB,0xAD,0x7D,0x40,0x00,0x00,0x00,0x00,0x00,0x5E,0xFE,0xD6,0x80,0x00,0x00,0x00,0x00,
  0x00,0x3B,0xB7,0xFE,0x80,0x00,0x00,0x00,0x00,0x00,0x1D,0x6D,0x5A,0x80,0x00,0x00,0x00,0x00,0x00,0x0F,
  0xDF,0xEE,0xA0,0x00,0x00,0x00,0x00,0x00,0x06,0xEA,0xBB,0x00,0x00,0x00,0x00,0x00,0x00,0x03,0x6F,0xEE,
  0x80,0x00,0x00,0x00,0x00,0x00,0x00,0xF5,0x7A,0xA0,0x00,0x00,0x00,0x00,0x00,0x00,0x7F,0xAE,0x80,0x00,
  0x00,0x00,0x00,0x00,0x00,0x1B,0xFB,0x00,0x00,0x00,0x00,0x00,0x00,0x00,0x06,0xBD,0x40,0x00,0x00,0x00,
  0x00,0x00,0x00,0x01,0xEE,0x80,0x00,0x00,0x00,0x00,0x00,0x00,0x00,0x36,0x80,0x00,0x00,0x00,0x00,0x00,
  0x00,0x00,0x02,0x40,0x00,0x00,0x00,0x00,
};
static const uint8_t moon709_25[648] PROGMEM = {
  0x00,0x00,0x00,0x02,0x00,0x00,0x00,0x00,0x00,0x00,0x00,0x00,0x3D,0x00,0x00,0x00,0x00,0x00,0x00,0x00,
  0x01,0xE8,0x00,0x00,0x00,0x00,0x00,0x00,0x00,0x07,0xB5,0x00,0x00,0x00,0x00,0x00,0x00,0x00,0x1E,0xD0,
  0x00,0x00,0x00,0x00,0x00,0x00,0x00,0x7B,0x68,0x00,0x00,0x00,0x00,0x00,0x00,0x00,0xED,0x52,0x00,0x00,
  0x00,0x00,0x00,0x00,0x03,0x55,0xD0,0x00,0x00,0x00,0x00,0x00,0x00,0x05,0x2E,0xA0,0x00,0x00,0x00,0x00,
  0x00,0x00,0x0A,0xDA,0x90,0x00,0x00,0x00,0x00,0x00,0x00,0x15,0x6A,0x40,0x00,0x00,0x00,0x00,0x00,0x00,
  0x2A,0xB5,0x10,0x00,0x00,0x00,0x00,0x00,0x00,0x48,0xA8,0x80,0x00,0x00,0x00,0x00,0x00,0x00,0xA5,0x52,
  0x48,0x00,0x00,0x00,0x00,0x00,0x01,0x2A,0xA9,0x00,0x00,0x00,0x00,0x00,0x00,0x00,0xA5,0x44,0x40,0x00,
  0x00,0x00,0x00,0x00,0x02,0x94,0x95,0x10,0x00,0x00,0x00,0x00,0x00,0x02,0x52,0x50,0x80,0x00,0x00,0x00,
  0x00,0x00,0x05,0x2A,0xAA,0x40,0x00,0x00,0x00,0x00,0x00,0x0A,0x95,0x45,0x00,0x00,0x00,0x00,0x00,0x00,
  0x08,0x54,0x92,0x48,0x00,0x00,0x00,0x00,0x00,0x15,0x5A,0x55,0x00,0x00,0x00,0x00,0x00,0x00,0x14,0xAA,
  0x90,0xA0,0x00,0x00,0x00,0x00,0x00,0x2A,0x54,0x56,0x00,0x00,0x00,0x00,0x00,0x00,0x21,0x25,0x49,0x40,
  0x00,0x00,0x00,0x00,0x00,0x2A,0x4A,0x2D,0x10,0x00,0x00,0x00,0x00,0x00,0x64,0x95,0x55,0x40,0x00,0x00,
  0x00,0x00,0x00,0x50,0x25,0x5B,0x20,0x00,0x00,0x00,0x00,0x00,0x6A,0x95,0x2D,0x80,0x00,0x00,0x00,0x00,
  0x00,0x61,0x2A,0xB6,0x80,0x00,0x00,0x00,0x00,0x00,0xEA,0x4B,0x4B,0x50,0x00,0x00,0x00,0x00,0x00,0xD4,
  0x96,0xAD,0x00,0x00,0x00,0x00,0x00,0x00,0xF1,0x2B,0x55,0x40,0x00,0x00,0x00,0x00,0x00,0xE8,0x8A,0x55,
  0x00,0x00,0x00,0x00,0x00,0x00,0xE5,0x25,0x56,0x80,0x00,0x00,0x00,0x00,0x00,0xF0,0x92,0xAA,0x90,0x00,
  0x00,0x00,0x00,0x00,0xD5,0x24,0x52,0x40,0x00,0x00,0x00,0x00,0x00,0xF0,0x89,0x49,0x00,0x00,0x00,0x00,
  0x00,0x00,0xB5,0x24,0xAA,0xA0,0x00,0x00,0x00,0x00,0x00,0xD8,0x92,0x29,0x00,0x00,0x00,0x00,0x00,0x00,
  0xDA,0x49,0x64,0xA0,0x00,0x00,0x00,0x00,0x00,0x7A,0x44,0xB2,0x40,0x00,0x00,0x00,0x00,0x00,0xFD,0x2A,
  0x09,0x00,0x00,0x00,0x00,0x00,0x00,0x5A,0xA9,0x64,0x90,0x00,0x00,0x00,0x00,0x00,0x7F,0x56,0x15,0x00,
  0x00,0x00,0x00,0x00,0x00,0x6D,0xAD,0xAA,0x40,0x00,0x00,0x00,0x00,0x00,0x3E,0xB4,0x4A,0x80,0x00,0x00,
  0x00,0x00,0x00,0x37,0xDB,0x2A,0x20,0x00,0x00,0x00,0x00,0x00,0x3E,0xB4,0xB5,0x40,0x00,0x00,0x00,0x00,
  0x00,0x1F,0xE8,0x55,0x00,0x00,0x00,0x00,0x00,0x00,0x1F,0x75,0x2A,0x90,0x00,0x00,0x00,0x00,0x00,0x0D,
  0xDA,0x92,0x40,0x00,0x00,0x00,0x00,0x00,0x0F,0xF4,0x5B,0x00,0x00,0x00,0x00,0x00,0x00,0x07,0xBE,0xA9,
  0xA0,0x00,0x00,0x00,0x00,0x00,0x06,0xF7,0x76,0x90,0x00,0x00,0x00,0x00,0x00,0x03,0xDD,0xA9,0x60,0x00,
  0x00,0x00,0x00,0x00,0x03,0x76,0xB6,0xC8,0x00,0x00,0x00,0x00,0x00,0x01,0xFD,0x6B,0xA0,0x00,0x00,0x00,
  0x00,0x00,0x00,0xD7,0xBD,0x50,0x00,0x00,0x00,0x00,0x00,0x00,0x7A,0xEE,0xD0,0x00,0x00,0x00,0x00,0x00,
  0x00,0x3D,0xB7,0xA8,0x00,0x00,0x00,0x00,0x00,0x00,0x17,0x5A,0xD0,0x00,0x00,0x00,0x00,0x00,0x00,0x0E,
  0xEF,0x68,0x00,0x00,0x00,0x00,0x00,0x00,0x07,0xB5,0xD0,0x00,0x00,0x00,0x00,0x00,0x00,0x02,0xEF,0x6A,
  0x00,0x00,0x00,0x00,0x00,0x00,0x01,0xB5,0xA8,0x00,0x00,0x00,0x00,0x00,0x00,0x00,0x7E,0xF0,0x00,0x00,
  0x00,0x00,0x00,0x00,0x00,0x1B,0xAC,0x00,0x00,0x00,0x00,0x00,0x00,0x00,0x07,0xF5,0x00,0x00,0x00,0x00,
  0x00,0x00,0x00,0x01,0x74,0x00,0x00,0x00,0x00,0x00,0x00,0x00,0x00,0x1A,0x00,0x00,0x00,0x00,0x00,0x00,
  0x00,0x00,0x05,0x00,0x00,0x00,0x00,0x00,
};
static const uint8_t moon709_26[648] PROGMEM = {
  0x00,0x00,0x00,0x00,0x00,0x00,0x00,0x00,0x00,0x00,0x00,0x00,0x3A,0x00,0x00,0x00,0x00,0x00,0x00,0x00,
  0x01,0xE0,0x00,0x00,0x00,0x00,0x00,0x00,0x00,0x07,0x90,0x00,0x00,0x00,0x00,0x00,0x00,0x00,0x1E,0xA0,
  0x00,0x00,0x00,0x00,0x00,0x00,0x00,0x7A,0x80,0x00,0x00,0x00,0x00,0x00,0x00,0x00,0xD5,0x40,0x00,0x00,
  0x00,0x00,0x00,0x00,0x03,0x56,0x00,0x00,0x00,0x00,0x00,0x00,0x00,0x05,0x5B,0x40,0x00,0x00,0x00,0x00,
  0x00,0x00,0x0A,0xAC,0x00,0x00,0x00,0x00,0x00,0x00,0x00,0x15,0x71,0x00,0x00,0x00,0x00,0x00,0x00,0x00,
  0x28,0x98,0x00,0x00,0x00,0x00,0x00,0x00,0x00,0x45,0x64,0x00,0x00,0x00,0x00,0x00,0x00,0x00,0xAA,0xA8,
  0x00,0x00,0x00,0x00,0x00,0x00,0x01,0x25,0x40,0x00,0x00,0x00,0x00,0x00,0x00,0x00,0x92,0x54,0x00,0x00,
  0x00,0x00,0x00,0x00,0x02,0xA9,0x10,0x00,0x00,0x00,0x00,0x00,0x00,0x02,0x25,0x40,0x00,0x00,0x00,0x00,
  0x00,0x00,0x05,0x54,0xA8,0x00,0x00,0x00,0x00,0x00,0x00,0x0A,0x15,0x20,0x00,0x00,0x00,0x00,0x00,0x00,
  0x09,0x54,0x84,0x00,0x00,0x00,0x00,0x00,0x00,0x14,0xB5,0x20,0x00,0x00,0x00,0x00,0x00,0x00,0x14,0x54,
  0x90,0x00,0x00,0x00,0x00,0x00,0x00,0x25,0x25,0x48,0x00,0x00,0x00,0x00,0x00,0x00,0x28,0x94,0x20,0x00,
  0x00,0x00,0x00,0x00,0x00,0x22,0x4A,0x90,0x00,0x00,0x00,0x00,0x00,0x00,0x69,0x25,0x40,0x00,0x00,0x00,
  0x00,0x00,0x00,0x48,0x2A,0x50,0x00,0x00,0x00,0x00,0x00,0x00,0x65,0x45,0x08,0x00,0x00,0x00,0x00,0x00,
  0x00,0x60,0x15,0x50,0x00,0x00,0x00,0x00,0x00,0x00,0xEA,0xAB,0x40,0x00,0x00,0x00,0x00,0x00,0x00,0xD5,
  0x15,0x20,0x00,0x00,0x00,0x00,0x00,0x00,0xE8,0xA6,0x90,0x00,0x00,0x00,0x00,0x00,0x00,0xB2,0x12,0xA0,
  0x00,0x00,0x00,0x00,0x00,0x00,0xE8,0x8A,0x40,0x00,0x00,0x00,0x00,0x00,0x00,0xE4,0xA5,0x10,0x00,0x00,
  0x00,0x00,0x00,0x00,0xF2,0x10,0xA0,0x00,0x00,0x00,0x00,0x00,0x00,0xB1,0x4A,0x80,0x00,0x00,0x00,0x00,
  0x00,0x00,0xD8,0x80,0x50,0x00,0x00,0x00,0x00,0x00,0x00,0xDA,0x55,0x00,0x00,0x00,0x00,0x00,0x00,0x00,
  0xD9,0x09,0x60,0x00,0x00,0x00,0x00,0x00,0x00,0x74,0xA4,0x90,0x00,0x00,0x00,0x00,0x00,0x00,0xFD,0x24,
  0x40,0x00,0x00,0x00,0x00,0x00,0x00,0x5D,0x95,0x20,0x00,0x00,0x00,0x00,0x00,0x00,0x76,0xAA,0x80,0x00,
  0x00,0x00,0x00,0x00,0x00,0x3D,0x5A,0x28,0x00,0x00,0x00,0x00,0x00,0x00,0x6F,0x6D,0x40,0x00,0x00,0x00,
  0x00,0x00,0x00,0x3A,0xB4,0x90,0x00,0x00,0x00,0x00,0x00,0x00,0x3F,0xD2,0x48,0x00,0x00,0x00,0x00,0x00,
  0x00,0x1E,0xB4,0x60,0x00,0x00,0x00,0x00,0x00,0x00,0x17,0xF2,0x10,0x00,0x00,0x00,0x00,0x00,0x00,0x0F,
  0xAD,0x48,0x00,0x00,0x00,0x00,0x00,0x00,0x0E,0xF8,0xA0,0x00,0x00,0x00,0x00,0x00,0x00,0x07,0xDE,0xAA,
  0x00,0x00,0x00,0x00,0x00,0x00,0x06,0xF5,0x50,0x00,0x00,0x00,0x00,0x00,0x00,0x03,0xBE,0xE4,0x00,0x00,
  0x00,0x00,0x00,0x00,0x01,0xD5,0x50,0x00,0x00,0x00,0x00,0x00,0x00,0x01,0xFE,0xBA,0x00,0x00,0x00,0x00,
  0x00,0x00,0x00,0xAB,0xD4,0x00,0x00,0x00,0x00,0x00,0x00,0x00,0x7A,0xBA,0x00,0x00,0x00,0x00,0x00,0x00,
  0x00,0x3D,0xDA,0x80,0x00,0x00,0x00,0x00,0x00,0x00,0x16,0xAC,0x00,0x00,0x00,0x00,0x00,0x00,0x00,0x0F,
  0xD6,0x80,0x00,0x00,0x00,0x00,0x00,0x00,0x06,0xBA,0x00,0x00,0x00,0x00,0x00,0x00,0x00,0x03,0x6D,0x80,
  0x00,0x00,0x00,0x00,0x00,0x00,0x00,0xF6,0xA0,0x00,0x00,0x00,0x00,0x00,0x00,0x00,0x5B,0x40,0x00,0x00,
  0x00,0x00,0x00,0x00,0x00,0x2F,0x90,0x00,0x00,0x00,0x00,0x00,0x00,0x00,0x0B,0x60,0x00,0x00,0x00,0x00,
  0x00,0x00,0x00,0x01,0xD0,0x00,0x00,0x00,0x00,0x00,0x00,0x00,0x00,0x3A,0x00,0x00,0x00,0x00,0x00,0x00,
  0x00,0x00,0x00,0x00,0x00,0x00,0x00,0x00,
};
static const uint8_t moon709_27[648] PROGMEM = {
  0x00,0x00,0x00,0x00,0x00,0x00,0x00,0x00,0x00,0x00,0x00,0x00,0x28,0x00,0x00,0x00,0x00,0x00,0x00,0x00,
  0x01,0xC0,0x00,0x00,0x00,0x00,0x00,0x00,0x00,0x07,0x00,0x00,0x00,0x00,0x00,0x00,0x00,0x00,0x1C,0x00,
  0x00,0x00,0x00,0x00,0x00,0x00,0x00,0x7A,0x80,0x00,0x00,0x00,0x00,0x00,0x00,0x00,0xD0,0x00,0x00,0x00,
  0x00,0x00,0x00,0x00,0x03,0x54,0x00,0x00,0x00,0x00,0x00,0x00,0x00,0x05,0x20,0x00,0x00,0x00,0x00,0x00,
  0x00,0x00,0x0A,0xA8,0x00,0x00,0x00,0x00,0x00,0x00,0x00,0x14,0xA0,0x00,0x00,0x00,0x00,0x00,0x00,0x00,
  0x22,0x80,0x00,0x00,0x00,0x00,0x00,0x00,0x00,0x54,0xA0,0x00,0x00,0x00,0x00,0x00,0x00,0x00,0x92,0x80,
  0x00,0x00,0x00,0x00,0x00,0x00,0x00,0xA9,0x00,0x00,0x00,0x00,0x00,0x00,0x00,0x01,0x04,0x40,0x00,0x00,
  0x00,0x00,0x00,0x00,0x02,0xAA,0x00,0x00,0x00,0x00,0x00,0x00,0x00,0x01,0x25,0x00,0x00,0x00,0x00,0x00,
  0x00,0x00,0x06,0x54,0x00,0x00,0x00,0x00,0x00,0x00,0x00,0x09,0x11,0x00,0x00,0x00,0x00,0x00,0x00,0x00,
  0x0A,0x54,0x00,0x00,0x00,0x00,0x00,0x00,0x00,0x11,0x34,0x00,0x00,0x00,0x00,0x00,0x00,0x00,0x14,0x92,
  0x00,0x00,0x00,0x00,0x00,0x00,0x00,0x2A,0x48,0x00,0x00,0x00,0x00,0x00,0x00,0x00,0x20,0xA4,0x00,0x00,
  0x00,0x00,0x00,0x00,0x00,0x2A,0x10,0x00,0x00,0x00,0x00,0x00,0x00,0x00,0x50,0xA5,0x00,0x00,0x00,0x00,
  0x00,0x00,0x00,0x4A,0x10,0x00,0x00,0x00,0x00,0x00,0x00,0x00,0x60,0xA4,0x00,0x00,0x00,0x00,0x00,0x00,
  0x00,0x6A,0x08,0x00,0x00,0x00,0x00,0x00,0x00,0x00,0xD1,0x52,0x00,0x00,0x00,0x00,0x00,0x00,0x00,0xE4,
  0x08,0x00,0x00,0x00,0x00,0x00,0x00,0x00,0xB2,0xA4,0x00,0x00,0x00,0x00,0x00,0x00,0x00,0xE8,0x48,0x00,
  0x00,0x00,0x00,0x00,0x00,0x00,0xE5,0x00,0x00,0x00,0x00,0x00,0x00,0x00,0x00,0xB0,0xA8,0x00,0x00,0x00,
  0x00,0x00,0x00,0x00,0xEA,0x00,0x00,0x00,0x00,0x00,0x00,0x00,0x00,0xB0,0xA8,0x00,0x00,0x00,0x00,0x00,
  0x00,0x00,0xEA,0x00,0x00,0x00,0x00,0x00,0x00,0x00,0x00,0xB4,0xA8,0x00,0x00,0x00,0x00,0x00,0x00,0x00,
  0xD8,0x80,0x00,0x00,0x00,0x00,0x00,0x00,0x00,0x76,0x29,0x00,0x00,0x00,0x00,0x00,0x00,0x00,0x6C,0x84,
  0x00,0x00,0x00,0x00,0x00,0x00,0x00,0x7A,0xB0,0x00,0x00,0x00,0x00,0x00,0x00,0x00,0x6E,0xA8,0x00,0x00,
  0x00,0x00,0x00,0x00,0x00,0x3B,0x54,0x00,0x00,0x00,0x00,0x00,0x00,0x00,0x6D,0x54,0x00,0x00,0x00,0x00,
  0x00,0x00,0x00,0x3F,0x68,0x00,0x00,0x00,0x00,0x00,0x00,0x00,0x35,0xB4,0x00,0x00,0x00,0x00,0x00,0x00,
  0x00,0x1F,0x50,0x00,0x00,0x00,0x00,0x00,0x00,0x00,0x1F,0xF5,0x00,0x00,0x00,0x00,0x00,0x00,0x00,0x0B,
  0x58,0x00,0x00,0x00,0x00,0x00,0x00,0x00,0x0F,0xEA,0x00,0x00,0x00,0x00,0x00,0x00,0x00,0x06,0xBC,0x80,
  0x00,0x00,0x00,0x00,0x00,0x00,0x07,0xEA,0x00,0x00,0x00,0x00,0x00,0x00,0x00,0x02,0xBE,0x80,0x00,0x00,
  0x00,0x00,0x00,0x00,0x01,0xD5,0x00,0x00,0x00,0x00,0x00,0x00,0x00,0x01,0xBA,0xA0,0x00,0x00,0x00,0x00,
  0x00,0x00,0x00,0xEF,0x40,0x00,0x00,0x00,0x00,0x00,0x00,0x00,0x79,0x80,0x00,0x00,0x00,0x00,0x00,0x00,
  0x00,0x2E,0xA0,0x00,0x00,0x00,0x00,0x00,0x00,0x00,0x1B,0x50,0x00,0x00,0x00,0x00,0x00,0x00,0x00,0x0D,
  0xC8,0x00,0x00,0x00,0x00,0x00,0x00,0x00,0x06,0xB0,0x00,0x00,0x00,0x00,0x00,0x00,0x00,0x03,0xD4,0x00,
  0x00,0x00,0x00,0x00,0x00,0x00,0x00,0xE8,0x00,0x00,0x00,0x00,0x00,0x00,0x00,0x00,0x7D,0x00,0x00,0x00,
  0x00,0x00,0x00,0x00,0x00,0x16,0x00,0x00,0x00,0x00,0x00,0x00,0x00,0x00,0x0B,0x80,0x00,0x00,0x00,0x00,
  0x00,0x00,0x00,0x01,0xD0,0x00,0x00,0x00,0x00,0x00,0x00,0x00,0x00,0x20,0x00,0x00,0x00,0x00,0x00,0x00,
  0x00,0x00,0x04,0x00,0x00,0x00,0x00,0x00,
};
static const uint8_t moon709_28[648] PROGMEM = {
  0x00,0x00,0x00,0x00,0x00,0x00,0x00,0x00,0x00,0x00,0x00,0x00,0x00,0x00,0x00,0x00,0x00,0x00,0x00,0x00,
  0x01,0x40,0x00,0x00,0x00,0x00,0x00,0x00,0x00,0x06,0x00,0x00,0x00,0x00,0x00,0x00,0x00,0x00,0x18,0x00,
  0x00,0x00,0x00,0x00,0x00,0x00,0x00,0x70,0x00,0x00,0x00,0x00,0x00,0x00,0x00,0x00,0xC0,0x00,0x00,0x00,
  0x00,0x00,0x00,0x00,0x03,0x00,0x00,0x00,0x00,0x00,0x00,0x00,0x00,0x04,0x80,0x00,0x00,0x00,0x00,0x00,
  0x00,0x00,0x0A,0x00,0x00,0x00,0x00,0x00,0x00,0x00,0x00,0x12,0x80,0x00,0x00,0x00,0x00,0x00,0x00,0x00,
  0x28,0x00,0x00,0x00,0x00,0x00,0x00,0x00,0x00,0x44,0x00,0x00,0x00,0x00,0x00,0x00,0x00,0x00,0x90,0x00,
  0x00,0x00,0x00,0x00,0x00,0x00,0x00,0x50,0x00,0x00,0x00,0x00,0x00,0x00,0x00,0x01,0x44,0x00,0x00,0x00,
  0x00,0x00,0x00,0x00,0x02,0x20,0x00,0x00,0x00,0x00,0x00,0x00,0x00,0x01,0x40,0x00,0x00,0x00,0x00,0x00,
  0x00,0x00,0x05,0x20,0x00,0x00,0x00,0x00,0x00,0x00,0x00,0x0A,0x08,0x00,0x00,0x00,0x00,0x00,0x00,0x00,
  0x08,0xA0,0x00,0x00,0x00,0x00,0x00,0x00,0x00,0x15,0x00,0x00,0x00,0x00,0x00,0x00,0x00,0x00,0x10,0xA0,
  0x00,0x00,0x00,0x00,0x00,0x00,0x00,0x24,0x00,0x00,0x00,0x00,0x00,0x00,0x00,0x00,0x29,0x00,0x00,0x00,
  0x00,0x00,0x00,0x00,0x00,0x22,0x40,0x00,0x00,0x00,0x00,0x00,0x00,0x00,0x50,0x00,0x00,0x00,0x00,0x00,
  0x00,0x00,0x00,0x4A,0x00,0x00,0x00,0x00,0x00,0x00,0x00,0x00,0x61,0x00,0x00,0x00,0x00,0x00,0x00,0x00,
  0x00,0x54,0x00,0x00,0x00,0x00,0x00,0x00,0x00,0x00,0xE2,0x40,0x00,0x00,0x00,0x00,0x00,0x00,0x00,0xA8,
  0x00,0x00,0x00,0x00,0x00,0x00,0x00,0x00,0xE5,0x00,0x00,0x00,0x00,0x00,0x00,0x00,0x00,0xB0,0x00,0x00,
  0x00,0x00,0x00,0x00,0x00,0x00,0xEA,0x00,0x00,0x00,0x00,0x00,0x00,0x00,0x00,0xE0,0x80,0x00,0x00,0x00,
  0x00,0x00,0x00,0x00,0xB4,0x00,0x00,0x00,0x00,0x00,0x00,0x00,0x00,0xD1,0x00,0x00,0x00,0x00,0x00,0x00,
  0x00,0x00,0xB4,0x00,0x00,0x00,0x00,0x00,0x00,0x00,0x00,0xD1,0x00,0x00,0x00,0x00,0x00,0x00,0x00,0x00,
  0x5C,0x00,0x00,0x00,0x00,0x00,0x00,0x00,0x00,0xF4,0x00,0x00,0x00,0x00,0x00,0x00,0x00,0x00,0x5A,0x80,
  0x00,0x00,0x00,0x00,0x00,0x00,0x00,0x75,0x00,0x00,0x00,0x00,0x00,0x00,0x00,0x00,0x6E,0x40,0x00,0x00,
  0x00,0x00,0x00,0x00,0x00,0x3B,0x00,0x00,0x00,0x00,0x00,0x00,0x00,0x00,0x35,0x40,0x00,0x00,0x00,0x00,
  0x00,0x00,0x00,0x3E,0x80,0x00,0x00,0x00,0x00,0x00,0x00,0x00,0x2B,0x40,0x00,0x00,0x00,0x00,0x00,0x00,
  0x00,0x1F,0x40,0x00,0x00,0x00,0x00,0x00,0x00,0x00,0x1D,0xA0,0x00,0x00,0x00,0x00,0x00,0x00,0x00,0x0F,
  0xA0,0x00,0x00,0x00,0x00,0x00,0x00,0x00,0x0A,0xC0,0x00,0x00,0x00,0x00,0x00,0x00,0x00,0x07,0xB0,0x00,
  0x00,0x00,0x00,0x00,0x00,0x00,0x06,0xD0,0x00,0x00,0x00,0x00,0x00,0x00,0x00,0x03,0x68,0x00,0x00,0x00,
  0x00,0x00,0x00,0x00,0x01,0xD0,0x00,0x00,0x00,0x00,0x00,0x00,0x00,0x01,0x7A,0x00,0x00,0x00,0x00,0x00,
  0x00,0x00,0x00,0xD4,0x00,0x00,0x00,0x00,0x00,0x00,0x00,0x00,0x78,0x00,0x00,0x00,0x00,0x00,0x00,0x00,
  0x00,0x2D,0x00,0x00,0x00,0x00,0x00,0x00,0x00,0x00,0x1A,0x00,0x00,0x00,0x00,0x00,0x00,0x00,0x00,0x0F,
  0x40,0x00,0x00,0x00,0x00,0x00,0x00,0x00,0x05,0x00,0x00,0x00,0x00,0x00,0x00,0x00,0x00,0x03,0xC0,0x00,
  0x00,0x00,0x00,0x00,0x00,0x00,0x00,0xD0,0x00,0x00,0x00,0x00,0x00,0x00,0x00,0x00,0x68,0x00,0x00,0x00,
  0x00,0x00,0x00,0x00,0x00,0x18,0x00,0x00,0x00,0x00,0x00,0x00,0x00,0x00,0x06,0x00,0x00,0x00,0x00,0x00,
  0x00,0x00,0x00,0x01,0x80,0x00,0x00,0x00,0x00,0x00,0x00,0x00,0x00,0x20,0x00,0x00,0x00,0x00,0x00,0x00,
  0x00,0x00,0x00,0x00,0x00,0x00,0x00,0x00,
};
static const uint8_t moon709_29[648] PROGMEM = {
  0x00,0x00,0x00,0x00,0x00,0x00,0x00,0x00,0x00,0x00,0x00,0x00,0x00,0x00,0x00,0x00,0x00,0x00,0x00,0x00,
  0x00,0x00,0x00,0x00,0x00,0x00,0x00,0x00,0x00,0x04,0x00,0x00,0x00,0x00,0x00,0x00,0x00,0x00,0x10,0x00,
  0x00,0x00,0x00,0x00,0x00,0x00,0x00,0x40,0x00,0x00,0x00,0x00,0x00,0x00,0x00,0x00,0x80,0x00,0x00,0x00,
  0x00,0x00,0x00,0x00,0x02,0x00,0x00,0x00,0x00,0x00,0x00,0x00,0x00,0x04,0x00,0x00,0x00,0x00,0x00,0x00,
  0x00,0x00,0x08,0x00,0x00,0x00,0x00,0x00,0x00,0x00,0x00,0x10,0x00,0x00,0x00,0x00,0x00,0x00,0x00,0x00,
  0x20,0x00,0x00,0x00,0x00,0x00,0x00,0x00,0x00,0x40,0x00,0x00,0x00,0x00,0x00,0x00,0x00,0x00,0x80,0x00,
  0x00,0x00,0x00,0x00,0x00,0x00,0x00,0x40,0x00,0x00,0x00,0x00,0x00,0x00,0x00,0x01,0x00,0x00,0x00,0x00,
  0x00,0x00,0x00,0x00,0x02,0x00,0x00,0x00,0x00,0x00,0x00,0x00,0x00,0x01,0x00,0x00,0x00,0x00,0x00,0x00,
  0x00,0x00,0x04,0x00,0x00,0x00,0x00,0x00,0x00,0x00,0x00,0x0A,0x00,0x00,0x00,0x00,0x00,0x00,0x00,0x00,
  0x08,0x00,0x00,0x00,0x00,0x00,0x00,0x00,0x00,0x12,0x00,0x00,0x00,0x00,0x00,0x00,0x00,0x00,0x14,0x00,
  0x00,0x00,0x00,0x00,0x00,0x00,0x00,0x10,0x00,0x00,0x00,0x00,0x00,0x00,0x00,0x00,0x20,0x00,0x00,0x00,
  0x00,0x00,0x00,0x00,0x00,0x28,0x00,0x00,0x00,0x00,0x00,0x00,0x00,0x00,0x40,0x00,0x00,0x00,0x00,0x00,
  0x00,0x00,0x00,0x50,0x00,0x00,0x00,0x00,0x00,0x00,0x00,0x00,0x50,0x00,0x00,0x00,0x00,0x00,0x00,0x00,
  0x00,0x60,0x00,0x00,0x00,0x00,0x00,0x00,0x00,0x00,0xD0,0x00,0x00,0x00,0x00,0x00,0x00,0x00,0x00,0x60,
  0x00,0x00,0x00,0x00,0x00,0x00,0x00,0x00,0xD0,0x00,0x00,0x00,0x00,0x00,0x00,0x00,0x00,0xA0,0x00,0x00,
  0x00,0x00,0x00,0x00,0x00,0x00,0xF0,0x00,0x00,0x00,0x00,0x00,0x00,0x00,0x00,0xA0,0x00,0x00,0x00,0x00,
  0x00,0x00,0x00,0x00,0xE0,0x00,0x00,0x00,0x00,0x00,0x00,0x00,0x00,0xB0,0x00,0x00,0x00,0x00,0x00,0x00,
  0x00,0x00,0xD0,0x00,0x00,0x00,0x00,0x00,0x00,0x00,0x00,0x48,0x00,0x00,0x00,0x00,0x00,0x00,0x00,0x00,
  0xD0,0x00,0x00,0x00,0x00,0x00,0x00,0x00,0x00,0x70,0x00,0x00,0x00,0x00,0x00,0x00,0x00,0x00,0x54,0x00,
  0x00,0x00,0x00,0x00,0x00,0x00,0x00,0x70,0x00,0x00,0x00,0x00,0x00,0x00,0x00,0x00,0x58,0x00,0x00,0x00,
  0x00,0x00,0x00,0x00,0x00,0x68,0x00,0x00,0x00,0x00,0x00,0x00,0x00,0x00,0x34,0x00,0x00,0x00,0x00,0x00,
  0x00,0x00,0x00,0x2A,0x00,0x00,0x00,0x00,0x00,0x00,0x00,0x00,0x3C,0x00,0x00,0x00,0x00,0x00,0x00,0x00,
  0x00,0x14,0x00,0x00,0x00,0x00,0x00,0x00,0x00,0x00,0x1E,0x00,0x00,0x00,0x00,0x00,0x00,0x00,0x00,0x0A,
  0x00,0x00,0x00,0x00,0x00,0x00,0x00,0x00,0x0E,0x80,0x00,0x00,0x00,0x00,0x00,0x00,0x00,0x05,0x00,0x00,
  0x00,0x00,0x00,0x00,0x00,0x00,0x06,0x80,0x00,0x00,0x00,0x00,0x00,0x00,0x00,0x03,0x00,0x00,0x00,0x00,
  0x00,0x00,0x00,0x00,0x01,0xC0,0x00,0x00,0x00,0x00,0x00,0x00,0x00,0x01,0x40,0x00,0x00,0x00,0x00,0x00,
  0x00,0x00,0x00,0xD0,0x00,0x00,0x00,0x00,0x00,0x00,0x00,0x00,0x60,0x00,0x00,0x00,0x00,0x00,0x00,0x00,
  0x00,0x30,0x00,0x00,0x00,0x00,0x00,0x00,0x00,0x00,0x18,0x00,0x00,0x00,0x00,0x00,0x00,0x00,0x00,0x0C,
  0x00,0x00,0x00,0x00,0x00,0x00,0x00,0x00,0x06,0x00,0x00,0x00,0x00,0x00,0x00,0x00,0x00,0x01,0x00,0x00,
  0x00,0x00,0x00,0x00,0x00,0x00,0x01,0x80,0x00,0x00,0x00,0x00,0x00,0x00,0x00,0x00,0x60,0x00,0x00,0x00,
  0x00,0x00,0x00,0x00,0x00,0x10,0x00,0x00,0x00,0x00,0x00,0x00,0x00,0x00,0x04,0x00,0x00,0x00,0x00,0x00,
  0x00,0x00,0x00,0x01,0x00,0x00,0x00,0x00,0x00,0x00,0x00,0x00,0x00,0x00,0x00,0x00,0x00,0x00,0x00,0x00,
  0x00,0x00,0x00,0x00,0x00,0x00,0x00,0x00,
};
static const uint8_t moon709_30[648] PROGMEM = {
  0x00,0x00,0x00,0x00,0x00,0x00,0x00,0x00,0x00,0x00,0x00,0x00,0x00,0x00,0x00,0x00,0x00,0x00,0x00,0x00,
  0x00,0x00,0x00,0x00,0x00,0x00,0x00,0x00,0x00,0x00,0x00,0x00,0x00,0x00,0x00,0x00,0x00,0x00,0x00,0x00,
  0x00,0x00,0x00,0x00,0x00,0x00,0x00,0x00,0x00,0x00,0x00,0x00,0x00,0x00,0x00,0x00,0x00,0x00,0x00,0x00,
  0x00,0x00,0x00,0x00,0x00,0x00,0x00,0x00,0x00,0x00,0x00,0x00,0x00,0x04,0x00,0x00,0x00,0x00,0x00,0x00,
  0x00,0x00,0x00,0x00,0x00,0x00,0x00,0x00,0x00,0x00,0x00,0x10,0x00,0x00,0x00,0x00,0x00,0x00,0x00,0x00,
  0x00,0x00,0x00,0x00,0x00,0x00,0x00,0x00,0x00,0x40,0x00,0x00,0x00,0x00,0x00,0x00,0x00,0x00,0x00,0x00,
  0x00,0x00,0x00,0x00,0x00,0x00,0x01,0x00,0x00,0x00,0x00,0x00,0x00,0x00,0x00,0x00,0x00,0x00,0x00,0x00,
  0x00,0x00,0x00,0x00,0x02,0x00,0x00,0x00,0x00,0x00,0x00,0x00,0x00,0x00,0x00,0x00,0x00,0x00,0x00,0x00,
  0x00,0x00,0x04,0x00,0x00,0x00,0x00,0x00,0x00,0x00,0x00,0x08,0x00,0x00,0x00,0x00,0x00,0x00,0x00,0x00,
  0x00,0x00,0x00,0x00,0x00,0x00,0x00,0x00,0x00,0x10,0x00,0x00,0x00,0x00,0x00,0x00,0x00,0x00,0x00,0x00,
  0x00,0x00,0x00,0x00,0x00,0x00,0x00,0x20,0x00,0x00,0x00,0x00,0x00,0x00,0x00,0x00,0x20,0x00,0x00,0x00,
  0x00,0x00,0x00,0x00,0x00,0x20,0x00,0x00,0x00,0x00,0x00,0x00,0x00,0x00,0x40,0x00,0x00,0x00,0x00,0x00,
  0x00,0x00,0x00,0x00,0x00,0x00,0x00,0x00,0x00,0x00,0x00,0x00,0x40,0x00,0x00,0x00,0x00,0x00,0x00,0x00,
  0x00,0x40,0x00,0x00,0x00,0x00,0x00,0x00,0x00,0x00,0xC0,0x00,0x00,0x00,0x00,0x00,0x00,0x00,0x00,0x40,
  0x00,0x00,0x00,0x00,0x00,0x00,0x00,0x00,0x80,0x00,0x00,0x00,0x00,0x00,0x00,0x00,0x00,0x80,0x00,0x00,
  0x00,0x00,0x00,0x00,0x00,0x00,0xC0,0x00,0x00,0x00,0x00,0x00,0x00,0x00,0x00,0x80,0x00,0x00,0x00,0x00,
  0x00,0x00,0x00,0x00,0x80,0x00,0x00,0x00,0x00,0x00,0x00,0x00,0x00,0x80,0x00,0x00,0x00,0x00,0x00,0x00,
  0x00,0x00,0x80,0x00,0x00,0x00,0x00,0x00,0x00,0x00,0x00,0xC0,0x00,0x00,0x00,0x00,0x00,0x00,0x00,0x00,
  0x40,0x00,0x00,0x00,0x00,0x00,0x00,0x00,0x00,0x80,0x00,0x00,0x00,0x00,0x00,0x00,0x00,0x00,0x40,0x00,
  0x00,0x00,0x00,0x00,0x00,0x00,0x00,0x40,0x00,0x00,0x00,0x00,0x00,0x00,0x00,0x00,0x40,0x00,0x00,0x00,
  0x00,0x00,0x00,0x00,0x00,0x60,0x00,0x00,0x00,0x00,0x00,0x00,0x00,0x00,0x20,0x00,0x00,0x00,0x00,0x00,
  0x00,0x00,0x00,0x20,0x00,0x00,0x00,0x00,0x00,0x00,0x00,0x00,0x10,0x00,0x00,0x00,0x00,0x00,0x00,0x00,
  0x00,0x10,0x00,0x00,0x00,0x00,0x00,0x00,0x00,0x00,0x10,0x00,0x00,0x00,0x00,0x00,0x00,0x00,0x00,0x08,
  0x00,0x00,0x00,0x00,0x00,0x00,0x00,0x00,0x08,0x00,0x00,0x00,0x00,0x00,0x00,0x00,0x00,0x04,0x00,0x00,
  0x00,0x00,0x00,0x00,0x00,0x00,0x04,0x00,0x00,0x00,0x00,0x00,0x00,0x00,0x00,0x02,0x00,0x00,0x00,0x00,
  0x00,0x00,0x00,0x00,0x02,0x00,0x00,0x00,0x00,0x00,0x00,0x00,0x00,0x01,0x00,0x00,0x00,0x00,0x00,0x00,
  0x00,0x00,0x00,0x80,0x00,0x00,0x00,0x00,0x00,0x00,0x00,0x00,0x40,0x00,0x00,0x00,0x00,0x00,0x00,0x00,
  0x00,0x20,0x00,0x00,0x00,0x00,0x00,0x00,0x00,0x00,0x10,0x00,0x00,0x00,0x00,0x00,0x00,0x00,0x00,0x00,
  0x00,0x00,0x00,0x00,0x00,0x00,0x00,0x00,0x08,0x00,0x00,0x00,0x00,0x00,0x00,0x00,0x00,0x02,0x00,0x00,
  0x00,0x00,0x00,0x00,0x00,0x00,0x00,0x00,0x00,0x00,0x00,0x00,0x00,0x00,0x00,0x00,0x40,0x00,0x00,0x00,
  0x00,0x00,0x00,0x00,0x00,0x00,0x00,0x00,0x00,0x00,0x00,0x00,0x00,0x00,0x00,0x00,0x00,0x00,0x00,0x00,
  0x00,0x00,0x00,0x00,0x00,0x00,0x00,0x00,0x00,0x00,0x00,0x00,0x00,0x00,0x00,0x00,0x00,0x00,0x00,0x00,
  0x00,0x00,0x00,0x00,0x00,0x00,0x00,0x00,
};
static const uint8_t moon709_31[648] PROGMEM = {
  0x00,0x00,0x00,0x00,0x00,0x00,0x00,0x00,0x00,0x00,0x00,0x00,0x00,0x00,0x00,0x00,0x00,0x00,0x00,0x00,
  0x00,0x00,0x00,0x00,0x00,0x00,0x00,0x00,0x00,0x00,0x00,0x00,0x00,0x00,0x00,0x00,0x00,0x00,0x00,0x00,
  0x00,0x00,0x00,0x00,0x00,0x00,0x00,0x00,0x00,0x00,0x00,0x00,0x00,0x00,0x00,0x00,0x00,0x00,0x00,0x00,
  0x00,0x00,0x00,0x00,0x00,0x00,0x00,0x00,0x00,0x00,0x00,0x00,0x00,0x00,0x00,0x00,0x00,0x00,0x00,0x00,
  0x00,0x00,0x00,0x00,0x00,0x00,0x00,0x00,0x00,0x00,0x00,0x00,0x00,0x00,0x00,0x00,0x00,0x00,0x00,0x00,
  0x00,0x00,0x00,0x00,0x00,0x00,0x00,0x00,0x00,0x00,0x00,0x00,0x00,0x00,0x00,0x00,0x00,0x00,0x00,0x00,
  0x00,0x00,0x00,0x00,0x00,0x00,0x00,0x00,0x00,0x00,0x00,0x00,0x00,0x00,0x00,0x00,0x00,0x00,0x00,0x00,
  0x00,0x00,0x00,0x00,0x00,0x00,0x00,0x00,0x00,0x00,0x00,0x00,0x00,0x00,0x00,0x00,0x00,0x00,0x00,0x00,
  0x00,0x00,0x00,0x00,0x00,0x00,0x00,0x00,0x00,0x00,0x00,0x00,0x00,0x00,0x00,0x00,0x00,0x00,0x00,0x00,
  0x00,0x00,0x00,0x00,0x00,0x00,0x00,0x00,0x00,0x00,0x00,0x00,0x00,0x00,0x00,0x00,0x00,0x00,0x00,0x00,
  0x00,0x00,0x00,0x00,0x00,0x00,0x00,0x00,0x00,0x00,0x00,0x00,0x00,0x00,0x00,0x00,0x00,0x00,0x00,0x00,
  0x00,0x00,0x00,0x00,0x00,0x00,0x00,0x00,0x00,0x00,0x00,0x00,0x00,0x00,0x00,0x00,0x00,0x00,0x00,0x00,
  0x00,0x00,0x00,0x00,0x00,0x00,0x00,0x00,0x00,0x00,0x00,0x00,0x00,0x00,0x00,0x00,0x00,0x00,0x00,0x00,
  0x00,0x00,0x00,0x00,0x00,0x00,0x00,0x00,0x00,0x00,0x00,0x00,0x00,0x00,0x00,0x00,0x00,0x00,0x00,0x00,
  0x00,0x00,0x00,0x00,0x00,0x00,0x00,0x00,0x00,0x00,0x00,0x00,0x00,0x00,0x00,0x00,0x00,0x00,0x00,0x00,
  0x00,0x00,0x00,0x00,0x00,0x00,0x00,0x00,0x00,0x00,0x00,0x00,0x00,0x00,0x00,0x00,0x00,0x00,0x00,0x00,
  0x00,0x00,0x00,0x00,0x00,0x00,0x00,0x00,0x00,0x00,0x00,0x00,0x00,0x00,0x00,0x00,0x00,0x00,0x00,0x00,
  0x00,0x00,0x00,0x00,0x00,0x00,0x00,0x00,0x00,0x00,0x00,0x00,0x00,0x00,0x00,0x00,0x00,0x00,0x00,0x00,
  0x00,0x00,0x00,0x00,0x00,0x00,0x00,0x00,0x00,0x00,0x00,0x00,0x00,0x00,0x00,0x00,0x00,0x00,0x00,0x00,
  0x00,0x00,0x00,0x00,0x00,0x00,0x00,0x00,0x00,0x00,0x00,0x00,0x00,0x00,0x00,0x00,0x00,0x00,0x00,0x00,
  0x00,0x00,0x00,0x00,0x00,0x00,0x00,0x00,0x00,0x00,0x00,0x00,0x00,0x00,0x00,0x00,0x00,0x00,0x00,0x00,
  0x00,0x00,0x00,0x20,0x00,0x00,0x00,0x00,0x00,0x00,0x00,0x00,0x00,0x00,0x00,0x00,0x00,0x00,0x00,0x00,
  0x00,0x00,0x00,0x00,0x00,0x00,0x00,0x00,0x00,0x00,0x00,0x00,0x00,0x00,0x00,0x00,0x00,0x00,0x00,0x00,
  0x00,0x00,0x00,0x00,0x00,0x00,0x00,0x00,0x00,0x00,0x00,0x00,0x00,0x00,0x00,0x00,0x00,0x08,0x00,0x00,
  0x00,0x00,0x00,0x00,0x00,0x00,0x00,0x00,0x00,0x00,0x00,0x00,0x00,0x00,0x00,0x00,0x00,0x00,0x00,0x00,
  0x00,0x00,0x00,0x00,0x00,0x00,0x00,0x00,0x00,0x00,0x00,0x00,0x00,0x00,0x00,0x00,0x00,0x00,0x00,0x00,
  0x00,0x00,0x00,0x00,0x00,0x00,0x00,0x00,0x00,0x00,0x00,0x00,0x00,0x00,0x00,0x00,0x00,0x00,0x00,0x00,
  0x00,0x00,0x00,0x00,0x00,0x00,0x00,0x00,0x00,0x00,0x00,0x00,0x00,0x00,0x00,0x00,0x00,0x00,0x00,0x00,
  0x00,0x00,0x00,0x00,0x00,0x00,0x00,0x00,0x00,0x00,0x00,0x00,0x00,0x00,0x00,0x00,0x00,0x00,0x00,0x00,
  0x00,0x00,0x00,0x00,0x00,0x00,0x00,0x00,0x00,0x00,0x00,0x00,0x00,0x00,0x00,0x00,0x00,0x00,0x00,0x00,
  0x00,0x00,0x00,0x00,0x00,0x00,0x00,0x00,0x00,0x00,0x00,0x00,0x00,0x00,0x00,0x00,0x00,0x00,0x00,0x00,
  0x00,0x00,0x00,0x00,0x00,0x00,0x00,0x00,0x00,0x00,0x00,0x00,0x00,0x00,0x00,0x00,0x00,0x00,0x00,0x00,
  0x00,0x00,0x00,0x00,0x00,0x00,0x00,0x00,
};

static const uint8_t *const MOON709[MOON709_STEPS] = {
  moon709_00,
  moon709_01,
  moon709_02,
  moon709_03,
  moon709_04,
  moon709_05,
  moon709_06,
  moon709_07,
  moon709_08,
  moon709_09,
  moon709_10,
  moon709_11,
  moon709_12,
  moon709_13,
  moon709_14,
  moon709_15,
  moon709_16,
  moon709_17,
  moon709_18,
  moon709_19,
  moon709_20,
  moon709_21,
  moon709_22,
  moon709_23,
  moon709_24,
  moon709_25,
  moon709_26,
  moon709_27,
  moon709_28,
  moon709_29,
  moon709_30,
  moon709_31,
};

#endif
