const uint8_t Bitter_26pt8bBitmaps[] PROGMEM = {
  0x00, 0xFF, 0xFF, 0xFF, 0xFF, 0xFF, 0xF3, 0x9C, 0xE7, 0x39, 0xCE, 0x73,
  0x9C, 0xE7, 0x39, 0xCE, 0x70, 0x00, 0x00, 0x00, 0x0E, 0xFF, 0xFE, 0xE0,
  0xF0, 0xFF, 0x0F, 0xF0, 0xFF, 0x0E, 0xF0, 0xEF, 0x0E, 0xE0, 0xEE, 0x0E,
  0xE0, 0xEE, 0x0E, 0xE0, 0xE6, 0x0E, 0x00, 0x70, 0x07, 0x00, 0x0F, 0x00,
  0x70, 0x00, 0xF0, 0x07, 0x00, 0x0F, 0x00, 0x70, 0x00, 0xE0, 0x0F, 0x00,
  0x0E, 0x00, 0xF0, 0x00, 0xE0, 0x0F, 0x00, 0x0E, 0x00, 0xE0, 0x01, 0xE0,
  0x0E, 0x00, 0x1E, 0x00, 0xE0, 0x3F, 0xFF, 0xFF, 0xF3, 0xFF, 0xFF, 0xFF,
  0x01, 0xC0, 0x1E, 0x00, 0x1C, 0x01, 0xE0, 0x01, 0xC0, 0x1C, 0x00, 0x3C,
  0x01, 0xC0, 0x03, 0xC0, 0x1C, 0x00, 0x3C, 0x01, 0xC0, 0x03, 0x80, 0x3C,
  0x00, 0x38, 0x03, 0xC0, 0x03, 0x80, 0x3C, 0x00, 0x38, 0x03, 0x80, 0x07,
  0x80, 0x38, 0x0F, 0xFF, 0xFF, 0xFC, 0xFF, 0xFF, 0xFF, 0xCF, 0xFF, 0xFF,
  0xFC, 0x07, 0x00, 0x78, 0x00, 0x70, 0x07, 0x80, 0x07, 0x00, 0x70, 0x00,
  0xF0, 0x07, 0x00, 0x0F, 0x00, 0x70, 0x00, 0xF0, 0x07, 0x00, 0x0F, 0x00,
  0xF0, 0x00, 0xE0, 0x0F, 0x00, 0x0E, 0x00, 0xF0, 0x00, 0xE0, 0x0E, 0x00,
  0x00, 0x1C, 0x00, 0x00, 0x1C, 0x00, 0x00, 0x1C, 0x00, 0x00, 0x1C, 0x00,
  0x00, 0x1C, 0x00, 0x00, 0x1C, 0x00, 0x00, 0x1C, 0x00, 0x01, 0xFF, 0xE0,
  0x07, 0xFF, 0xFC, 0x0F, 0xFF, 0xFE, 0x1F, 0x80, 0x3E, 0x3E, 0x00, 0x1E,
  0x7C, 0x00, 0x1E, 0x78, 0x00, 0x1E, 0x78, 0x00, 0x0C, 0x78, 0x00, 0x0C,
  0x78, 0x00, 0x0C, 0x78, 0x00, 0x00, 0x7C, 0x00, 0x00, 0x7E, 0x00, 0x00,
  0x3F, 0x80, 0x00, 0x1F, 0xE0, 0x00, 0x0F, 0xFC, 0x00, 0x03, 0xFF, 0x80,
  0x00, 0xFF, 0xE0, 0x00, 0x1F, 0xF8, 0x00, 0x03, 0xFC, 0x00, 0x00, 0xFE,
  0x00, 0x00, 0x3E, 0x00, 0x00, 0x1E, 0x00, 0x00, 0x1F, 0xE0, 0x00, 0x1F,
  0xE0, 0x00, 0x0F, 0xE0, 0x00, 0x1F, 0xE0, 0x00, 0x1E, 0xF0, 0x00, 0x1E,
  0xF0, 0x00, 0x3E, 0xF8, 0x00, 0xFC, 0xFF, 0xC7, 0xF8, 0xFF, 0xFF, 0xF0,
  0x3F, 0xFF, 0xC0, 0x01, 0xFC, 0x00, 0x00, 0x1C, 0x00, 0x00, 0x1C, 0x00,
  0x00, 0x1C, 0x00, 0x00, 0x1C, 0x00, 0x00, 0x1C, 0x00, 0x00, 0x1C, 0x00,
  0x00, 0x1C, 0x00, 0x07, 0xF0, 0x00, 0x0F, 0x00, 0xFF, 0xE0, 0x00, 0x70,
  0x0F, 0xDF, 0x80, 0x07, 0x80, 0xF0, 0x1E, 0x00, 0x78, 0x07, 0x00, 0x70,
  0x03, 0x80, 0x38, 0x03, 0x80, 0x3C, 0x03, 0x80, 0x1E, 0x03, 0xC0, 0x1C,
  0x00, 0x70, 0x1C, 0x00, 0xE0, 0x03, 0x81, 0xE0, 0x07, 0x00, 0x1C, 0x1E,
  0x00, 0x38, 0x00, 0xE0, 0xE0, 0x01, 0xC0, 0x0F, 0x0F, 0x00, 0x0F, 0x00,
  0x70, 0x70, 0x00, 0x38, 0x03, 0x87, 0x00, 0x01, 0xE0, 0x38, 0x78, 0x00,
  0x07, 0xC7, 0xC3, 0x80, 0x00, 0x1F, 0xFC, 0x38, 0x00, 0x00, 0x3F, 0x83,
  0xC0, 0x00, 0x00, 0x00, 0x1C, 0x07, 0x80, 0x00, 0x01, 0xC1, 0xFF, 0x80,
  0x00, 0x1E, 0x1F, 0xFE, 0x00, 0x00, 0xE1, 0xE0, 0x78, 0x00, 0x0F, 0x1E,
  0x01, 0xC0, 0x00, 0xF0, 0xE0, 0x0E, 0x00, 0x07, 0x0F, 0x00, 0x38, 0x00,
  0x78, 0x78, 0x01, 0xC0, 0x07, 0x83, 0x80, 0x0E, 0x00, 0x38, 0x1C, 0x00,
  0x70, 0x03, 0xC0, 0xE0, 0x03, 0x80, 0x3C, 0x07, 0x80, 0x1C, 0x01, 0xC0,
  0x3C, 0x01, 0xC0, 0x1E, 0x00, 0xE0, 0x0E, 0x01, 0xE0, 0x07, 0x80, 0xF0,
  0x0E, 0x00, 0x1E, 0x0F, 0x00, 0xF0, 0x00, 0x7F, 0xF0, 0x0F, 0x00, 0x01,
  0xFF, 0x00, 0x00, 0x7F, 0xC0, 0x00, 0x1F, 0xFF, 0xE0, 0x03, 0xFF, 0xFF,
  0x80, 0x3F, 0x80, 0xFC, 0x03, 0xF0, 0x00, 0xE0, 0x1F, 0x00, 0x07, 0x00,
  0xF0, 0x00, 0x38, 0x0F, 0x80, 0x01, 0xC0, 0x7C, 0x00, 0x0E, 0x03, 0xE0,
  0x00, 0x00, 0x1F, 0x00, 0x00, 0x00, 0x78, 0x00, 0x00, 0x03, 0xC0, 0x00,
  0x00, 0x0F, 0x00, 0x00, 0x00, 0x7E, 0x00, 0x00, 0x00, 0xFF, 0x00, 0x00,
  0x03, 0xFF, 0xFF, 0xF8, 0x0F, 0xFF, 0xFF, 0xC3, 0xFF, 0xFF, 0xF0, 0x3F,
  0x00, 0x0F, 0x03, 0xE0, 0x00, 0x78, 0x1E, 0x00, 0x03, 0xC1, 0xE0, 0x00,
  0x1E, 0x0F, 0x00, 0x00, 0xF0, 0x78, 0x00, 0x07, 0x87, 0xC0, 0x00, 0x3C,
  0x3E, 0x00, 0x01, 0xE1, 0xF0, 0x00, 0x0F, 0x07, 0x80, 0x00, 0xF8, 0x3E,
  0x00, 0x07, 0x81, 0xF0, 0x00, 0x7C, 0x07, 0xC0, 0x07, 0xC0, 0x3F, 0x80,
  0x7C, 0x00, 0xFF, 0xFF, 0xC0, 0x01, 0xFF, 0xFC, 0x00, 0x03, 0xFF, 0x80,
  0x00, 0xFF, 0xFF, 0xFF, 0xEE, 0xEE, 0xE6, 0x00, 0x40, 0x0F, 0x01, 0xE0,
  0x3C, 0x03, 0xC0, 0x78, 0x07, 0x80, 0xF0, 0x0F, 0x01, 0xE0, 0x1E, 0x03,
  0xC0, 0x3C, 0x03, 0xC0, 0x78, 0x07, 0x80, 0x78, 0x07, 0x80, 0xF0, 0x0F,
  0x00, 0xF0, 0x0F, 0x00, 0xF0, 0x0F, 0x00, 0xF0, 0x0F, 0x00, 0xF0, 0x0F,
  0x00, 0xF0, 0x0F, 0x00, 0xF0, 0x0F, 0x00, 0x78, 0x07, 0x80, 0x78, 0x07,
  0x80, 0x3C, 0x03, 0xC0, 0x3C, 0x01, 0xE0, 0x1E, 0x00, 0xF0, 0x0F, 0x00,
  0x78, 0x07, 0x80, 0x3C, 0x03, 0xC0, 0x1E, 0x00, 0xF0, 0x04, 0x60, 0x0F,
  0x00, 0x78, 0x07, 0x80, 0x3C, 0x01, 0xE0, 0x1E, 0x00, 0xF0, 0x0F, 0x00,
  0x78, 0x07, 0x80, 0x78, 0x03, 0xC0, 0x3C, 0x03, 0xC0, 0x1E, 0x01, 0xE0,
  0x1E, 0x01, 0xE0, 0x0E, 0x00, 0xF0, 0x0F, 0x00, 0xF0, 0x0F, 0x00, 0xF0,
  0x0F, 0x00, 0xF0, 0x0F, 0x00, 0xF0, 0x0F, 0x00, 0xF0, 0x1E, 0x01, 0xE0,
  0x1E, 0x01, 0xE0, 0x3C, 0x03, 0xC0, 0x3C, 0x07, 0x80, 0x78, 0x07, 0x80,
  0xF0, 0x0F, 0x01, 0xE0, 0x1E, 0x03, 0xC0, 0x78, 0x07, 0x80, 0xF0, 0x02,
  0x00, 0x01, 0xC0, 0x01, 0xC0, 0x01, 0xC0, 0x01, 0x80, 0x01, 0x80, 0xE1,
  0x87, 0xFD, 0xBF, 0x7F, 0xFE, 0x06, 0x60, 0x03, 0xC0, 0x07, 0x60, 0x0E,
  0x70, 0x0E, 0x38, 0x1C, 0x1C, 0x38, 0x1C, 0x08, 0x08, 0x00, 0x38, 0x00,
  0x00, 0x70, 0x00, 0x00, 0xE0, 0x00, 0x01, 0xC0, 0x00, 0x03, 0x80, 0x00,
  0x07, 0x00, 0x00, 0x0E, 0x00, 0x00, 0x1C, 0x00, 0x00, 0x38, 0x00, 0x00,
  0x70, 0x00, 0x00, 0xE0, 0x07, 0xFF, 0xFF, 0xFF, 0xFF, 0xFF, 0xFF, 0xFF,
  0xFF, 0xC0, 0x0E, 0x00, 0x00, 0x1C, 0x00, 0x00, 0x38, 0x00, 0x00, 0x70,
  0x00, 0x00, 0xE0, 0x00, 0x01, 0xC0, 0x00, 0x03, 0x80, 0x00, 0x07, 0x00,
  0x00, 0x0E, 0x00, 0x00, 0x1C, 0x00, 0x3C, 0x7D, 0xF9, 0xF3, 0xE3, 0x87,
  0x1C, 0x38, 0xE1, 0x87, 0x00, 0xFF, 0xFF, 0xFF, 0xFF, 0xFF, 0xFF, 0xFF,
  0xF0, 0x77, 0xFF, 0xFF, 0x00, 0x00, 0x07, 0x00, 0x07, 0x00, 0x0E, 0x00,
  0x0E, 0x00, 0x0E, 0x00, 0x1C, 0x00, 0x1C, 0x00, 0x1C, 0x00, 0x1C, 0x00,
  0x38, 0x00, 0x38, 0x00, 0x38, 0x00, 0x70, 0x00, 0x70, 0x00, 0x70, 0x00,
  0x70, 0x00, 0xE0, 0x00, 0xE0, 0x00, 0xE0, 0x01, 0xC0, 0x01, 0xC0, 0x01,
  0xC0, 0x01, 0xC0, 0x03, 0x80, 0x03, 0x80, 0x03, 0x80, 0x07, 0x00, 0x07,
  0x00, 0x07, 0x00, 0x06, 0x00, 0x0E, 0x00, 0x0E, 0x00, 0x0E, 0x00, 0x1C,
  0x00, 0x1C, 0x00, 0x1C, 0x00, 0x18, 0x00, 0x38, 0x00, 0x38, 0x00, 0x38,
  0x00, 0x70, 0x00, 0x70, 0x00, 0x70, 0x00, 0xE0, 0x00, 0xE0, 0x00, 0x00,
  0x3F, 0xC0, 0x00, 0x7F, 0xFC, 0x00, 0x3F, 0xFF, 0xC0, 0x1F, 0xC7, 0xF8,
  0x0F, 0x80, 0x3E, 0x07, 0xC0, 0x07, 0xC1, 0xE0, 0x00, 0xF0, 0xF8, 0x00,
  0x3E, 0x3C, 0x00, 0x07, 0x9F, 0x00, 0x01, 0xE7, 0xC0, 0x00, 0x7D, 0xE0,
  0x00, 0x1F, 0x78, 0x00, 0x03, 0xDE, 0x00, 0x00, 0xF7, 0x80, 0x00, 0x3F,
  0xE0, 0x00, 0x0F, 0xF8, 0x00, 0x03, 0xFE, 0x00, 0x00, 0xFF, 0x80, 0x00,
  0x3F, 0xE0, 0x00, 0x0F, 0xF8, 0x00, 0x03, 0xFE, 0x00, 0x00, 0xF7, 0x80,
  0x00, 0x3D, 0xE0, 0x00, 0x1F, 0x78, 0x00, 0x07, 0xDE, 0x00, 0x01, 0xE7,
  0xC0, 0x00, 0x79, 0xF0, 0x00, 0x1E, 0x3C, 0x00, 0x0F, 0x8F, 0x80, 0x03,
  0xC1, 0xE0, 0x01, 0xF0, 0x7C, 0x00, 0xF8, 0x0F, 0xC0, 0x7C, 0x01, 0xFF,
  0xFE, 0x00, 0x3F, 0xFF, 0x00, 0x03, 0xFF, 0x00, 0x00, 0x78, 0x00, 0x1F,
  0x00, 0x0F, 0xE0, 0x03, 0xFC, 0x01, 0xFF, 0x80, 0x7E, 0xF0, 0x3F, 0x1E,
  0x07, 0x83, 0xC0, 0x40, 0x78, 0x00, 0x0F, 0x00, 0x01, 0xE0, 0x00, 0x3C,
  0x00, 0x07, 0x80, 0x00, 0xF0, 0x00, 0x1E, 0x00, 0x03, 0xC0, 0x00, 0x78,
  0x00, 0x0F, 0x00, 0x01, 0xE0, 0x00, 0x3C, 0x00, 0x07, 0x80, 0x00, 0xF0,
  0x00, 0x1E, 0x00, 0x03, 0xC0, 0x00, 0x78, 0x00, 0x0F, 0x00, 0x01, 0xE0,
  0x00, 0x3C, 0x00, 0x07, 0x80, 0x00, 0xF0, 0x00, 0x1E, 0x00, 0x03, 0xC0,
  0x00, 0x78, 0x03, 0xFF, 0xF8, 0xFF, 0xFF, 0x9F, 0xFF, 0xF0, 0x03, 0xFF,
  0x00, 0x7F, 0xFF, 0x83, 0xFF, 0xFF, 0xC7, 0xF8, 0x3F, 0xC7, 0x00, 0x0F,
  0x8E, 0x00, 0x0F, 0x9C, 0x00, 0x1F, 0x38, 0x00, 0x1E, 0x70, 0x00, 0x3E,
  0xE0, 0x00, 0x7C, 0x00, 0x00, 0xF0, 0x00, 0x01, 0xE0, 0x00, 0x03, 0xC0,
  0x00, 0x0F, 0x80, 0x00, 0x1E, 0x00, 0x00, 0x7C, 0x00, 0x00, 0xF0, 0x00,
  0x03, 0xE0, 0x00, 0x0F, 0x80, 0x00, 0x3E, 0x00, 0x00, 0xF8, 0x00, 0x03,
  0xF0, 0x00, 0x07, 0xC0, 0x00, 0x1F, 0x00, 0x00, 0x7C, 0x00, 0x01, 0xF0,
  0x00, 0x0F, 0xC0, 0x00, 0x3F, 0x00, 0x00, 0xFC, 0x00, 0x03, 0xF0, 0x00,
  0x0F, 0xC0, 0x00, 0x3F, 0x00, 0x00, 0xFC, 0x00, 0x01, 0xFF, 0xFF, 0xFF,
  0xFF, 0xFF, 0xFF, 0xFF, 0xFF, 0xF0, 0x01, 0xFF, 0x00, 0x1F, 0xFF, 0xE0,
  0x7F, 0xFF, 0xF0, 0x7E, 0x03, 0xF8, 0x70, 0x00, 0xFC, 0x70, 0x00, 0x7C,
  0x70, 0x00, 0x3E, 0x70, 0x00, 0x3E, 0x70, 0x00, 0x1E, 0x70, 0x00, 0x1E,
  0x00, 0x00, 0x1E, 0x00, 0x00, 0x3E, 0x00, 0x00, 0x3C, 0x00, 0x00, 0x7C,
  0x00, 0x00, 0xF8, 0x00, 0x07, 0xF0, 0x03, 0xFF, 0xC0, 0x03, 0xFF, 0x80,
  0x03, 0xFF, 0xF0, 0x00, 0x01, 0xF8, 0x00, 0x00, 0x7C, 0x00, 0x00, 0x3E,
  0x00, 0x00, 0x1E, 0x00, 0x00, 0x1E, 0x00, 0x00, 0x1F, 0x00, 0x00, 0x1F,
  0x00, 0x00, 0x1F, 0x00, 0x00, 0x1F, 0x00, 0x00, 0x1E, 0x00, 0x00, 0x3E,
  0x40, 0x00, 0x3E, 0x60, 0x00, 0x7C, 0xFC, 0x01, 0xF8, 0xFF, 0xFF, 0xF0,
  0x3F, 0xFF, 0xE0, 0x0F, 0xFF, 0x80, 0x00, 0x00, 0xFC, 0x00, 0x00, 0x0F,
  0xC0, 0x00, 0x01, 0xFC, 0x00, 0x00, 0x3F, 0xC0, 0x00, 0x03, 0xFC, 0x00,
  0x00, 0x7B, 0xC0, 0x00, 0x0F, 0x3C, 0x00, 0x01, 0xF3, 0xC0, 0x00, 0x1E,
  0x3C, 0x00, 0x03, 0xC3, 0xC0, 0x00, 0x7C, 0x3C, 0x00, 0x07, 0x83, 0xC0,
  0x00, 0xF0, 0x3C, 0x00, 0x1E, 0x03, 0xC0, 0x03, 0xE0, 0x3C, 0x00, 0x3C,
  0x03, 0xC0, 0x07, 0x80, 0x3C, 0x00, 0xF8, 0x03, 0xC0, 0x0F, 0x00, 0x3C,
  0x01, 0xE0, 0x03, 0xC0, 0x3C, 0x00, 0x3C, 0x07, 0xC0, 0x03, 0xC0, 0x78,
  0x00, 0x3C, 0x0F, 0x00, 0x03, 0xC0, 0xFF, 0xFF, 0xFF, 0xFF, 0xFF, 0xFF,
  0xFF, 0xFF, 0xFF, 0xFF, 0xF0, 0x00, 0x03, 0xC0, 0x00, 0x00, 0x3C, 0x00,
  0x00, 0x03, 0xC0, 0x00, 0x00, 0x3C, 0x00, 0x00, 0x03, 0xC0, 0x00, 0x00,
  0x3C, 0x00, 0x00, 0x03, 0xC0, 0x00, 0x00, 0x3C, 0x00, 0x00, 0x03, 0xC0,
  0x1F, 0xFF, 0xF8, 0x3F, 0xFF, 0xF0, 0x7F, 0xFF, 0xE0, 0xFF, 0xFF, 0xC1,
  0xE0, 0x00, 0x03, 0xC0, 0x00, 0x07, 0x80, 0x00, 0x0F, 0x00, 0x00, 0x1E,
  0x00, 0x00, 0x3C, 0x00, 0x00, 0x78, 0x00, 0x00, 0xF0, 0x00, 0x01, 0xE0,
  0x00, 0x03, 0xC0, 0x00, 0x07, 0x80, 0x00, 0x0F, 0xFF, 0x00, 0x3F, 0xFF,
  0xC0, 0x7F, 0xFF, 0xE0, 0x00, 0x3F, 0xE0, 0x00, 0x0F, 0xC0, 0x00, 0x07,
  0xC0, 0x00, 0x07, 0x80, 0x00, 0x0F, 0x80, 0x00, 0x1F, 0x00, 0x00, 0x3E,
  0x00, 0x00, 0x7C, 0x00, 0x00, 0xF8, 0x00, 0x01, 0xF0, 0x00, 0x03, 0xC0,
  0x00, 0x0F, 0x80, 0x00, 0x1F, 0x30, 0x00, 0xFC, 0x7C, 0x07, 0xF1, 0xFF,
  0xFF, 0xC0, 0xFF, 0xFF, 0x00, 0x7F, 0xF8, 0x00, 0x00, 0x07, 0xF8, 0x00,
  0x1F, 0xFE, 0x00, 0x3F, 0xFF, 0x00, 0x3F, 0xC1, 0x80, 0x3E, 0x00, 0x00,
  0x3E, 0x00, 0x00, 0x3E, 0x00, 0x00, 0x3E, 0x00, 0x00, 0x1E, 0x00, 0x00,
  0x1F, 0x00, 0x00, 0x0F, 0x00, 0x00, 0x0F, 0x80, 0x00, 0x07, 0x80, 0x00,
  0x03, 0xC0, 0x00, 0x01, 0xE0, 0x00, 0x01, 0xF0, 0xFF, 0xC0, 0xFB, 0xFF,
  0xF8, 0x7B, 0xFF, 0xFE, 0x3F, 0xE0, 0x1F, 0x9F, 0x80, 0x07, 0xCF, 0x80,
  0x01, 0xF7, 0x80, 0x00, 0x7B, 0xC0, 0x00, 0x3D, 0xE0, 0x00, 0x1F, 0xF8,
  0x00, 0x0F, 0xFC, 0x00, 0x07, 0xDE, 0x00, 0x03, 0xEF, 0x00, 0x01, 0xE7,
  0xC0, 0x00, 0xF1, 0xE0, 0x00, 0xF8, 0xF8, 0x00, 0x78, 0x3E, 0x00, 0x7C,
  0x1F, 0x80, 0xFC, 0x07, 0xFF, 0xFC, 0x00, 0xFF, 0xFC, 0x00, 0x3F, 0xF8,
  0x00, 0xFF, 0xFF, 0xFF, 0xFF, 0xFF, 0xFF, 0xFF, 0xFF, 0xFF, 0xFF, 0xFF,
  0xFF, 0xF0, 0x00, 0x1E, 0xE0, 0x00, 0x3E, 0xE0, 0x00, 0x3C, 0xE0, 0x00,
  0x3C, 0xE0, 0x00, 0x7C, 0x00, 0x00, 0x78, 0x00, 0x00, 0xF8, 0x00, 0x00,
  0xF0, 0x00, 0x01, 0xF0, 0x00, 0x01, 0xE0, 0x00, 0x01, 0xE0, 0x00, 0x03,
  0xE0, 0x00, 0x03, 0xC0, 0x00, 0x07, 0xC0, 0x00, 0x07, 0x80, 0x00, 0x0F,
  0x80, 0x00, 0x0F, 0x00, 0x00, 0x0F, 0x00, 0x00, 0x1F, 0x00, 0x00, 0x1E,
  0x00, 0x00, 0x3E, 0x00, 0x00, 0x3C, 0x00, 0x00, 0x7C, 0x00, 0x00, 0x78,
  0x00, 0x00, 0xF8, 0x00, 0x00, 0xF8, 0x00, 0x00, 0xF0, 0x00, 0x01, 0xF0,
  0x00, 0x01, 0xE0, 0x00, 0x03, 0xE0, 0x00, 0x03, 0xC0, 0x00, 0x07, 0xC0,
  0x00, 0x00, 0x7F, 0x80, 0x03, 0xFF, 0xE0, 0x0F, 0xFF, 0xF8, 0x1F, 0xC1,
  0xFC, 0x3E, 0x00, 0x3E, 0x3C, 0x00, 0x1E, 0x7C, 0x00, 0x1F, 0x78, 0x00,
  0x0F, 0x78, 0x00, 0x0F, 0x78, 0x00, 0x0F, 0x78, 0x00, 0x0F, 0x7C, 0x00,
  0x1E, 0x3C, 0x00, 0x1E, 0x3E, 0x00, 0x3C, 0x1F, 0x80, 0xF8, 0x0F, 0xE3,
  0xF0, 0x03, 0xFF, 0xC0, 0x00, 0xFF, 0x80, 0x03, 0xFF, 0xE0, 0x0F, 0x83,
  0xF8, 0x1E, 0x00, 0xFC, 0x3C, 0x00, 0x3E, 0x78, 0x00, 0x1F, 0x78, 0x00,
  0x0F, 0xF0, 0x00, 0x0F, 0xF0, 0x00, 0x0F, 0xF0, 0x00, 0x0F, 0xF0, 0x00,
  0x0F, 0xF8, 0x00, 0x0F, 0xF8, 0x00, 0x1F, 0x7C, 0x00, 0x1E, 0x7E, 0x00,
  0x3E, 0x3F, 0x00, 0xFC, 0x1F, 0xFF, 0xF8, 0x0F, 0xFF, 0xE0, 0x03, 0xFF,
  0x80, 0x00, 0xFF, 0x00, 0x01, 0xFF, 0xE0, 0x03, 0xFF, 0xFC, 0x03, 0xF8,
  0x7F, 0x03, 0xF0, 0x0F, 0xC1, 0xF0, 0x01, 0xF1, 0xF0, 0x00, 0xF8, 0xF0,
  0x00, 0x3C, 0xF8, 0x00, 0x1F, 0x7C, 0x00, 0x07, 0xBE, 0x00, 0x03, 0xDE,
  0x00, 0x01, 0xEF, 0x80, 0x00, 0xFF, 0xC0, 0x00, 0x7D, 0xE0, 0x00, 0x3E,
  0xF0, 0x00, 0x1F, 0x7C, 0x00, 0x1F, 0x9F, 0x00, 0x3F, 0xC7, 0xF1, 0xFF,
  0xE1, 0xFF, 0xFD, 0xF0, 0x7F, 0xF8, 0xF0, 0x03, 0xC0, 0x78, 0x00, 0x00,
  0x3C, 0x00, 0x00, 0x1E, 0x00, 0x00, 0x1F, 0x00, 0x00, 0x0F, 0x00, 0x00,
  0x0F, 0x80, 0x00, 0x07, 0x80, 0x00, 0x07, 0xC0, 0x00, 0x03, 0xC0, 0x00,
  0x07, 0xE0, 0x00, 0x07, 0xE0, 0x00, 0x0F, 0xE0, 0x0F, 0xFF, 0xE0, 0x07,
  0xFF, 0xC0, 0x03, 0xFF, 0x80, 0x00, 0x77, 0xFF, 0xFF, 0x00, 0x00, 0x00,
  0x00, 0x00, 0x00, 0x00, 0x00, 0x1D, 0xFF, 0xFF, 0xC0, 0x3D, 0xF7, 0xDF,
  0x3C, 0x00, 0x00, 0x00, 0x00, 0x00, 0x00, 0x00, 0x00, 0x00, 0x03, 0x9F,
  0x7D, 0xF7, 0xCF, 0x38, 0xE7, 0x1C, 0xE3, 0x00, 0x00, 0x00, 0x08, 0x00,
  0x00, 0x60, 0x00, 0x0F, 0xC0, 0x00, 0xFF, 0x00, 0x0F, 0xE0, 0x00, 0xFE,
  0x00, 0x0F, 0xE0, 0x00, 0xFE, 0x00, 0x0F, 0xE0, 0x00, 0xFE, 0x00, 0x0F,
  0xE0, 0x00, 0x3E, 0x00, 0x00, 0xF8, 0x00, 0x03, 0xF8, 0x00, 0x03, 0xF8,
  0x00, 0x03, 0xF8, 0x00, 0x03, 0xFC, 0x00, 0x03, 0xFC, 0x00, 0x03, 0xFC,
  0x00, 0x03, 0xFC, 0x00, 0x01, 0xFC, 0x00, 0x01, 0xF0, 0x00, 0x01, 0x80,
  0xFF, 0xFF, 0xFF, 0xFF, 0xFF, 0xFF, 0xFF, 0xFF, 0xC0, 0x00, 0x00, 0x00,
  0x00, 0x00, 0x00, 0x00, 0x00, 0x00, 0x00, 0x00, 0x00, 0x00, 0x00, 0x00,
  0x00, 0x00, 0x00, 0x0F, 0xFF, 0xFF, 0xFF, 0xFF, 0xFF, 0xFF, 0xFF, 0xFC,
  0x40, 0x00, 0x00, 0xE0, 0x00, 0x01, 0xF8, 0x00, 0x07, 0xFC, 0x00, 0x01,
  0xFE, 0x00, 0x00, 0xFF, 0x80, 0x00, 0x3F, 0xC0, 0x00, 0x1F, 0xF0, 0x00,
  0x07, 0xF8, 0x00, 0x03, 0xFC, 0x00, 0x00, 0xF8, 0x00, 0x03, 0xF0, 0x00,
  0x3F, 0xC0, 0x01, 0xFE, 0x00, 0x0F, 0xE0, 0x00, 0xFF, 0x00, 0x07, 0xF8,
  0x00, 0x3F, 0x80, 0x03, 0xFC, 0x00, 0x03, 0xE0, 0x00, 0x06, 0x00, 0x00,
  0x00, 0x0F, 0xF0, 0x7F, 0xFE, 0x3F, 0xFF, 0xCE, 0x07, 0xE0, 0x00, 0xF8,
  0x00, 0x7C, 0x00, 0x1E, 0x00, 0x0F, 0x00, 0x07, 0x80, 0x07, 0xC0, 0x03,
  0xC0, 0x03, 0xE0, 0x03, 0xE0, 0x03, 0xE0, 0x03, 0xE0, 0x03, 0xE0, 0x03,
  0xE0, 0x03, 0xC0, 0x03, 0xE0, 0x01, 0xE0, 0x00, 0xF0, 0x00, 0x70, 0x00,
  0x38, 0x00, 0x1C, 0x00, 0x0E, 0x00, 0x00, 0x00, 0x00, 0x00, 0x00, 0x00,
  0x00, 0x00, 0x00, 0x00, 0x00, 0x00, 0x00, 0x0E, 0x00, 0x0F, 0x80, 0x07,
  0xC0, 0x03, 0xE0, 0x01, 0xE0, 0x00, 0x00, 0x03, 0xFF, 0x00, 0x00, 0x00,
  0xFF, 0xFF, 0x00, 0x00, 0x1F, 0xFF, 0xFE, 0x00, 0x03, 0xF0, 0x01, 0xFC,
  0x00, 0x3E, 0x00, 0x01, 0xF0, 0x03, 0xC0, 0x00, 0x07, 0xC0, 0x3C, 0x00,
  0x00, 0x1F, 0x03, 0xC0, 0x00, 0x00, 0x78, 0x1C, 0x00, 0x00, 0x01, 0xE1,
  0xE0, 0x3F, 0xF0, 0x07, 0x0E, 0x07, 0xFF, 0xC0, 0x3C, 0xF0, 0x1C, 0x1F,
  0x00, 0xE7, 0x01, 0x00, 0x38, 0x07, 0x78, 0x00, 0x01, 0xE0, 0x3F, 0xC0,
  0x00, 0x07, 0x01, 0xFC, 0x00, 0x00, 0x38, 0x07, 0xE0, 0x00, 0x01, 0xC0,
  0x3F, 0x00, 0x00, 0x0E, 0x01, 0xF8, 0x01, 0xFF, 0xF0, 0x0F, 0xC0, 0x1F,
  0xFF, 0x80, 0x7E, 0x01, 0xE0, 0x1C, 0x03, 0xF0, 0x1E, 0x00, 0xE0, 0x1F,
  0x80, 0xF0, 0x07, 0x01, 0xFC, 0x07, 0x00, 0x38, 0x0E, 0xF0, 0x3C, 0x03,
  0xC0, 0x77, 0x81, 0xE0, 0x3E, 0x07, 0x9C, 0x07, 0x87, 0x78, 0x78, 0xF0,
  0x3F, 0xF1, 0xFF, 0x87, 0x80, 0xFF, 0x0F, 0xF8, 0x1C, 0x01, 0xC0, 0x0E,
  0x00, 0xF0, 0x00, 0x00, 0x00, 0x03, 0xC0, 0x00, 0x00, 0x00, 0x0F, 0x00,
  0x00, 0x00, 0x00, 0x3C, 0x00, 0x00, 0x00, 0x01, 0xF8, 0x00, 0x20, 0x00,
  0x03, 0xF8, 0x1F, 0x00, 0x00, 0x0F, 0xFF, 0xFC, 0x00, 0x00, 0x1F, 0xFF,
  0x00, 0x00, 0x00, 0x02, 0x00, 0x00, 0x00, 0x00, 0x00, 0xF8, 0x00, 0x00,
  0x00, 0x0F, 0x80, 0x00, 0x00, 0x01, 0xF8, 0x00, 0x00, 0x00, 0x1F, 0xC0,
  0x00, 0x00, 0x01, 0xFC, 0x00, 0x00, 0x00, 0x3F, 0xC0, 0x00, 0x00, 0x03,
  0x9E, 0x00, 0x00, 0x00, 0x39, 0xE0, 0x00, 0x00, 0x07, 0x9E, 0x00, 0x00,
  0x00, 0x70, 0xF0, 0x00, 0x00, 0x0F, 0x0F, 0x00, 0x00, 0x00, 0xF0, 0xF0,
  0x00, 0x00, 0x0E, 0x07, 0x80, 0x00, 0x01, 0xE0, 0x78, 0x00, 0x00, 0x1E,
  0x07, 0x80, 0x00, 0x01, 0xC0, 0x3C, 0x00, 0x00, 0x3C, 0x03, 0xC0, 0x00,
  0x03, 0x80, 0x3E, 0x00, 0x00, 0x78, 0x01, 0xE0, 0x00, 0x07, 0x80, 0x1E,
  0x00, 0x00, 0x70, 0x01, 0xF0, 0x00, 0x0F, 0x00, 0x0F, 0x00, 0x00, 0xF0,
  0x00, 0xF0, 0x00, 0x0F, 0xFF, 0xFF, 0x80, 0x01, 0xFF, 0xFF, 0xF8, 0x00,
  0x1F, 0xFF, 0xFF, 0x80, 0x03, 0xC0, 0x00, 0x7C, 0x00, 0x3C, 0x00, 0x03,
  0xC0, 0x03, 0xC0, 0x00, 0x3C, 0x00, 0x78, 0x00, 0x03, 0xE0, 0x07, 0x80,
  0x00, 0x3E, 0x00, 0x78, 0x00, 0x01, 0xE0, 0x0F, 0x00, 0x00, 0x1F, 0x03,
  0xFE, 0x00, 0x0F, 0xFE, 0xFF, 0xF8, 0x01, 0xFF, 0xFF, 0xFF, 0x80, 0x1F,
  0xFF, 0x01, 0xFF, 0x80, 0x0F, 0xFF, 0xFF, 0x80, 0xFF, 0xFF, 0xFE, 0x00,
  0xFF, 0xFF, 0xF0, 0x07, 0x80, 0x1F, 0x80, 0x78, 0x00, 0xFC, 0x07, 0x80,
  0x07, 0xC0, 0x78, 0x00, 0x3C, 0x07, 0x80, 0x03, 0xC0, 0x78, 0x00, 0x3C,
  0x07, 0x80, 0x03, 0xC0, 0x78, 0x00, 0x3C, 0x07, 0x80, 0x07, 0xC0, 0x78,
  0x00, 0x78, 0x07, 0x80, 0x0F, 0x80, 0x78, 0x03, 0xF0, 0x07, 0xFF, 0xFC,
  0x00, 0x7F, 0xFE, 0x00, 0x07, 0xFF, 0xFC, 0x00, 0x78, 0x07, 0xF0, 0x07,
  0x80, 0x0F, 0x80, 0x78, 0x00, 0x3C, 0x07, 0x80, 0x03, 0xE0, 0x78, 0x00,
  0x1E, 0x07, 0x80, 0x01, 0xE0, 0x78, 0x00, 0x1F, 0x07, 0x80, 0x01, 0xF0,
  0x78, 0x00, 0x1F, 0x07, 0x80, 0x01, 0xE0, 0x78, 0x00, 0x3E, 0x07, 0x80,
  0x03, 0xE0, 0x78, 0x00, 0x7C, 0x07, 0x80, 0x3F, 0x83, 0xFF, 0xFF, 0xF0,
  0xFF, 0xFF, 0xFE, 0x0F, 0xFF, 0xFF, 0x00, 0x00, 0x0F, 0xF8, 0x00, 0x0F,
  0xFF, 0xE0, 0x07, 0xFF, 0xFF, 0x81, 0xFF, 0x1F, 0xF0, 0x7E, 0x00, 0x3E,
  0x1F, 0x00, 0x03, 0xC7, 0xC0, 0x00, 0x38, 0xF0, 0x00, 0x07, 0x3E, 0x00,
  0x00, 0xE7, 0x80, 0x00, 0x1D, 0xF0, 0x00, 0x03, 0xBC, 0x00, 0x00, 0x07,
  0x80, 0x00, 0x01, 0xF0, 0x00, 0x00, 0x3E, 0x00, 0x00, 0x07, 0xC0, 0x00,
  0x00, 0xF8, 0x00, 0x00, 0x1F, 0x00, 0x00, 0x03, 0xE0, 0x00, 0x00, 0x7C,
  0x00, 0x00, 0x0F, 0x80, 0x00, 0x01, 0xF0, 0x00, 0x00, 0x3E, 0x00, 0x00,
  0x03, 0xC0, 0x00, 0x00, 0x78, 0x00, 0x00, 0x0F, 0x80, 0x00, 0x01, 0xF0,
  0x00, 0x00, 0x1F, 0x00, 0x00, 0x03, 0xE0, 0x00, 0x00, 0x3E, 0x00, 0x00,
  0x87, 0xE0, 0x00, 0x38, 0x7F, 0x00, 0x1F, 0x07, 0xF8, 0x1F, 0xC0, 0x7F,
  0xFF, 0xF0, 0x03, 0xFF, 0xF8, 0x00, 0x1F, 0xF8, 0x00, 0x00, 0xFF, 0x00,
  0x00, 0xFF, 0xFF, 0xFC, 0x00, 0xFF, 0xFF, 0xFF, 0x00, 0x0F, 0xFF, 0xFF,
  0xC0, 0x07, 0x80, 0x0F, 0xE0, 0x07, 0x80, 0x03, 0xF0, 0x07, 0x80, 0x01,
  0xF8, 0x07, 0x80, 0x00, 0xF8, 0x07, 0x80, 0x00, 0x7C, 0x07, 0x80, 0x00,
  0x7C, 0x07, 0x80, 0x00, 0x3E, 0x07, 0x80, 0x00, 0x3E, 0x07, 0x80, 0x00,
  0x3E, 0x07, 0x80, 0x00, 0x1E, 0x07, 0x80, 0x00, 0x1E, 0x07, 0x80, 0x00,
  0x1E, 0x07, 0x80, 0x00, 0x1F, 0x07, 0x80, 0x00, 0x1F, 0x07, 0x80, 0x00,
  0x1F, 0x07, 0x80, 0x00, 0x1E, 0x07, 0x80, 0x00, 0x1E, 0x07, 0x80, 0x00,
  0x1E, 0x07, 0x80, 0x00, 0x1E, 0x07, 0x80, 0x00, 0x1E, 0x07, 0x80, 0x00,
  0x3E, 0x07, 0x80, 0x00, 0x3C, 0x07, 0x80, 0x00, 0x7C, 0x07, 0x80, 0x00,
  0x7C, 0x07, 0x80, 0x00, 0xF8, 0x07, 0x80, 0x01, 0xF0, 0x07, 0x80, 0x03,
  0xF0, 0x07, 0x80, 0x07, 0xE0, 0x07, 0x80, 0x3F, 0xC0, 0x3F, 0xFF, 0xFF,
  0x00, 0xFF, 0xFF, 0xFC, 0x00, 0xFF, 0xFF, 0xE0, 0x00, 0x01, 0xFF, 0xFF,
  0xFF, 0xFF, 0xFF, 0xFF, 0xFF, 0xFF, 0xFC, 0x3F, 0xFF, 0xFF, 0x07, 0x80,
  0x03, 0xC1, 0xE0, 0x00, 0x70, 0x78, 0x00, 0x1C, 0x1E, 0x00, 0x07, 0x07,
  0x80, 0x01, 0xC1, 0xE0, 0x00, 0x00, 0x78, 0x00, 0x00, 0x1E, 0x00, 0x00,
  0x07, 0x80, 0x00, 0x01, 0xE0, 0x00, 0x00, 0x78, 0x00, 0x00, 0x1E, 0x00,
  0x00, 0x07, 0xFF, 0xFC, 0x01, 0xFF, 0xFF, 0x00, 0x7F, 0xFF, 0xC0, 0x1E,
  0x00, 0x00, 0x07, 0x80, 0x00, 0x01, 0xE0, 0x00, 0x00, 0x78, 0x00, 0x00,
  0x1E, 0x00, 0x00, 0x07, 0x80, 0x00, 0x01, 0xE0, 0x00, 0x00, 0x78, 0x00,
  0x00, 0x1E, 0x00, 0x00, 0x07, 0x80, 0x00, 0xC1, 0xE0, 0x00, 0x70, 0x78,
  0x00, 0x1C, 0x1E, 0x00, 0x07, 0x07, 0x80, 0x01, 0xCF, 0xFF, 0xFF, 0xFF,
  0xFF, 0xFF, 0xFF, 0xFF, 0xFF, 0xFF, 0x01, 0xFF, 0xFF, 0xFF, 0xFF, 0xFF,
  0xFF, 0xFF, 0xFF, 0xE1, 0xFF, 0xFF, 0xF0, 0x78, 0x00, 0x38, 0x3C, 0x00,
  0x1C, 0x1E, 0x00, 0x0E, 0x0F, 0x00, 0x07, 0x07, 0x80, 0x01, 0x83, 0xC0,
  0x00, 0x01, 0xE0, 0x00, 0x00, 0xF0, 0x00, 0x00, 0x78, 0x00, 0x00, 0x3C,
  0x00, 0x00, 0x1E, 0x00, 0x00, 0x0F, 0x00, 0x00, 0x07, 0x80, 0x00, 0x03,
  0xFF, 0xFC, 0x01, 0xFF, 0xFE, 0x00, 0xFF, 0xFF, 0x00, 0x78, 0x00, 0x00,
  0x3C, 0x00, 0x00, 0x1E, 0x00, 0x00, 0x0F, 0x00, 0x00, 0x07, 0x80, 0x00,
  0x03, 0xC0, 0x00, 0x01, 0xE0, 0x00, 0x00, 0xF0, 0x00, 0x00, 0x78, 0x00,
  0x00, 0x3C, 0x00, 0x00, 0x1E, 0x00, 0x00, 0x0F, 0x00, 0x00, 0x07, 0x80,
  0x00, 0x1F, 0xFC, 0x00, 0x3F, 0xFF, 0x80, 0x1F, 0xFF, 0xC0, 0x00, 0x00,
  0x0F, 0xFC, 0x00, 0x00, 0x3F, 0xFF, 0xE0, 0x00, 0x7F, 0xFF, 0xFE, 0x00,
  0x7F, 0xC3, 0xFF, 0x00, 0x7E, 0x00, 0x0F, 0x80, 0x7E, 0x00, 0x03, 0xC0,
  0x7E, 0x00, 0x01, 0xE0, 0x3E, 0x00, 0x00, 0x70, 0x3E, 0x00, 0x00, 0x38,
  0x1E, 0x00, 0x00, 0x1C, 0x1F, 0x00, 0x00, 0x0C, 0x0F, 0x80, 0x00, 0x00,
  0x07, 0x80, 0x00, 0x00, 0x07, 0xC0, 0x00, 0x00, 0x03, 0xE0, 0x00, 0x00,
  0x01, 0xF0, 0x00, 0x00, 0x00, 0xF8, 0x00, 0x00, 0x00, 0x7C, 0x00, 0x00,
  0x00, 0x3E, 0x00, 0x00, 0x00, 0x1F, 0x00, 0x01, 0xFF, 0xFF, 0x80, 0x00,
  0xFF, 0xFF, 0xC0, 0x00, 0x3F, 0xF3, 0xE0, 0x00, 0x01, 0xE1, 0xF0, 0x00,
  0x00, 0xF0, 0x78, 0x00, 0x00, 0x78, 0x3E, 0x00, 0x00, 0x3C, 0x1F, 0x00,
  0x00, 0x1E, 0x07, 0xC0, 0x00, 0x0F, 0x03, 0xE0, 0x00, 0x07, 0x80, 0xF8,
  0x00, 0x03, 0xC0, 0x7E, 0x00, 0x01, 0xE0, 0x1F, 0x80, 0x00, 0xF0, 0x07,
  0xF8, 0x03, 0xF8, 0x01, 0xFF, 0xFF, 0xFC, 0x00, 0x3F, 0xFF, 0xF8, 0x00,
  0x07, 0xFF, 0xC0, 0x00, 0x00, 0x18, 0x00, 0x00, 0x7F, 0xFF, 0x80, 0x1F,
  0xFF, 0xFF, 0xF8, 0x01, 0xFF, 0xF0, 0xFC, 0x00, 0x03, 0xF0, 0x07, 0x80,
  0x00, 0x1F, 0x00, 0x78, 0x00, 0x01, 0xF0, 0x07, 0x80, 0x00, 0x1F, 0x00,
  0x78, 0x00, 0x01, 0xF0, 0x07, 0x80, 0x00, 0x1F, 0x00, 0x78, 0x00, 0x01,
  0xF0, 0x07, 0x80, 0x00, 0x1F, 0x00, 0x78, 0x00, 0x01, 0xF0, 0x07, 0x80,
  0x00, 0x1F, 0x00, 0x78, 0x00, 0x01, 0xF0, 0x07, 0x80, 0x00, 0x1F, 0x00,
  0x78, 0x00, 0x01, 0xF0, 0x07, 0xFF, 0xFF, 0xFF, 0x00, 0x7F, 0xFF, 0xFF,
  0xF0, 0x07, 0xFF, 0xFF, 0xFF, 0x00, 0x78, 0x00, 0x01, 0xF0, 0x07, 0x80,
  0x00, 0x1F, 0x00, 0x78, 0x00, 0x01, 0xF0, 0x07, 0x80, 0x00, 0x1F, 0x00,
  0x78, 0x00, 0x01, 0xF0, 0x07, 0x80, 0x00, 0x1F, 0x00, 0x78, 0x00, 0x01,
  0xF0, 0x07, 0x80, 0x00, 0x1F, 0x00, 0x78, 0x00, 0x01, 0xF0, 0x07, 0x80,
  0x00, 0x1F, 0x00, 0x78, 0x00, 0x01, 0xF0, 0x07, 0x80, 0x00, 0x1F, 0x00,
  0x78, 0x00, 0x01, 0xF0, 0x07, 0x80, 0x00, 0x1F, 0x03, 0xFF, 0x00, 0x07,
  0xFE, 0xFF, 0xF8, 0x01, 0xFF, 0xFF, 0xFF, 0x80, 0x1F, 0xFF, 0x00, 0x1F,
  0xFF, 0xFF, 0xFE, 0x1F, 0x80, 0x78, 0x03, 0xC0, 0x1E, 0x00, 0xF0, 0x07,
  0x80, 0x3C, 0x01, 0xE0, 0x0F, 0x00, 0x78, 0x03, 0xC0, 0x1E, 0x00, 0xF0,
  0x07, 0x80, 0x3C, 0x01, 0xE0, 0x0F, 0x00, 0x78, 0x03, 0xC0, 0x1E, 0x00,
  0xF0, 0x07, 0x80, 0x3C, 0x01, 0xE0, 0x0F, 0x00, 0x78, 0x03, 0xC0, 0x1E,
  0x00, 0xF0, 0x07, 0x81, 0xFF, 0xBF, 0xFF, 0xFF, 0xF0, 0x00, 0x03, 0x1F,
  0xFF, 0x1F, 0xFF, 0x03, 0xF0, 0x01, 0xF0, 0x01, 0xF0, 0x01, 0xF0, 0x01,
  0xF0, 0x01, 0xF0, 0x01, 0xF0, 0x01, 0xF0, 0x01, 0xF0, 0x01, 0xF0, 0x01,
  0xF0, 0x01, 0xF0, 0x01, 0xF0, 0x01, 0xF0, 0x01, 0xF0, 0x01, 0xF0, 0x01,
  0xF0, 0x01, 0xF0, 0x01, 0xF0, 0x01, 0xF0, 0x01, 0xF0, 0x01, 0xF0, 0x01,
  0xF0, 0x01, 0xF0, 0x01, 0xF0, 0x01, 0xF0, 0x01, 0xF0, 0x01, 0xF0, 0x01,
  0xF0, 0x01, 0xF0, 0x01, 0xF0, 0x01, 0xF0, 0x01, 0xE0, 0x01, 0xE0, 0x01,
  0xE0, 0x03, 0xE0, 0x07, 0xC0, 0xFF, 0xC0, 0xFF, 0x80, 0xFE, 0x00, 0x00,
  0x18, 0x00, 0x06, 0x7F, 0xFC, 0x0F, 0xFF, 0x3F, 0xFE, 0x07, 0xFF, 0x81,
  0xF8, 0x00, 0x3E, 0x00, 0x78, 0x00, 0x3E, 0x00, 0x3C, 0x00, 0x1E, 0x00,
  0x1E, 0x00, 0x1E, 0x00, 0x0F, 0x00, 0x0F, 0x00, 0x07, 0x80, 0x0F, 0x00,
  0x03, 0xC0, 0x0F, 0x00, 0x01, 0xE0, 0x07, 0x80, 0x00, 0xF0, 0x07, 0x80,
  0x00, 0x78, 0x03, 0xC0, 0x00, 0x3C, 0x03, 0xC0, 0x00, 0x1E, 0x03, 0xC0,
  0x00, 0x0F, 0x01, 0xE0, 0x00, 0x07, 0xFF, 0xE0, 0x00, 0x03, 0xFF, 0xE0,
  0x00, 0x01, 0xFF, 0xF8, 0x00, 0x00, 0xF0, 0x3E, 0x00, 0x00, 0x78, 0x0F,
  0x80, 0x00, 0x3C, 0x03, 0xC0, 0x00, 0x1E, 0x01, 0xF0, 0x00, 0x0F, 0x00,
  0x7C, 0x00, 0x07, 0x80, 0x1E, 0x00, 0x03, 0xC0, 0x0F, 0x80, 0x01, 0xE0,
  0x03, 0xE0, 0x00, 0xF0, 0x00, 0xF0, 0x00, 0x78, 0x00, 0x3C, 0x00, 0x3C,
  0x00, 0x1F, 0x00, 0x1E, 0x00, 0x07, 0xC0, 0x0F, 0x00, 0x01, 0xE0, 0x07,
  0x80, 0x00, 0xF8, 0x1F, 0xF8, 0x01, 0xFF, 0xBF, 0xFE, 0x01, 0xFF, 0xFF,
  0xFF, 0x00, 0xFF, 0xF0, 0x00, 0x0C, 0x00, 0x7F, 0xFE, 0x00, 0x3F, 0xFF,
  0x00, 0x01, 0xF8, 0x00, 0x00, 0x78, 0x00, 0x00, 0x3C, 0x00, 0x00, 0x1E,
  0x00, 0x00, 0x0F, 0x00, 0x00, 0x07, 0x80, 0x00, 0x03, 0xC0, 0x00, 0x01,
  0xE0, 0x00, 0x00, 0xF0, 0x00, 0x00, 0x78, 0x00, 0x00, 0x3C, 0x00, 0x00,
  0x1E, 0x00, 0x00, 0x0F, 0x00, 0x00, 0x07, 0x80, 0x00, 0x03, 0xC0, 0x00,
  0x01, 0xE0, 0x00, 0x00, 0xF0, 0x00, 0x00, 0x78, 0x00, 0x00, 0x3C, 0x00,
  0x00, 0x1E, 0x00, 0x00, 0x0F, 0x00, 0x00, 0x07, 0x80, 0x00, 0x03, 0xC0,
  0x00, 0x01, 0xE0, 0x00, 0x00, 0xF0, 0x00, 0x70, 0x78, 0x00, 0x38, 0x3C,
  0x00, 0x1C, 0x1E, 0x00, 0x0E, 0x0F, 0x00, 0x07, 0x07, 0x80, 0x07, 0x9F,
  0xFF, 0xFF, 0xFF, 0xFF, 0xFF, 0xFF, 0xFF, 0xFF, 0xF0, 0x00, 0xC0, 0x00,
  0x00, 0x01, 0xFF, 0xF0, 0x00, 0x00, 0xFF, 0xFF, 0xF8, 0x00, 0x00, 0x7F,
  0xE1, 0xFE, 0x00, 0x00, 0x7F, 0x00, 0x7F, 0x00, 0x00, 0x3F, 0x80, 0x3F,
  0xC0, 0x00, 0x3F, 0xC0, 0x1F, 0xE0, 0x00, 0x1F, 0xE0, 0x0E, 0xF8, 0x00,
  0x1E, 0xF0, 0x07, 0x7C, 0x00, 0x0F, 0x78, 0x03, 0x9E, 0x00, 0x0F, 0x3C,
  0x01, 0xC7, 0x80, 0x07, 0x1E, 0x00, 0xE3, 0xC0, 0x07, 0x8F, 0x00, 0x70,
  0xF0, 0x03, 0x87, 0x80, 0x38, 0x78, 0x03, 0xC3, 0xC0, 0x1C, 0x1E, 0x01,
  0xC1, 0xE0, 0x0E, 0x0F, 0x01, 0xE0, 0xF0, 0x07, 0x03, 0xC0, 0xE0, 0x78,
  0x03, 0x81, 0xE0, 0xF0, 0x3C, 0x01, 0xC0, 0x78, 0x70, 0x1E, 0x00, 0xE0,
  0x3C, 0x78, 0x0F, 0x00, 0x70, 0x0F, 0x38, 0x07, 0x80, 0x38, 0x07, 0xBC,
  0x03, 0xC0, 0x1C, 0x01, 0xFC, 0x01, 0xE0, 0x0E, 0x00, 0xFC, 0x00, 0xF0,
  0x07, 0x00, 0x3E, 0x00, 0x78, 0x03, 0x80, 0x1E, 0x00, 0x3C, 0x01, 0xC0,
  0x07, 0x00, 0x1E, 0x00, 0xE0, 0x00, 0x00, 0x0F, 0x00, 0x70, 0x00, 0x00,
  0x07, 0x80, 0x38, 0x00, 0x00, 0x03, 0xC0, 0x1C, 0x00, 0x00, 0x01, 0xE0,
  0x0E, 0x00, 0x00, 0x00, 0xF0, 0x07, 0x00, 0x00, 0x00, 0x78, 0x1F, 0xF0,
  0x00, 0x01, 0xFF, 0xBF, 0xFE, 0x00, 0x03, 0xFF, 0xFF, 0xFF, 0x00, 0x01,
  0xFF, 0xF0, 0x00, 0xC0, 0x00, 0x00, 0x3F, 0xFF, 0x00, 0x07, 0xFF, 0xFF,
  0xF8, 0x00, 0x3F, 0xFE, 0x1F, 0xE0, 0x00, 0x1F, 0x00, 0x7F, 0x00, 0x00,
  0x70, 0x03, 0xFC, 0x00, 0x03, 0x80, 0x1D, 0xF0, 0x00, 0x1C, 0x00, 0xEF,
  0x80, 0x00, 0xE0, 0x07, 0x3E, 0x00, 0x07, 0x00, 0x38, 0xF8, 0x00, 0x38,
  0x01, 0xC7, 0xC0, 0x01, 0xC0, 0x0E, 0x1F, 0x00, 0x0E, 0x00, 0x70, 0x78,
  0x00, 0x70, 0x03, 0x83, 0xE0, 0x03, 0x80, 0x1C, 0x0F, 0x80, 0x1C, 0x00,
  0xE0, 0x7C, 0x00, 0xE0, 0x07, 0x01, 0xF0, 0x07, 0x00, 0x38, 0x07, 0xC0,
  0x38, 0x01, 0xC0, 0x3E, 0x01, 0xC0, 0x0E, 0x00, 0xF8, 0x0E, 0x00, 0x70,
  0x03, 0xE0, 0x70, 0x03, 0x80, 0x1F, 0x03, 0x80, 0x1C, 0x00, 0x7C, 0x1C,
  0x00, 0xE0, 0x01, 0xE0, 0xE0, 0x07, 0x00, 0x0F, 0x87, 0x00, 0x38, 0x00,
  0x3E, 0x38, 0x01, 0xC0, 0x01, 0xF1, 0xC0, 0x0E, 0x00, 0x07, 0xCE, 0x00,
  0x70, 0x00, 0x1F, 0x70, 0x03, 0x80, 0x00, 0xFB, 0x80, 0x1C, 0x00, 0x03,
  0xFC, 0x00, 0xE0, 0x00, 0x0F, 0xE0, 0x07, 0x00, 0x00, 0x7F, 0x01, 0xFF,
  0x00, 0x01, 0xF8, 0x3F, 0xFE, 0x00, 0x0F, 0xC1, 0xFF, 0xF0, 0x00, 0x3E,
  0x00, 0x00, 0x0F, 0xF0, 0x00, 0x00, 0x7F, 0xFE, 0x00, 0x01, 0xFF, 0xFF,
  0x80, 0x03, 0xFE, 0x3F, 0xC0, 0x07, 0xE0, 0x07, 0xE0, 0x0F, 0x80, 0x01,
  0xF0, 0x1F, 0x00, 0x00, 0xF8, 0x1E, 0x00, 0x00, 0x7C, 0x3E, 0x00, 0x00,
  0x7C, 0x3C, 0x00, 0x00, 0x3E, 0x7C, 0x00, 0x00, 0x3E, 0x78, 0x00, 0x00,
  0x1E, 0x78, 0x00, 0x00, 0x1E, 0xF8, 0x00, 0x00, 0x1F, 0xF8, 0x00, 0x00,
  0x1F, 0xF8, 0x00, 0x00, 0x1F, 0xF8, 0x00, 0x00, 0x1F, 0xF8, 0x00, 0x00,
  0x1F, 0xF8, 0x00, 0x00, 0x1F, 0xF8, 0x00, 0x00, 0x1F, 0xF8, 0x00, 0x00,
  0x1F, 0xF8, 0x00, 0x00, 0x1F, 0xF8, 0x00, 0x00, 0x1E, 0xF8, 0x00, 0x00,
  0x1E, 0x78, 0x00, 0x00, 0x1E, 0x7C, 0x00, 0x00, 0x3E, 0x7C, 0x00, 0x00,
  0x3C, 0x3C, 0x00, 0x00, 0x7C, 0x3E, 0x00, 0x00, 0x78, 0x1F, 0x00, 0x00,
  0xF8, 0x1F, 0x80, 0x01, 0xF0, 0x0F, 0xC0, 0x03, 0xE0, 0x07, 0xF0, 0x1F,
  0xC0, 0x03, 0xFF, 0xFF, 0x80, 0x00, 0xFF, 0xFE, 0x00, 0x00, 0x3F, 0xF8,
  0x00, 0x00, 0xFE, 0x00, 0x3F, 0xFF, 0xFE, 0x0F, 0xFF, 0xFF, 0xE0, 0x3F,
  0xFF, 0xFC, 0x07, 0x80, 0x1F, 0x81, 0xE0, 0x03, 0xE0, 0x78, 0x00, 0x7C,
  0x1E, 0x00, 0x1F, 0x07, 0x80, 0x03, 0xC1, 0xE0, 0x00, 0xF0, 0x78, 0x00,
  0x3C, 0x1E, 0x00, 0x0F, 0x07, 0x80, 0x03, 0xC1, 0xE0, 0x00, 0xF0, 0x78,
  0x00, 0x3C, 0x1E, 0x00, 0x1F, 0x07, 0x80, 0x0F, 0x81, 0xE0, 0x07, 0xE0,
  0x78, 0x07, 0xF0, 0x1F, 0xFF, 0xF8, 0x07, 0xFF, 0xF8, 0x01, 0xFF, 0xF8,
  0x00, 0x78, 0x00, 0x00, 0x1E, 0x00, 0x00, 0x07, 0x80, 0x00, 0x01, 0xE0,
  0x00, 0x00, 0x78, 0x00, 0x00, 0x1E, 0x00, 0x00, 0x07, 0x80, 0x00, 0x01,
  0xE0, 0x00, 0x00, 0x78, 0x00, 0x00, 0x1E, 0x00, 0x00, 0x07, 0x80, 0x00,
  0x0F, 0xFE, 0x00, 0x0F, 0xFF, 0xE0, 0x03, 0xFF, 0xF8, 0x00, 0x00, 0x0F,
  0xF8, 0x00, 0x00, 0x01, 0xFF, 0xFC, 0x00, 0x00, 0x1F, 0xFF, 0xF8, 0x00,
  0x00, 0xFF, 0x8F, 0xF8, 0x00, 0x07, 0xE0, 0x07, 0xF0, 0x00, 0x3E, 0x00,
  0x07, 0xE0, 0x01, 0xF0, 0x00, 0x0F, 0x80, 0x07, 0xC0, 0x00, 0x1F, 0x00,
  0x3E, 0x00, 0x00, 0x3E, 0x00, 0xF0, 0x00, 0x00, 0xF8, 0x07, 0xC0, 0x00,
  0x01, 0xE0, 0x1E, 0x00, 0x00, 0x07, 0xC0, 0x78, 0x00, 0x00, 0x1F, 0x03,
  0xE0, 0x00, 0x00, 0x7C, 0x0F, 0x80, 0x00, 0x00, 0xF0, 0x3E, 0x00, 0x00,
  0x03, 0xC0, 0xF8, 0x00, 0x00, 0x0F, 0x03, 0xE0, 0x00, 0x00, 0x3C, 0x0F,
  0x80, 0x00, 0x00, 0xF0, 0x3E, 0x00, 0x00, 0x03, 0xC0, 0xF8, 0x00, 0x00,
  0x0F, 0x03, 0xE0, 0x00, 0x00, 0x3C, 0x0F, 0x80, 0x00, 0x01, 0xF0, 0x3E,
  0x00, 0x00, 0x07, 0xC0, 0x78, 0x00, 0x00, 0x1E, 0x01, 0xE0, 0x00, 0x00,
  0x78, 0x07, 0xC0, 0x00, 0x03, 0xE0, 0x0F, 0x00, 0x00, 0x0F, 0x00, 0x3E,
  0x00, 0x00, 0x7C, 0x00, 0x7C, 0x00, 0x03, 0xE0, 0x01, 0xF8, 0x00, 0x1F,
  0x00, 0x03, 0xF0, 0x00, 0xFC, 0x00, 0x07, 0xF0, 0x0F, 0xE0, 0x00, 0x0F,
  0xFF, 0xFE, 0x00, 0x00, 0x0F, 0xFF, 0xF0, 0x00, 0x00, 0x0F, 0xFE, 0x00,
  0x00, 0x00, 0x01, 0xF0, 0x00, 0x00, 0x00, 0x03, 0xF0, 0x00, 0x00, 0x00,
  0x03, 0xF0, 0x00, 0x00, 0x00, 0x03, 0xE0, 0x02, 0x00, 0x00, 0x07, 0xE0,
  0x18, 0x00, 0x00, 0x07, 0xFF, 0xF0, 0x00, 0x00, 0x0F, 0xFF, 0x80, 0x00,
  0x00, 0x0F, 0xFC, 0x00, 0x00, 0x00, 0x07, 0x80, 0x00, 0xFF, 0x00, 0x03,
  0xFF, 0xFF, 0xF0, 0x0F, 0xFF, 0xFF, 0xE0, 0x03, 0xFF, 0xFF, 0xE0, 0x07,
  0x80, 0x1F, 0x80, 0x1E, 0x00, 0x1F, 0x00, 0x78, 0x00, 0x3C, 0x01, 0xE0,
  0x00, 0xF8, 0x07, 0x80, 0x03, 0xE0, 0x1E, 0x00, 0x07, 0x80, 0x78, 0x00,
  0x1E, 0x01, 0xE0, 0x00, 0xF8, 0x07, 0x80, 0x03, 0xE0, 0x1E, 0x00, 0x0F,
  0x00, 0x78, 0x00, 0x7C, 0x01, 0xE0, 0x03, 0xE0, 0x07, 0x80, 0x3F, 0x00,
  0x1F, 0xFF, 0xF8, 0x00, 0x7F, 0xFF, 0xC0, 0x01, 0xFF, 0xF0, 0x00, 0x07,
  0x83, 0xF0, 0x00, 0x1E, 0x01, 0xE0, 0x00, 0x78, 0x03, 0xC0, 0x01, 0xE0,
  0x0F, 0x00, 0x07, 0x80, 0x1E, 0x00, 0x1E, 0x00, 0x7C, 0x00, 0x78, 0x00,
  0xF0, 0x01, 0xE0, 0x03, 0xE0, 0x07, 0x80, 0x07, 0x80, 0x1E, 0x00, 0x1F,
  0x00, 0x78, 0x00, 0x3C, 0x01, 0xE0, 0x00, 0xF8, 0x07, 0x80, 0x01, 0xE0,
  0xFF, 0xE0, 0x07, 0xEF, 0xFF, 0xC0, 0x0F, 0xFF, 0xFF, 0x00, 0x3F, 0x00,
  0xFF, 0x80, 0x0F, 0xFF, 0xF0, 0x7F, 0xFF, 0xF1, 0xFE, 0x0F, 0xE7, 0xE0,
  0x01, 0xCF, 0x00, 0x03, 0xBE, 0x00, 0x07, 0x78, 0x00, 0x0E, 0xF0, 0x00,
  0x1D, 0xE0, 0x00, 0x3B, 0xC0, 0x00, 0x07, 0xC0, 0x00, 0x0F, 0x80, 0x00,
  0x0F, 0x80, 0x00, 0x1F, 0xC0, 0x00, 0x1F, 0xF0, 0x00, 0x1F, 0xFC, 0x00,
  0x0F, 0xFF, 0x00, 0x07, 0xFF, 0x80, 0x01, 0xFF, 0x80, 0x00, 0x7F, 0x80,
  0x00, 0x1F, 0x80, 0x00, 0x1F, 0x00, 0x00, 0x1F, 0x00, 0x00, 0x1E, 0x00,
  0x00, 0x3F, 0x00, 0x00, 0x7F, 0x00, 0x00, 0xFE, 0x00, 0x01, 0xFC, 0x00,
  0x07, 0xF8, 0x00, 0x0F, 0x70, 0x00, 0x3E, 0xF8, 0x01, 0xF9, 0xFF, 0xFF,
  0xE3, 0xFF, 0xFF, 0x00, 0xFF, 0xF8, 0x00, 0xFF, 0xFF, 0xFF, 0xFF, 0xFF,
  0xFF, 0xFF, 0xFF, 0xFF, 0xFF, 0xFF, 0xFF, 0xFF, 0xFF, 0x00, 0xF0, 0x0F,
  0xE0, 0x1E, 0x01, 0xF8, 0x03, 0xC0, 0x3F, 0x00, 0x78, 0x03, 0xE0, 0x0F,
  0x00, 0x60, 0x01, 0xE0, 0x00, 0x00, 0x3C, 0x00, 0x00, 0x07, 0x80, 0x00,
  0x00, 0xF0, 0x00, 0x00, 0x1E, 0x00, 0x00, 0x03, 0xC0, 0x00, 0x00, 0x78,
  0x00, 0x00, 0x0F, 0x00, 0x00, 0x01, 0xE0, 0x00, 0x00, 0x3C, 0x00, 0x00,
  0x07, 0x80, 0x00, 0x00, 0xF0, 0x00, 0x00, 0x1E, 0x00, 0x00, 0x03, 0xC0,
  0x00, 0x00, 0x78, 0x00, 0x00, 0x0F, 0x00, 0x00, 0x01, 0xE0, 0x00, 0x00,
  0x3C, 0x00, 0x00, 0x07, 0x80, 0x00, 0x00, 0xF0, 0x00, 0x00, 0x1E, 0x00,
  0x00, 0x03, 0xC0, 0x00, 0x00, 0x78, 0x00, 0x00, 0x0F, 0x00, 0x00, 0x1F,
  0xFC, 0x00, 0x07, 0xFF, 0xE0, 0x00, 0xFF, 0xFC, 0x00, 0x00, 0x18, 0x00,
  0x00, 0x7F, 0xFF, 0x80, 0x1F, 0xFF, 0xFF, 0xF8, 0x01, 0xFF, 0xF0, 0xFC,
  0x00, 0x03, 0xF0, 0x07, 0x80, 0x00, 0x1E, 0x00, 0x78, 0x00, 0x01, 0xE0,
  0x07, 0x80, 0x00, 0x1E, 0x00, 0x78, 0x00, 0x01, 0xE0, 0x07, 0x80, 0x00,
  0x1E, 0x00, 0x78, 0x00, 0x01, 0xE0, 0x07, 0x80, 0x00, 0x1E, 0x00, 0x78,
  0x00, 0x01, 0xE0, 0x07, 0x80, 0x00, 0x1E, 0x00, 0x78, 0x00, 0x01, 0xE0,
  0x07, 0x80, 0x00, 0x1E, 0x00, 0x78, 0x00, 0x01, 0xE0, 0x07, 0x80, 0x00,
  0x1E, 0x00, 0x78, 0x00, 0x01, 0xE0, 0x07, 0x80, 0x00, 0x1E, 0x00, 0x78,
  0x00, 0x01, 0xE0, 0x07, 0x80, 0x00, 0x1E, 0x00, 0x78, 0x00, 0x01, 0xE0,
  0x07, 0x80, 0x00, 0x1E, 0x00, 0x78, 0x00, 0x01, 0xE0, 0x07, 0x80, 0x00,
  0x1E, 0x00, 0x78, 0x00, 0x01, 0xE0, 0x07, 0x80, 0x00, 0x1E, 0x00, 0x78,
  0x00, 0x01, 0xE0, 0x07, 0xC0, 0x00, 0x3E, 0x00, 0x3C, 0x00, 0x03, 0xC0,
  0x03, 0xE0, 0x00, 0x7C, 0x00, 0x1F, 0x00, 0x0F, 0x80, 0x01, 0xFC, 0x03,
  0xF0, 0x00, 0x0F, 0xFF, 0xFE, 0x00, 0x00, 0x3F, 0xFF, 0xC0, 0x00, 0x00,
  0xFF, 0xF0, 0x00, 0x00, 0x1C, 0x00, 0x00, 0x7F, 0xFF, 0x80, 0x7F, 0xFF,
  0xFF, 0xF0, 0x0F, 0xFF, 0x8F, 0xC0, 0x00, 0x1F, 0x00, 0x78, 0x00, 0x01,
  0xE0, 0x0F, 0x80, 0x00, 0x78, 0x01, 0xF0, 0x00, 0x0F, 0x00, 0x1E, 0x00,
  0x01, 0xE0, 0x03, 0xE0, 0x00, 0x78, 0x00, 0x7C, 0x00, 0x0F, 0x00, 0x07,
  0x80, 0x01, 0xE0, 0x00, 0xF0, 0x00, 0x78, 0x00, 0x1F, 0x00, 0x0F, 0x00,
  0x01, 0xE0, 0x01, 0xE0, 0x00, 0x3C, 0x00, 0x78, 0x00, 0x07, 0xC0, 0x0F,
  0x00, 0x00, 0x78, 0x01, 0xC0, 0x00, 0x0F, 0x00, 0x78, 0x00, 0x01, 0xF0,
  0x0F, 0x00, 0x00, 0x1E, 0x01, 0xC0, 0x00, 0x03, 0xC0, 0x78, 0x00, 0x00,
  0x7C, 0x0F, 0x00, 0x00, 0x07, 0x81, 0xC0, 0x00, 0x00, 0xF0, 0x78, 0x00,
  0x00, 0x1F, 0x0F, 0x00, 0x00, 0x01, 0xE1, 0xC0, 0x00, 0x00, 0x3C, 0x78,
  0x00, 0x00, 0x07, 0xCF, 0x00, 0x00, 0x00, 0x79, 0xC0, 0x00, 0x00, 0x0F,
  0x78, 0x00, 0x00, 0x01, 0xEF, 0x00, 0x00, 0x00, 0x1F, 0xC0, 0x00, 0x00,
  0x03, 0xF8, 0x00, 0x00, 0x00, 0x7E, 0x00, 0x00, 0x00, 0x07, 0xC0, 0x00,
  0x00, 0x00, 0xF8, 0x00, 0x00, 0x00, 0x18, 0x00, 0x10, 0x00, 0x00, 0x3F,
  0xFF, 0x80, 0x0F, 0x80, 0x1F, 0xFF, 0xFF, 0xF8, 0x00, 0xF8, 0x01, 0xFF,
  0xF0, 0xF8, 0x00, 0x0F, 0x80, 0x01, 0xF0, 0x07, 0x80, 0x01, 0xF8, 0x00,
  0x0F, 0x00, 0x78, 0x00, 0x1F, 0xC0, 0x00, 0xE0, 0x07, 0x80, 0x01, 0xFC,
  0x00, 0x1E, 0x00, 0x7C, 0x00, 0x3F, 0xC0, 0x01, 0xE0, 0x03, 0xC0, 0x03,
  0xDE, 0x00, 0x1C, 0x00, 0x3C, 0x00, 0x39, 0xE0, 0x01, 0xC0, 0x03, 0xC0,
  0x07, 0x9E, 0x00, 0x3C, 0x00, 0x3E, 0x00, 0x79, 0xE0, 0x03, 0xC0, 0x01,
  0xE0, 0x07, 0x0F, 0x00, 0x38, 0x00, 0x1E, 0x00, 0x70, 0xF0, 0x07, 0x80,
  0x01, 0xE0, 0x0F, 0x0F, 0x00, 0x78, 0x00, 0x0F, 0x00, 0xE0, 0x78, 0x07,
  0x00, 0x00, 0xF0, 0x0E, 0x07, 0x80, 0x70, 0x00, 0x0F, 0x01, 0xE0, 0x78,
  0x0F, 0x00, 0x00, 0xF0, 0x1C, 0x07, 0x80, 0xF0, 0x00, 0x07, 0x81, 0xC0,
  0x3C, 0x0E, 0x00, 0x00, 0x78, 0x3C, 0x03, 0xC0, 0xE0, 0x00, 0x07, 0x83,
  0xC0, 0x3C, 0x1E, 0x00, 0x00, 0x78, 0x38, 0x01, 0xE1, 0xC0, 0x00, 0x03,
  0xC3, 0x80, 0x1E, 0x1C, 0x00, 0x00, 0x3C, 0x78, 0x01, 0xE3, 0xC0, 0x00,
  0x03, 0xC7, 0x00, 0x1E, 0x3C, 0x00, 0x00, 0x3C, 0x70, 0x00, 0xF3, 0x80,
  0x00, 0x01, 0xEF, 0x00, 0x0F, 0x38, 0x00, 0x00, 0x1E, 0xE0, 0x00, 0xF7,
  0x80, 0x00, 0x01, 0xEE, 0x00, 0x07, 0xF0, 0x00, 0x00, 0x0F, 0xE0, 0x00,
  0x7F, 0x00, 0x00, 0x00, 0xFC, 0x00, 0x07, 0xF0, 0x00, 0x00, 0x0F, 0xC0,
  0x00, 0x3F, 0x00, 0x00, 0x00, 0xFC, 0x00, 0x03, 0xE0, 0x00, 0x00, 0x07,
  0xC0, 0x00, 0x3E, 0x00, 0x00, 0x00, 0x78, 0x00, 0x03, 0xE0, 0x00, 0x00,
  0x1C, 0x00, 0x01, 0xBF, 0xFE, 0x03, 0xFF, 0xDF, 0xFF, 0x01, 0xFF, 0xE0,
  0xF8, 0x00, 0x1F, 0x80, 0x7C, 0x00, 0x0F, 0x00, 0x1F, 0x00, 0x07, 0x00,
  0x07, 0xC0, 0x07, 0x80, 0x03, 0xE0, 0x07, 0x80, 0x00, 0xF8, 0x03, 0x80,
  0x00, 0x3E, 0x03, 0xC0, 0x00, 0x1F, 0x03, 0xC0, 0x00, 0x07, 0xC1, 0xC0,
  0x00, 0x01, 0xF1, 0xE0, 0x00, 0x00, 0xF9, 0xE0, 0x00, 0x00, 0x3E, 0xE0,
  0x00, 0x00, 0x0F, 0xE0, 0x00, 0x00, 0x07, 0xF0, 0x00, 0x00, 0x01, 0xF0,
  0x00, 0x00, 0x00, 0xFC, 0x00, 0x00, 0x00, 0xFE, 0x00, 0x00, 0x00, 0x77,
  0x80, 0x00, 0x00, 0x7B, 0xE0, 0x00, 0x00, 0x78, 0xF0, 0x00, 0x00, 0x38,
  0x3C, 0x00, 0x00, 0x3C, 0x1F, 0x00, 0x00, 0x3C, 0x07, 0xC0, 0x00, 0x1C,
  0x01, 0xE0, 0x00, 0x1E, 0x00, 0xF8, 0x00, 0x1E, 0x00, 0x3E, 0x00, 0x1E,
  0x00, 0x0F, 0x00, 0x0F, 0x00, 0x07, 0xC0, 0x0F, 0x00, 0x01, 0xF0, 0x0F,
  0x00, 0x00, 0x78, 0x1F, 0xF0, 0x01, 0xFF, 0xBF, 0xFC, 0x03, 0xFF, 0xFF,
  0xFE, 0x01, 0xFF, 0xF0, 0x00, 0x18, 0x00, 0x03, 0xFF, 0xF8, 0x0F, 0xFF,
  0xFF, 0xF8, 0x0F, 0xFF, 0x1F, 0x80, 0x00, 0xF8, 0x07, 0x80, 0x00, 0xF0,
  0x07, 0xC0, 0x00, 0xE0, 0x03, 0xC0, 0x01, 0xE0, 0x03, 0xE0, 0x01, 0xC0,
  0x01, 0xE0, 0x03, 0xC0, 0x01, 0xF0, 0x03, 0x80, 0x00, 0xF0, 0x07, 0x80,
  0x00, 0xF0, 0x07, 0x00, 0x00, 0x78, 0x0F, 0x00, 0x00, 0x78, 0x0E, 0x00,
  0x00, 0x3C, 0x1E, 0x00, 0x00, 0x3C, 0x1C, 0x00, 0x00, 0x1E, 0x3C, 0x00,
  0x00, 0x1E, 0x38, 0x00, 0x00, 0x0F, 0x78, 0x00, 0x00, 0x0F, 0x70, 0x00,
  0x00, 0x07, 0xF0, 0x00, 0x00, 0x07, 0xE0, 0x00, 0x00, 0x03, 0xE0, 0x00,
  0x00, 0x03, 0xC0, 0x00, 0x00, 0x03, 0xC0, 0x00, 0x00, 0x03, 0xC0, 0x00,
  0x00, 0x03, 0xC0, 0x00, 0x00, 0x03, 0xC0, 0x00, 0x00, 0x03, 0xC0, 0x00,
  0x00, 0x03, 0xC0, 0x00, 0x00, 0x03, 0xC0, 0x00, 0x00, 0x03, 0xC0, 0x00,
  0x00, 0x03, 0xC0, 0x00, 0x00, 0x1F, 0xF8, 0x00, 0x00, 0x3F, 0xFE, 0x00,
  0x00, 0x3F, 0xFE, 0x00, 0x7F, 0xFF, 0xFF, 0xCF, 0xFF, 0xFF, 0xF9, 0xFF,
  0xFF, 0xFF, 0x3F, 0xFF, 0xFF, 0xE7, 0x80, 0x00, 0x7C, 0xF0, 0x00, 0x1F,
  0x1C, 0x00, 0x07, 0xC3, 0x80, 0x00, 0xF0, 0x70, 0x00, 0x3E, 0x00, 0x00,
  0x0F, 0x80, 0x00, 0x01, 0xE0, 0x00, 0x00, 0x7C, 0x00, 0x00, 0x1F, 0x00,
  0x00, 0x07, 0xC0, 0x00, 0x00, 0xF0, 0x00, 0x00, 0x3E, 0x00, 0x00, 0x0F,
  0x80, 0x00, 0x01, 0xE0, 0x00, 0x00, 0x7C, 0x00, 0x00, 0x1F, 0x00, 0x00,
  0x07, 0xC0, 0x00, 0x00, 0xF0, 0x00, 0x00, 0x3E, 0x00, 0x00, 0x0F, 0x80,
  0x00, 0x03, 0xE0, 0x00, 0x00, 0x7C, 0x00, 0x00, 0x1F, 0x00, 0x00, 0x07,
  0xC0, 0x00, 0x70, 0xF8, 0x00, 0x0E, 0x3E, 0x00, 0x01, 0xCF, 0x80, 0x00,
  0x3B, 0xE0, 0x00, 0x0F, 0x7C, 0x00, 0x01, 0xFF, 0xFF, 0xFF, 0xFF, 0xFF,
  0xFF, 0xFF, 0xFF, 0xFF, 0xFF, 0xF0, 0xFF, 0xFF, 0xFF, 0xFF, 0xF0, 0x0E,
  0x01, 0xC0, 0x38, 0x07, 0x00, 0xE0, 0x1C, 0x03, 0x80, 0x70, 0x0E, 0x01,
  0xC0, 0x38, 0x07, 0x00, 0xE0, 0x1C, 0x03, 0x80, 0x70, 0x0E, 0x01, 0xC0,
  0x38, 0x07, 0x00, 0xE0, 0x1C, 0x03, 0x80, 0x70, 0x0E, 0x01, 0xC0, 0x38,
  0x07, 0x00, 0xE0, 0x1C, 0x03, 0x80, 0x70, 0x0E, 0x01, 0xC0, 0x38, 0x07,
  0x00, 0xE0, 0x1C, 0x03, 0x80, 0x70, 0x0E, 0x01, 0xFF, 0xFF, 0xFF, 0xFF,
  0xE0, 0x00, 0x70, 0x00, 0x70, 0x00, 0x70, 0x00, 0x70, 0x00, 0x38, 0x00,
  0x38, 0x00, 0x38, 0x00, 0x1C, 0x00, 0x1C, 0x00, 0x1C, 0x00, 0x1C, 0x00,
  0x0E, 0x00, 0x0E, 0x00, 0x0E, 0x00, 0x07, 0x00, 0x07, 0x00, 0x07, 0x00,
  0x07, 0x80, 0x03, 0x80, 0x03, 0x80, 0x03, 0x80, 0x01, 0xC0, 0x01, 0xC0,
  0x01, 0xC0, 0x01, 0xE0, 0x00, 0xE0, 0x00, 0xE0, 0x00, 0xE0, 0x00, 0x70,
  0x00, 0x70, 0x00, 0x70, 0x00, 0x38, 0x00, 0x38, 0x00, 0x38, 0x00, 0x38,
  0x00, 0x1C, 0x00, 0x1C, 0x00, 0x1C, 0x00, 0x0E, 0x00, 0x0E, 0x00, 0x0E,
  0x00, 0x0E, 0x00, 0x07, 0x00, 0x07, 0xFF, 0xFF, 0xFF, 0xFF, 0x80, 0xF0,
  0x1E, 0x03, 0xC0, 0x78, 0x0F, 0x01, 0xE0, 0x3C, 0x07, 0x80, 0xF0, 0x1E,
  0x03, 0xC0, 0x78, 0x0F, 0x01, 0xE0, 0x3C, 0x07, 0x80, 0xF0, 0x1E, 0x03,
  0xC0, 0x78, 0x0F, 0x01, 0xE0, 0x3C, 0x07, 0x80, 0xF0, 0x1E, 0x03, 0xC0,
  0x78, 0x0F, 0x01, 0xE0, 0x3C, 0x07, 0x80, 0xF0, 0x1E, 0x03, 0xC0, 0x78,
  0x0F, 0x01, 0xE0, 0x3C, 0x07, 0x80, 0xF0, 0x1F, 0xFF, 0xFF, 0xFF, 0xFF,
  0x00, 0x78, 0x00, 0x01, 0xE0, 0x00, 0x0F, 0xC0, 0x00, 0x7F, 0x00, 0x01,
  0xDE, 0x00, 0x0F, 0x38, 0x00, 0x38, 0xF0, 0x01, 0xE1, 0xE0, 0x07, 0x07,
  0x80, 0x3C, 0x0F, 0x00, 0xE0, 0x1C, 0x07, 0x80, 0x78, 0x3C, 0x00, 0xE0,
  0xF0, 0x03, 0xC7, 0x80, 0x07, 0x1C, 0x00, 0x1E, 0xF0, 0x00, 0x3C, 0xFF,
  0xFF, 0xFF, 0xFF, 0xFF, 0xFF, 0xC0, 0x20, 0x07, 0x00, 0xFC, 0x07, 0xE0,
  0x3F, 0x00, 0xF8, 0x07, 0xE0, 0x1F, 0x00, 0xE0, 0x07, 0xFF, 0x00, 0x7F,
  0xFF, 0xC0, 0x7F, 0xFF, 0xE0, 0x78, 0x03, 0xE0, 0x78, 0x01, 0xE0, 0x70,
  0x01, 0xF0, 0x70, 0x00, 0xF0, 0x70, 0x00, 0xF0, 0x00, 0x00, 0xF0, 0x00,
  0x00, 0xF0, 0x00, 0x00, 0xF0, 0x00, 0x00, 0xF0, 0x01, 0xFF, 0xF0, 0x1F,
  0xFF, 0xF0, 0x3F, 0xFF, 0xF0, 0x7C, 0x00, 0xF0, 0xF8, 0x00, 0xF0, 0xF0,
  0x00, 0xF0, 0xF0, 0x00, 0xF0, 0xF0, 0x00, 0xF0, 0xF0, 0x00, 0xF0, 0xF0,
  0x01, 0xF0, 0xF0, 0x07, 0xF0, 0xF8, 0x1F, 0xF0, 0x7F, 0xFC, 0xFE, 0x3F,
  0xF8, 0x7F, 0x1F, 0xE0, 0x7F, 0xFF, 0x00, 0x00, 0x3F, 0xC0, 0x00, 0x07,
  0xF0, 0x00, 0x00, 0x7C, 0x00, 0x00, 0x1F, 0x00, 0x00, 0x07, 0xC0, 0x00,
  0x01, 0xF0, 0x00, 0x00, 0x7C, 0x00, 0x00, 0x1F, 0x00, 0x00, 0x07, 0xC0,
  0x00, 0x01, 0xF0, 0x00, 0x00, 0x7C, 0x00, 0x00, 0x1F, 0x0F, 0xF0, 0x07,
  0xCF, 0xFE, 0x01, 0xF7, 0xFF, 0xE0, 0x7F, 0x81, 0xF8, 0x1F, 0xC0, 0x1F,
  0x07, 0xC0, 0x03, 0xE1, 0xF0, 0x00, 0xF8, 0x7C, 0x00, 0x1E, 0x1F, 0x00,
  0x07, 0xC7, 0xC0, 0x01, 0xF1, 0xF0, 0x00, 0x3C, 0x7C, 0x00, 0x0F, 0x1F,
  0x00, 0x03, 0xC7, 0xC0, 0x00, 0xF1, 0xF0, 0x00, 0x3C, 0x7C, 0x00, 0x0F,
  0x1F, 0x00, 0x03, 0xC7, 0xC0, 0x01, 0xF1, 0xF0, 0x00, 0x78, 0x7C, 0x00,
  0x1E, 0x1F, 0x00, 0x0F, 0x87, 0xC0, 0x03, 0xC1, 0xF0, 0x01, 0xF0, 0x7C,
  0x01, 0xF8, 0x1F, 0xFF, 0xFC, 0x07, 0xFF, 0xFC, 0x00, 0xFF, 0xFC, 0x00,
  0x00, 0xFF, 0xE0, 0x0F, 0xFF, 0xE0, 0x7F, 0xFF, 0xC3, 0xE0, 0x0E, 0x1F,
  0x00, 0x38, 0xF8, 0x00, 0xE3, 0xC0, 0x03, 0x9F, 0x00, 0x0E, 0x78, 0x00,
  0x01, 0xE0, 0x00, 0x07, 0x80, 0x00, 0x3E, 0x00, 0x00, 0xF8, 0x00, 0x03,
  0xE0, 0x00, 0x0F, 0x80, 0x00, 0x3E, 0x00, 0x00, 0xF8, 0x00, 0x01, 0xE0,
  0x00, 0x07, 0x80, 0x00, 0x1F, 0x00, 0x00, 0x3C, 0x00, 0x00, 0xF8, 0x00,
  0x21, 0xF0, 0x01, 0xC7, 0xE0, 0x1F, 0x0F, 0xFF, 0xF8, 0x1F, 0xFF, 0x80,
  0x1F, 0xF8, 0x00, 0x00, 0x01, 0xFE, 0x00, 0x00, 0x3F, 0xC0, 0x00, 0x03,
  0xF8, 0x00, 0x00, 0x0F, 0x00, 0x00, 0x01, 0xE0, 0x00, 0x00, 0x3C, 0x00,
  0x00, 0x07, 0x80, 0x00, 0x00, 0xF0, 0x00, 0x00, 0x1E, 0x00, 0x00, 0x03,
  0xC0, 0x00, 0x00, 0x78, 0x00, 0x00, 0x0F, 0x00, 0x07, 0xFF, 0xE0, 0x07,
  0xFF, 0xFC, 0x01, 0xFF, 0xFF, 0x80, 0x7E, 0x00, 0xF0, 0x1F, 0x00, 0x1E,
  0x07, 0xC0, 0x03, 0xC0, 0xF0, 0x00, 0x78, 0x3E, 0x00, 0x0F, 0x07, 0x80,
  0x01, 0xE0, 0xF0, 0x00, 0x3C, 0x1E, 0x00, 0x07, 0x83, 0xC0, 0x00, 0xF0,
  0xF8, 0x00, 0x1E, 0x1F, 0x00, 0x03, 0xC3, 0xE0, 0x00, 0x78, 0x7C, 0x00,
  0x0F, 0x07, 0x80, 0x01, 0xE0, 0xF0, 0x00, 0x3C, 0x1E, 0x00, 0x07, 0x83,
  0xE0, 0x00, 0xF0, 0x7C, 0x00, 0x1E, 0x07, 0xC0, 0x07, 0xC0, 0xFC, 0x01,
  0xF8, 0x0F, 0xC0, 0xFF, 0x00, 0xFF, 0xFD, 0xFC, 0x0F, 0xFF, 0x1F, 0xC0,
  0xFF, 0x83, 0xF8, 0x00, 0xFF, 0xC0, 0x07, 0xFF, 0xC0, 0x1F, 0xFF, 0xC0,
  0x7C, 0x07, 0xC1, 0xF0, 0x07, 0xC7, 0xC0, 0x07, 0x8F, 0x00, 0x0F, 0xBE,
  0x00, 0x0F, 0x78, 0x00, 0x1E, 0xF0, 0x00, 0x3D, 0xE0, 0x00, 0x7B, 0xFF,
  0xFF, 0xFF, 0xFF, 0xFF, 0xFF, 0xFF, 0xFF, 0xFE, 0x00, 0x00, 0x7C, 0x00,
  0x00, 0x78, 0x00, 0x00, 0xF0, 0x00, 0x01, 0xE0, 0x00, 0x03, 0xE0, 0x00,
  0x03, 0xC0, 0x00, 0x07, 0xC0, 0x00, 0x87, 0xC0, 0x03, 0x8F, 0xC0, 0x3F,
  0x0F, 0xFF, 0xFC, 0x0F, 0xFF, 0xE0, 0x07, 0xFF, 0x00, 0x00, 0x0C, 0x00,
  0x1F, 0xFC, 0x07, 0xFF, 0x01, 0xFD, 0xE0, 0x7C, 0x00, 0x0F, 0x00, 0x03,
  0xC0, 0x00, 0x78, 0x00, 0x0F, 0x00, 0x01, 0xE0, 0x00, 0x3C, 0x00, 0x07,
  0x80, 0x00, 0xF0, 0x00, 0x3F, 0xFC, 0x3F, 0xFF, 0x87, 0xFF, 0xF0, 0x0F,
  0x00, 0x01, 0xE0, 0x00, 0x3C, 0x00, 0x07, 0x80, 0x00, 0xF0, 0x00, 0x1E,
  0x00, 0x03, 0xC0, 0x00, 0x78, 0x00, 0x0F, 0x00, 0x01, 0xE0, 0x00, 0x3C,
  0x00, 0x07, 0x80, 0x00, 0xF0, 0x00, 0x1E, 0x00, 0x03, 0xC0, 0x00, 0x78,
  0x00, 0x0F, 0x00, 0x01, 0xE0, 0x00, 0x3C, 0x00, 0x07, 0x80, 0x00, 0xF0,
  0x00, 0xFF, 0xC0, 0x3F, 0xFE, 0x07, 0xFF, 0xC0, 0x01, 0xFF, 0x9F, 0x83,
  0xFF, 0xFF, 0xC7, 0xFF, 0xFF, 0xE7, 0xE0, 0x1F, 0x03, 0xC0, 0x07, 0x83,
  0xE0, 0x01, 0xE1, 0xE0, 0x00, 0xF0, 0xF0, 0x00, 0x78, 0x78, 0x00, 0x3C,
  0x3C, 0x00, 0x1E, 0x1E, 0x00, 0x0F, 0x0F, 0x00, 0x07, 0x87, 0x80, 0x03,
  0xC1, 0xE0, 0x03, 0xC0, 0xF8, 0x03, 0xE0, 0x3F, 0x8F, 0xE0, 0x0F, 0xFF,
  0xE0, 0x03, 0xFF, 0xC0, 0x03, 0x84, 0x00, 0x01, 0xC0, 0x00, 0x01, 0xC0,
  0x00, 0x00, 0xE0, 0x00, 0x00, 0xF0, 0x00, 0x00, 0x7F, 0xFF, 0x00, 0x3F,
  0xFF, 0xF8, 0x0F, 0xFF, 0xFF, 0x07, 0x80, 0x7F, 0xC7, 0x80, 0x03, 0xE7,
  0x00, 0x00, 0xFF, 0x80, 0x00, 0x3F, 0x80, 0x00, 0x1F, 0xC0, 0x00, 0x0F,
  0xE0, 0x00, 0x07, 0xF8, 0x00, 0x07, 0xBE, 0x00, 0x07, 0xDF, 0xC0, 0x0F,
  0xC7, 0xFF, 0xFF, 0xC0, 0xFF, 0xFF, 0xC0, 0x1F, 0xFF, 0x00, 0xFF, 0x00,
  0x00, 0x03, 0xFC, 0x00, 0x00, 0x07, 0xF0, 0x00, 0x00, 0x03, 0xC0, 0x00,
  0x00, 0x0F, 0x00, 0x00, 0x00, 0x3C, 0x00, 0x00, 0x00, 0xF0, 0x00, 0x00,
  0x03, 0xC0, 0x00, 0x00, 0x0F, 0x00, 0x00, 0x00, 0x3C, 0x00, 0x00, 0x00,
  0xF0, 0x00, 0x00, 0x03, 0xC0, 0x00, 0x00, 0x0F, 0x03, 0xFC, 0x00, 0x3C,
  0x3F, 0xF8, 0x00, 0xF3, 0xFF, 0xF0, 0x03, 0xDE, 0x07, 0xE0, 0x0F, 0xE0,
  0x0F, 0x80, 0x3F, 0x00, 0x1F, 0x00, 0xF8, 0x00, 0x7C, 0x03, 0xC0, 0x00,
  0xF0, 0x0F, 0x00, 0x03, 0xC0, 0x3C, 0x00, 0x0F, 0x00, 0xF0, 0x00, 0x3C,
  0x03, 0xC0, 0x00, 0xF0, 0x0F, 0x00, 0x03, 0xC0, 0x3C, 0x00, 0x0F, 0x00,
  0xF0, 0x00, 0x3C, 0x03, 0xC0, 0x00, 0xF0, 0x0F, 0x00, 0x03, 0xC0, 0x3C,
  0x00, 0x0F, 0x00, 0xF0, 0x00, 0x3C, 0x03, 0xC0, 0x00, 0xF0, 0x0F, 0x00,
  0x03, 0xC0, 0x3C, 0x00, 0x0F, 0x00, 0xF0, 0x00, 0x3C, 0x03, 0xC0, 0x00,
  0xF0, 0x3F, 0xE0, 0x1F, 0xF3, 0xFF, 0xC0, 0xFF, 0xFF, 0xFF, 0x03, 0xFF,
  0xC0, 0x0F, 0x01, 0xF0, 0x1F, 0x01, 0xF0, 0x0F, 0x00, 0x00, 0x00, 0x00,
  0x00, 0x00, 0x00, 0x00, 0x00, 0x0F, 0xF0, 0xFF, 0x0F, 0xF0, 0x0F, 0x00,
  0xF0, 0x0F, 0x00, 0xF0, 0x0F, 0x00, 0xF0, 0x0F, 0x00, 0xF0, 0x0F, 0x00,
  0xF0, 0x0F, 0x00, 0xF0, 0x0F, 0x00, 0xF0, 0x0F, 0x00, 0xF0, 0x0F, 0x00,
  0xF0, 0x0F, 0x00, 0xF0, 0x0F, 0x07, 0xFE, 0xFF, 0xFF, 0xFF, 0x01, 0xE0,
  0x3E, 0x03, 0xF0, 0x3F, 0x01, 0xE0, 0x00, 0x00, 0x00, 0x00, 0x00, 0x00,
  0x00, 0x00, 0x01, 0xFE, 0x1F, 0xE1, 0xFE, 0x01, 0xE0, 0x1E, 0x01, 0xE0,
  0x1E, 0x01, 0xE0, 0x1E, 0x01, 0xE0, 0x1E, 0x01, 0xE0, 0x1E, 0x01, 0xE0,
  0x1E, 0x01, 0xE0, 0x1E, 0x01, 0xE0, 0x1E, 0x01, 0xE0, 0x1E, 0x01, 0xE0,
  0x1E, 0x01, 0xE0, 0x1E, 0x01, 0xE0, 0x1E, 0x01, 0xE0, 0x1E, 0x01, 0xE0,
  0x1E, 0x01, 0xE0, 0x1E, 0x01, 0xE0, 0x3C, 0x07, 0xCF, 0xF8, 0xFF, 0x0F,
  0xC0, 0xFF, 0x00, 0x00, 0x0F, 0xF0, 0x00, 0x00, 0x7F, 0x00, 0x00, 0x00,
  0xF0, 0x00, 0x00, 0x0F, 0x00, 0x00, 0x00, 0xF0, 0x00, 0x00, 0x0F, 0x00,
  0x00, 0x00, 0xF0, 0x00, 0x00, 0x0F, 0x00, 0x00, 0x00, 0xF0, 0x00, 0x00,
  0x0F, 0x00, 0x00, 0x00, 0xF0, 0x00, 0x00, 0x0F, 0x01, 0xFF, 0xC0, 0xF0,
  0x1F, 0xFC, 0x0F, 0x01, 0xFF, 0x00, 0xF0, 0x03, 0xC0, 0x0F, 0x00, 0x38,
  0x00, 0xF0, 0x07, 0x80, 0x0F, 0x00, 0xF0, 0x00, 0xF0, 0x0F, 0x00, 0x0F,
  0x01, 0xE0, 0x00, 0xF0, 0x1C, 0x00, 0x0F, 0x03, 0xC0, 0x00, 0xFF, 0xF8,
  0x00, 0x0F, 0xFF, 0x80, 0x00, 0xFF, 0xFC, 0x00, 0x0F, 0x03, 0xE0, 0x00,
  0xF0, 0x1E, 0x00, 0x0F, 0x01, 0xF0, 0x00, 0xF0, 0x0F, 0x00, 0x0F, 0x00,
  0x78, 0x00, 0xF0, 0x07, 0x80, 0x0F, 0x00, 0x3C, 0x00, 0xF0, 0x03, 0xE0,
  0x0F, 0x00, 0x1E, 0x00, 0xF0, 0x01, 0xF0, 0x3F, 0xE0, 0x0F, 0xCF, 0xFF,
  0x00, 0xFF, 0xFF, 0xF0, 0x07, 0xF0, 0xFF, 0x0F, 0xF0, 0x3F, 0x00, 0xF0,
  0x0F, 0x00, 0xF0, 0x0F, 0x00, 0xF0, 0x0F, 0x00, 0xF0, 0x0F, 0x00, 0xF0,
  0x0F, 0x00, 0xF0, 0x0F, 0x00, 0xF0, 0x0F, 0x00, 0xF0, 0x0F, 0x00, 0xF0,
  0x0F, 0x00, 0xF0, 0x0F, 0x00, 0xF0, 0x0F, 0x00, 0xF0, 0x0F, 0x00, 0xF0,
  0x0F, 0x00, 0xF0, 0x0F, 0x00, 0xF0, 0x0F, 0x00, 0xF0, 0x0F, 0x00, 0xF0,
  0x3F, 0xEF, 0xFF, 0xFF, 0xF0, 0xFE, 0x07, 0xF8, 0x03, 0xFC, 0x03, 0xF8,
  0x7F, 0xF8, 0x3F, 0xF8, 0x0F, 0xE3, 0xFF, 0xE1, 0xFF, 0xF0, 0x03, 0xBE,
  0x0F, 0xDF, 0x07, 0xE0, 0x0F, 0xE0, 0x0F, 0xF0, 0x0F, 0x80, 0x3E, 0x00,
  0x3F, 0x00, 0x1E, 0x00, 0xF0, 0x00, 0x78, 0x00, 0x7C, 0x03, 0xC0, 0x01,
  0xE0, 0x00, 0xF0, 0x0F, 0x00, 0x07, 0x80, 0x03, 0xC0, 0x3C, 0x00, 0x1E,
  0x00, 0x0F, 0x00, 0xF0, 0x00, 0x78, 0x00, 0x3C, 0x03, 0xC0, 0x01, 0xE0,
  0x00, 0xF0, 0x0F, 0x00, 0x07, 0x80, 0x03, 0xC0, 0x3C, 0x00, 0x1E, 0x00,
  0x0F, 0x00, 0xF0, 0x00, 0x78, 0x00, 0x3C, 0x03, 0xC0, 0x01, 0xE0, 0x00,
  0xF0, 0x0F, 0x00, 0x07, 0x80, 0x03, 0xC0, 0x3C, 0x00, 0x1E, 0x00, 0x0F,
  0x00, 0xF0, 0x00, 0x78, 0x00, 0x3C, 0x03, 0xC0, 0x01, 0xE0, 0x00, 0xF0,
  0x0F, 0x00, 0x07, 0x80, 0x03, 0xC0, 0x3C, 0x00, 0x1E, 0x00, 0x0F, 0x00,
  0xF0, 0x00, 0x78, 0x00, 0x3C, 0x03, 0xC0, 0x01, 0xE0, 0x00, 0xF0, 0x7F,
  0xC0, 0x3F, 0xE0, 0x1F, 0xF3, 0xFF, 0xC1, 0xFF, 0xE0, 0xFF, 0xFF, 0xFF,
  0x07, 0xFF, 0x83, 0xFF, 0xC0, 0xFE, 0x07, 0xF8, 0x07, 0xF0, 0xFF, 0xF0,
  0x3F, 0x8F, 0xFF, 0xC0, 0x1D, 0xF0, 0x3F, 0x00, 0xFE, 0x00, 0xF8, 0x07,
  0xC0, 0x03, 0xC0, 0x3C, 0x00, 0x1E, 0x01, 0xE0, 0x00, 0xF0, 0x0F, 0x00,
  0x07, 0x80, 0x78, 0x00, 0x3C, 0x03, 0xC0, 0x01, 0xE0, 0x1E, 0x00, 0x0F,
  0x00, 0xF0, 0x00, 0x78, 0x07, 0x80, 0x03, 0xC0, 0x3C, 0x00, 0x1E, 0x01,
  0xE0, 0x00, 0xF0, 0x0F, 0x00, 0x07, 0x80, 0x78, 0x00, 0x3C, 0x03, 0xC0,
  0x01, 0xE0, 0x1E, 0x00, 0x0F, 0x00, 0xF0, 0x00, 0x78, 0x07, 0x80, 0x03,
  0xC0, 0x3C, 0x00, 0x1E, 0x01, 0xE0, 0x00, 0xF0, 0x7F, 0xC0, 0x1F, 0xF7,
  0xFF, 0x83, 0xFF, 0xFF, 0xFC, 0x1F, 0xFE, 0x00, 0xFF, 0xC0, 0x01, 0xFF,
  0xF8, 0x01, 0xFF, 0xFE, 0x01, 0xF0, 0x1F, 0x81, 0xF0, 0x03, 0xE1, 0xF0,
  0x00, 0xF0, 0xF0, 0x00, 0x7C, 0xF8, 0x00, 0x1E, 0x78, 0x00, 0x0F, 0x3C,
  0x00, 0x07, 0xDE, 0x00, 0x03, 0xEF, 0x00, 0x00, 0xFF, 0x80, 0x00, 0x7F,
  0xC0, 0x00, 0x3F, 0xE0, 0x00, 0x1F, 0xF0, 0x00, 0x0F, 0xF8, 0x00, 0x0F,
  0xBC, 0x00, 0x07, 0x9E, 0x00, 0x03, 0xCF, 0x00, 0x01, 0xE7, 0xC0, 0x01,
  0xE1, 0xE0, 0x00, 0xF0, 0xF8, 0x00, 0xF0, 0x3F, 0x01, 0xF8, 0x0F, 0xFF,
  0xF8, 0x03, 0xFF, 0xF0, 0x00, 0x7F, 0xE0, 0x00, 0xFF, 0x07, 0xF8, 0x1F,
  0xE3, 0xFF, 0x81, 0xFD, 0xFF, 0xF8, 0x07, 0xF8, 0x1F, 0x80, 0xFC, 0x00,
  0xF8, 0x1F, 0x00, 0x1F, 0x03, 0xC0, 0x01, 0xF0, 0x78, 0x00, 0x1E, 0x0F,
  0x00, 0x03, 0xC1, 0xE0, 0x00, 0x7C, 0x3C, 0x00, 0x0F, 0x87, 0x80, 0x00,
  0xF0, 0xF0, 0x00, 0x1E, 0x1E, 0x00, 0x03, 0xC3, 0xC0, 0x00, 0x78, 0x78,
  0x00, 0x0F, 0x0F, 0x00, 0x03, 0xE1, 0xE0, 0x00, 0x78, 0x3C, 0x00, 0x0F,
  0x07, 0x80, 0x01, 0xE0, 0xF0, 0x00, 0x7C, 0x1E, 0x00, 0x1F, 0x03, 0xC0,
  0x07, 0xC0, 0x78, 0x01, 0xF8, 0x0F, 0xFF, 0xFE, 0x01, 0xFF, 0xFF, 0x00,
  0x3F, 0xFF, 0xC0, 0x07, 0x83, 0x00, 0x00, 0xF0, 0x00, 0x00, 0x1E, 0x00,
  0x00, 0x03, 0xC0, 0x00, 0x00, 0x78, 0x00, 0x00, 0x0F, 0x00, 0x00, 0x01,
  0xE0, 0x00, 0x00, 0x3C, 0x00, 0x00, 0x07, 0x80, 0x00, 0x0F, 0xFF, 0x80,
  0x01, 0xFF, 0xF0, 0x00, 0x3F, 0xFE, 0x00, 0x00, 0x00, 0x7F, 0xF8, 0x00,
  0x7F, 0xFF, 0xC0, 0x1F, 0xFF, 0xF8, 0x07, 0xE0, 0x0F, 0x01, 0xF0, 0x01,
  0xE0, 0x7C, 0x00, 0x3C, 0x0F, 0x00, 0x07, 0x83, 0xE0, 0x00, 0xF0, 0x78,
  0x00, 0x1E, 0x0F, 0x00, 0x03, 0xC1, 0xE0, 0x00, 0x78, 0x3C, 0x00, 0x0F,
  0x0F, 0x80, 0x01, 0xE1, 0xF0, 0x00, 0x3C, 0x3E, 0x00, 0x07, 0x87, 0xC0,
  0x00, 0xF0, 0x78, 0x00, 0x1E, 0x0F, 0x00, 0x03, 0xC1, 0xE0, 0x00, 0x78,
  0x3E, 0x00, 0x0F, 0x07, 0xC0, 0x01, 0xE0, 0x7C, 0x00, 0x7C, 0x0F, 0xC0,
  0x1F, 0x80, 0xFC, 0x07, 0xF0, 0x0F, 0xFF, 0xDE, 0x00, 0xFF, 0xF3, 0xC0,
  0x0F, 0xF8, 0x78, 0x00, 0x10, 0x0F, 0x00, 0x00, 0x01, 0xE0, 0x00, 0x00,
  0x3C, 0x00, 0x00, 0x07, 0x80, 0x00, 0x00, 0xF0, 0x00, 0x00, 0x1E, 0x00,
  0x00, 0x03, 0xC0, 0x00, 0x00, 0x78, 0x00, 0x00, 0x0F, 0x00, 0x00, 0x3F,
  0xFE, 0x00, 0x07, 0xFF, 0xC0, 0x00, 0xFF, 0xF8, 0xFE, 0x0F, 0xFF, 0xE1,
  0xFF, 0xFE, 0x7F, 0xF0, 0xEF, 0x8F, 0x0F, 0xE0, 0x70, 0xF8, 0x07, 0x0F,
  0x00, 0x60, 0xF0, 0x00, 0x0F, 0x00, 0x00, 0xF0, 0x00, 0x0F, 0x00, 0x00,
  0xF0, 0x00, 0x0F, 0x00, 0x00, 0xF0, 0x00, 0x0F, 0x00, 0x00, 0xF0, 0x00,
  0x0F, 0x00, 0x00, 0xF0, 0x00, 0x0F, 0x00, 0x00, 0xF0, 0x00, 0x0F, 0x00,
  0x00, 0xF0, 0x00, 0x0F, 0x00, 0x00, 0xF0, 0x00, 0x7F, 0xE0, 0x0F, 0xFF,
  0x80, 0xFF, 0xF8, 0x00, 0x07, 0xFF, 0x03, 0xFF, 0xF8, 0xFF, 0xFF, 0x3E,
  0x01, 0xE7, 0x80, 0x1D, 0xE0, 0x03, 0xBC, 0x00, 0x77, 0x80, 0x00, 0xF8,
  0x00, 0x1F, 0x80, 0x01, 0xF8, 0x00, 0x1F, 0xE0, 0x01, 0xFF, 0x80, 0x0F,
  0xFE, 0x00, 0x7F, 0xE0, 0x00, 0xFE, 0x00, 0x07, 0xC0, 0x00, 0x7C, 0x00,
  0x07, 0xF0, 0x00, 0xFE, 0x00, 0x1F, 0xC0, 0x07, 0xF8, 0x00, 0xF7, 0x00,
  0x3E, 0xFE, 0x7F, 0x9F, 0xFF, 0xC1, 0xFF, 0xE0, 0x00, 0x01, 0x00, 0x07,
  0x80, 0x03, 0xC0, 0x01, 0xE0, 0x00, 0xF0, 0x00, 0x78, 0x00, 0x3C, 0x00,
  0xFF, 0xFE, 0xFF, 0xFF, 0x7F, 0xFF, 0x83, 0xC0, 0x01, 0xE0, 0x00, 0xF0,
  0x00, 0x78, 0x00, 0x3C, 0x00, 0x1E, 0x00, 0x0F, 0x00, 0x07, 0x80, 0x03,
  0xC0, 0x01, 0xE0, 0x00, 0xF0, 0x00, 0x78, 0x00, 0x3C, 0x00, 0x1E, 0x00,
  0x0F, 0x00, 0x07, 0x80, 0x03, 0xC0, 0x01, 0xE0, 0x00, 0xF0, 0x00, 0x7C,
  0x00, 0x1E, 0x04, 0x0F, 0xFE, 0x03, 0xFF, 0x80, 0xFE, 0x00, 0xFF, 0x00,
  0x7F, 0x87, 0xF8, 0x03, 0xFC, 0x3F, 0xC0, 0x1F, 0xE0, 0x1E, 0x00, 0x0F,
  0x00, 0xF0, 0x00, 0x78, 0x07, 0x80, 0x03, 0xC0, 0x3C, 0x00, 0x1E, 0x01,
  0xE0, 0x00, 0xF0, 0x0F, 0x00, 0x07, 0x80, 0x78, 0x00, 0x3C, 0x03, 0xC0,
  0x01, 0xE0, 0x1E, 0x00, 0x0F, 0x00, 0xF0, 0x00, 0x78, 0x07, 0x80, 0x03,
  0xC0, 0x3C, 0x00, 0x1E, 0x01, 0xE0, 0x00, 0xF0, 0x0F, 0x00, 0x07, 0x80,
  0x78, 0x00, 0x3C, 0x03, 0xC0, 0x01, 0xE0, 0x1E, 0x00, 0x0F, 0x00, 0xF0,
  0x00, 0x78, 0x07, 0xC0, 0x07, 0xC0, 0x3E, 0x00, 0x7E, 0x00, 0xF8, 0x0F,
  0x70, 0x07, 0xFF, 0xF3, 0xF0, 0x1F, 0xFE, 0x1F, 0xC0, 0x3F, 0xC0, 0xFE,
  0xFF, 0xE0, 0xFF, 0xFF, 0xFC, 0x1F, 0xFF, 0xFE, 0x01, 0xFF, 0x0F, 0x00,
  0x07, 0x81, 0xE0, 0x00, 0xF0, 0x1E, 0x00, 0x1C, 0x03, 0xC0, 0x07, 0x80,
  0x78, 0x00, 0xE0, 0x07, 0x80, 0x1C, 0x00, 0xF0, 0x07, 0x80, 0x1E, 0x00,
  0xE0, 0x03, 0xE0, 0x3C, 0x00, 0x3C, 0x07, 0x80, 0x07, 0x80, 0xE0, 0x00,
  0xF0, 0x3C, 0x00, 0x0F, 0x07, 0x80, 0x01, 0xE0, 0xE0, 0x00, 0x3C, 0x3C,
  0x00, 0x03, 0xC7, 0x80, 0x00, 0x78, 0xE0, 0x00, 0x0F, 0x3C, 0x00, 0x00,
  0xF7, 0x00, 0x00, 0x1E, 0xE0, 0x00, 0x03, 0xFC, 0x00, 0x00, 0x3F, 0x00,
  0x00, 0x07, 0xE0, 0x00, 0x00, 0xFC, 0x00, 0x00, 0xFF, 0xE0, 0x3E, 0x01,
  0xFF, 0xFF, 0xF0, 0x1F, 0x00, 0xFF, 0xFF, 0xE0, 0x0F, 0x80, 0x7F, 0xC3,
  0xC0, 0x0F, 0xE0, 0x07, 0x81, 0xE0, 0x07, 0xF0, 0x03, 0xC0, 0xF0, 0x03,
  0xB8, 0x01, 0xC0, 0x3C, 0x01, 0xDE, 0x00, 0xE0, 0x1E, 0x01, 0xEF, 0x00,
  0xF0, 0x0F, 0x00, 0xE3, 0x80, 0x70, 0x03, 0x80, 0x71, 0xC0, 0x38, 0x01,
  0xE0, 0x78, 0xF0, 0x1C, 0x00, 0xF0, 0x38, 0x78, 0x1E, 0x00, 0x78, 0x1C,
  0x1C, 0x0E, 0x00, 0x1C, 0x0E, 0x0E, 0x07, 0x00, 0x0F, 0x0F, 0x07, 0x87,
  0x80, 0x07, 0x87, 0x03, 0xC3, 0x80, 0x03, 0xC3, 0x80, 0xE1, 0xC0, 0x00,
  0xE1, 0xC0, 0x70, 0xE0, 0x00, 0x79, 0xC0, 0x3C, 0xF0, 0x00, 0x3C, 0xE0,
  0x0E, 0x70, 0x00, 0x0E, 0x70, 0x07, 0x38, 0x00, 0x07, 0x70, 0x03, 0xDC,
  0x00, 0x03, 0xF8, 0x01, 0xFC, 0x00, 0x01, 0xFC, 0x00, 0x7E, 0x00, 0x00,
  0x7E, 0x00, 0x3F, 0x00, 0x00, 0x3E, 0x00, 0x1F, 0x80, 0x00, 0x1F, 0x00,
  0x0F, 0x80, 0x00, 0xFF, 0xE0, 0x0F, 0xFF, 0xF8, 0x07, 0xFF, 0xF8, 0x01,
  0xF0, 0x3C, 0x00, 0xF0, 0x0F, 0x80, 0x78, 0x01, 0xF0, 0x1E, 0x00, 0x3C,
  0x0F, 0x00, 0x07, 0x87, 0x80, 0x01, 0xF1, 0xC0, 0x00, 0x3C, 0xF0, 0x00,
  0x07, 0xF8, 0x00, 0x01, 0xFC, 0x00, 0x00, 0x3F, 0x00, 0x00, 0x0F, 0x80,
  0x00, 0x03, 0xF0, 0x00, 0x01, 0xFE, 0x00, 0x00, 0xF7, 0x80, 0x00, 0x3C,
  0xF0, 0x00, 0x1E, 0x3E, 0x00, 0x0F, 0x07, 0x80, 0x03, 0xC0, 0xF0, 0x01,
  0xE0, 0x3E, 0x00, 0xF0, 0x07, 0x80, 0x3C, 0x00, 0xF0, 0x7E, 0x00, 0x7F,
  0xBF, 0x00, 0x7F, 0xFF, 0xC0, 0x1F, 0xFC, 0xFF, 0xE0, 0xFF, 0xFF, 0xFC,
  0x1F, 0xFF, 0xFE, 0x01, 0xFF, 0x0F, 0x00, 0x07, 0x81, 0xE0, 0x00, 0xF0,
  0x1E, 0x00, 0x1C, 0x03, 0xC0, 0x07, 0x80, 0x78, 0x00, 0xE0, 0x07, 0x80,
  0x3C, 0x00, 0xF0, 0x07, 0x80, 0x1E, 0x00, 0xE0, 0x01, 0xE0, 0x3C, 0x00,
  0x3C, 0x07, 0x80, 0x03, 0x80, 0xE0, 0x00, 0x78, 0x3C, 0x00, 0x0F, 0x07,
  0x80, 0x00, 0xE0, 0xE0, 0x00, 0x1E, 0x3C, 0x00, 0x01, 0xC7, 0x00, 0x00,
  0x3C, 0xE0, 0x00, 0x07, 0xBC, 0x00, 0x00, 0x77, 0x00, 0x00, 0x0F, 0xE0,
  0x00, 0x01, 0xFC, 0x00, 0x00, 0x1F, 0x00, 0x00, 0x03, 0xE0, 0x00, 0x00,
  0x3C, 0x00, 0x00, 0x07, 0x00, 0x00, 0x01, 0xE0, 0x00, 0x00, 0x38, 0x00,
  0x00, 0x0F, 0x00, 0x00, 0x01, 0xE0, 0x00, 0x00, 0x78, 0x00, 0x00, 0x0F,
  0x00, 0x00, 0x03, 0xC0, 0x00, 0x01, 0xF0, 0x00, 0x07, 0xFC, 0x00, 0x00,
  0xFF, 0x00, 0x00, 0x1F, 0x80, 0x00, 0x00, 0xFF, 0xFF, 0xFF, 0xFF, 0xFF,
  0xFF, 0xFF, 0xFF, 0x00, 0x1E, 0xE0, 0x03, 0xEE, 0x00, 0x7C, 0xE0, 0x07,
  0x80, 0x00, 0xF0, 0x00, 0x1F, 0x00, 0x01, 0xE0, 0x00, 0x3C, 0x00, 0x07,
  0xC0, 0x00, 0x78, 0x00, 0x0F, 0x00, 0x01, 0xF0, 0x00, 0x3E, 0x00, 0x03,
  0xC0, 0x00, 0x78, 0x00, 0x0F, 0x80, 0x00, 0xF0, 0x00, 0x1E, 0x00, 0x33,
  0xE0, 0x07, 0x7C, 0x00, 0x77, 0x80, 0x07, 0xFF, 0xFF, 0xFF, 0xFF, 0xFF,
  0xFF, 0xFF, 0xF0, 0x00, 0xFC, 0x0F, 0xF0, 0x7F, 0x01, 0xE0, 0x07, 0x00,
  0x3C, 0x00, 0xF0, 0x03, 0xC0, 0x0F, 0x00, 0x3C, 0x00, 0xF0, 0x03, 0xC0,
  0x0F, 0x00, 0x3C, 0x00, 0xF0, 0x03, 0xC0, 0x0F, 0x00, 0x3C, 0x00, 0xF0,
  0x03, 0xC0, 0x0F, 0x00, 0x78, 0x0F, 0xE0, 0x3E, 0x00, 0xF8, 0x03, 0xF8,
  0x01, 0xE0, 0x03, 0xC0, 0x0F, 0x00, 0x3C, 0x00, 0xF0, 0x03, 0xC0, 0x0F,
  0x00, 0x3C, 0x00, 0xF0, 0x03, 0xC0, 0x0F, 0x00, 0x3C, 0x00, 0xF0, 0x03,
  0xC0, 0x0F, 0x00, 0x3C, 0x00, 0xF0, 0x01, 0xC0, 0x07, 0x80, 0x1F, 0xE0,
  0x3F, 0xC0, 0x3F, 0xFF, 0xFF, 0xFF, 0xFF, 0xFF, 0xFF, 0xFF, 0xFF, 0xFF,
  0xFF, 0xFF, 0xFF, 0xFF, 0xFF, 0xFF, 0xFF, 0xFF, 0xC0, 0xFC, 0x03, 0xF8,
  0x07, 0xF0, 0x03, 0xC0, 0x07, 0x80, 0x1E, 0x00, 0x78, 0x01, 0xE0, 0x07,
  0x80, 0x1E, 0x00, 0x78, 0x01, 0xE0, 0x07, 0x80, 0x1E, 0x00, 0x78, 0x01,
  0xE0, 0x07, 0x80, 0x1E, 0x00, 0x78, 0x01, 0xE0, 0x03, 0xC0, 0x0F, 0x00,
  0x1F, 0x80, 0x3F, 0x00, 0xFC, 0x07, 0xE0, 0x3C, 0x00, 0xF0, 0x07, 0x80,
  0x1E, 0x00, 0x78, 0x01, 0xE0, 0x07, 0x80, 0x1E, 0x00, 0x78, 0x01, 0xE0,
  0x07, 0x80, 0x1E, 0x00, 0x78, 0x01, 0xE0, 0x07, 0x80, 0x1E, 0x00, 0x78,
  0x01, 0xE0, 0x0F, 0x03, 0xFC, 0x0F, 0xE0, 0x3F, 0x00, 0x0F, 0xE0, 0x01,
  0x1F, 0xFC, 0x01, 0xDF, 0xFF, 0x81, 0xCE, 0x07, 0xFF, 0xEE, 0x00, 0xFF,
  0xE2, 0x00, 0x1F, 0xC0, 0xFF, 0xFF, 0xFF, 0xFF, 0xFF, 0xFF, 0xFF, 0xFF,
  0xE0, 0x0F, 0xFE, 0xFF, 0xFE, 0xFF, 0xE0, 0x0F, 0xE0, 0x0F, 0xFF, 0xFF,
  0xE0, 0xFF, 0xE0, 0xFF, 0xE6, 0xFF, 0xE6, 0xFF, 0xE0, 0x0F, 0xFF, 0xFF,
  0xFF, 0xFF, 0xE0, 0x0F, 0xFE, 0xFF, 0xFE, 0xFF, 0xE0, 0xCF, 0xE0, 0xCF,
  0xFF, 0xCF, 0xE0, 0x0F, 0xE0, 0x0F, 0xFF, 0xFF, 0xE6, 0x0F, 0xE6, 0x0F,
  0xE6, 0xCF, 0xE7, 0xCF, 0xE0, 0x0F, 0xE0, 0x0F, 0xFF, 0xFF, 0xFF, 0xFF,
  0xFF, 0xFF, 0xE0, 0x0F, 0xE7, 0xCF, 0xE7, 0xCF, 0xE7, 0xCF, 0xE0, 0x0F,
  0xFF, 0xFF, 0xFF, 0xFF, 0xE0, 0x0F, 0xFE, 0x3F, 0xF8, 0xFF, 0xF1, 0xFF,
  0xE0, 0x0F, 0xFF, 0xFF, 0xFF, 0xFF, 0xFF, 0xFF, 0xFF, 0xFF, 0xFF, 0xFF,
  0xFF, 0xFF, 0xFF, 0xFF, 0xFF, 0xFF, 0xE0, 0x0F, 0xFE, 0xFF, 0xFE, 0xFF,
  0xE0, 0x0F, 0xE0, 0x0F, 0xFF, 0xFF, 0xE0, 0xFF, 0xE0, 0xFF, 0xE6, 0xFF,
  0xE6, 0xFF, 0xE0, 0x0F, 0xFF, 0xFF, 0xFF, 0xFF, 0xE0, 0x0F, 0xFE, 0xFF,
  0xFE, 0xFF, 0xE0, 0xCF, 0xE0, 0xCF, 0xFF, 0xCF, 0xE0, 0x0F, 0xE0, 0x0F,
  0xFF, 0xFF, 0xE6, 0x0F, 0xE6, 0x0F, 0xE6, 0xCF, 0xE7, 0xCF, 0xE0, 0x0F,
  0xE0, 0x0F, 0xFF, 0xFF, 0xFF, 0xFF, 0xFF, 0xFF, 0xE0, 0x0F, 0xE7, 0xCF,
  0xE7, 0xCF, 0xE7, 0xCF, 0xE0, 0x0F, 0xFF, 0xFF, 0xFF, 0xFF, 0xE0, 0x0F,
  0xFE, 0x3F, 0xF8, 0xFF, 0xF1, 0xFF, 0xE0, 0x0F, 0xFF, 0xFF, 0xFF, 0xFF,
  0xFF, 0xFF, 0xFF, 0xFF, 0xFF, 0xFF, 0xFF, 0xFF, 0xFF, 0xFF, 0xFF, 0xFF,
  0xE0, 0x0F, 0xFE, 0xFF, 0xFE, 0xFF, 0xE0, 0x0F, 0xE0, 0x0F, 0xFF, 0xFF,
  0xE0, 0xFF, 0xE0, 0xFF, 0xE6, 0xFF, 0xE6, 0xFF, 0xE0, 0x0F, 0xFF, 0xFF,
  0xFF, 0xFF, 0xE0, 0x0F, 0xFE, 0xFF, 0xFE, 0xFF, 0xE0, 0xCF, 0xE0, 0xCF,
  0xFF, 0xCF, 0xE0, 0x0F, 0xE0, 0x0F, 0xFF, 0xFF, 0xE6, 0x0F, 0xE6, 0x0F,
  0xE6, 0xCF, 0xE7, 0xCF, 0xE0, 0x0F, 0xE0, 0x0F, 0xFF, 0xFF, 0xFF, 0xFF,
  0xFF, 0xFF, 0xE0, 0x0F, 0xE7, 0xCF, 0xE7, 0xCF, 0xE7, 0xCF, 0xE0, 0x0F,
  0xFF, 0xFF, 0xFF, 0xFF, 0xE0, 0x0F, 0xFE, 0x3F, 0xF8, 0xFF, 0xF1, 0xFF,
  0xE0, 0x0F, 0xFF, 0xFF, 0xFF, 0xFF, 0xFF, 0xFF, 0xFF, 0xFF, 0xFF, 0xFF,
  0xFF, 0xFF, 0xFF, 0xFF, 0xFF, 0xFF, 0xE0, 0x0F, 0xFE, 0xFF, 0xFE, 0xFF,
  0xE0, 0x0F, 0xE0, 0x0F, 0xFF, 0xFF, 0xE0, 0xFF, 0xE0, 0xFF, 0xE6, 0xFF,
  0xE6, 0xFF, 0xE0, 0x0F, 0xFF, 0xFF, 0xFF, 0xFF, 0xE0, 0x0F, 0xFE, 0xFF,
  0xFE, 0xFF, 0xE0, 0xCF, 0xE0, 0xCF, 0xFF, 0xCF, 0xE0, 0x0F, 0xE0, 0x0F,
  0xFF, 0xFF, 0xE6, 0x0F, 0xE6, 0x0F, 0xE6, 0xCF, 0xE7, 0xCF, 0xE0, 0x0F,
  0xE0, 0x0F, 0xFF, 0xFF, 0xFF, 0xFF, 0xFF, 0xFF, 0xE0, 0x0F, 0xE7, 0xCF,
  0xE7, 0xCF, 0xE7, 0xCF, 0xE0, 0x0F, 0xFF, 0xFF, 0xFF, 0xFF, 0xE0, 0x0F,
  0xFE, 0x3F, 0xF8, 0xFF, 0xF1, 0xFF, 0xE0, 0x0F, 0xFF, 0xFF, 0xFF, 0xFF,
  0xFF, 0xFF, 0xFF, 0xFF, 0xFF, 0xFF, 0xFF, 0xFF, 0xFF, 0xFF, 0xFF, 0xFF,
  0xE0, 0x0F, 0xFE, 0xFF, 0xFE, 0xFF, 0xE0, 0x0F, 0xE0, 0x0F, 0xFF, 0xFF,
  0xE0, 0xFF, 0xE0, 0xFF, 0xE6, 0xFF, 0xE6, 0xFF, 0xE0, 0x0F, 0xFF, 0xFF,
  0xFF, 0xFF, 0xE0, 0x0F, 0xFE, 0xFF, 0xFE, 0xFF, 0xE0, 0xCF, 0xE0, 0xCF,
  0xFF, 0xCF, 0xE0, 0x0F, 0xE0, 0x0F, 0xFF, 0xFF, 0xE6, 0x0F, 0xE6, 0x0F,
  0xE6, 0xCF, 0xE7, 0xCF, 0xE0, 0x0F, 0xE0, 0x0F, 0xFF, 0xFF, 0xFF, 0xFF,
  0xFF, 0xFF, 0xE0, 0x0F, 0xE7, 0xCF, 0xE7, 0xCF, 0xE7, 0xCF, 0xE0, 0x0F,
  0xFF, 0xFF, 0xFF, 0xFF, 0xE0, 0x0F, 0xFE, 0x3F, 0xF8, 0xFF, 0xF1, 0xFF,
  0xE0, 0x0F, 0xFF, 0xFF, 0xFF, 0xFF, 0xFF, 0xFF, 0xFF, 0xFF, 0xFF, 0xFF,
  0xFF, 0xFF, 0xFF, 0xFF, 0xFF, 0xFF, 0xE0, 0x0F, 0xFE, 0xFF, 0xFE, 0xFF,
  0xE0, 0x0F, 0xE0, 0x0F, 0xFF, 0xFF, 0xE0, 0xFF, 0xE0, 0xFF, 0xE6, 0xFF,
  0xE6, 0xFF, 0xE0, 0x0F, 0xFF, 0xFF, 0xFF, 0xFF, 0xE0, 0x0F, 0xFE, 0xFF,
  0xFE, 0xFF, 0xE0, 0xCF, 0xE0, 0xCF, 0xFF, 0xCF, 0xE0, 0x0F, 0xE0, 0x0F,
  0xFF, 0xFF, 0xE6, 0x0F, 0xE6, 0x0F, 0xE6, 0xCF, 0xE7, 0xCF, 0xE0, 0x0F,
  0xE0, 0x0F, 0xFF, 0xFF, 0xFF, 0xFF, 0xFF, 0xFF, 0xE0, 0x0F, 0xE7, 0xCF,
  0xE7, 0xCF, 0xE7, 0xCF, 0xE0, 0x0F, 0xFF, 0xFF, 0xFF, 0xFF, 0xE0, 0x0F,
  0xFE, 0x3F, 0xF8, 0xFF, 0xF1, 0xFF, 0xE0, 0x0F, 0xFF, 0xFF, 0xFF, 0xFF,
  0xFF, 0xFF, 0xFF, 0xFF, 0xFF, 0xFF, 0xFF, 0xFF, 0xFF, 0xFF, 0xFF, 0xFF,
  0xE0, 0x0F, 0xFE, 0xFF, 0xFE, 0xFF, 0xE0, 0x0F, 0xE0, 0x0F, 0xFF, 0xFF,
  0xE0, 0xFF, 0xE0, 0xFF, 0xE6, 0xFF, 0xE6, 0xFF, 0xE0, 0x0F, 0xFF, 0xFF,
  0xFF, 0xFF, 0xE0, 0x0F, 0xFE, 0xFF, 0xFE, 0xFF, 0xE0, 0xCF, 0xE0, 0xCF,
  0xFF, 0xCF, 0xE0, 0x0F, 0xE0, 0x0F, 0xFF, 0xFF, 0xE6, 0x0F, 0xE6, 0x0F,
  0xE6, 0xCF, 0xE7, 0xCF, 0xE0, 0x0F, 0xE0, 0x0F, 0xFF, 0xFF, 0xFF, 0xFF,
  0xFF, 0xFF, 0xE0, 0x0F, 0xE7, 0xCF, 0xE7, 0xCF, 0xE7, 0xCF, 0xE0, 0x0F,
  0xFF, 0xFF, 0xFF, 0xFF, 0xE0, 0x0F, 0xFE, 0x3F, 0xF8, 0xFF, 0xF1, 0xFF,
  0xE0, 0x0F, 0xFF, 0xFF, 0xFF, 0xFF, 0xFF, 0xFF, 0xFF, 0xFF, 0xFF, 0xFF,
  0xFF, 0xFF, 0xFF, 0xFF, 0xFF, 0xFF, 0xE0, 0x0F, 0xFE, 0xFF, 0xFE, 0xFF,
  0xE0, 0x0F, 0xE0, 0x0F, 0xFF, 0xFF, 0xE0, 0xFF, 0xE0, 0xFF, 0xE6, 0xFF,
  0xE6, 0xFF, 0xE0, 0x0F, 0xFF, 0xFF, 0xFF, 0xFF, 0xE0, 0x0F, 0xFE, 0xFF,
  0xFE, 0xFF, 0xE0, 0xCF, 0xE0, 0xCF, 0xFF, 0xCF, 0xE0, 0x0F, 0xE0, 0x0F,
  0xFF, 0xFF, 0xE6, 0x0F, 0xE6, 0x0F, 0xE6, 0xCF, 0xE7, 0xCF, 0xE0, 0x0F,
  0xE0, 0x0F, 0xFF, 0xFF, 0xFF, 0xFF, 0xFF, 0xFF, 0xE0, 0x0F, 0xE7, 0xCF,
  0xE7, 0xCF, 0xE7, 0xCF, 0xE0, 0x0F, 0xFF, 0xFF, 0xFF, 0xFF, 0xE0, 0x0F,
  0xFE, 0x3F, 0xF8, 0xFF, 0xF1, 0xFF, 0xE0, 0x0F, 0xFF, 0xFF, 0xFF, 0xFF,
  0xFF, 0xFF, 0xFF, 0xFF, 0xFF, 0xFF, 0xFF, 0xFF, 0xFF, 0xFF, 0xFF, 0xFF,
  0xE0, 0x0F, 0xFE, 0xFF, 0xFE, 0xFF, 0xE0, 0x0F, 0xE0, 0x0F, 0xFF, 0xFF,
  0xE0, 0xFF, 0xE0, 0xFF, 0xE6, 0xFF, 0xE6, 0xFF, 0xE0, 0x0F, 0xFF, 0xFF,
  0xFF, 0xFF, 0xE0, 0x0F, 0xFE, 0xFF, 0xFE, 0xFF, 0xE0, 0xCF, 0xE0, 0xCF,
  0xFF, 0xCF, 0xE0, 0x0F, 0xE0, 0x0F, 0xFF, 0xFF, 0xE6, 0x0F, 0xE6, 0x0F,
  0xE6, 0xCF, 0xE7, 0xCF, 0xE0, 0x0F, 0xE0, 0x0F, 0xFF, 0xFF, 0xFF, 0xFF,
  0xFF, 0xFF, 0xE0, 0x0F, 0xE7, 0xCF, 0xE7, 0xCF, 0xE7, 0xCF, 0xE0, 0x0F,
  0xFF, 0xFF, 0xFF, 0xFF, 0xE0, 0x0F, 0xFE, 0x3F, 0xF8, 0xFF, 0xF1, 0xFF,
  0xE0, 0x0F, 0xFF, 0xFF, 0xFF, 0xFF, 0xFF, 0xFF, 0xFF, 0xFF, 0xFF, 0xFF,
  0xFF, 0xFF, 0xFF, 0xFF, 0xFF, 0xFF, 0xE0, 0x0F, 0xFE, 0xFF, 0xFE, 0xFF,
  0xE0, 0x0F, 0xE0, 0x0F, 0xFF, 0xFF, 0xE0, 0xFF, 0xE0, 0xFF, 0xE6, 0xFF,
  0xE6, 0xFF, 0xE0, 0x0F, 0xFF, 0xFF, 0xFF, 0xFF, 0xE0, 0x0F, 0xFE, 0xFF,
  0xFE, 0xFF, 0xE0, 0xCF, 0xE0, 0xCF, 0xFF, 0xCF, 0xE0, 0x0F, 0xE0, 0x0F,
  0xFF, 0xFF, 0xE6, 0x0F, 0xE6, 0x0F, 0xE6, 0xCF, 0xE7, 0xCF, 0xE0, 0x0F,
  0xE0, 0x0F, 0xFF, 0xFF, 0xFF, 0xFF, 0xFF, 0xFF, 0xE0, 0x0F, 0xE7, 0xCF,
  0xE7, 0xCF, 0xE7, 0xCF, 0xE0, 0x0F, 0xFF, 0xFF, 0xFF, 0xFF, 0xE0, 0x0F,
  0xFE, 0x3F, 0xF8, 0xFF, 0xF1, 0xFF, 0xE0, 0x0F, 0xFF, 0xFF, 0xFF, 0xFF,
  0xFF, 0xFF, 0xFF, 0xFF, 0xFF, 0xFF, 0xFF, 0xFF, 0xFF, 0xFF, 0xFF, 0xFF,
  0xE0, 0x0F, 0xFE, 0xFF, 0xFE, 0xFF, 0xE0, 0x0F, 0xE0, 0x0F, 0xFF, 0xFF,
  0xE0, 0xFF, 0xE0, 0xFF, 0xE6, 0xFF, 0xE6, 0xFF, 0xE0, 0x0F, 0xFF, 0xFF,
  0xFF, 0xFF, 0xE0, 0x0F, 0xFE, 0xFF, 0xFE, 0xFF, 0xE0, 0xCF, 0xE0, 0xCF,
  0xFF, 0xCF, 0xE0, 0x0F, 0xE0, 0x0F, 0xFF, 0xFF, 0xE6, 0x0F, 0xE6, 0x0F,
  0xE6, 0xCF, 0xE7, 0xCF, 0xE0, 0x0F, 0xE0, 0x0F, 0xFF, 0xFF, 0xFF, 0xFF,
  0xFF, 0xFF, 0xE0, 0x0F, 0xE7, 0xCF, 0xE7, 0xCF, 0xE7, 0xCF, 0xE0, 0x0F,
  0xFF, 0xFF, 0xFF, 0xFF, 0xE0, 0x0F, 0xFE, 0x3F, 0xF8, 0xFF, 0xF1, 0xFF,
  0xE0, 0x0F, 0xFF, 0xFF, 0xFF, 0xFF, 0xFF, 0xFF, 0xFF, 0xFF, 0xFF, 0xFF,
  0xFF, 0xFF, 0xFF, 0xFF, 0xFF, 0xFF, 0xE0, 0x0F, 0xFE, 0xFF, 0xFE, 0xFF,
  0xE0, 0x0F, 0xE0, 0x0F, 0xFF, 0xFF, 0xE0, 0xFF, 0xE0, 0xFF, 0xE6, 0xFF,
  0xE6, 0xFF, 0xE0, 0x0F, 0xFF, 0xFF, 0xFF, 0xFF, 0xE0, 0x0F, 0xFE, 0xFF,
  0xFE, 0xFF, 0xE0, 0xCF, 0xE0, 0xCF, 0xFF, 0xCF, 0xE0, 0x0F, 0xE0, 0x0F,
  0xFF, 0xFF, 0xE6, 0x0F, 0xE6, 0x0F, 0xE6, 0xCF, 0xE7, 0xCF, 0xE0, 0x0F,
  0xE0, 0x0F, 0xFF, 0xFF, 0xFF, 0xFF, 0xFF, 0xFF, 0xE0, 0x0F, 0xE7, 0xCF,
  0xE7, 0xCF, 0xE7, 0xCF, 0xE0, 0x0F, 0xFF, 0xFF, 0xFF, 0xFF, 0xE0, 0x0F,
  0xFE, 0x3F, 0xF8, 0xFF, 0xF1, 0xFF, 0xE0, 0x0F, 0xFF, 0xFF, 0xFF, 0xFF,
  0xFF, 0xFF, 0xFF, 0xFF, 0xFF, 0xFF, 0xFF, 0xFF, 0xFF, 0xFF, 0xFF, 0xFF,
  0xE0, 0x0F, 0xFE, 0xFF, 0xFE, 0xFF, 0xE0, 0x0F, 0xE0, 0x0F, 0xFF, 0xFF,
  0xE0, 0xFF, 0xE0, 0xFF, 0xE6, 0xFF, 0xE6, 0xFF, 0xE0, 0x0F, 0xFF, 0xFF,
  0xFF, 0xFF, 0xE0, 0x0F, 0xFE, 0xFF, 0xFE, 0xFF, 0xE0, 0xCF, 0xE0, 0xCF,
  0xFF, 0xCF, 0xE0, 0x0F, 0xE0, 0x0F, 0xFF, 0xFF, 0xE6, 0x0F, 0xE6, 0x0F,
  0xE6, 0xCF, 0xE7, 0xCF, 0xE0, 0x0F, 0xE0, 0x0F, 0xFF, 0xFF, 0xFF, 0xFF,
  0xFF, 0xFF, 0xE0, 0x0F, 0xE7, 0xCF, 0xE7, 0xCF, 0xE7, 0xCF, 0xE0, 0x0F,
  0xFF, 0xFF, 0xFF, 0xFF, 0xE0, 0x0F, 0xFE, 0x3F, 0xF8, 0xFF, 0xF1, 0xFF,
  0xE0, 0x0F, 0xFF, 0xFF, 0xFF, 0xFF, 0xFF, 0xFF, 0xFF, 0xFF, 0xFF, 0xFF,
  0xFF, 0xFF, 0xFF, 0xFF, 0xFF, 0xFF, 0xE0, 0x0F, 0xFE, 0xFF, 0xFE, 0xFF,
  0xE0, 0x0F, 0xE0, 0x0F, 0xFF, 0xFF, 0xE0, 0xFF, 0xE0, 0xFF, 0xE6, 0xFF,
  0xE6, 0xFF, 0xE0, 0x0F, 0xFF, 0xFF, 0xFF, 0xFF, 0xE0, 0x0F, 0xFE, 0xFF,
  0xFE, 0xFF, 0xE0, 0xCF, 0xE0, 0xCF, 0xFF, 0xCF, 0xE0, 0x0F, 0xE0, 0x0F,
  0xFF, 0xFF, 0xE6, 0x0F, 0xE6, 0x0F, 0xE6, 0xCF, 0xE7, 0xCF, 0xE0, 0x0F,
  0xE0, 0x0F, 0xFF, 0xFF, 0xFF, 0xFF, 0xFF, 0xFF, 0xE0, 0x0F, 0xE7, 0xCF,
  0xE7, 0xCF, 0xE7, 0xCF, 0xE0, 0x0F, 0xFF, 0xFF, 0xFF, 0xFF, 0xE0, 0x0F,
  0xFE, 0x3F, 0xF8, 0xFF, 0xF1, 0xFF, 0xE0, 0x0F, 0xFF, 0xFF, 0xFF, 0xFF,
  0xFF, 0xFF, 0xFF, 0xFF, 0xFF, 0xFF, 0xFF, 0xFF, 0xFF, 0xFF, 0xFF, 0xFF,
  0xE0, 0x0F, 0xFE, 0xFF, 0xFE, 0xFF, 0xE0, 0x0F, 0xE0, 0x0F, 0xFF, 0xFF,
  0xE0, 0xFF, 0xE0, 0xFF, 0xE6, 0xFF, 0xE6, 0xFF, 0xE0, 0x0F, 0xFF, 0xFF,
  0xFF, 0xFF, 0xE0, 0x0F, 0xFE, 0xFF, 0xFE, 0xFF, 0xE0, 0xCF, 0xE0, 0xCF,
  0xFF, 0xCF, 0xE0, 0x0F, 0xE0, 0x0F, 0xFF, 0xFF, 0xE6, 0x0F, 0xE6, 0x0F,
  0xE6, 0xCF, 0xE7, 0xCF, 0xE0, 0x0F, 0xE0, 0x0F, 0xFF, 0xFF, 0xFF, 0xFF,
  0xFF, 0xFF, 0xE0, 0x0F, 0xE7, 0xCF, 0xE7, 0xCF, 0xE7, 0xCF, 0xE0, 0x0F,
  0xFF, 0xFF, 0xFF, 0xFF, 0xE0, 0x0F, 0xFE, 0x3F, 0xF8, 0xFF, 0xF1, 0xFF,
  0xE0, 0x0F, 0xFF, 0xFF, 0xFF, 0xFF, 0xFF, 0xFF, 0xFF, 0xFF, 0xFF, 0xFF,
  0xFF, 0xFF, 0xFF, 0xFF, 0xFF, 0xFF, 0xE0, 0x0F, 0xFE, 0xFF, 0xFE, 0xFF,
  0xE0, 0x0F, 0xE0, 0x0F, 0xFF, 0xFF, 0xE0, 0xFF, 0xE0, 0xFF, 0xE6, 0xFF,
  0xE6, 0xFF, 0xE0, 0x0F, 0xFF, 0xFF, 0xFF, 0xFF, 0xE0, 0x0F, 0xFE, 0xFF,
  0xFE, 0xFF, 0xE0, 0xCF, 0xE0, 0xCF, 0xFF, 0xCF, 0xE0, 0x0F, 0xE0, 0x0F,
  0xFF, 0xFF, 0xE6, 0x0F, 0xE6, 0x0F, 0xE6, 0xCF, 0xE7, 0xCF, 0xE0, 0x0F,
  0xE0, 0x0F, 0xFF, 0xFF, 0xFF, 0xFF, 0xFF, 0xFF, 0xE0, 0x0F, 0xE7, 0xCF,
  0xE7, 0xCF, 0xE7, 0xCF, 0xE0, 0x0F, 0xFF, 0xFF, 0xFF, 0xFF, 0xE0, 0x0F,
  0xFE, 0x3F, 0xF8, 0xFF, 0xF1, 0xFF, 0xE0, 0x0F, 0xFF, 0xFF, 0xFF, 0xFF,
  0xFF, 0xFF, 0xFF, 0xFF, 0xFF, 0xFF, 0xFF, 0xFF, 0xFF, 0xFF, 0xFF, 0xFF,
  0xE0, 0x0F, 0xFE, 0xFF, 0xFE, 0xFF, 0xE0, 0x0F, 0xE0, 0x0F, 0xFF, 0xFF,
  0xE0, 0xFF, 0xE0, 0xFF, 0xE6, 0xFF, 0xE6, 0xFF, 0xE0, 0x0F, 0xFF, 0xFF,
  0xFF, 0xFF, 0xE0, 0x0F, 0xFE, 0xFF, 0xFE, 0xFF, 0xE0, 0xCF, 0xE0, 0xCF,
  0xFF, 0xCF, 0xE0, 0x0F, 0xE0, 0x0F, 0xFF, 0xFF, 0xE6, 0x0F, 0xE6, 0x0F,
  0xE6, 0xCF, 0xE7, 0xCF, 0xE0, 0x0F, 0xE0, 0x0F, 0xFF, 0xFF, 0xFF, 0xFF,
  0xFF, 0xFF, 0xE0, 0x0F, 0xE7, 0xCF, 0xE7, 0xCF, 0xE7, 0xCF, 0xE0, 0x0F,
  0xFF, 0xFF, 0xFF, 0xFF, 0xE0, 0x0F, 0xFE, 0x3F, 0xF8, 0xFF, 0xF1, 0xFF,
  0xE0, 0x0F, 0xFF, 0xFF, 0xFF, 0xFF, 0xFF, 0xFF, 0xFF, 0xFF, 0xFF, 0xFF,
  0xFF, 0xFF, 0xFF, 0xFF, 0xFF, 0xFF, 0xE0, 0x0F, 0xFE, 0xFF, 0xFE, 0xFF,
  0xE0, 0x0F, 0xE0, 0x0F, 0xFF, 0xFF, 0xE0, 0xFF, 0xE0, 0xFF, 0xE6, 0xFF,
  0xE6, 0xFF, 0xE0, 0x0F, 0xFF, 0xFF, 0xFF, 0xFF, 0xE0, 0x0F, 0xFE, 0xFF,
  0xFE, 0xFF, 0xE0, 0xCF, 0xE0, 0xCF, 0xFF, 0xCF, 0xE0, 0x0F, 0xE0, 0x0F,
  0xFF, 0xFF, 0xE6, 0x0F, 0xE6, 0x0F, 0xE6, 0xCF, 0xE7, 0xCF, 0xE0, 0x0F,
  0xE0, 0x0F, 0xFF, 0xFF, 0xFF, 0xFF, 0xFF, 0xFF, 0xE0, 0x0F, 0xE7, 0xCF,
  0xE7, 0xCF, 0xE7, 0xCF, 0xE0, 0x0F, 0xFF, 0xFF, 0xFF, 0xFF, 0xE0, 0x0F,
  0xFE, 0x3F, 0xF8, 0xFF, 0xF1, 0xFF, 0xE0, 0x0F, 0xFF, 0xFF, 0xFF, 0xFF,
  0xFF, 0xFF, 0xFF, 0xFF, 0xFF, 0xFF, 0xFF, 0xFF, 0xFF, 0xFF, 0xFF, 0xFF,
  0xE0, 0x0F, 0xFE, 0xFF, 0xFE, 0xFF, 0xE0, 0x0F, 0xE0, 0x0F, 0xFF, 0xFF,
  0xE0, 0xFF, 0xE0, 0xFF, 0xE6, 0xFF, 0xE6, 0xFF, 0xE0, 0x0F, 0xFF, 0xFF,
  0xFF, 0xFF, 0xE0, 0x0F, 0xFE, 0xFF, 0xFE, 0xFF, 0xE0, 0xCF, 0xE0, 0xCF,
  0xFF, 0xCF, 0xE0, 0x0F, 0xE0, 0x0F, 0xFF, 0xFF, 0xE6, 0x0F, 0xE6, 0x0F,
  0xE6, 0xCF, 0xE7, 0xCF, 0xE0, 0x0F, 0xE0, 0x0F, 0xFF, 0xFF, 0xFF, 0xFF,
  0xFF, 0xFF, 0xE0, 0x0F, 0xE7, 0xCF, 0xE7, 0xCF, 0xE7, 0xCF, 0xE0, 0x0F,
  0xFF, 0xFF, 0xFF, 0xFF, 0xE0, 0x0F, 0xFE, 0x3F, 0xF8, 0xFF, 0xF1, 0xFF,
  0xE0, 0x0F, 0xFF, 0xFF, 0xFF, 0xFF, 0xFF, 0xFF, 0xFF, 0xFF, 0xFF, 0xFF,
  0xFF, 0xFF, 0xFF, 0xFF, 0xFF, 0xFF, 0xE0, 0x0F, 0xFE, 0xFF, 0xFE, 0xFF,
  0xE0, 0x0F, 0xE0, 0x0F, 0xFF, 0xFF, 0xE0, 0xFF, 0xE0, 0xFF, 0xE6, 0xFF,
  0xE6, 0xFF, 0xE0, 0x0F, 0xFF, 0xFF, 0xFF, 0xFF, 0xE0, 0x0F, 0xFE, 0xFF,
  0xFE, 0xFF, 0xE0, 0xCF, 0xE0, 0xCF, 0xFF, 0xCF, 0xE0, 0x0F, 0xE0, 0x0F,
  0xFF, 0xFF, 0xE6, 0x0F, 0xE6, 0x0F, 0xE6, 0xCF, 0xE7, 0xCF, 0xE0, 0x0F,
  0xE0, 0x0F, 0xFF, 0xFF, 0xFF, 0xFF, 0xFF, 0xFF, 0xE0, 0x0F, 0xE7, 0xCF,
  0xE7, 0xCF, 0xE7, 0xCF, 0xE0, 0x0F, 0xFF, 0xFF, 0xFF, 0xFF, 0xE0, 0x0F,
  0xFE, 0x3F, 0xF8, 0xFF, 0xF1, 0xFF, 0xE0, 0x0F, 0xFF, 0xFF, 0xFF, 0xFF,
  0xFF, 0xFF, 0xFF, 0xFF, 0xFF, 0xFF, 0xFF, 0xFF, 0xFF, 0xFF, 0xFF, 0xFF,
  0xE0, 0x0F, 0xFE, 0xFF, 0xFE, 0xFF, 0xE0, 0x0F, 0xE0, 0x0F, 0xFF, 0xFF,
  0xE0, 0xFF, 0xE0, 0xFF, 0xE6, 0xFF, 0xE6, 0xFF, 0xE0, 0x0F, 0xFF, 0xFF,
  0xFF, 0xFF, 0xE0, 0x0F, 0xFE, 0xFF, 0xFE, 0xFF, 0xE0, 0xCF, 0xE0, 0xCF,
  0xFF, 0xCF, 0xE0, 0x0F, 0xE0, 0x0F, 0xFF, 0xFF, 0xE6, 0x0F, 0xE6, 0x0F,
  0xE6, 0xCF, 0xE7, 0xCF, 0xE0, 0x0F, 0xE0, 0x0F, 0xFF, 0xFF, 0xFF, 0xFF,
  0xFF, 0xFF, 0xE0, 0x0F, 0xE7, 0xCF, 0xE7, 0xCF, 0xE7, 0xCF, 0xE0, 0x0F,
  0xFF, 0xFF, 0xFF, 0xFF, 0xE0, 0x0F, 0xFE, 0x3F, 0xF8, 0xFF, 0xF1, 0xFF,
  0xE0, 0x0F, 0xFF, 0xFF, 0xFF, 0xFF, 0xFF, 0xFF, 0xFF, 0xFF, 0xFF, 0xFF,
  0xFF, 0xFF, 0xFF, 0xFF, 0xFF, 0xFF, 0xE0, 0x0F, 0xFE, 0xFF, 0xFE, 0xFF,
  0xE0, 0x0F, 0xE0, 0x0F, 0xFF, 0xFF, 0xE0, 0xFF, 0xE0, 0xFF, 0xE6, 0xFF,
  0xE6, 0xFF, 0xE0, 0x0F, 0xFF, 0xFF, 0xFF, 0xFF, 0xE0, 0x0F, 0xFE, 0xFF,
  0xFE, 0xFF, 0xE0, 0xCF, 0xE0, 0xCF, 0xFF, 0xCF, 0xE0, 0x0F, 0xE0, 0x0F,
  0xFF, 0xFF, 0xE6, 0x0F, 0xE6, 0x0F, 0xE6, 0xCF, 0xE7, 0xCF, 0xE0, 0x0F,
  0xE0, 0x0F, 0xFF, 0xFF, 0xFF, 0xFF, 0xFF, 0xFF, 0xE0, 0x0F, 0xE7, 0xCF,
  0xE7, 0xCF, 0xE7, 0xCF, 0xE0, 0x0F, 0xFF, 0xFF, 0xFF, 0xFF, 0xE0, 0x0F,
  0xFE, 0x3F, 0xF8, 0xFF, 0xF1, 0xFF, 0xE0, 0x0F, 0xFF, 0xFF, 0xFF, 0xFF,
  0xFF, 0xFF, 0xFF, 0xFF, 0xFF, 0xFF, 0xFF, 0xFF, 0xFF, 0xFF, 0xFF, 0xFF,
  0xE0, 0x0F, 0xFE, 0xFF, 0xFE, 0xFF, 0xE0, 0x0F, 0xE0, 0x0F, 0xFF, 0xFF,
  0xE0, 0xFF, 0xE0, 0xFF, 0xE6, 0xFF, 0xE6, 0xFF, 0xE0, 0x0F, 0xFF, 0xFF,
  0xFF, 0xFF, 0xE0, 0x0F, 0xFE, 0xFF, 0xFE, 0xFF, 0xE0, 0xCF, 0xE0, 0xCF,
  0xFF, 0xCF, 0xE0, 0x0F, 0xE0, 0x0F, 0xFF, 0xFF, 0xE6, 0x0F, 0xE6, 0x0F,
  0xE6, 0xCF, 0xE7, 0xCF, 0xE0, 0x0F, 0xE0, 0x0F, 0xFF, 0xFF, 0xFF, 0xFF,
  0xFF, 0xFF, 0xE0, 0x0F, 0xE7, 0xCF, 0xE7, 0xCF, 0xE7, 0xCF, 0xE0, 0x0F,
  0xFF, 0xFF, 0xFF, 0xFF, 0xE0, 0x0F, 0xFE, 0x3F, 0xF8, 0xFF, 0xF1, 0xFF,
  0xE0, 0x0F, 0xFF, 0xFF, 0xFF, 0xFF, 0xFF, 0xFF, 0xFF, 0xFF, 0xFF, 0xFF,
  0xFF, 0xFF, 0xFF, 0xFF, 0xFF, 0xFF, 0xE0, 0x0F, 0xFE, 0xFF, 0xFE, 0xFF,
  0xE0, 0x0F, 0xE0, 0x0F, 0xFF, 0xFF, 0xE0, 0xFF, 0xE0, 0xFF, 0xE6, 0xFF,
  0xE6, 0xFF, 0xE0, 0x0F, 0xFF, 0xFF, 0xFF, 0xFF, 0xE0, 0x0F, 0xFE, 0xFF,
  0xFE, 0xFF, 0xE0, 0xCF, 0xE0, 0xCF, 0xFF, 0xCF, 0xE0, 0x0F, 0xE0, 0x0F,
  0xFF, 0xFF, 0xE6, 0x0F, 0xE6, 0x0F, 0xE6, 0xCF, 0xE7, 0xCF, 0xE0, 0x0F,
  0xE0, 0x0F, 0xFF, 0xFF, 0xFF, 0xFF, 0xFF, 0xFF, 0xE0, 0x0F, 0xE7, 0xCF,
  0xE7, 0xCF, 0xE7, 0xCF, 0xE0, 0x0F, 0xFF, 0xFF, 0xFF, 0xFF, 0xE0, 0x0F,
  0xFE, 0x3F, 0xF8, 0xFF, 0xF1, 0xFF, 0xE0, 0x0F, 0xFF, 0xFF, 0xFF, 0xFF,
  0xFF, 0xFF, 0xFF, 0xFF, 0xFF, 0xFF, 0xFF, 0xFF, 0xFF, 0xFF, 0xFF, 0xFF,
  0xE0, 0x0F, 0xFE, 0xFF, 0xFE, 0xFF, 0xE0, 0x0F, 0xE0, 0x0F, 0xFF, 0xFF,
  0xE0, 0xFF, 0xE0, 0xFF, 0xE6, 0xFF, 0xE6, 0xFF, 0xE0, 0x0F, 0xFF, 0xFF,
  0xFF, 0xFF, 0xE0, 0x0F, 0xFE, 0xFF, 0xFE, 0xFF, 0xE0, 0xCF, 0xE0, 0xCF,
  0xFF, 0xCF, 0xE0, 0x0F, 0xE0, 0x0F, 0xFF, 0xFF, 0xE6, 0x0F, 0xE6, 0x0F,
  0xE6, 0xCF, 0xE7, 0xCF, 0xE0, 0x0F, 0xE0, 0x0F, 0xFF, 0xFF, 0xFF, 0xFF,
  0xFF, 0xFF, 0xE0, 0x0F, 0xE7, 0xCF, 0xE7, 0xCF, 0xE7, 0xCF, 0xE0, 0x0F,
  0xFF, 0xFF, 0xFF, 0xFF, 0xE0, 0x0F, 0xFE, 0x3F, 0xF8, 0xFF, 0xF1, 0xFF,
  0xE0, 0x0F, 0xFF, 0xFF, 0xFF, 0xFF, 0xFF, 0xFF, 0xFF, 0xFF, 0xFF, 0xFF,
  0xFF, 0xFF, 0xFF, 0xFF, 0xFF, 0xFF, 0xE0, 0x0F, 0xFE, 0xFF, 0xFE, 0xFF,
  0xE0, 0x0F, 0xE0, 0x0F, 0xFF, 0xFF, 0xE0, 0xFF, 0xE0, 0xFF, 0xE6, 0xFF,
  0xE6, 0xFF, 0xE0, 0x0F, 0xFF, 0xFF, 0xFF, 0xFF, 0xE0, 0x0F, 0xFE, 0xFF,
  0xFE, 0xFF, 0xE0, 0xCF, 0xE0, 0xCF, 0xFF, 0xCF, 0xE0, 0x0F, 0xE0, 0x0F,
  0xFF, 0xFF, 0xE6, 0x0F, 0xE6, 0x0F, 0xE6, 0xCF, 0xE7, 0xCF, 0xE0, 0x0F,
  0xE0, 0x0F, 0xFF, 0xFF, 0xFF, 0xFF, 0xFF, 0xFF, 0xE0, 0x0F, 0xE7, 0xCF,
  0xE7, 0xCF, 0xE7, 0xCF, 0xE0, 0x0F, 0xFF, 0xFF, 0xFF, 0xFF, 0xE0, 0x0F,
  0xFE, 0x3F, 0xF8, 0xFF, 0xF1, 0xFF, 0xE0, 0x0F, 0xFF, 0xFF, 0xFF, 0xFF,
  0xFF, 0xFF, 0xFF, 0xFF, 0xFF, 0xFF, 0xFF, 0xFF, 0xFF, 0xFF, 0xFF, 0xFF,
  0xE0, 0x0F, 0xFE, 0xFF, 0xFE, 0xFF, 0xE0, 0x0F, 0xE0, 0x0F, 0xFF, 0xFF,
  0xE0, 0xFF, 0xE0, 0xFF, 0xE6, 0xFF, 0xE6, 0xFF, 0xE0, 0x0F, 0xFF, 0xFF,
  0xFF, 0xFF, 0xE0, 0x0F, 0xFE, 0xFF, 0xFE, 0xFF, 0xE0, 0xCF, 0xE0, 0xCF,
  0xFF, 0xCF, 0xE0, 0x0F, 0xE0, 0x0F, 0xFF, 0xFF, 0xE6, 0x0F, 0xE6, 0x0F,
  0xE6, 0xCF, 0xE7, 0xCF, 0xE0, 0x0F, 0xE0, 0x0F, 0xFF, 0xFF, 0xFF, 0xFF,
  0xFF, 0xFF, 0xE0, 0x0F, 0xE7, 0xCF, 0xE7, 0xCF, 0xE7, 0xCF, 0xE0, 0x0F,
  0xFF, 0xFF, 0xFF, 0xFF, 0xE0, 0x0F, 0xFE, 0x3F, 0xF8, 0xFF, 0xF1, 0xFF,
  0xE0, 0x0F, 0xFF, 0xFF, 0xFF, 0xFF, 0xFF, 0xFF, 0xFF, 0xFF, 0xFF, 0xFF,
  0xFF, 0xFF, 0xFF, 0xFF, 0xFF, 0xFF, 0xE0, 0x0F, 0xFE, 0xFF, 0xFE, 0xFF,
  0xE0, 0x0F, 0xE0, 0x0F, 0xFF, 0xFF, 0xE0, 0xFF, 0xE0, 0xFF, 0xE6, 0xFF,
  0xE6, 0xFF, 0xE0, 0x0F, 0xFF, 0xFF, 0xFF, 0xFF, 0xE0, 0x0F, 0xFE, 0xFF,
  0xFE, 0xFF, 0xE0, 0xCF, 0xE0, 0xCF, 0xFF, 0xCF, 0xE0, 0x0F, 0xE0, 0x0F,
  0xFF, 0xFF, 0xE6, 0x0F, 0xE6, 0x0F, 0xE6, 0xCF, 0xE7, 0xCF, 0xE0, 0x0F,
  0xE0, 0x0F, 0xFF, 0xFF, 0xFF, 0xFF, 0xFF, 0xFF, 0xE0, 0x0F, 0xE7, 0xCF,
  0xE7, 0xCF, 0xE7, 0xCF, 0xE0, 0x0F, 0xFF, 0xFF, 0xFF, 0xFF, 0xE0, 0x0F,
  0xFE, 0x3F, 0xF8, 0xFF, 0xF1, 0xFF, 0xE0, 0x0F, 0xFF, 0xFF, 0xFF, 0xFF,
  0xFF, 0xFF, 0xFF, 0xFF, 0xFF, 0xFF, 0xFF, 0xFF, 0xFF, 0xFF, 0xFF, 0xFF,
  0xE0, 0x0F, 0xFE, 0xFF, 0xFE, 0xFF, 0xE0, 0x0F, 0xE0, 0x0F, 0xFF, 0xFF,
  0xE0, 0xFF, 0xE0, 0xFF, 0xE6, 0xFF, 0xE6, 0xFF, 0xE0, 0x0F, 0xFF, 0xFF,
  0xFF, 0xFF, 0xE0, 0x0F, 0xFE, 0xFF, 0xFE, 0xFF, 0xE0, 0xCF, 0xE0, 0xCF,
  0xFF, 0xCF, 0xE0, 0x0F, 0xE0, 0x0F, 0xFF, 0xFF, 0xE6, 0x0F, 0xE6, 0x0F,
  0xE6, 0xCF, 0xE7, 0xCF, 0xE0, 0x0F, 0xE0, 0x0F, 0xFF, 0xFF, 0xFF, 0xFF,
  0xFF, 0xFF, 0xE0, 0x0F, 0xE7, 0xCF, 0xE7, 0xCF, 0xE7, 0xCF, 0xE0, 0x0F,
  0xFF, 0xFF, 0xFF, 0xFF, 0xE0, 0x0F, 0xFE, 0x3F, 0xF8, 0xFF, 0xF1, 0xFF,
  0xE0, 0x0F, 0xFF, 0xFF, 0xFF, 0xFF, 0xFF, 0xFF, 0xFF, 0xFF, 0xFF, 0xFF,
  0xFF, 0xFF, 0xFF, 0xFF, 0xFF, 0xFF, 0xE0, 0x0F, 0xFE, 0xFF, 0xFE, 0xFF,
  0xE0, 0x0F, 0xE0, 0x0F, 0xFF, 0xFF, 0xE0, 0xFF, 0xE0, 0xFF, 0xE6, 0xFF,
  0xE6, 0xFF, 0xE0, 0x0F, 0xFF, 0xFF, 0xFF, 0xFF, 0xE0, 0x0F, 0xFE, 0xFF,
  0xFE, 0xFF, 0xE0, 0xCF, 0xE0, 0xCF, 0xFF, 0xCF, 0xE0, 0x0F, 0xE0, 0x0F,
  0xFF, 0xFF, 0xE6, 0x0F, 0xE6, 0x0F, 0xE6, 0xCF, 0xE7, 0xCF, 0xE0, 0x0F,
  0xE0, 0x0F, 0xFF, 0xFF, 0xFF, 0xFF, 0xFF, 0xFF, 0xE0, 0x0F, 0xE7, 0xCF,
  0xE7, 0xCF, 0xE7, 0xCF, 0xE0, 0x0F, 0xFF, 0xFF, 0xFF, 0xFF, 0xE0, 0x0F,
  0xFE, 0x3F, 0xF8, 0xFF, 0xF1, 0xFF, 0xE0, 0x0F, 0xFF, 0xFF, 0xFF, 0xFF,
  0xFF, 0xFF, 0xFF, 0xFF, 0xFF, 0xFF, 0xFF, 0xFF, 0xFF, 0xFF, 0xFF, 0xFF,
  0xE0, 0x0F, 0xFE, 0xFF, 0xFE, 0xFF, 0xE0, 0x0F, 0xE0, 0x0F, 0xFF, 0xFF,
  0xE0, 0xFF, 0xE0, 0xFF, 0xE6, 0xFF, 0xE6, 0xFF, 0xE0, 0x0F, 0xFF, 0xFF,
  0xFF, 0xFF, 0xE0, 0x0F, 0xFE, 0xFF, 0xFE, 0xFF, 0xE0, 0xCF, 0xE0, 0xCF,
  0xFF, 0xCF, 0xE0, 0x0F, 0xE0, 0x0F, 0xFF, 0xFF, 0xE6, 0x0F, 0xE6, 0x0F,
  0xE6, 0xCF, 0xE7, 0xCF, 0xE0, 0x0F, 0xE0, 0x0F, 0xFF, 0xFF, 0xFF, 0xFF,
  0xFF, 0xFF, 0xE0, 0x0F, 0xE7, 0xCF, 0xE7, 0xCF, 0xE7, 0xCF, 0xE0, 0x0F,
  0xFF, 0xFF, 0xFF, 0xFF, 0xE0, 0x0F, 0xFE, 0x3F, 0xF8, 0xFF, 0xF1, 0xFF,
  0xE0, 0x0F, 0xFF, 0xFF, 0xFF, 0xFF, 0xFF, 0xFF, 0xFF, 0xFF, 0xFF, 0xFF,
  0xFF, 0xFF, 0xFF, 0xFF, 0xFF, 0xFF, 0xE0, 0x0F, 0xFE, 0xFF, 0xFE, 0xFF,
  0xE0, 0x0F, 0xE0, 0x0F, 0xFF, 0xFF, 0xE0, 0xFF, 0xE0, 0xFF, 0xE6, 0xFF,
  0xE6, 0xFF, 0xE0, 0x0F, 0xFF, 0xFF, 0xFF, 0xFF, 0xE0, 0x0F, 0xFE, 0xFF,
  0xFE, 0xFF, 0xE0, 0xCF, 0xE0, 0xCF, 0xFF, 0xCF, 0xE0, 0x0F, 0xE0, 0x0F,
  0xFF, 0xFF, 0xE6, 0x0F, 0xE6, 0x0F, 0xE6, 0xCF, 0xE7, 0xCF, 0xE0, 0x0F,
  0xE0, 0x0F, 0xFF, 0xFF, 0xFF, 0xFF, 0xFF, 0xFF, 0xE0, 0x0F, 0xE7, 0xCF,
  0xE7, 0xCF, 0xE7, 0xCF, 0xE0, 0x0F, 0xFF, 0xFF, 0xFF, 0xFF, 0xE0, 0x0F,
  0xFE, 0x3F, 0xF8, 0xFF, 0xF1, 0xFF, 0xE0, 0x0F, 0xFF, 0xFF, 0xFF, 0xFF,
  0xFF, 0xFF, 0xFF, 0xFF, 0xFF, 0xFF, 0xFF, 0xFF, 0xFF, 0xFF, 0xFF, 0xFF,
  0xE0, 0x0F, 0xFE, 0xFF, 0xFE, 0xFF, 0xE0, 0x0F, 0xE0, 0x0F, 0xFF, 0xFF,
  0xE0, 0xFF, 0xE0, 0xFF, 0xE6, 0xFF, 0xE6, 0xFF, 0xE0, 0x0F, 0xFF, 0xFF,
  0xFF, 0xFF, 0xE0, 0x0F, 0xFE, 0xFF, 0xFE, 0xFF, 0xE0, 0xCF, 0xE0, 0xCF,
  0xFF, 0xCF, 0xE0, 0x0F, 0xE0, 0x0F, 0xFF, 0xFF, 0xE6, 0x0F, 0xE6, 0x0F,
  0xE6, 0xCF, 0xE7, 0xCF, 0xE0, 0x0F, 0xE0, 0x0F, 0xFF, 0xFF, 0xFF, 0xFF,
  0xFF, 0xFF, 0xE0, 0x0F, 0xE7, 0xCF, 0xE7, 0xCF, 0xE7, 0xCF, 0xE0, 0x0F,
  0xFF, 0xFF, 0xFF, 0xFF, 0xE0, 0x0F, 0xFE, 0x3F, 0xF8, 0xFF, 0xF1, 0xFF,
  0xE0, 0x0F, 0xFF, 0xFF, 0xFF, 0xFF, 0xFF, 0xFF, 0xFF, 0xFF, 0x00, 0x77,
  0xFF, 0xF7, 0x00, 0x00, 0x00, 0x00, 0x67, 0x39, 0xCE, 0x73, 0x9C, 0xE7,
  0x39, 0xCE, 0x73, 0xBD, 0xEF, 0x7B, 0xFF, 0xFF, 0xFF, 0xF0, 0x00, 0x38,
  0x00, 0x01, 0xC0, 0x00, 0x0E, 0x00, 0x00, 0x70, 0x00, 0x03, 0x80, 0x00,
  0x1C, 0x00, 0x03, 0xFC, 0x00, 0x7F, 0xFC, 0x0F, 0xFF, 0xF8, 0xFC, 0x07,
  0x8F, 0x80, 0x1C, 0x78, 0x00, 0xE7, 0x80, 0x03, 0x3C, 0x00, 0x1B, 0xC0,
  0x00, 0x1E, 0x00, 0x00, 0xF0, 0x00, 0x07, 0x80, 0x00, 0x3C, 0x00, 0x01,
  0xE0, 0x00, 0x0F, 0x00, 0x00, 0x78, 0x00, 0x03, 0xC0, 0x00, 0x1E, 0x00,
  0x00, 0x78, 0x00, 0x03, 0xE0, 0x00, 0x0F, 0x00, 0x06, 0x7E, 0x00, 0xF1,
  0xFC, 0x3F, 0x07, 0xFF, 0xF0, 0x0F, 0xFE, 0x00, 0x0F, 0x00, 0x00, 0x38,
  0x00, 0x01, 0xC0, 0x00, 0x0E, 0x00, 0x00, 0x70, 0x00, 0x03, 0x80, 0x00,
  0x1C, 0x00, 0x00, 0x1F, 0xF8, 0x00, 0x7F, 0xFF, 0xC0, 0x7F, 0xFF, 0xE0,
  0x7F, 0x01, 0xF0, 0x7E, 0x00, 0x38, 0x3E, 0x00, 0x1C, 0x1E, 0x00, 0x0E,
  0x0F, 0x00, 0x07, 0x0F, 0x80, 0x03, 0x87, 0xC0, 0x00, 0x03, 0xE0, 0x00,
  0x00, 0xF0, 0x00, 0x00, 0x78, 0x00, 0x00, 0x3C, 0x00, 0x00, 0x1E, 0x00,
  0x00, 0x0F, 0x00, 0x00, 0xFF, 0xFF, 0xE0, 0x7F, 0xFF, 0xF0, 0x3F, 0xFF,
  0xF8, 0x00, 0xF8, 0x00, 0x00, 0x3C, 0x00, 0x00, 0x1E, 0x00, 0x00, 0x0F,
  0x00, 0x00, 0x07, 0x80, 0x00, 0x03, 0xC0, 0x00, 0x01, 0xE0, 0x00, 0x00,
  0xF0, 0x00, 0x00, 0x78, 0x00, 0x30, 0x3C, 0x00, 0x18, 0x1E, 0x00, 0x0C,
  0x0E, 0x00, 0x0E, 0x0F, 0x00, 0x07, 0x07, 0x00, 0x03, 0xBF, 0xFF, 0xFF,
  0xFF, 0xFF, 0xFF, 0xFF, 0xFF, 0xFF, 0xF0, 0x20, 0x00, 0x04, 0x60, 0x00,
  0x06, 0xF0, 0x00, 0x0F, 0x7C, 0xFF, 0x1E, 0x3F, 0xFF, 0xFC, 0x1F, 0xE7,
  0xF8, 0x0F, 0x80, 0xF0, 0x0F, 0x00, 0x70, 0x0E, 0x00, 0x78, 0x1E, 0x00,
  0x38, 0x1E, 0x00, 0x38, 0x1C, 0x00, 0x38, 0x1C, 0x00, 0x38, 0x1E, 0x00,
  0x38, 0x1E, 0x00, 0x78, 0x0E, 0x00, 0x70, 0x0F, 0x00, 0xF0, 0x0F, 0x81,
  0xF8, 0x1F, 0xFF, 0xFC, 0x3D, 0xFF, 0xBE, 0xF8, 0x7E, 0x1F, 0x70, 0x00,
  0x0E, 0x20, 0x00, 0x04, 0x00, 0x18, 0x00, 0x03, 0xFF, 0xF8, 0x0F, 0xFF,
  0xFF, 0xF8, 0x0F, 0xFF, 0x1F, 0x80, 0x00, 0xF8, 0x07, 0x80, 0x00, 0xF0,
  0x07, 0x80, 0x00, 0xE0, 0x03, 0xC0, 0x01, 0xE0, 0x03, 0xC0, 0x01, 0xC0,
  0x01, 0xE0, 0x03, 0xC0, 0x01, 0xE0, 0x03, 0x80, 0x00, 0xF0, 0x07, 0x80,
  0x00, 0xF0, 0x07, 0x00, 0x00, 0x78, 0x0F, 0x00, 0x00, 0x78, 0x0E, 0x00,
  0x00, 0x3C, 0x1E, 0x00, 0x00, 0x3C, 0x1C, 0x00, 0x00, 0x1E, 0x3C, 0x00,
  0x00, 0x1E, 0x38, 0x00, 0x00, 0x0F, 0x78, 0x00, 0x00, 0x0F, 0x70, 0x00,
  0x07, 0xFF, 0xFF, 0xE0, 0x07, 0xFF, 0xFF, 0xE0, 0x00, 0x00, 0x00, 0x00,
  0x00, 0x00, 0x00, 0x00, 0x00, 0x00, 0x00, 0x00, 0x07, 0xFF, 0xFF, 0xE0,
  0x07, 0xFF, 0xFF, 0xE0, 0x07, 0xFF, 0xFF, 0xE0, 0x00, 0x03, 0xC0, 0x00,
  0x00, 0x03, 0xC0, 0x00, 0x00, 0x03, 0xC0, 0x00, 0x00, 0x03, 0xC0, 0x00,
  0x00, 0x03, 0xC0, 0x00, 0x00, 0x1F, 0xF8, 0x00, 0x00, 0x3F, 0xFE, 0x00,
  0x00, 0x3F, 0xFE, 0x00, 0xFF, 0xFF, 0xFF, 0xFF, 0xFF, 0xFF, 0xFF, 0x80,
  0x00, 0x00, 0x7F, 0xFF, 0xFF, 0xFF, 0xFF, 0xFF, 0xFF, 0xC0, 0x01, 0xFE,
  0x00, 0xFF, 0xFC, 0x1F, 0xFF, 0xC3, 0xE0, 0x1C, 0x3C, 0x01, 0xC7, 0x80,
  0x1C, 0x78, 0x01, 0xC7, 0x80, 0x00, 0x78, 0x00, 0x07, 0x80, 0x00, 0x3C,
  0x00, 0x03, 0xE0, 0x00, 0x1F, 0x80, 0x00, 0xFC, 0x00, 0x0F, 0xF0, 0x03,
  0xDF, 0xC0, 0x78, 0x7E, 0x07, 0x03, 0xF8, 0xF0, 0x0F, 0xCE, 0x00, 0x7C,
  0xE0, 0x03, 0xEE, 0x00, 0x1E, 0xF0, 0x00, 0xEF, 0x00, 0x0F, 0xF8, 0x00,
  0xE7, 0xC0, 0x0E, 0x3F, 0x01, 0xE1, 0xFC, 0x1C, 0x07, 0xF3, 0x80, 0x3F,
  0xF0, 0x00, 0xFE, 0x00, 0x03, 0xF0, 0x00, 0x1F, 0x80, 0x00, 0x78, 0x00,
  0x07, 0xC0, 0x00, 0x3C, 0x00, 0x03, 0xC6, 0x00, 0x3C, 0xE0, 0x03, 0xCE,
  0x00, 0x3C, 0xE0, 0x07, 0x8F, 0x00, 0xF8, 0xFF, 0xFF, 0x0F, 0xFF, 0xE0,
  0x1F, 0xF0, 0x00, 0x70, 0x1D, 0xF0, 0x7F, 0xE0, 0xFF, 0xC1, 0xF7, 0x01,
  0xC0, 0x00, 0x03, 0xFE, 0x00, 0x00, 0x00, 0xFF, 0xFF, 0x00, 0x00, 0x1F,
  0xF3, 0xFE, 0x00, 0x01, 0xF0, 0x00, 0xF8, 0x00, 0x3E, 0x00, 0x01, 0xF0,
  0x03, 0xC0, 0x00, 0x07, 0xC0, 0x3C, 0x00, 0x00, 0x0E, 0x01, 0xC0, 0x00,
  0x00, 0x38, 0x1C, 0x00, 0x30, 0x01, 0xE1, 0xC0, 0x0F, 0xFC, 0x07, 0x0E,
  0x01, 0xFF, 0xE0, 0x1C, 0xE0, 0x1F, 0x03, 0x00, 0xE7, 0x00, 0xE0, 0x18,
  0x03, 0xB8, 0x0F, 0x00, 0xC0, 0x1F, 0x80, 0x70, 0x06, 0x00, 0xFC, 0x07,
  0x80, 0x00, 0x07, 0xE0, 0x3C, 0x00, 0x00, 0x3F, 0x01, 0xC0, 0x00, 0x01,
  0xF8, 0x0E, 0x00, 0x00, 0x0F, 0xC0, 0x78, 0x00, 0x00, 0x7E, 0x03, 0xC0,
  0x00, 0x03, 0xF0, 0x1E, 0x00, 0x00, 0x1F, 0x80, 0x70, 0x00, 0x00, 0xEE,
  0x03, 0xC0, 0x10, 0x07, 0x70, 0x0F, 0x01, 0xC0, 0x73, 0x80, 0x3F, 0x7E,
  0x03, 0x8E, 0x00, 0xFF, 0xC0, 0x38, 0x78, 0x01, 0xF8, 0x01, 0xC1, 0xC0,
  0x00, 0x00, 0x1C, 0x0F, 0x00, 0x00, 0x01, 0xC0, 0x3C, 0x00, 0x00, 0x1C,
  0x00, 0xF8, 0x00, 0x03, 0xC0, 0x03, 0xE0, 0x00, 0x3C, 0x00, 0x07, 0xE0,
  0x0F, 0xC0, 0x00, 0x1F, 0xFF, 0xF8, 0x00, 0x00, 0x1F, 0xFE, 0x00, 0x00,
  0x07, 0xF8, 0x0F, 0xFF, 0x81, 0xF9, 0xF8, 0x38, 0x07, 0x87, 0x00, 0xF0,
  0x60, 0x0E, 0x00, 0x01, 0xC0, 0x00, 0x38, 0x00, 0x07, 0x01, 0xFF, 0xE0,
  0xFF, 0xFC, 0x3C, 0x03, 0x87, 0x00, 0x71, 0xE0, 0x0E, 0x3C, 0x01, 0xC7,
  0x80, 0x78, 0x70, 0x3F, 0x0F, 0xBE, 0xF0, 0xFF, 0x9F, 0x8F, 0xC3, 0xF0,
  0x00, 0x00, 0x00, 0x00, 0x00, 0x00, 0x00, 0x00, 0x00, 0xFF, 0xFF, 0xFF,
  0xFF, 0xFF, 0xFF, 0xFF, 0x80, 0x01, 0x80, 0x40, 0x78, 0x1C, 0x1E, 0x07,
  0x03, 0x81, 0xE0, 0xE0, 0x78, 0x3C, 0x1E, 0x0F, 0x03, 0xC3, 0xC0, 0xF0,
  0xF8, 0x3C, 0x1E, 0x0F, 0x03, 0xC1, 0xE0, 0x78, 0x1E, 0x07, 0x83, 0xE0,
  0x78, 0x3C, 0x0F, 0x03, 0xC0, 0xF0, 0x3C, 0x0F, 0x03, 0x80, 0xE0, 0x38,
  0x0E, 0x07, 0x80, 0xE0, 0x70, 0x10, 0x04, 0xFF, 0xFF, 0xFF, 0xFF, 0xFF,
  0xFF, 0xFF, 0xFF, 0xFF, 0x00, 0x00, 0x07, 0x00, 0x00, 0x07, 0x00, 0x00,
  0x07, 0x00, 0x00, 0x07, 0x00, 0x00, 0x07, 0x00, 0x00, 0x07, 0x00, 0x00,
  0x07, 0x00, 0x00, 0x07, 0x00, 0x00, 0x07, 0x00, 0x00, 0x07, 0xFF, 0xFF,
  0xFF, 0xFF, 0xFF, 0xFF, 0xFF, 0xFF, 0xE0, 0x0F, 0xFE, 0xFF, 0xFE, 0xFF,
  0xE0, 0x0F, 0xE0, 0x0F, 0xFF, 0xFF, 0xE0, 0xFF, 0xE0, 0xFF, 0xE6, 0xFF,
  0xE6, 0xFF, 0xE0, 0x0F, 0xFF, 0xFF, 0xFF, 0xFF, 0xE0, 0x0F, 0xFE, 0xFF,
  0xFE, 0xFF, 0xE0, 0xCF, 0xE0, 0xCF, 0xFF, 0xCF, 0xE0, 0x0F, 0xE0, 0x0F,
  0xFF, 0xFF, 0xE6, 0x0F, 0xE6, 0x0F, 0xE6, 0xCF, 0xE7, 0xCF, 0xE0, 0x0F,
  0xE0, 0x0F, 0xFF, 0xFF, 0xFF, 0xFF, 0xFF, 0xFF, 0xE0, 0x0F, 0xE7, 0xCF,
  0xE7, 0xCF, 0xE7, 0xCF, 0xE0, 0x0F, 0xFF, 0xFF, 0xFF, 0xFF, 0xE0, 0x0F,
  0xFE, 0x3F, 0xF8, 0xFF, 0xF1, 0xFF, 0xE0, 0x0F, 0xFF, 0xFF, 0xFF, 0xFF,
  0xFF, 0xFF, 0xFF, 0xFF, 0x00, 0x0F, 0xE0, 0x00, 0x01, 0xFF, 0xF0, 0x00,
  0x1F, 0x01, 0xF0, 0x00, 0xE0, 0x01, 0xE0, 0x0F, 0x00, 0x01, 0xC0, 0x30,
  0x00, 0x03, 0x81, 0x8F, 0xFC, 0x07, 0x0E, 0x3F, 0xFC, 0x0E, 0x30, 0x38,
  0x38, 0x19, 0xC0, 0xE0, 0x60, 0x66, 0x03, 0x81, 0xC1, 0xD8, 0x0E, 0x06,
  0x03, 0xE0, 0x38, 0x38, 0x0F, 0x80, 0xE1, 0xC0, 0x3E, 0x03, 0xFE, 0x00,
  0xF8, 0x0F, 0xF8, 0x03, 0xE0, 0x38, 0x60, 0x0F, 0x80, 0xE0, 0xC0, 0x36,
  0x03, 0x83, 0x01, 0xD8, 0x0E, 0x0E, 0x06, 0x70, 0x38, 0x1C, 0x19, 0xC1,
  0xF0, 0x78, 0xE3, 0x8F, 0xE0, 0xF7, 0x06, 0x00, 0x00, 0x18, 0x1C, 0x00,
  0x00, 0xC0, 0x3C, 0x00, 0x0E, 0x00, 0x78, 0x00, 0xF0, 0x00, 0x7F, 0x7F,
  0x80, 0x00, 0x7F, 0xF8, 0x00, 0x00, 0x08, 0x00, 0x00, 0xFF, 0xFF, 0xFF,
  0xFF, 0xFF, 0xC0, 0x0F, 0xF0, 0x1F, 0xF8, 0x3C, 0x3C, 0x70, 0x0E, 0x70,
  0x0E, 0x60, 0x07, 0xE0, 0x07, 0xE0, 0x07, 0x60, 0x07, 0x70, 0x0E, 0x70,
  0x0E, 0x38, 0x1E, 0x3F, 0xFC, 0x0F, 0xF0, 0x03, 0xC0, 0x00, 0x38, 0x00,
  0x00, 0x70, 0x00, 0x00, 0xE0, 0x00, 0x01, 0xC0, 0x00, 0x03, 0x80, 0x00,
  0x07, 0x00, 0x00, 0x0E, 0x00, 0x00, 0x1C, 0x00, 0x00, 0x38, 0x00, 0x00,
  0x70, 0x03, 0xFF, 0xFF, 0xFF, 0xFF, 0xFF, 0xFF, 0xFF, 0xFF, 0xE0, 0x07,
  0x00, 0x00, 0x0E, 0x00, 0x00, 0x1C, 0x00, 0x00, 0x38, 0x00, 0x00, 0x70,
  0x00, 0x00, 0xE0, 0x00, 0x01, 0xC0, 0x00, 0x03, 0x80, 0x00, 0x07, 0x00,
  0x00, 0x0E, 0x00, 0x00, 0x00, 0x00, 0x00, 0x00, 0x00, 0x00, 0x00, 0x00,
  0x00, 0x00, 0x07, 0xFF, 0xFF, 0xFF, 0xFF, 0xFF, 0xFF, 0xFF, 0xFF, 0xC0,
  0x1F, 0xC3, 0xFF, 0xCF, 0xFF, 0xB8, 0x1E, 0xC0, 0x3F, 0x00, 0xFC, 0x03,
  0xC0, 0x0E, 0x00, 0x38, 0x01, 0xE0, 0x0F, 0x00, 0x38, 0x01, 0xE0, 0x0F,
  0x00, 0x78, 0x03, 0xC0, 0x1E, 0x00, 0xF0, 0x07, 0x80, 0x3F, 0xFF, 0xFF,
  0xFF, 0xFF, 0xF0, 0x0F, 0xE0, 0xFF, 0xF1, 0xFF, 0xF3, 0x81, 0xF7, 0x01,
  0xEE, 0x03, 0xC0, 0x07, 0x80, 0x0F, 0x00, 0x1C, 0x00, 0xF0, 0x3F, 0x80,
  0x7F, 0xC0, 0x03, 0xC0, 0x03, 0xC0, 0x03, 0x80, 0x07, 0x00, 0x0E, 0x00,
  0x1D, 0x00, 0x7B, 0xC3, 0xEF, 0xFF, 0x83, 0xFE, 0x00, 0x00, 0x40, 0x0E,
  0x01, 0xE0, 0x7F, 0x0F, 0xC1, 0xF0, 0x7E, 0x0F, 0x80, 0x60, 0x00, 0xFF,
  0x00, 0x3F, 0xC3, 0xFC, 0x00, 0xFF, 0x0F, 0xF0, 0x03, 0xFC, 0x03, 0xC0,
  0x01, 0xF0, 0x0F, 0x00, 0x07, 0xC0, 0x3C, 0x00, 0x1F, 0x00, 0xF0, 0x00,
  0x7C, 0x03, 0xC0, 0x01, 0xF0, 0x0F, 0x00, 0x07, 0xC0, 0x3C, 0x00, 0x1F,
  0x00, 0xF0, 0x00, 0x7C, 0x03, 0xC0, 0x01, 0xF0, 0x0F, 0x00, 0x07, 0xC0,
  0x3C, 0x00, 0x1F, 0x00, 0xF0, 0x00, 0x7C, 0x03, 0xC0, 0x01, 0xF0, 0x0F,
  0x00, 0x07, 0xC0, 0x3C, 0x00, 0x1F, 0x00, 0xF0, 0x00, 0x7C, 0x03, 0xC0,
  0x01, 0xF0, 0x0F, 0x00, 0x07, 0xC0, 0x3E, 0x00, 0x3F, 0x00, 0xF8, 0x01,
  0xFC, 0x03, 0xF0, 0x1E, 0xF0, 0x0F, 0xFF, 0xF3, 0xF8, 0x3B, 0xFF, 0x8F,
  0xF0, 0xE7, 0xF8, 0x3F, 0xC3, 0x80, 0x00, 0x00, 0x0F, 0x00, 0x00, 0x00,
  0x3C, 0x00, 0x00, 0x00, 0xF0, 0x00, 0x00, 0x03, 0xC0, 0x00, 0x00, 0x0F,
  0x00, 0x00, 0x00, 0x3C, 0x00, 0x00, 0x00, 0xF0, 0x00, 0x00, 0x03, 0xC0,
  0x00, 0x00, 0x0F, 0x00, 0x00, 0x00, 0x3C, 0x00, 0x00, 0x00, 0xF0, 0x00,
  0x00, 0x00, 0x00, 0xFF, 0xFF, 0x07, 0xFF, 0xFF, 0x1F, 0xFF, 0xFF, 0x3F,
  0xFF, 0xF8, 0x7F, 0xF0, 0x70, 0x7F, 0xF0, 0x70, 0xFF, 0xF0, 0x70, 0xFF,
  0xF0, 0x70, 0xFF, 0xF0, 0x70, 0xFF, 0xF0, 0x70, 0xFF, 0xF0, 0x70, 0xFF,
  0xF0, 0x70, 0xFF, 0xF0, 0x70, 0xFF, 0xF0, 0x70, 0x7F, 0xF0, 0x70, 0x7F,
  0xF0, 0x70, 0x3F, 0xF0, 0x70, 0x1F, 0xF0, 0x70, 0x07, 0xF0, 0x70, 0x00,
  0xF0, 0x70, 0x00, 0xF0, 0x70, 0x00, 0xF0, 0x70, 0x00, 0xF0, 0x70, 0x00,
  0xF0, 0x70, 0x00, 0xF0, 0x70, 0x00, 0xF0, 0x70, 0x00, 0xF0, 0x70, 0x00,
  0xF0, 0x70, 0x00, 0xF0, 0x70, 0x00, 0xF0, 0x70, 0x00, 0xF0, 0x70, 0x00,
  0xF0, 0x70, 0x00, 0xF0, 0x70, 0x00, 0xF0, 0x70, 0x00, 0xF0, 0x70, 0x00,
  0xF0, 0x70, 0x00, 0xF0, 0x70, 0x00, 0xF0, 0x70, 0x00, 0xF0, 0x70, 0x00,
  0xF0, 0x70, 0x00, 0xF0, 0x70, 0x00, 0xF0, 0x70, 0x0F, 0xF0, 0x70, 0x0F,
  0xF0, 0x70, 0x0F, 0xF0, 0x70, 0x77, 0xFF, 0xFF, 0x00, 0x18, 0x03, 0x00,
  0x60, 0x0F, 0x81, 0xFC, 0x07, 0x80, 0x78, 0x07, 0x01, 0xEF, 0xFB, 0xFE,
  0x1F, 0x00, 0x03, 0x80, 0xF8, 0x1F, 0x87, 0xF8, 0xF7, 0x8E, 0x78, 0x87,
  0x80, 0x78, 0x07, 0x80, 0x78, 0x07, 0x80, 0x78, 0x07, 0x80, 0x78, 0x07,
  0x80, 0x78, 0x07, 0x80, 0x78, 0x07, 0x80, 0x78, 0x7F, 0xF7, 0xFF, 0x03,
  0xF8, 0x01, 0xFF, 0xC0, 0x7F, 0xFC, 0x1E, 0x03, 0xC7, 0x80, 0x3C, 0xE0,
  0x07, 0xBC, 0x00, 0x77, 0x80, 0x0F, 0xE0, 0x01, 0xFC, 0x00, 0x3F, 0x80,
  0x07, 0xF0, 0x00, 0xFE, 0x00, 0x1D, 0xE0, 0x03, 0xBC, 0x00, 0xF3, 0xC0,
  0x1C, 0x7C, 0x0F, 0x87, 0xFF, 0xE0, 0x7F, 0xF0, 0x03, 0xF8, 0x00, 0x00,
  0x00, 0x00, 0x00, 0x00, 0x00, 0x00, 0x00, 0x00, 0xFF, 0xFF, 0xDF, 0xFF,
  0xFB, 0xFF, 0xFF, 0x00, 0x60, 0x10, 0x0F, 0x03, 0x80, 0x70, 0x1C, 0x03,
  0x81, 0xE0, 0x3C, 0x0F, 0x01, 0xE0, 0x78, 0x0F, 0x07, 0x80, 0xF8, 0x3C,
  0x07, 0x81, 0xE0, 0x3C, 0x1F, 0x03, 0xC0, 0xF0, 0x3C, 0x1E, 0x07, 0x83,
  0xE0, 0xF0, 0x3C, 0x1E, 0x07, 0x81, 0xC0, 0xF0, 0x3C, 0x0E, 0x07, 0x81,
  0xC0, 0x70, 0x3C, 0x0E, 0x03, 0x80, 0x20, 0x10, 0x00, 0x03, 0x80, 0x00,
  0x0E, 0x00, 0x1F, 0x00, 0x00, 0x3C, 0x00, 0x7E, 0x00, 0x00, 0x70, 0x03,
  0xFC, 0x00, 0x01, 0xC0, 0x0F, 0xB8, 0x00, 0x07, 0x80, 0x1C, 0x70, 0x00,
  0x0E, 0x00, 0x20, 0xE0, 0x00, 0x38, 0x00, 0x01, 0xC0, 0x00, 0xF0, 0x00,
  0x03, 0x80, 0x01, 0xC0, 0x00, 0x07, 0x00, 0x07, 0x80, 0x00, 0x0E, 0x00,
  0x0E, 0x00, 0x00, 0x1C, 0x00, 0x38, 0x00, 0x00, 0x38, 0x00, 0xF0, 0x00,
  0x00, 0x70, 0x01, 0xC0, 0x00, 0x00, 0xE0, 0x07, 0x80, 0x78, 0x01, 0xC0,
  0x0E, 0x01, 0xF0, 0x03, 0x80, 0x38, 0x07, 0xE0, 0x07, 0x00, 0xF0, 0x0D,
  0xC0, 0x0E, 0x01, 0xC0, 0x3B, 0x80, 0x3C, 0x07, 0x80, 0xE7, 0x07, 0xFF,
  0x0E, 0x01, 0x8E, 0x0F, 0xFE, 0x38, 0x07, 0x1C, 0x00, 0x00, 0xF0, 0x1C,
  0x38, 0x00, 0x01, 0xC0, 0x70, 0x70, 0x00, 0x07, 0x00, 0xE0, 0xE0, 0x00,
  0x0E, 0x03, 0x81, 0xC0, 0x00, 0x38, 0x0E, 0x03, 0x80, 0x00, 0xF0, 0x1C,
  0x07, 0x00, 0x01, 0xC0, 0x7F, 0xFF, 0xE0, 0x07, 0x00, 0xFF, 0xFF, 0xC0,
  0x1E, 0x00, 0xFF, 0xFF, 0x80, 0x38, 0x00, 0x00, 0x70, 0x00, 0xF0, 0x00,
  0x00, 0xE0, 0x01, 0xC0, 0x00, 0x01, 0xC0, 0x07, 0x00, 0x00, 0x03, 0x80,
  0x1E, 0x00, 0x00, 0x07, 0x00, 0x03, 0x80, 0x00, 0x0F, 0x00, 0x0F, 0x00,
  0x00, 0x3C, 0x00, 0x7E, 0x00, 0x00, 0x70, 0x01, 0xFC, 0x00, 0x01, 0xC0,
  0x0F, 0xB8, 0x00, 0x07, 0x80, 0x0C, 0x70, 0x00, 0x0E, 0x00, 0x10, 0xE0,
  0x00, 0x3C, 0x00, 0x01, 0xC0, 0x00, 0x70, 0x00, 0x03, 0x80, 0x01, 0xC0,
  0x00, 0x07, 0x00, 0x07, 0x80, 0x00, 0x0E, 0x00, 0x0E, 0x00, 0x00, 0x1C,
  0x00, 0x3C, 0x00, 0x00, 0x38, 0x00, 0x70, 0x00, 0x00, 0x70, 0x01, 0xC0,
  0x00, 0x00, 0xE0, 0x07, 0x83, 0xF0, 0x01, 0xC0, 0x0E, 0x3F, 0xFC, 0x03,
  0x80, 0x3C, 0x7F, 0xFC, 0x07, 0x00, 0x70, 0xC0, 0x78, 0x0E, 0x01, 0xC1,
  0x80, 0x70, 0x1C, 0x07, 0x83, 0x00, 0xE7, 0xFF, 0x8E, 0x06, 0x01, 0xCF,
  0xFF, 0x38, 0x00, 0x03, 0x80, 0x00, 0xF0, 0x00, 0x0F, 0x00, 0x01, 0xC0,
  0x00, 0x1C, 0x00, 0x07, 0x80, 0x00, 0x78, 0x00, 0x0E, 0x00, 0x01, 0xE0,
  0x00, 0x38, 0x00, 0x03, 0x80, 0x00, 0xF0, 0x00, 0x0E, 0x00, 0x01, 0xC0,
  0x00, 0x38, 0x00, 0x07, 0x80, 0x00, 0xE0, 0x00, 0x0E, 0x00, 0x03, 0x80,
  0x00, 0x38, 0x00, 0x0E, 0x00, 0x00, 0xF0, 0x00, 0x78, 0x00, 0x01, 0xC0,
  0x01, 0xFF, 0xFC, 0x07, 0x80, 0x03, 0xFF, 0xF8, 0x1E, 0x00, 0x07, 0xFF,
  0xF0, 0x0F, 0xE0, 0x00, 0x01, 0xC0, 0x1F, 0xFE, 0x00, 0x00, 0xE0, 0x07,
  0xFF, 0xC0, 0x00, 0x38, 0x01, 0xC0, 0xF8, 0x00, 0x1C, 0x00, 0x70, 0x1E,
  0x00, 0x0F, 0x00, 0x1C, 0x07, 0x80, 0x03, 0x80, 0x00, 0x01, 0xE0, 0x01,
  0xC0, 0x00, 0x00, 0x78, 0x00, 0xF0, 0x00, 0x00, 0x1C, 0x00, 0x38, 0x00,
  0x00, 0x1E, 0x00, 0x1E, 0x00, 0x00, 0xFE, 0x00, 0x07, 0x00, 0x00, 0x3F,
  0xE0, 0x03, 0x80, 0x00, 0x00, 0x3C, 0x01, 0xE0, 0x00, 0x00, 0x07, 0x80,
  0x70, 0x00, 0x00, 0x00, 0xE0, 0x3C, 0x03, 0xC0, 0x00, 0x38, 0x0E, 0x01,
  0xF0, 0x00, 0x0E, 0x07, 0x00, 0xFC, 0x00, 0x03, 0x83, 0xC0, 0x37, 0x04,
  0x01, 0xE0, 0xE0, 0x1D, 0xC1, 0xE1, 0xF0, 0x78, 0x0E, 0x70, 0xFF, 0xF8,
  0x1C, 0x03, 0x1C, 0x07, 0xFC, 0x0E, 0x01, 0xC7, 0x00, 0x00, 0x07, 0x80,
  0xE1, 0xC0, 0x00, 0x01, 0xC0, 0x30, 0x70, 0x00, 0x00, 0xE0, 0x1C, 0x1C,
  0x00, 0x00, 0x78, 0x0E, 0x07, 0x00, 0x00, 0x1C, 0x07, 0x01, 0xC0, 0x00,
  0x0F, 0x01, 0xC0, 0x70, 0x00, 0x03, 0x80, 0xFF, 0xFF, 0xC0, 0x01, 0xC0,
  0x3F, 0xFF, 0xF0, 0x00, 0xF0, 0x07, 0xFF, 0xFC, 0x00, 0x38, 0x00, 0x00,
  0x70, 0x00, 0x1E, 0x00, 0x00, 0x1C, 0x00, 0x07, 0x00, 0x00, 0x07, 0x00,
  0x03, 0x80, 0x00, 0x01, 0xC0, 0x01, 0xE0, 0x00, 0x00, 0x70, 0x00, 0xF0,
  0x00, 0x7C, 0x00, 0x3E, 0x00, 0x1F, 0x00, 0x0F, 0x00, 0x00, 0x00, 0x00,
  0x00, 0x00, 0x00, 0x00, 0x00, 0x00, 0x00, 0x00, 0x00, 0x00, 0x03, 0x00,
  0x07, 0x80, 0x03, 0xC0, 0x01, 0xE0, 0x00, 0xF0, 0x00, 0x78, 0x00, 0x78,
  0x00, 0x7C, 0x00, 0x7C, 0x00, 0x7C, 0x00, 0x7C, 0x00, 0x7C, 0x00, 0x7C,
  0x00, 0x7C, 0x00, 0x3C, 0x00, 0x3C, 0x00, 0x1E, 0x00, 0x0F, 0x00, 0x07,
  0x80, 0x03, 0xC0, 0x01, 0xF0, 0x00, 0xFE, 0x07, 0x3F, 0xFF, 0x8F, 0xFF,
  0xE1, 0xFF, 0x00, 0x00, 0x03, 0x00, 0x00, 0x00, 0x00, 0x7C, 0x00, 0x00,
  0x00, 0x0F, 0xE0, 0x00, 0x00, 0x00, 0x7F, 0x80, 0x00, 0x00, 0x00, 0xFE,
  0x00, 0x00, 0x00, 0x03, 0xF0, 0x00, 0x00, 0x00, 0x0F, 0x00, 0x00, 0x00,
  0x00, 0x20, 0x00, 0x00, 0x00, 0x00, 0x00, 0x00, 0x00, 0x00, 0x00, 0x00,
  0x00, 0x00, 0xF8, 0x00, 0x00, 0x00, 0x0F, 0x80, 0x00, 0x00, 0x01, 0xF8,
  0x00, 0x00, 0x00, 0x1F, 0xC0, 0x00, 0x00, 0x01, 0xFC, 0x00, 0x00, 0x00,
  0x3F, 0xC0, 0x00, 0x00, 0x03, 0x9E, 0x00, 0x00, 0x00, 0x39, 0xE0, 0x00,
  0x00, 0x07, 0x9E, 0x00, 0x00, 0x00, 0x70, 0xF0, 0x00, 0x00, 0x0F, 0x0F,
  0x00, 0x00, 0x00, 0xF0, 0xF0, 0x00, 0x00, 0x0E, 0x07, 0x80, 0x00, 0x01,
  0xE0, 0x78, 0x00, 0x00, 0x1E, 0x07, 0x80, 0x00, 0x01, 0xC0, 0x3C, 0x00,
  0x00, 0x3C, 0x03, 0xC0, 0x00, 0x03, 0x80, 0x3E, 0x00, 0x00, 0x78, 0x01,
  0xE0, 0x00, 0x07, 0x80, 0x1E, 0x00, 0x00, 0x70, 0x01, 0xF0, 0x00, 0x0F,
  0x00, 0x0F, 0x00, 0x00, 0xF0, 0x00, 0xF0, 0x00, 0x0F, 0xFF, 0xFF, 0x80,
  0x01, 0xFF, 0xFF, 0xF8, 0x00, 0x1F, 0xFF, 0xFF, 0x80, 0x03, 0xC0, 0x00,
  0x7C, 0x00, 0x3C, 0x00, 0x03, 0xC0, 0x03, 0xC0, 0x00, 0x3C, 0x00, 0x78,
  0x00, 0x03, 0xE0, 0x07, 0x80, 0x00, 0x3E, 0x00, 0x78, 0x00, 0x01, 0xE0,
  0x0F, 0x00, 0x00, 0x1F, 0x03, 0xFE, 0x00, 0x0F, 0xFE, 0xFF, 0xF8, 0x01,
  0xFF, 0xFF, 0xFF, 0x80, 0x1F, 0xFF, 0x00, 0x00, 0x06, 0x00, 0x00, 0x00,
  0x00, 0xF0, 0x00, 0x00, 0x00, 0x3F, 0x80, 0x00, 0x00, 0x0F, 0xE0, 0x00,
  0x00, 0x03, 0xF8, 0x00, 0x00, 0x00, 0x7E, 0x00, 0x00, 0x00, 0x07, 0x80,
  0x00, 0x00, 0x00, 0x20, 0x00, 0x00, 0x00, 0x00, 0x00, 0x00, 0x00, 0x00,
  0x00, 0x00, 0x00, 0x00, 0x00, 0xF8, 0x00, 0x00, 0x00, 0x0F, 0x80, 0x00,
  0x00, 0x01, 0xF8, 0x00, 0x00, 0x00, 0x1F, 0xC0, 0x00, 0x00, 0x01, 0xFC,
  0x00, 0x00, 0x00, 0x3F, 0xC0, 0x00, 0x00, 0x03, 0x9E, 0x00, 0x00, 0x00,
  0x39, 0xE0, 0x00, 0x00, 0x07, 0x9E, 0x00, 0x00, 0x00, 0x70, 0xF0, 0x00,
  0x00, 0x0F, 0x0F, 0x00, 0x00, 0x00, 0xF0, 0xF0, 0x00, 0x00, 0x0E, 0x07,
  0x80, 0x00, 0x01, 0xE0, 0x78, 0x00, 0x00, 0x1E, 0x07, 0x80, 0x00, 0x01,
  0xC0, 0x3C, 0x00, 0x00, 0x3C, 0x03, 0xC0, 0x00, 0x03, 0x80, 0x3E, 0x00,
  0x00, 0x78, 0x01, 0xE0, 0x00, 0x07, 0x80, 0x1E, 0x00, 0x00, 0x70, 0x01,
  0xF0, 0x00, 0x0F, 0x00, 0x0F, 0x00, 0x00, 0xF0, 0x00, 0xF0, 0x00, 0x0F,
  0xFF, 0xFF, 0x80, 0x01, 0xFF, 0xFF, 0xF8, 0x00, 0x1F, 0xFF, 0xFF, 0x80,
  0x03, 0xC0, 0x00, 0x7C, 0x00, 0x3C, 0x00, 0x03, 0xC0, 0x03, 0xC0, 0x00,
  0x3C, 0x00, 0x78, 0x00, 0x03, 0xE0, 0x07, 0x80, 0x00, 0x3E, 0x00, 0x78,
  0x00, 0x01, 0xE0, 0x0F, 0x00, 0x00, 0x1F, 0x03, 0xFE, 0x00, 0x0F, 0xFE,
  0xFF, 0xF8, 0x01, 0xFF, 0xFF, 0xFF, 0x80, 0x1F, 0xFF, 0x00, 0x00, 0x70,
  0x00, 0x00, 0x00, 0x0F, 0x80, 0x00, 0x00, 0x03, 0xFC, 0x00, 0x00, 0x00,
  0x7F, 0xE0, 0x00, 0x00, 0x0F, 0x8F, 0x80, 0x00, 0x01, 0xE0, 0x7C, 0x00,
  0x00, 0x3C, 0x01, 0xE0, 0x00, 0x01, 0x00, 0x0C, 0x00, 0x00, 0x00, 0x00,
  0x00, 0x00, 0x00, 0x00, 0x00, 0x00, 0x00, 0x00, 0xF8, 0x00, 0x00, 0x00,
  0x0F, 0x80, 0x00, 0x00, 0x01, 0xF8, 0x00, 0x00, 0x00, 0x1F, 0xC0, 0x00,
  0x00, 0x01, 0xFC, 0x00, 0x00, 0x00, 0x3F, 0xC0, 0x00, 0x00, 0x03, 0x9E,
  0x00, 0x00, 0x00, 0x39, 0xE0, 0x00, 0x00, 0x07, 0x9E, 0x00, 0x00, 0x00,
  0x70, 0xF0, 0x00, 0x00, 0x0F, 0x0F, 0x00, 0x00, 0x00, 0xF0, 0xF0, 0x00,
  0x00, 0x0E, 0x07, 0x80, 0x00, 0x01, 0xE0, 0x78, 0x00, 0x00, 0x1E, 0x07,
  0x80, 0x00, 0x01, 0xC0, 0x3C, 0x00, 0x00, 0x3C, 0x03, 0xC0, 0x00, 0x03,
  0x80, 0x3E, 0x00, 0x00, 0x78, 0x01, 0xE0, 0x00, 0x07, 0x80, 0x1E, 0x00,
  0x00, 0x70, 0x01, 0xF0, 0x00, 0x0F, 0x00, 0x0F, 0x00, 0x00, 0xF0, 0x00,
  0xF0, 0x00, 0x0F, 0xFF, 0xFF, 0x80, 0x01, 0xFF, 0xFF, 0xF8, 0x00, 0x1F,
  0xFF, 0xFF, 0x80, 0x03, 0xC0, 0x00, 0x7C, 0x00, 0x3C, 0x00, 0x03, 0xC0,
  0x03, 0xC0, 0x00, 0x3C, 0x00, 0x78, 0x00, 0x03, 0xE0, 0x07, 0x80, 0x00,
  0x3E, 0x00, 0x78, 0x00, 0x01, 0xE0, 0x0F, 0x00, 0x00, 0x1F, 0x03, 0xFE,
  0x00, 0x0F, 0xFE, 0xFF, 0xF8, 0x01, 0xFF, 0xFF, 0xFF, 0x80, 0x1F, 0xFF,
  0x00, 0x03, 0x00, 0x40, 0x00, 0x00, 0xFE, 0x0E, 0x00, 0x00, 0x1F, 0xFF,
  0xC0, 0x00, 0x01, 0xCF, 0xF8, 0x00, 0x00, 0x38, 0x3F, 0x80, 0x00, 0x01,
  0x00, 0x00, 0x00, 0x00, 0x00, 0x00, 0x00, 0x00, 0x00, 0x00, 0x00, 0x00,
  0x00, 0x00, 0x00, 0x00, 0x00, 0x00, 0x0F, 0x80, 0x00, 0x00, 0x00, 0xF8,
  0x00, 0x00, 0x00, 0x1F, 0x80, 0x00, 0x00, 0x01, 0xFC, 0x00, 0x00, 0x00,
  0x1F, 0xC0, 0x00, 0x00, 0x03, 0xFC, 0x00, 0x00, 0x00, 0x39, 0xE0, 0x00,
  0x00, 0x03, 0x9E, 0x00, 0x00, 0x00, 0x79, 0xE0, 0x00, 0x00, 0x07, 0x0F,
  0x00, 0x00, 0x00, 0xF0, 0xF0, 0x00, 0x00, 0x0F, 0x0F, 0x00, 0x00, 0x00,
  0xE0, 0x78, 0x00, 0x00, 0x1E, 0x07, 0x80, 0x00, 0x01, 0xE0, 0x78, 0x00,
  0x00, 0x1C, 0x03, 0xC0, 0x00, 0x03, 0xC0, 0x3C, 0x00, 0x00, 0x38, 0x03,
  0xE0, 0x00, 0x07, 0x80, 0x1E, 0x00, 0x00, 0x78, 0x01, 0xE0, 0x00, 0x07,
  0x00, 0x1F, 0x00, 0x00, 0xF0, 0x00, 0xF0, 0x00, 0x0F, 0x00, 0x0F, 0x00,
  0x00, 0xFF, 0xFF, 0xF8, 0x00, 0x1F, 0xFF, 0xFF, 0x80, 0x01, 0xFF, 0xFF,
  0xF8, 0x00, 0x3C, 0x00, 0x07, 0xC0, 0x03, 0xC0, 0x00, 0x3C, 0x00, 0x3C,
  0x00, 0x03, 0xC0, 0x07, 0x80, 0x00, 0x3E, 0x00, 0x78, 0x00, 0x03, 0xE0,
  0x07, 0x80, 0x00, 0x1E, 0x00, 0xF0, 0x00, 0x01, 0xF0, 0x3F, 0xE0, 0x00,
  0xFF, 0xEF, 0xFF, 0x80, 0x1F, 0xFF, 0xFF, 0xF8, 0x01, 0xFF, 0xF0, 0x00,
  0x0E, 0x03, 0x80, 0x00, 0x01, 0xF0, 0x7C, 0x00, 0x00, 0x1F, 0x07, 0xC0,
  0x00, 0x01, 0xF0, 0x7C, 0x00, 0x00, 0x1E, 0x03, 0x80, 0x00, 0x00, 0x00,
  0x00, 0x00, 0x00, 0x00, 0x00, 0x00, 0x00, 0x00, 0x00, 0x00, 0x00, 0x00,
  0x00, 0xF8, 0x00, 0x00, 0x00, 0x0F, 0x80, 0x00, 0x00, 0x01, 0xF8, 0x00,
  0x00, 0x00, 0x1F, 0xC0, 0x00, 0x00, 0x01, 0xFC, 0x00, 0x00, 0x00, 0x3F,
  0xC0, 0x00, 0x00, 0x03, 0x9E, 0x00, 0x00, 0x00, 0x39, 0xE0, 0x00, 0x00,
  0x07, 0x9E, 0x00, 0x00, 0x00, 0x70, 0xF0, 0x00, 0x00, 0x0F, 0x0F, 0x00,
  0x00, 0x00, 0xF0, 0xF0, 0x00, 0x00, 0x0E, 0x07, 0x80, 0x00, 0x01, 0xE0,
  0x78, 0x00, 0x00, 0x1E, 0x07, 0x80, 0x00, 0x01, 0xC0, 0x3C, 0x00, 0x00,
  0x3C, 0x03, 0xC0, 0x00, 0x03, 0x80, 0x3E, 0x00, 0x00, 0x78, 0x01, 0xE0,
  0x00, 0x07, 0x80, 0x1E, 0x00, 0x00, 0x70, 0x01, 0xF0, 0x00, 0x0F, 0x00,
  0x0F, 0x00, 0x00, 0xF0, 0x00, 0xF0, 0x00, 0x0F, 0xFF, 0xFF, 0x80, 0x01,
  0xFF, 0xFF, 0xF8, 0x00, 0x1F, 0xFF, 0xFF, 0x80, 0x03, 0xC0, 0x00, 0x7C,
  0x00, 0x3C, 0x00, 0x03, 0xC0, 0x03, 0xC0, 0x00, 0x3C, 0x00, 0x78, 0x00,
  0x03, 0xE0, 0x07, 0x80, 0x00, 0x3E, 0x00, 0x78, 0x00, 0x01, 0xE0, 0x0F,
  0x00, 0x00, 0x1F, 0x03, 0xFE, 0x00, 0x0F, 0xFE, 0xFF, 0xF8, 0x01, 0xFF,
  0xFF, 0xFF, 0x80, 0x1F, 0xFF, 0x00, 0x01, 0xF8, 0x00, 0x00, 0x00, 0x3F,
  0xE0, 0x00, 0x00, 0x07, 0x0E, 0x00, 0x00, 0x00, 0x70, 0x70, 0x00, 0x00,
  0x07, 0x07, 0x00, 0x00, 0x00, 0x70, 0x70, 0x00, 0x00, 0x07, 0x0E, 0x00,
  0x00, 0x00, 0x3F, 0xE0, 0x00, 0x00, 0x01, 0xFC, 0x00, 0x00, 0x00, 0x00,
  0x00, 0x00, 0x00, 0x00, 0x00, 0x00, 0x00, 0x00, 0x0F, 0x80, 0x00, 0x00,
  0x00, 0xF8, 0x00, 0x00, 0x00, 0x1F, 0x80, 0x00, 0x00, 0x01, 0xFC, 0x00,
  0x00, 0x00, 0x1F, 0xC0, 0x00, 0x00, 0x03, 0xFC, 0x00, 0x00, 0x00, 0x39,
  0xE0, 0x00, 0x00, 0x03, 0x9E, 0x00, 0x00, 0x00, 0x79, 0xE0, 0x00, 0x00,
  0x07, 0x0F, 0x00, 0x00, 0x00, 0xF0, 0xF0, 0x00, 0x00, 0x0F, 0x0F, 0x00,
  0x00, 0x00, 0xE0, 0x78, 0x00, 0x00, 0x1E, 0x07, 0x80, 0x00, 0x01, 0xE0,
  0x78, 0x00, 0x00, 0x1C, 0x03, 0xC0, 0x00, 0x03, 0xC0, 0x3C, 0x00, 0x00,
  0x38, 0x03, 0xE0, 0x00, 0x07, 0x80, 0x1E, 0x00, 0x00, 0x78, 0x01, 0xE0,
  0x00, 0x07, 0x00, 0x1F, 0x00, 0x00, 0xF0, 0x00, 0xF0, 0x00, 0x0F, 0x00,
  0x0F, 0x00, 0x00, 0xFF, 0xFF, 0xF8, 0x00, 0x1F, 0xFF, 0xFF, 0x80, 0x01,
  0xFF, 0xFF, 0xF8, 0x00, 0x3C, 0x00, 0x07, 0xC0, 0x03, 0xC0, 0x00, 0x3C,
  0x00, 0x3C, 0x00, 0x03, 0xC0, 0x07, 0x80, 0x00, 0x3E, 0x00, 0x78, 0x00,
  0x03, 0xE0, 0x07, 0x80, 0x00, 0x1E, 0x00, 0xF0, 0x00, 0x01, 0xF0, 0x3F,
  0xE0, 0x00, 0xFF, 0xEF, 0xFF, 0x80, 0x1F, 0xFF, 0xFF, 0xF8, 0x01, 0xFF,
  0xF0, 0x00, 0x00, 0x01, 0xFF, 0xFF, 0xF0, 0x00, 0x0F, 0xFF, 0xFF, 0xFF,
  0x80, 0x00, 0x7F, 0xFF, 0xFF, 0xFC, 0x00, 0x00, 0x7F, 0xFF, 0xFF, 0xE0,
  0x00, 0x03, 0xCF, 0x00, 0x07, 0x00, 0x00, 0x1E, 0x78, 0x00, 0x38, 0x00,
  0x01, 0xE3, 0xC0, 0x01, 0xC0, 0x00, 0x0F, 0x1E, 0x00, 0x0E, 0x00, 0x00,
  0xF0, 0xF0, 0x00, 0x30, 0x00, 0x07, 0x87, 0x80, 0x00, 0x00, 0x00, 0x78,
  0x3C, 0x00, 0x00, 0x00, 0x03, 0xC1, 0xE0, 0x00, 0x00, 0x00, 0x3C, 0x0F,
  0x00, 0x00, 0x00, 0x01, 0xE0, 0x78, 0x00, 0x00, 0x00, 0x1E, 0x03, 0xC0,
  0x00, 0x00, 0x00, 0xF0, 0x1E, 0x00, 0x00, 0x00, 0x0F, 0x00, 0xFF, 0xFF,
  0x00, 0x00, 0x78, 0x07, 0xFF, 0xF8, 0x00, 0x07, 0x80, 0x3F, 0xFF, 0xC0,
  0x00, 0x3C, 0x01, 0xE0, 0x00, 0x00, 0x03, 0xC0, 0x0F, 0x00, 0x00, 0x00,
  0x1E, 0x00, 0x78, 0x00, 0x00, 0x01, 0xFF, 0xFF, 0xC0, 0x00, 0x00, 0x0F,
  0xFF, 0xFE, 0x00, 0x00, 0x00, 0xFF, 0xFF, 0xF0, 0x00, 0x00, 0x07, 0x80,
  0x07, 0x80, 0x00, 0x00, 0x78, 0x00, 0x3C, 0x00, 0x00, 0x03, 0xC0, 0x01,
  0xE0, 0x00, 0x00, 0x3C, 0x00, 0x0F, 0x00, 0x03, 0x81, 0xE0, 0x00, 0x78,
  0x00, 0x1C, 0x1E, 0x00, 0x03, 0xC0, 0x00, 0xE0, 0xF0, 0x00, 0x1E, 0x00,
  0x07, 0x0F, 0x00, 0x00, 0xF0, 0x00, 0x7B, 0xFF, 0x00, 0x3F, 0xFF, 0xFF,
  0xFF, 0xFE, 0x07, 0xFF, 0xFF, 0xFF, 0xFF, 0xF0, 0x3F, 0xFF, 0xFF, 0xF0,
  0x00, 0x0F, 0xF8, 0x00, 0x0F, 0xFF, 0xE0, 0x07, 0xFF, 0xFF, 0x81, 0xFF,
  0x1F, 0xF0, 0x7E, 0x00, 0x3E, 0x1F, 0x00, 0x03, 0xC7, 0xC0, 0x00, 0x38,
  0xF0, 0x00, 0x07, 0x3E, 0x00, 0x00, 0xE7, 0x80, 0x00, 0x1D, 0xF0, 0x00,
  0x03, 0xBC, 0x00, 0x00, 0x07, 0x80, 0x00, 0x01, 0xF0, 0x00, 0x00, 0x3E,
  0x00, 0x00, 0x07, 0xC0, 0x00, 0x00, 0xF8, 0x00, 0x00, 0x1F, 0x00, 0x00,
  0x03, 0xE0, 0x00, 0x00, 0x7C, 0x00, 0x00, 0x0F, 0x80, 0x00, 0x01, 0xF0,
  0x00, 0x00, 0x3E, 0x00, 0x00, 0x03, 0xC0, 0x00, 0x00, 0x78, 0x00, 0x00,
  0x0F, 0x80, 0x00, 0x01, 0xF0, 0x00, 0x00, 0x1F, 0x00, 0x00, 0x03, 0xE0,
  0x00, 0x00, 0x3E, 0x00, 0x00, 0x87, 0xE0, 0x00, 0x38, 0x7F, 0x00, 0x1F,
  0x07, 0xF8, 0x1F, 0xC0, 0x7F, 0xFF, 0xF0, 0x03, 0xFF, 0xF8, 0x00, 0x1F,
  0xF8, 0x00, 0x00, 0x30, 0x00, 0x00, 0x06, 0x00, 0x00, 0x01, 0xC0, 0x00,
  0x00, 0x3F, 0x00, 0x00, 0x07, 0xF0, 0x00, 0x00, 0x0F, 0x00, 0x00, 0x00,
  0xF0, 0x00, 0x00, 0x1E, 0x00, 0x00, 0x03, 0x80, 0x00, 0x3F, 0xF0, 0x00,
  0x07, 0xFC, 0x00, 0x00, 0x3E, 0x00, 0x00, 0x30, 0x00, 0x00, 0x1F, 0x00,
  0x00, 0x0F, 0xE0, 0x00, 0x01, 0xFE, 0x00, 0x00, 0x0F, 0xE0, 0x00, 0x00,
  0xFC, 0x00, 0x00, 0x0F, 0x00, 0x00, 0x00, 0x80, 0x00, 0x00, 0x00, 0x00,
  0x00, 0x00, 0x00, 0x1F, 0xFF, 0xFF, 0xFF, 0xFF, 0xFF, 0xFF, 0xFF, 0xFF,
  0xC3, 0xFF, 0xFF, 0xF0, 0x78, 0x00, 0x3C, 0x1E, 0x00, 0x07, 0x07, 0x80,
  0x01, 0xC1, 0xE0, 0x00, 0x70, 0x78, 0x00, 0x1C, 0x1E, 0x00, 0x00, 0x07,
  0x80, 0x00, 0x01, 0xE0, 0x00, 0x00, 0x78, 0x00, 0x00, 0x1E, 0x00, 0x00,
  0x07, 0x80, 0x00, 0x01, 0xE0, 0x00, 0x00, 0x7F, 0xFF, 0xC0, 0x1F, 0xFF,
  0xF0, 0x07, 0xFF, 0xFC, 0x01, 0xE0, 0x00, 0x00, 0x78, 0x00, 0x00, 0x1E,
  0x00, 0x00, 0x07, 0x80, 0x00, 0x01, 0xE0, 0x00, 0x00, 0x78, 0x00, 0x00,
  0x1E, 0x00, 0x00, 0x07, 0x80, 0x00, 0x01, 0xE0, 0x00, 0x00, 0x78, 0x00,
  0x0C, 0x1E, 0x00, 0x07, 0x07, 0x80, 0x01, 0xC1, 0xE0, 0x00, 0x70, 0x78,
  0x00, 0x1C, 0xFF, 0xFF, 0xFF, 0xFF, 0xFF, 0xFF, 0xFF, 0xFF, 0xFF, 0xF0,
  0x00, 0x00, 0x60, 0x00, 0x00, 0x7C, 0x00, 0x00, 0x3F, 0x80, 0x00, 0x3F,
  0x80, 0x00, 0x3F, 0x80, 0x00, 0x1F, 0x80, 0x00, 0x07, 0x80, 0x00, 0x00,
  0x80, 0x00, 0x00, 0x00, 0x00, 0x00, 0x00, 0x00, 0x00, 0x1F, 0xFF, 0xFF,
  0xFF, 0xFF, 0xFF, 0xFF, 0xFF, 0xFF, 0xC3, 0xFF, 0xFF, 0xF0, 0x78, 0x00,
  0x3C, 0x1E, 0x00, 0x07, 0x07, 0x80, 0x01, 0xC1, 0xE0, 0x00, 0x70, 0x78,
  0x00, 0x1C, 0x1E, 0x00, 0x00, 0x07, 0x80, 0x00, 0x01, 0xE0, 0x00, 0x00,
  0x78, 0x00, 0x00, 0x1E, 0x00, 0x00, 0x07, 0x80, 0x00, 0x01, 0xE0, 0x00,
  0x00, 0x7F, 0xFF, 0xC0, 0x1F, 0xFF, 0xF0, 0x07, 0xFF, 0xFC, 0x01, 0xE0,
  0x00, 0x00, 0x78, 0x00, 0x00, 0x1E, 0x00, 0x00, 0x07, 0x80, 0x00, 0x01,
  0xE0, 0x00, 0x00, 0x78, 0x00, 0x00, 0x1E, 0x00, 0x00, 0x07, 0x80, 0x00,
  0x01, 0xE0, 0x00, 0x00, 0x78, 0x00, 0x0C, 0x1E, 0x00, 0x07, 0x07, 0x80,
  0x01, 0xC1, 0xE0, 0x00, 0x70, 0x78, 0x00, 0x1C, 0xFF, 0xFF, 0xFF, 0xFF,
  0xFF, 0xFF, 0xFF, 0xFF, 0xFF, 0xF0, 0x00, 0x07, 0x00, 0x00, 0x07, 0xE0,
  0x00, 0x03, 0xFC, 0x00, 0x01, 0xFF, 0x80, 0x00, 0xF8, 0xF8, 0x00, 0x78,
  0x1F, 0x00, 0x3C, 0x01, 0xE0, 0x04, 0x00, 0x30, 0x00, 0x00, 0x00, 0x00,
  0x00, 0x00, 0x00, 0x1F, 0xFF, 0xFF, 0xFF, 0xFF, 0xFF, 0xFF, 0xFF, 0xFF,
  0xC3, 0xFF, 0xFF, 0xF0, 0x78, 0x00, 0x3C, 0x1E, 0x00, 0x07, 0x07, 0x80,
  0x01, 0xC1, 0xE0, 0x00, 0x70, 0x78, 0x00, 0x1C, 0x1E, 0x00, 0x00, 0x07,
  0x80, 0x00, 0x01, 0xE0, 0x00, 0x00, 0x78, 0x00, 0x00, 0x1E, 0x00, 0x00,
  0x07, 0x80, 0x00, 0x01, 0xE0, 0x00, 0x00, 0x7F, 0xFF, 0xC0, 0x1F, 0xFF,
  0xF0, 0x07, 0xFF, 0xFC, 0x01, 0xE0, 0x00, 0x00, 0x78, 0x00, 0x00, 0x1E,
  0x00, 0x00, 0x07, 0x80, 0x00, 0x01, 0xE0, 0x00, 0x00, 0x78, 0x00, 0x00,
  0x1E, 0x00, 0x00, 0x07, 0x80, 0x00, 0x01, 0xE0, 0x00, 0x00, 0x78, 0x00,
  0x0C, 0x1E, 0x00, 0x07, 0x07, 0x80, 0x01, 0xC1, 0xE0, 0x00, 0x70, 0x78,
  0x00, 0x1C, 0xFF, 0xFF, 0xFF, 0xFF, 0xFF, 0xFF, 0xFF, 0xFF, 0xFF, 0xF0,
  0x00, 0xE0, 0x38, 0x00, 0x7C, 0x1F, 0x00, 0x1F, 0x07, 0xC0, 0x07, 0xC1,
  0xF0, 0x01, 0xE0, 0x38, 0x00, 0x00, 0x00, 0x00, 0x00, 0x00, 0x00, 0x00,
  0x00, 0x00, 0x01, 0xFF, 0xFF, 0xFF, 0xFF, 0xFF, 0xFF, 0xFF, 0xFF, 0xFC,
  0x3F, 0xFF, 0xFF, 0x07, 0x80, 0x03, 0xC1, 0xE0, 0x00, 0x70, 0x78, 0x00,
  0x1C, 0x1E, 0x00, 0x07, 0x07, 0x80, 0x01, 0xC1, 0xE0, 0x00, 0x00, 0x78,
  0x00, 0x00, 0x1E, 0x00, 0x00, 0x07, 0x80, 0x00, 0x01, 0xE0, 0x00, 0x00,
  0x78, 0x00, 0x00, 0x1E, 0x00, 0x00, 0x07, 0xFF, 0xFC, 0x01, 0xFF, 0xFF,
  0x00, 0x7F, 0xFF, 0xC0, 0x1E, 0x00, 0x00, 0x07, 0x80, 0x00, 0x01, 0xE0,
  0x00, 0x00, 0x78, 0x00, 0x00, 0x1E, 0x00, 0x00, 0x07, 0x80, 0x00, 0x01,
  0xE0, 0x00, 0x00, 0x78, 0x00, 0x00, 0x1E, 0x00, 0x00, 0x07, 0x80, 0x00,
  0xC1, 0xE0, 0x00, 0x70, 0x78, 0x00, 0x1C, 0x1E, 0x00, 0x07, 0x07, 0x80,
  0x01, 0xCF, 0xFF, 0xFF, 0xFF, 0xFF, 0xFF, 0xFF, 0xFF, 0xFF, 0xFF, 0x38,
  0x01, 0xE0, 0x1F, 0xC0, 0x7F, 0x80, 0xFE, 0x00, 0xFC, 0x01, 0xC0, 0x02,
  0x00, 0x00, 0x00, 0x00, 0x07, 0xFF, 0xFF, 0xFF, 0x87, 0xE0, 0x1E, 0x00,
  0xF0, 0x07, 0x80, 0x3C, 0x01, 0xE0, 0x0F, 0x00, 0x78, 0x03, 0xC0, 0x1E,
  0x00, 0xF0, 0x07, 0x80, 0x3C, 0x01, 0xE0, 0x0F, 0x00, 0x78, 0x03, 0xC0,
  0x1E, 0x00, 0xF0, 0x07, 0x80, 0x3C, 0x01, 0xE0, 0x0F, 0x00, 0x78, 0x03,
  0xC0, 0x1E, 0x00, 0xF0, 0x07, 0x80, 0x3C, 0x01, 0xE0, 0x7F, 0xEF, 0xFF,
  0xFF, 0xFC, 0x00, 0x30, 0x07, 0xC0, 0xFE, 0x0F, 0xE1, 0xFC, 0x3F, 0x80,
  0xE0, 0x04, 0x00, 0x00, 0x00, 0x00, 0x00, 0x07, 0xFF, 0xFF, 0xFF, 0x87,
  0xE0, 0x1E, 0x00, 0xF0, 0x07, 0x80, 0x3C, 0x01, 0xE0, 0x0F, 0x00, 0x78,
  0x03, 0xC0, 0x1E, 0x00, 0xF0, 0x07, 0x80, 0x3C, 0x01, 0xE0, 0x0F, 0x00,
  0x78, 0x03, 0xC0, 0x1E, 0x00, 0xF0, 0x07, 0x80, 0x3C, 0x01, 0xE0, 0x0F,
  0x00, 0x78, 0x03, 0xC0, 0x1E, 0x00, 0xF0, 0x07, 0x80, 0x3C, 0x01, 0xE0,
  0x7F, 0xEF, 0xFF, 0xFF, 0xFC, 0x03, 0x80, 0x07, 0xE0, 0x0F, 0xF0, 0x1F,
  0xF8, 0x3C, 0x7C, 0xF8, 0x1E, 0xE0, 0x0F, 0xC0, 0x02, 0x00, 0x00, 0x00,
  0x00, 0x00, 0x0C, 0x7F, 0xFC, 0x7F, 0xFC, 0x07, 0xE0, 0x03, 0xC0, 0x03,
  0xC0, 0x03, 0xC0, 0x03, 0xC0, 0x03, 0xC0, 0x03, 0xC0, 0x03, 0xC0, 0x03,
  0xC0, 0x03, 0xC0, 0x03, 0xC0, 0x03, 0xC0, 0x03, 0xC0, 0x03, 0xC0, 0x03,
  0xC0, 0x03, 0xC0, 0x03, 0xC0, 0x03, 0xC0, 0x03, 0xC0, 0x03, 0xC0, 0x03,
  0xC0, 0x03, 0xC0, 0x03, 0xC0, 0x03, 0xC0, 0x03, 0xC0, 0x03, 0xC0, 0x03,
  0xC0, 0x03, 0xC0, 0x03, 0xC0, 0x03, 0xC0, 0x1F, 0xF8, 0x7F, 0xFC, 0x7F,
  0xFC, 0x70, 0x1E, 0xF0, 0x3F, 0xE0, 0x7B, 0xC0, 0xF7, 0x81, 0xE0, 0x00,
  0x00, 0x00, 0x00, 0x00, 0x00, 0x0C, 0xFF, 0xF9, 0xFF, 0xF0, 0x3F, 0x00,
  0x3C, 0x00, 0x78, 0x00, 0xF0, 0x01, 0xE0, 0x03, 0xC0, 0x07, 0x80, 0x0F,
  0x00, 0x1E, 0x00, 0x3C, 0x00, 0x78, 0x00, 0xF0, 0x01, 0xE0, 0x03, 0xC0,
  0x07, 0x80, 0x0F, 0x00, 0x1E, 0x00, 0x3C, 0x00, 0x78, 0x00, 0xF0, 0x01,
  0xE0, 0x03, 0xC0, 0x07, 0x80, 0x0F, 0x00, 0x1E, 0x00, 0x3C, 0x00, 0x78,
  0x00, 0xF0, 0x01, 0xE0, 0x03, 0xC0, 0x3F, 0xF1, 0xFF, 0xF3, 0xFF, 0xE0,
  0x00, 0xFF, 0x00, 0x00, 0xFF, 0xFF, 0xFC, 0x00, 0xFF, 0xFF, 0xFF, 0x00,
  0x0F, 0xFF, 0xFF, 0xC0, 0x07, 0x80, 0x0F, 0xE0, 0x07, 0x80, 0x03, 0xF0,
  0x07, 0x80, 0x01, 0xF8, 0x07, 0x80, 0x00, 0xF8, 0x07, 0x80, 0x00, 0x7C,
  0x07, 0x80, 0x00, 0x7C, 0x07, 0x80, 0x00, 0x3E, 0x07, 0x80, 0x00, 0x3E,
  0x07, 0x80, 0x00, 0x3E, 0x07, 0x80, 0x00, 0x1E, 0x07, 0x80, 0x00, 0x1E,
  0x07, 0x80, 0x00, 0x1E, 0x7F, 0xFF, 0xC0, 0x1F, 0x7F, 0xFF, 0xC0, 0x1F,
  0x7F, 0xFF, 0xC0, 0x1F, 0x07, 0x80, 0x00, 0x1E, 0x07, 0x80, 0x00, 0x1E,
  0x07, 0x80, 0x00, 0x1E, 0x07, 0x80, 0x00, 0x1E, 0x07, 0x80, 0x00, 0x1E,
  0x07, 0x80, 0x00, 0x3E, 0x07, 0x80, 0x00, 0x3C, 0x07, 0x80, 0x00, 0x7C,
  0x07, 0x80, 0x00, 0x7C, 0x07, 0x80, 0x00, 0xF8, 0x07, 0x80, 0x01, 0xF0,
  0x07, 0x80, 0x03, 0xF0, 0x07, 0x80, 0x07, 0xE0, 0x07, 0x80, 0x3F, 0xC0,
  0x3F, 0xFF, 0xFF, 0x00, 0xFF, 0xFF, 0xFC, 0x00, 0xFF, 0xFF, 0xE0, 0x00,
  0x00, 0x03, 0x80, 0x40, 0x00, 0x00, 0x7F, 0x07, 0x00, 0x00, 0x03, 0xFF,
  0xF0, 0x00, 0x00, 0x38, 0xFF, 0x80, 0x00, 0x03, 0x81, 0xF8, 0x00, 0x00,
  0x04, 0x00, 0x00, 0x00, 0x00, 0x00, 0x00, 0x00, 0x00, 0x00, 0x00, 0x00,
  0x00, 0x00, 0x00, 0x00, 0x00, 0x00, 0x06, 0x00, 0x00, 0x01, 0xFF, 0xF8,
  0x00, 0x3F, 0xFF, 0xFF, 0xC0, 0x01, 0xFF, 0xF0, 0xFF, 0x00, 0x00, 0xF8,
  0x03, 0xF8, 0x00, 0x03, 0x80, 0x1F, 0xE0, 0x00, 0x1C, 0x00, 0xEF, 0x80,
  0x00, 0xE0, 0x07, 0x7C, 0x00, 0x07, 0x00, 0x39, 0xF0, 0x00, 0x38, 0x01,
  0xC7, 0xC0, 0x01, 0xC0, 0x0E, 0x3E, 0x00, 0x0E, 0x00, 0x70, 0xF8, 0x00,
  0x70, 0x03, 0x83, 0xC0, 0x03, 0x80, 0x1C, 0x1F, 0x00, 0x1C, 0x00, 0xE0,
  0x7C, 0x00, 0xE0, 0x07, 0x03, 0xE0, 0x07, 0x00, 0x38, 0x0F, 0x80, 0x38,
  0x01, 0xC0, 0x3E, 0x01, 0xC0, 0x0E, 0x01, 0xF0, 0x0E, 0x00, 0x70, 0x07,
  0xC0, 0x70, 0x03, 0x80, 0x1F, 0x03, 0x80, 0x1C, 0x00, 0xF8, 0x1C, 0x00,
  0xE0, 0x03, 0xE0, 0xE0, 0x07, 0x00, 0x0F, 0x07, 0x00, 0x38, 0x00, 0x7C,
  0x38, 0x01, 0xC0, 0x01, 0xF1, 0xC0, 0x0E, 0x00, 0x0F, 0x8E, 0x00, 0x70,
  0x00, 0x3E, 0x70, 0x03, 0x80, 0x00, 0xFB, 0x80, 0x1C, 0x00, 0x07, 0xDC,
  0x00, 0xE0, 0x00, 0x1F, 0xE0, 0x07, 0x00, 0x00, 0x7F, 0x00, 0x38, 0x00,
  0x03, 0xF8, 0x0F, 0xF8, 0x00, 0x0F, 0xC1, 0xFF, 0xF0, 0x00, 0x7E, 0x0F,
  0xFF, 0x80, 0x01, 0xF0, 0x00, 0x00, 0x0C, 0x00, 0x00, 0x00, 0x1E, 0x00,
  0x00, 0x00, 0x3F, 0x80, 0x00, 0x00, 0x1F, 0xE0, 0x00, 0x00, 0x03, 0xF8,
  0x00, 0x00, 0x00, 0xFC, 0x00, 0x00, 0x00, 0x3C, 0x00, 0x00, 0x00, 0x08,
  0x00, 0x00, 0x00, 0x00, 0x00, 0x00, 0x00, 0x00, 0x00, 0x00, 0x0F, 0xF0,
  0x00, 0x00, 0x7F, 0xFE, 0x00, 0x01, 0xFF, 0xFF, 0x80, 0x03, 0xFE, 0x3F,
  0xC0, 0x07, 0xE0, 0x07, 0xE0, 0x0F, 0x80, 0x01, 0xF0, 0x1F, 0x00, 0x00,
  0xF8, 0x1E, 0x00, 0x00, 0x7C, 0x3E, 0x00, 0x00, 0x7C, 0x3C, 0x00, 0x00,
  0x3E, 0x7C, 0x00, 0x00, 0x3E, 0x78, 0x00, 0x00, 0x1E, 0x78, 0x00, 0x00,
  0x1E, 0xF8, 0x00, 0x00, 0x1F, 0xF8, 0x00, 0x00, 0x1F, 0xF8, 0x00, 0x00,
  0x1F, 0xF8, 0x00, 0x00, 0x1F, 0xF8, 0x00, 0x00, 0x1F, 0xF8, 0x00, 0x00,
  0x1F, 0xF8, 0x00, 0x00, 0x1F, 0xF8, 0x00, 0x00, 0x1F, 0xF8, 0x00, 0x00,
  0x1F, 0xF8, 0x00, 0x00, 0x1E, 0xF8, 0x00, 0x00, 0x1E, 0x78, 0x00, 0x00,
  0x1E, 0x7C, 0x00, 0x00, 0x3E, 0x7C, 0x00, 0x00, 0x3C, 0x3C, 0x00, 0x00,
  0x7C, 0x3E, 0x00, 0x00, 0x78, 0x1F, 0x00, 0x00, 0xF8, 0x1F, 0x80, 0x01,
  0xF0, 0x0F, 0xC0, 0x03, 0xE0, 0x07, 0xF0, 0x1F, 0xC0, 0x03, 0xFF, 0xFF,
  0x80, 0x00, 0xFF, 0xFE, 0x00, 0x00, 0x3F, 0xF8, 0x00, 0x00, 0x00, 0x18,
  0x00, 0x00, 0x00, 0x7C, 0x00, 0x00, 0x00, 0xFC, 0x00, 0x00, 0x03, 0xF8,
  0x00, 0x00, 0x0F, 0xE0, 0x00, 0x00, 0x3F, 0x80, 0x00, 0x00, 0x1E, 0x00,
  0x00, 0x00, 0x10, 0x00, 0x00, 0x00, 0x00, 0x00, 0x00, 0x00, 0x00, 0x00,
  0x00, 0x00, 0x0F, 0xF0, 0x00, 0x00, 0x7F, 0xFE, 0x00, 0x01, 0xFF, 0xFF,
  0x80, 0x03, 0xFE, 0x3F, 0xC0, 0x07, 0xE0, 0x07, 0xE0, 0x0F, 0x80, 0x01,
  0xF0, 0x1F, 0x00, 0x00, 0xF8, 0x1E, 0x00, 0x00, 0x7C, 0x3E, 0x00, 0x00,
  0x7C, 0x3C, 0x00, 0x00, 0x3E, 0x7C, 0x00, 0x00, 0x3E, 0x78, 0x00, 0x00,
  0x1E, 0x78, 0x00, 0x00, 0x1E, 0xF8, 0x00, 0x00, 0x1F, 0xF8, 0x00, 0x00,
  0x1F, 0xF8, 0x00, 0x00, 0x1F, 0xF8, 0x00, 0x00, 0x1F, 0xF8, 0x00, 0x00,
  0x1F, 0xF8, 0x00, 0x00, 0x1F, 0xF8, 0x00, 0x00, 0x1F, 0xF8, 0x00, 0x00,
  0x1F, 0xF8, 0x00, 0x00, 0x1F, 0xF8, 0x00, 0x00, 0x1E, 0xF8, 0x00, 0x00,
  0x1E, 0x78, 0x00, 0x00, 0x1E, 0x7C, 0x00, 0x00, 0x3E, 0x7C, 0x00, 0x00,
  0x3C, 0x3C, 0x00, 0x00, 0x7C, 0x3E, 0x00, 0x00, 0x78, 0x1F, 0x00, 0x00,
  0xF8, 0x1F, 0x80, 0x01, 0xF0, 0x0F, 0xC0, 0x03, 0xE0, 0x07, 0xF0, 0x1F,
  0xC0, 0x03, 0xFF, 0xFF, 0x80, 0x00, 0xFF, 0xFE, 0x00, 0x00, 0x3F, 0xF8,
  0x00, 0x00, 0x03, 0xC0, 0x00, 0x00, 0x07, 0xE0, 0x00, 0x00, 0x0F, 0xF0,
  0x00, 0x00, 0x1F, 0xF8, 0x00, 0x00, 0x3E, 0x3C, 0x00, 0x00, 0x78, 0x1F,
  0x00, 0x00, 0xF0, 0x07, 0x80, 0x00, 0x40, 0x03, 0x00, 0x00, 0x00, 0x00,
  0x00, 0x00, 0x00, 0x00, 0x00, 0x00, 0x0F, 0xF0, 0x00, 0x00, 0x7F, 0xFE,
  0x00, 0x01, 0xFF, 0xFF, 0x80, 0x03, 0xFE, 0x3F, 0xC0, 0x07, 0xE0, 0x07,
  0xE0, 0x0F, 0x80, 0x01, 0xF0, 0x1F, 0x00, 0x00, 0xF8, 0x1E, 0x00, 0x00,
  0x7C, 0x3E, 0x00, 0x00, 0x7C, 0x3C, 0x00, 0x00, 0x3E, 0x7C, 0x00, 0x00,
  0x3E, 0x78, 0x00, 0x00, 0x1E, 0x78, 0x00, 0x00, 0x1E, 0xF8, 0x00, 0x00,
  0x1F, 0xF8, 0x00, 0x00, 0x1F, 0xF8, 0x00, 0x00, 0x1F, 0xF8, 0x00, 0x00,
  0x1F, 0xF8, 0x00, 0x00, 0x1F, 0xF8, 0x00, 0x00, 0x1F, 0xF8, 0x00, 0x00,
  0x1F, 0xF8, 0x00, 0x00, 0x1F, 0xF8, 0x00, 0x00, 0x1F, 0xF8, 0x00, 0x00,
  0x1E, 0xF8, 0x00, 0x00, 0x1E, 0x78, 0x00, 0x00, 0x1E, 0x7C, 0x00, 0x00,
  0x3E, 0x7C, 0x00, 0x00, 0x3C, 0x3C, 0x00, 0x00, 0x7C, 0x3E, 0x00, 0x00,
  0x78, 0x1F, 0x00, 0x00, 0xF8, 0x1F, 0x80, 0x01, 0xF0, 0x0F, 0xC0, 0x03,
  0xE0, 0x07, 0xF0, 0x1F, 0xC0, 0x03, 0xFF, 0xFF, 0x80, 0x00, 0xFF, 0xFE,
  0x00, 0x00, 0x3F, 0xF8, 0x00, 0x00, 0x1C, 0x02, 0x80, 0x00, 0x3F, 0x03,
  0x00, 0x00, 0x7F, 0xFF, 0x00, 0x00, 0xF3, 0xFE, 0x00, 0x00, 0xC0, 0xFC,
  0x00, 0x00, 0x40, 0x00, 0x00, 0x00, 0x00, 0x00, 0x00, 0x00, 0x00, 0x00,
  0x00, 0x00, 0x00, 0x00, 0x00, 0x00, 0x0F, 0xF0, 0x00, 0x00, 0x7F, 0xFE,
  0x00, 0x01, 0xFF, 0xFF, 0x80, 0x03, 0xFE, 0x3F, 0xC0, 0x07, 0xE0, 0x07,
  0xE0, 0x0F, 0x80, 0x01, 0xF0, 0x1F, 0x00, 0x00, 0xF8, 0x1E, 0x00, 0x00,
  0x7C, 0x3E, 0x00, 0x00, 0x7C, 0x3C, 0x00, 0x00, 0x3E, 0x7C, 0x00, 0x00,
  0x3E, 0x78, 0x00, 0x00, 0x1E, 0x78, 0x00, 0x00, 0x1E, 0xF8, 0x00, 0x00,
  0x1F, 0xF8, 0x00, 0x00, 0x1F, 0xF8, 0x00, 0x00, 0x1F, 0xF8, 0x00, 0x00,
  0x1F, 0xF8, 0x00, 0x00, 0x1F, 0xF8, 0x00, 0x00, 0x1F, 0xF8, 0x00, 0x00,
  0x1F, 0xF8, 0x00, 0x00, 0x1F, 0xF8, 0x00, 0x00, 0x1F, 0xF8, 0x00, 0x00,
  0x1E, 0xF8, 0x00, 0x00, 0x1E, 0x78, 0x00, 0x00, 0x1E, 0x7C, 0x00, 0x00,
  0x3E, 0x7C, 0x00, 0x00, 0x3C, 0x3C, 0x00, 0x00, 0x7C, 0x3E, 0x00, 0x00,
  0x78, 0x1F, 0x00, 0x00, 0xF8, 0x1F, 0x80, 0x01, 0xF0, 0x0F, 0xC0, 0x03,
  0xE0, 0x07, 0xF0, 0x1F, 0xC0, 0x03, 0xFF, 0xFF, 0x80, 0x00, 0xFF, 0xFE,
  0x00, 0x00, 0x3F, 0xF8, 0x00, 0x00, 0x38, 0x0E, 0x00, 0x00, 0x78, 0x1E,
  0x00, 0x00, 0x7C, 0x1F, 0x00, 0x00, 0x78, 0x1E, 0x00, 0x00, 0x78, 0x1E,
  0x00, 0x00, 0x00, 0x00, 0x00, 0x00, 0x00, 0x00, 0x00, 0x00, 0x00, 0x00,
  0x00, 0x00, 0x0F, 0xF0, 0x00, 0x00, 0x7F, 0xFE, 0x00, 0x01, 0xFF, 0xFF,
  0x80, 0x03, 0xFE, 0x3F, 0xC0, 0x07, 0xE0, 0x07, 0xE0, 0x0F, 0x80, 0x01,
  0xF0, 0x1F, 0x00, 0x00, 0xF8, 0x1E, 0x00, 0x00, 0x7C, 0x3E, 0x00, 0x00,
  0x7C, 0x3C, 0x00, 0x00, 0x3E, 0x7C, 0x00, 0x00, 0x3E, 0x78, 0x00, 0x00,
  0x1E, 0x78, 0x00, 0x00, 0x1E, 0xF8, 0x00, 0x00, 0x1F, 0xF8, 0x00, 0x00,
  0x1F, 0xF8, 0x00, 0x00, 0x1F, 0xF8, 0x00, 0x00, 0x1F, 0xF8, 0x00, 0x00,
  0x1F, 0xF8, 0x00, 0x00, 0x1F, 0xF8, 0x00, 0x00, 0x1F, 0xF8, 0x00, 0x00,
  0x1F, 0xF8, 0x00, 0x00, 0x1F, 0xF8, 0x00, 0x00, 0x1E, 0xF8, 0x00, 0x00,
  0x1E, 0x78, 0x00, 0x00, 0x1E, 0x7C, 0x00, 0x00, 0x3E, 0x7C, 0x00, 0x00,
  0x3C, 0x3C, 0x00, 0x00, 0x7C, 0x3E, 0x00, 0x00, 0x78, 0x1F, 0x00, 0x00,
  0xF8, 0x1F, 0x80, 0x01, 0xF0, 0x0F, 0xC0, 0x03, 0xE0, 0x07, 0xF0, 0x1F,
  0xC0, 0x03, 0xFF, 0xFF, 0x80, 0x00, 0xFF, 0xFE, 0x00, 0x00, 0x3F, 0xF8,
  0x00, 0x20, 0x00, 0x46, 0x00, 0x0E, 0xF0, 0x01, 0xF7, 0x80, 0x3E, 0x3C,
  0x07, 0xC1, 0xE0, 0xF8, 0x0F, 0x1F, 0x00, 0x7B, 0xE0, 0x03, 0xFC, 0x00,
  0x1F, 0x80, 0x01, 0xF0, 0x00, 0x3F, 0x80, 0x07, 0xFC, 0x00, 0xF9, 0xE0,
  0x1F, 0x0F, 0x03, 0xE0, 0x78, 0x7C, 0x03, 0xCF, 0x80, 0x1F, 0x70, 0x00,
  0xE2, 0x00, 0x04, 0x00, 0x00, 0x00, 0x18, 0x00, 0x00, 0x00, 0x1C, 0x00,
  0x00, 0x00, 0x38, 0x00, 0x0F, 0xF8, 0x38, 0x00, 0x7F, 0xFE, 0x70, 0x01,
  0xFF, 0xFF, 0xE0, 0x03, 0xFE, 0x3F, 0xE0, 0x07, 0xE0, 0x07, 0xE0, 0x0F,
  0x80, 0x03, 0xF0, 0x1F, 0x00, 0x03, 0xF8, 0x1E, 0x00, 0x07, 0x7C, 0x3E,
  0x00, 0x07, 0x7C, 0x3C, 0x00, 0x0E, 0x3E, 0x7C, 0x00, 0x1C, 0x3E, 0x78,
  0x00, 0x1C, 0x1E, 0x78, 0x00, 0x38, 0x1E, 0x78, 0x00, 0x70, 0x1F, 0xF8,
  0x00, 0x70, 0x1F, 0xF8, 0x00, 0xE0, 0x1F, 0xF8, 0x00, 0xE0, 0x1F, 0xF8,
  0x01, 0xC0, 0x1F, 0xF8, 0x03, 0x80, 0x1F, 0xF8, 0x03, 0x80, 0x1F, 0xF8,
  0x07, 0x00, 0x1F, 0xF8, 0x0E, 0x00, 0x1F, 0xF8, 0x0E, 0x00, 0x1F, 0x78,
  0x1C, 0x00, 0x1E, 0x78, 0x38, 0x00, 0x1E, 0x7C, 0x38, 0x00, 0x3E, 0x7C,
  0x70, 0x00, 0x3C, 0x3C, 0x70, 0x00, 0x7C, 0x3E, 0xE0, 0x00, 0x78, 0x1F,
  0xC0, 0x00, 0xF8, 0x1F, 0xC0, 0x01, 0xF0, 0x0F, 0xC0, 0x03, 0xE0, 0x07,
  0xF0, 0x0F, 0xC0, 0x07, 0xFF, 0xFF, 0x80, 0x0E, 0xFF, 0xFE, 0x00, 0x1E,
  0x3F, 0xF8, 0x00, 0x1C, 0x00, 0x00, 0x00, 0x38, 0x00, 0x00, 0x00, 0x38,
  0x00, 0x00, 0x00, 0x10, 0x00, 0x00, 0x00, 0x00, 0x07, 0x00, 0x00, 0x00,
  0x00, 0x78, 0x00, 0x00, 0x00, 0x0F, 0xE0, 0x00, 0x00, 0x00, 0x7F, 0x80,
  0x00, 0x00, 0x00, 0xFE, 0x00, 0x00, 0x00, 0x03, 0xF0, 0x00, 0x00, 0x00,
  0x0F, 0x00, 0x00, 0x00, 0x00, 0x20, 0x00, 0x00, 0x00, 0x00, 0x00, 0x00,
  0x00, 0x00, 0x00, 0x00, 0x00, 0x18, 0x00, 0x00, 0x7F, 0xFF, 0x80, 0x1F,
  0xFF, 0xFF, 0xF8, 0x01, 0xFF, 0xF0, 0xFC, 0x00, 0x03, 0xF0, 0x07, 0x80,
  0x00, 0x1E, 0x00, 0x78, 0x00, 0x01, 0xE0, 0x07, 0x80, 0x00, 0x1E, 0x00,
  0x78, 0x00, 0x01, 0xE0, 0x07, 0x80, 0x00, 0x1E, 0x00, 0x78, 0x00, 0x01,
  0xE0, 0x07, 0x80, 0x00, 0x1E, 0x00, 0x78, 0x00, 0x01, 0xE0, 0x07, 0x80,
  0x00, 0x1E, 0x00, 0x78, 0x00, 0x01, 0xE0, 0x07, 0x80, 0x00, 0x1E, 0x00,
  0x78, 0x00, 0x01, 0xE0, 0x07, 0x80, 0x00, 0x1E, 0x00, 0x78, 0x00, 0x01,
  0xE0, 0x07, 0x80, 0x00, 0x1E, 0x00, 0x78, 0x00, 0x01, 0xE0, 0x07, 0x80,
  0x00, 0x1E, 0x00, 0x78, 0x00, 0x01, 0xE0, 0x07, 0x80, 0x00, 0x1E, 0x00,
  0x78, 0x00, 0x01, 0xE0, 0x07, 0x80, 0x00, 0x1E, 0x00, 0x78, 0x00, 0x01,
  0xE0, 0x07, 0x80, 0x00, 0x1E, 0x00, 0x78, 0x00, 0x01, 0xE0, 0x07, 0xC0,
  0x00, 0x3E, 0x00, 0x3C, 0x00, 0x03, 0xC0, 0x03, 0xE0, 0x00, 0x7C, 0x00,
  0x1F, 0x00, 0x0F, 0x80, 0x01, 0xFC, 0x03, 0xF0, 0x00, 0x0F, 0xFF, 0xFE,
  0x00, 0x00, 0x3F, 0xFF, 0xC0, 0x00, 0x00, 0xFF, 0xF0, 0x00, 0x00, 0x00,
  0x06, 0x00, 0x00, 0x00, 0x01, 0xF0, 0x00, 0x00, 0x00, 0x3F, 0x00, 0x00,
  0x00, 0x0F, 0xE0, 0x00, 0x00, 0x03, 0xF8, 0x00, 0x00, 0x00, 0xFE, 0x00,
  0x00, 0x00, 0x07, 0x80, 0x00, 0x00, 0x00, 0x40, 0x00, 0x00, 0x00, 0x00,
  0x00, 0x00, 0x00, 0x00, 0x00, 0x00, 0x00, 0x00, 0x18, 0x00, 0x00, 0x7F,
  0xFF, 0x80, 0x1F, 0xFF, 0xFF, 0xF8, 0x01, 0xFF, 0xF0, 0xFC, 0x00, 0x03,
  0xF0, 0x07, 0x80, 0x00, 0x1E, 0x00, 0x78, 0x00, 0x01, 0xE0, 0x07, 0x80,
  0x00, 0x1E, 0x00, 0x78, 0x00, 0x01, 0xE0, 0x07, 0x80, 0x00, 0x1E, 0x00,
  0x78, 0x00, 0x01, 0xE0, 0x07, 0x80, 0x00, 0x1E, 0x00, 0x78, 0x00, 0x01,
  0xE0, 0x07, 0x80, 0x00, 0x1E, 0x00, 0x78, 0x00, 0x01, 0xE0, 0x07, 0x80,
  0x00, 0x1E, 0x00, 0x78, 0x00, 0x01, 0xE0, 0x07, 0x80, 0x00, 0x1E, 0x00,
  0x78, 0x00, 0x01, 0xE0, 0x07, 0x80, 0x00, 0x1E, 0x00, 0x78, 0x00, 0x01,
  0xE0, 0x07, 0x80, 0x00, 0x1E, 0x00, 0x78, 0x00, 0x01, 0xE0, 0x07, 0x80,
  0x00, 0x1E, 0x00, 0x78, 0x00, 0x01, 0xE0, 0x07, 0x80, 0x00, 0x1E, 0x00,
  0x78, 0x00, 0x01, 0xE0, 0x07, 0x80, 0x00, 0x1E, 0x00, 0x78, 0x00, 0x01,
  0xE0, 0x07, 0xC0, 0x00, 0x3E, 0x00, 0x3C, 0x00, 0x03, 0xC0, 0x03, 0xE0,
  0x00, 0x7C, 0x00, 0x1F, 0x00, 0x0F, 0x80, 0x01, 0xFC, 0x03, 0xF0, 0x00,
  0x0F, 0xFF, 0xFE, 0x00, 0x00, 0x3F, 0xFF, 0xC0, 0x00, 0x00, 0xFF, 0xF0,
  0x00, 0x00, 0x00, 0xF0, 0x00, 0x00, 0x00, 0x1F, 0x80, 0x00, 0x00, 0x03,
  0xFC, 0x00, 0x00, 0x00, 0x7F, 0xE0, 0x00, 0x00, 0x0F, 0x0F, 0x00, 0x00,
  0x01, 0xE0, 0x7C, 0x00, 0x00, 0x38, 0x01, 0xE0, 0x00, 0x01, 0x00, 0x0C,
  0x00, 0x00, 0x00, 0x00, 0x00, 0x00, 0x00, 0x00, 0x00, 0x00, 0x00, 0x18,
  0x00, 0x00, 0x7F, 0xFF, 0x80, 0x1F, 0xFF, 0xFF, 0xF8, 0x01, 0xFF, 0xF0,
  0xFC, 0x00, 0x03, 0xF0, 0x07, 0x80, 0x00, 0x1E, 0x00, 0x78, 0x00, 0x01,
  0xE0, 0x07, 0x80, 0x00, 0x1E, 0x00, 0x78, 0x00, 0x01, 0xE0, 0x07, 0x80,
  0x00, 0x1E, 0x00, 0x78, 0x00, 0x01, 0xE0, 0x07, 0x80, 0x00, 0x1E, 0x00,
  0x78, 0x00, 0x01, 0xE0, 0x07, 0x80, 0x00, 0x1E, 0x00, 0x78, 0x00, 0x01,
  0xE0, 0x07, 0x80, 0x00, 0x1E, 0x00, 0x78, 0x00, 0x01, 0xE0, 0x07, 0x80,
  0x00, 0x1E, 0x00, 0x78, 0x00, 0x01, 0xE0, 0x07, 0x80, 0x00, 0x1E, 0x00,
  0x78, 0x00, 0x01, 0xE0, 0x07, 0x80, 0x00, 0x1E, 0x00, 0x78, 0x00, 0x01,
  0xE0, 0x07, 0x80, 0x00, 0x1E, 0x00, 0x78, 0x00, 0x01, 0xE0, 0x07, 0x80,
  0x00, 0x1E, 0x00, 0x78, 0x00, 0x01, 0xE0, 0x07, 0x80, 0x00, 0x1E, 0x00,
  0x78, 0x00, 0x01, 0xE0, 0x07, 0xC0, 0x00, 0x3E, 0x00, 0x3C, 0x00, 0x03,
  0xC0, 0x03, 0xE0, 0x00, 0x7C, 0x00, 0x1F, 0x00, 0x0F, 0x80, 0x01, 0xFC,
  0x03, 0xF0, 0x00, 0x0F, 0xFF, 0xFE, 0x00, 0x00, 0x3F, 0xFF, 0xC0, 0x00,
  0x00, 0xFF, 0xF0, 0x00, 0x00, 0x0E, 0x03, 0x80, 0x00, 0x01, 0xE0, 0x78,
  0x00, 0x00, 0x1F, 0x07, 0xC0, 0x00, 0x01, 0xE0, 0x78, 0x00, 0x00, 0x1E,
  0x07, 0x80, 0x00, 0x00, 0x00, 0x00, 0x00, 0x00, 0x00, 0x00, 0x00, 0x00,
  0x00, 0x00, 0x00, 0x00, 0x00, 0x18, 0x00, 0x00, 0x7F, 0xFF, 0x80, 0x1F,
  0xFF, 0xFF, 0xF8, 0x01, 0xFF, 0xF0, 0xFC, 0x00, 0x03, 0xF0, 0x07, 0x80,
  0x00, 0x1E, 0x00, 0x78, 0x00, 0x01, 0xE0, 0x07, 0x80, 0x00, 0x1E, 0x00,
  0x78, 0x00, 0x01, 0xE0, 0x07, 0x80, 0x00, 0x1E, 0x00, 0x78, 0x00, 0x01,
  0xE0, 0x07, 0x80, 0x00, 0x1E, 0x00, 0x78, 0x00, 0x01, 0xE0, 0x07, 0x80,
  0x00, 0x1E, 0x00, 0x78, 0x00, 0x01, 0xE0, 0x07, 0x80, 0x00, 0x1E, 0x00,
  0x78, 0x00, 0x01, 0xE0, 0x07, 0x80, 0x00, 0x1E, 0x00, 0x78, 0x00, 0x01,
  0xE0, 0x07, 0x80, 0x00, 0x1E, 0x00, 0x78, 0x00, 0x01, 0xE0, 0x07, 0x80,
  0x00, 0x1E, 0x00, 0x78, 0x00, 0x01, 0xE0, 0x07, 0x80, 0x00, 0x1E, 0x00,
  0x78, 0x00, 0x01, 0xE0, 0x07, 0x80, 0x00, 0x1E, 0x00, 0x78, 0x00, 0x01,
  0xE0, 0x07, 0x80, 0x00, 0x1E, 0x00, 0x78, 0x00, 0x01, 0xE0, 0x07, 0xC0,
  0x00, 0x3E, 0x00, 0x3C, 0x00, 0x03, 0xC0, 0x03, 0xE0, 0x00, 0x7C, 0x00,
  0x1F, 0x00, 0x0F, 0x80, 0x01, 0xFC, 0x03, 0xF0, 0x00, 0x0F, 0xFF, 0xFE,
  0x00, 0x00, 0x3F, 0xFF, 0xC0, 0x00, 0x00, 0xFF, 0xF0, 0x00, 0x00, 0x00,
  0x18, 0x00, 0x00, 0x00, 0x3C, 0x00, 0x00, 0x00, 0xFE, 0x00, 0x00, 0x03,
  0xF8, 0x00, 0x00, 0x0F, 0xE0, 0x00, 0x00, 0x1F, 0x80, 0x00, 0x00, 0x1E,
  0x00, 0x00, 0x00, 0x08, 0x00, 0x00, 0x00, 0x00, 0x00, 0x00, 0x00, 0x00,
  0x00, 0x00, 0x00, 0x18, 0x00, 0x03, 0xFF, 0xF8, 0x0F, 0xFF, 0xFF, 0xF8,
  0x0F, 0xFF, 0x1F, 0x80, 0x00, 0xF8, 0x07, 0x80, 0x00, 0xF0, 0x07, 0xC0,
  0x00, 0xE0, 0x03, 0xC0, 0x01, 0xE0, 0x03, 0xE0, 0x01, 0xC0, 0x01, 0xE0,
  0x03, 0xC0, 0x01, 0xF0, 0x03, 0x80, 0x00, 0xF0, 0x07, 0x80, 0x00, 0xF0,
  0x07, 0x00, 0x00, 0x78, 0x0F, 0x00, 0x00, 0x78, 0x0E, 0x00, 0x00, 0x3C,
  0x1E, 0x00, 0x00, 0x3C, 0x1C, 0x00, 0x00, 0x1E, 0x3C, 0x00, 0x00, 0x1E,
  0x38, 0x00, 0x00, 0x0F, 0x78, 0x00, 0x00, 0x0F, 0x70, 0x00, 0x00, 0x07,
  0xF0, 0x00, 0x00, 0x07, 0xE0, 0x00, 0x00, 0x03, 0xE0, 0x00, 0x00, 0x03,
  0xC0, 0x00, 0x00, 0x03, 0xC0, 0x00, 0x00, 0x03, 0xC0, 0x00, 0x00, 0x03,
  0xC0, 0x00, 0x00, 0x03, 0xC0, 0x00, 0x00, 0x03, 0xC0, 0x00, 0x00, 0x03,
  0xC0, 0x00, 0x00, 0x03, 0xC0, 0x00, 0x00, 0x03, 0xC0, 0x00, 0x00, 0x03,
  0xC0, 0x00, 0x00, 0x1F, 0xF8, 0x00, 0x00, 0x3F, 0xFE, 0x00, 0x00, 0x3F,
  0xFE, 0x00, 0x00, 0x18, 0x00, 0x3F, 0xFE, 0x00, 0x0F, 0xFF, 0x80, 0x00,
  0x3F, 0x00, 0x00, 0x07, 0x80, 0x00, 0x01, 0xE0, 0x00, 0x00, 0x78, 0x00,
  0x00, 0x1E, 0x00, 0x00, 0x07, 0xFF, 0xF0, 0x01, 0xFF, 0xFF, 0x00, 0x7F,
  0xFF, 0xE0, 0x1E, 0x00, 0xFC, 0x07, 0x80, 0x0F, 0x81, 0xE0, 0x01, 0xE0,
  0x78, 0x00, 0x78, 0x1E, 0x00, 0x1F, 0x07, 0x80, 0x03, 0xC1, 0xE0, 0x00,
  0xF0, 0x78, 0x00, 0x3C, 0x1E, 0x00, 0x1F, 0x07, 0x80, 0x07, 0x81, 0xE0,
  0x01, 0xE0, 0x78, 0x00, 0xF8, 0x1E, 0x00, 0x7C, 0x07, 0x80, 0x7E, 0x01,
  0xFF, 0xFF, 0x00, 0x7F, 0xFF, 0x80, 0x1F, 0xFF, 0x80, 0x07, 0x80, 0x00,
  0x01, 0xE0, 0x00, 0x00, 0x78, 0x00, 0x00, 0x1E, 0x00, 0x00, 0x07, 0x80,
  0x00, 0x0F, 0xFE, 0x00, 0x0F, 0xFF, 0xE0, 0x03, 0xFF, 0xF8, 0x00, 0x00,
  0x03, 0x00, 0x00, 0x00, 0xFF, 0xE0, 0x00, 0x0F, 0xFF, 0xE0, 0x00, 0xFF,
  0xBF, 0xC0, 0x03, 0xE0, 0x0F, 0x80, 0x1F, 0x00, 0x1E, 0x00, 0x78, 0x00,
  0x3C, 0x03, 0xC0, 0x00, 0xF0, 0x0F, 0x00, 0x03, 0xC0, 0x3C, 0x00, 0x0F,
  0x00, 0xF0, 0x00, 0x3C, 0x03, 0xC0, 0x01, 0xE0, 0x0F, 0x00, 0x0F, 0x00,
  0x7C, 0x00, 0xF8, 0x0F, 0xF0, 0x07, 0x80, 0x3F, 0xC0, 0x7C, 0x00, 0x0F,
  0x01, 0xE0, 0x00, 0x3C, 0x0F, 0x00, 0x00, 0xF0, 0x3C, 0x00, 0x03, 0xC0,
  0xF0, 0x00, 0x0F, 0x03, 0xC0, 0x00, 0x3C, 0x0F, 0x80, 0x00, 0xF0, 0x1F,
  0x00, 0x03, 0xC0, 0x7F, 0x00, 0x0F, 0x00, 0x7F, 0x00, 0x3C, 0x00, 0xFF,
  0x00, 0xF0, 0x00, 0xFE, 0x03, 0xC0, 0x00, 0xFE, 0x0F, 0x00, 0x00, 0xF8,
  0x3C, 0x00, 0x01, 0xF0, 0xF0, 0x00, 0x03, 0xC3, 0xC0, 0x00, 0x0F, 0x0F,
  0x00, 0x00, 0x3C, 0x3C, 0x0C, 0x00, 0xF0, 0xF0, 0x38, 0x03, 0xC3, 0xC0,
  0xE0, 0x0F, 0x0F, 0x03, 0x80, 0x79, 0xFC, 0x1F, 0x8F, 0xCF, 0xF0, 0x7F,
  0xFE, 0x3F, 0xC0, 0xFF, 0xE0, 0x01, 0x00, 0x00, 0x03, 0x80, 0x00, 0x07,
  0xC0, 0x00, 0x03, 0xF0, 0x00, 0x01, 0xF8, 0x00, 0x00, 0x7C, 0x00, 0x00,
  0x3E, 0x00, 0x00, 0x0F, 0x00, 0x00, 0x06, 0x00, 0x00, 0x00, 0x00, 0x00,
  0x00, 0x00, 0x00, 0x00, 0x00, 0x00, 0x00, 0x00, 0x00, 0x00, 0x00, 0x07,
  0xFF, 0x00, 0x7F, 0xFF, 0xC0, 0x7F, 0xFF, 0xE0, 0x78, 0x03, 0xE0, 0x78,
  0x01, 0xE0, 0x70, 0x01, 0xF0, 0x70, 0x00, 0xF0, 0x70, 0x00, 0xF0, 0x00,
  0x00, 0xF0, 0x00, 0x00, 0xF0, 0x00, 0x00, 0xF0, 0x00, 0x00, 0xF0, 0x01,
  0xFF, 0xF0, 0x1F, 0xFF, 0xF0, 0x3F, 0xFF, 0xF0, 0x7C, 0x00, 0xF0, 0xF8,
  0x00, 0xF0, 0xF0, 0x00, 0xF0, 0xF0, 0x00, 0xF0, 0xF0, 0x00, 0xF0, 0xF0,
  0x00, 0xF0, 0xF0, 0x01, 0xF0, 0xF0, 0x07, 0xF0, 0xF8, 0x1F, 0xF0, 0x7F,
  0xFC, 0xFE, 0x3F, 0xF8, 0x7F, 0x1F, 0xE0, 0x7F, 0x00, 0x01, 0x00, 0x00,
  0x03, 0x80, 0x00, 0x0F, 0x80, 0x00, 0x1F, 0xC0, 0x00, 0x3F, 0x00, 0x00,
  0x7C, 0x00, 0x01, 0xF0, 0x00, 0x03, 0xE0, 0x00, 0x01, 0x80, 0x00, 0x00,
  0x00, 0x00, 0x00, 0x00, 0x00, 0x00, 0x00, 0x00, 0x00, 0x00, 0x00, 0x00,
  0x00, 0x00, 0x07, 0xFF, 0x00, 0x7F, 0xFF, 0xC0, 0x7F, 0xFF, 0xE0, 0x78,
  0x03, 0xE0, 0x78, 0x01, 0xE0, 0x70, 0x01, 0xF0, 0x70, 0x00, 0xF0, 0x70,
  0x00, 0xF0, 0x00, 0x00, 0xF0, 0x00, 0x00, 0xF0, 0x00, 0x00, 0xF0, 0x00,
  0x00, 0xF0, 0x01, 0xFF, 0xF0, 0x1F, 0xFF, 0xF0, 0x3F, 0xFF, 0xF0, 0x7C,
  0x00, 0xF0, 0xF8, 0x00, 0xF0, 0xF0, 0x00, 0xF0, 0xF0, 0x00, 0xF0, 0xF0,
  0x00, 0xF0, 0xF0, 0x00, 0xF0, 0xF0, 0x01, 0xF0, 0xF0, 0x07, 0xF0, 0xF8,
  0x1F, 0xF0, 0x7F, 0xFC, 0xFE, 0x3F, 0xF8, 0x7F, 0x1F, 0xE0, 0x7F, 0x00,
  0x78, 0x00, 0x00, 0xFC, 0x00, 0x01, 0xFE, 0x00, 0x07, 0xDF, 0x00, 0x0F,
  0x87, 0x80, 0x1E, 0x03, 0xC0, 0x3C, 0x01, 0xE0, 0x08, 0x00, 0x40, 0x00,
  0x00, 0x00, 0x00, 0x00, 0x00, 0x00, 0x00, 0x00, 0x00, 0x00, 0x00, 0x00,
  0x00, 0x00, 0x07, 0xFF, 0x00, 0x7F, 0xFF, 0xC0, 0x7F, 0xFF, 0xE0, 0x78,
  0x03, 0xE0, 0x78, 0x01, 0xE0, 0x70, 0x01, 0xF0, 0x70, 0x00, 0xF0, 0x70,
  0x00, 0xF0, 0x00, 0x00, 0xF0, 0x00, 0x00, 0xF0, 0x00, 0x00, 0xF0, 0x00,
  0x00, 0xF0, 0x01, 0xFF, 0xF0, 0x1F, 0xFF, 0xF0, 0x3F, 0xFF, 0xF0, 0x7C,
  0x00, 0xF0, 0xF8, 0x00, 0xF0, 0xF0, 0x00, 0xF0, 0xF0, 0x00, 0xF0, 0xF0,
  0x00, 0xF0, 0xF0, 0x00, 0xF0, 0xF0, 0x01, 0xF0, 0xF0, 0x07, 0xF0, 0xF8,
  0x1F, 0xF0, 0x7F, 0xFC, 0xFE, 0x3F, 0xF8, 0x7F, 0x1F, 0xE0, 0x7F, 0x03,
  0x80, 0x40, 0x0F, 0xE0, 0x60, 0x1F, 0xF9, 0xE0, 0x1E, 0xFF, 0xC0, 0x38,
  0x3F, 0x80, 0x10, 0x0F, 0x00, 0x00, 0x00, 0x00, 0x00, 0x00, 0x00, 0x00,
  0x00, 0x00, 0x00, 0x00, 0x00, 0x00, 0x00, 0x00, 0x00, 0x00, 0x00, 0x07,
  0xFF, 0x00, 0x7F, 0xFF, 0xC0, 0x7F, 0xFF, 0xE0, 0x78, 0x03, 0xE0, 0x78,
  0x01, 0xE0, 0x70, 0x01, 0xF0, 0x70, 0x00, 0xF0, 0x70, 0x00, 0xF0, 0x00,
  0x00, 0xF0, 0x00, 0x00, 0xF0, 0x00, 0x00, 0xF0, 0x00, 0x00, 0xF0, 0x01,
  0xFF, 0xF0, 0x1F, 0xFF, 0xF0, 0x3F, 0xFF, 0xF0, 0x7C, 0x00, 0xF0, 0xF8,
  0x00, 0xF0, 0xF0, 0x00, 0xF0, 0xF0, 0x00, 0xF0, 0xF0, 0x00, 0xF0, 0xF0,
  0x00, 0xF0, 0xF0, 0x01, 0xF0, 0xF0, 0x07, 0xF0, 0xF8, 0x1F, 0xF0, 0x7F,
  0xFC, 0xFE, 0x3F, 0xF8, 0x7F, 0x1F, 0xE0, 0x7F, 0x0E, 0x03, 0x80, 0x1F,
  0x07, 0xC0, 0x1F, 0x07, 0xC0, 0x1F, 0x07, 0xC0, 0x0E, 0x03, 0x80, 0x00,
  0x00, 0x00, 0x00, 0x00, 0x00, 0x00, 0x00, 0x00, 0x00, 0x00, 0x00, 0x00,
  0x00, 0x00, 0x00, 0x00, 0x00, 0x07, 0xFF, 0x00, 0x7F, 0xFF, 0xC0, 0x7F,
  0xFF, 0xE0, 0x78, 0x03, 0xE0, 0x78, 0x01, 0xE0, 0x70, 0x01, 0xF0, 0x70,
  0x00, 0xF0, 0x70, 0x00, 0xF0, 0x00, 0x00, 0xF0, 0x00, 0x00, 0xF0, 0x00,
  0x00, 0xF0, 0x00, 0x00, 0xF0, 0x01, 0xFF, 0xF0, 0x1F, 0xFF, 0xF0, 0x3F,
  0xFF, 0xF0, 0x7C, 0x00, 0xF0, 0xF8, 0x00, 0xF0, 0xF0, 0x00, 0xF0, 0xF0,
  0x00, 0xF0, 0xF0, 0x00, 0xF0, 0xF0, 0x00, 0xF0, 0xF0, 0x01, 0xF0, 0xF0,
  0x07, 0xF0, 0xF8, 0x1F, 0xF0, 0x7F, 0xFC, 0xFE, 0x3F, 0xF8, 0x7F, 0x1F,
  0xE0, 0x7F, 0x00, 0xFC, 0x00, 0x03, 0xFE, 0x00, 0x03, 0x87, 0x00, 0x07,
  0x07, 0x00, 0x07, 0x07, 0x00, 0x07, 0x07, 0x00, 0x03, 0x87, 0x00, 0x03,
  0xFE, 0x00, 0x01, 0xFC, 0x00, 0x00, 0x00, 0x00, 0x00, 0x00, 0x00, 0x00,
  0x00, 0x00, 0x00, 0x00, 0x00, 0x00, 0x00, 0x00, 0x07, 0xFF, 0x00, 0x7F,
  0xFF, 0xC0, 0x7F, 0xFF, 0xE0, 0x78, 0x03, 0xE0, 0x78, 0x01, 0xE0, 0x70,
  0x01, 0xF0, 0x70, 0x00, 0xF0, 0x70, 0x00, 0xF0, 0x00, 0x00, 0xF0, 0x00,
  0x00, 0xF0, 0x00, 0x00, 0xF0, 0x00, 0x00, 0xF0, 0x01, 0xFF, 0xF0, 0x1F,
  0xFF, 0xF0, 0x3F, 0xFF, 0xF0, 0x7C, 0x00, 0xF0, 0xF8, 0x00, 0xF0, 0xF0,
  0x00, 0xF0, 0xF0, 0x00, 0xF0, 0xF0, 0x00, 0xF0, 0xF0, 0x00, 0xF0, 0xF0,
  0x01, 0xF0, 0xF0, 0x07, 0xF0, 0xF8, 0x1F, 0xF0, 0x7F, 0xFC, 0xFE, 0x3F,
  0xF8, 0x7F, 0x1F, 0xE0, 0x7F, 0x07, 0xFE, 0x00, 0xFF, 0x80, 0xFF, 0xFF,
  0x07, 0xFF, 0xC1, 0xFF, 0xFF, 0x1F, 0xFF, 0xC3, 0xC0, 0x1E, 0x78, 0x0F,
  0x87, 0x00, 0x1D, 0xE0, 0x0F, 0x8E, 0x00, 0x3F, 0x80, 0x0F, 0x9C, 0x00,
  0x3E, 0x00, 0x0F, 0x38, 0x00, 0x7C, 0x00, 0x1E, 0x00, 0x00, 0xF8, 0x00,
  0x3C, 0x00, 0x01, 0xE0, 0x00, 0x7C, 0x00, 0x03, 0xC0, 0x00, 0xF8, 0x00,
  0x07, 0x80, 0x01, 0xF0, 0xFF, 0xFF, 0xFF, 0xFF, 0xE7, 0xFF, 0xFF, 0xFF,
  0xFF, 0xDF, 0xFF, 0xFF, 0xFF, 0xFF, 0x3C, 0x00, 0x78, 0x00, 0x00, 0xF0,
  0x00, 0xF0, 0x00, 0x01, 0xE0, 0x01, 0xE0, 0x00, 0x03, 0xC0, 0x03, 0xE0,
  0x00, 0x07, 0x80, 0x07, 0xC0, 0x00, 0x0F, 0x00, 0x07, 0xC0, 0x00, 0x1E,
  0x00, 0x1F, 0x80, 0x01, 0x3E, 0x00, 0xFF, 0x80, 0x07, 0x7E, 0x03, 0xCF,
  0xC0, 0x3F, 0x7F, 0xFF, 0x0F, 0xFF, 0xF8, 0x7F, 0xFC, 0x0F, 0xFF, 0xC0,
  0x7F, 0xC0, 0x07, 0xFE, 0x00, 0x08, 0x00, 0x00, 0x00, 0x00, 0x00, 0xFF,
  0xE0, 0x0F, 0xFF, 0xE0, 0x7F, 0xFF, 0xC3, 0xE0, 0x0E, 0x1F, 0x00, 0x38,
  0xF8, 0x00, 0xE3, 0xC0, 0x03, 0x9F, 0x00, 0x0E, 0x78, 0x00, 0x01, 0xE0,
  0x00, 0x07, 0x80, 0x00, 0x3E, 0x00, 0x00, 0xF8, 0x00, 0x03, 0xE0, 0x00,
  0x0F, 0x80, 0x00, 0x3E, 0x00, 0x00, 0xF8, 0x00, 0x01, 0xE0, 0x00, 0x07,
  0x80, 0x00, 0x1F, 0x00, 0x00, 0x3C, 0x00, 0x00, 0xF8, 0x00, 0x21, 0xF0,
  0x01, 0xC7, 0xE0, 0x1F, 0x0F, 0xFF, 0xF8, 0x1F, 0xFF, 0x80, 0x1F, 0xF8,
  0x00, 0x06, 0x00, 0x00, 0x38, 0x00, 0x00, 0xE0, 0x00, 0x03, 0xF0, 0x00,
  0x0F, 0xE0, 0x00, 0x03, 0xC0, 0x00, 0x07, 0x00, 0x00, 0x1E, 0x00, 0x00,
  0x70, 0x00, 0xFF, 0xC0, 0x03, 0xFE, 0x00, 0x03, 0xE0, 0x00, 0x00, 0x40,
  0x00, 0x01, 0xC0, 0x00, 0x07, 0xC0, 0x00, 0x0F, 0xC0, 0x00, 0x07, 0xE0,
  0x00, 0x03, 0xE0, 0x00, 0x03, 0xE0, 0x00, 0x01, 0xE0, 0x00, 0x01, 0x80,
  0x00, 0x00, 0x00, 0x00, 0x00, 0x00, 0x00, 0x00, 0x00, 0x00, 0x00, 0x00,
  0x00, 0x00, 0x00, 0x3F, 0xF0, 0x01, 0xFF, 0xF0, 0x07, 0xFF, 0xF0, 0x1F,
  0x01, 0xF0, 0x7C, 0x01, 0xF1, 0xF0, 0x01, 0xE3, 0xC0, 0x03, 0xEF, 0x80,
  0x03, 0xDE, 0x00, 0x07, 0xBC, 0x00, 0x0F, 0x78, 0x00, 0x1E, 0xFF, 0xFF,
  0xFF, 0xFF, 0xFF, 0xFF, 0xFF, 0xFF, 0xFF, 0x80, 0x00, 0x1F, 0x00, 0x00,
  0x1E, 0x00, 0x00, 0x3C, 0x00, 0x00, 0x78, 0x00, 0x00, 0xF8, 0x00, 0x00,
  0xF0, 0x00, 0x01, 0xF0, 0x00, 0x21, 0xF0, 0x00, 0xE3, 0xF0, 0x0F, 0xC3,
  0xFF, 0xFF, 0x03, 0xFF, 0xF8, 0x01, 0xFF, 0xC0, 0x00, 0x00, 0x40, 0x00,
  0x03, 0x80, 0x00, 0x0F, 0x80, 0x00, 0x3F, 0x80, 0x00, 0xF8, 0x00, 0x07,
  0xE0, 0x00, 0x1F, 0x00, 0x00, 0x7C, 0x00, 0x00, 0x60, 0x00, 0x00, 0x00,
  0x00, 0x00, 0x00, 0x00, 0x00, 0x00, 0x00, 0x00, 0x00, 0x00, 0x00, 0x00,
  0x00, 0x3F, 0xF0, 0x01, 0xFF, 0xF0, 0x07, 0xFF, 0xF0, 0x1F, 0x01, 0xF0,
  0x7C, 0x01, 0xF1, 0xF0, 0x01, 0xE3, 0xC0, 0x03, 0xEF, 0x80, 0x03, 0xDE,
  0x00, 0x07, 0xBC, 0x00, 0x0F, 0x78, 0x00, 0x1E, 0xFF, 0xFF, 0xFF, 0xFF,
  0xFF, 0xFF, 0xFF, 0xFF, 0xFF, 0x80, 0x00, 0x1F, 0x00, 0x00, 0x1E, 0x00,
  0x00, 0x3C, 0x00, 0x00, 0x78, 0x00, 0x00, 0xF8, 0x00, 0x00, 0xF0, 0x00,
  0x01, 0xF0, 0x00, 0x21, 0xF0, 0x00, 0xE3, 0xF0, 0x0F, 0xC3, 0xFF, 0xFF,
  0x03, 0xFF, 0xF8, 0x01, 0xFF, 0xC0, 0x00, 0x3E, 0x00, 0x00, 0xFE, 0x00,
  0x03, 0xFE, 0x00, 0x0F, 0xBE, 0x00, 0x3E, 0x1E, 0x00, 0xF0, 0x1E, 0x03,
  0xC0, 0x1E, 0x02, 0x00, 0x08, 0x00, 0x00, 0x00, 0x00, 0x00, 0x00, 0x00,
  0x00, 0x00, 0x00, 0x00, 0x00, 0x00, 0x00, 0x00, 0x1F, 0xF8, 0x00, 0xFF,
  0xF8, 0x03, 0xFF, 0xF8, 0x0F, 0x80, 0xF8, 0x3E, 0x00, 0xF8, 0xF8, 0x00,
  0xF1, 0xE0, 0x01, 0xF7, 0xC0, 0x01, 0xEF, 0x00, 0x03, 0xDE, 0x00, 0x07,
  0xBC, 0x00, 0x0F, 0x7F, 0xFF, 0xFF, 0xFF, 0xFF, 0xFF, 0xFF, 0xFF, 0xFF,
  0xC0, 0x00, 0x0F, 0x80, 0x00, 0x0F, 0x00, 0x00, 0x1E, 0x00, 0x00, 0x3C,
  0x00, 0x00, 0x7C, 0x00, 0x00, 0x78, 0x00, 0x00, 0xF8, 0x00, 0x10, 0xF8,
  0x00, 0x71, 0xF8, 0x07, 0xE1, 0xFF, 0xFF, 0x81, 0xFF, 0xFC, 0x00, 0xFF,
  0xE0, 0x03, 0x80, 0xE0, 0x0F, 0x83, 0xE0, 0x1F, 0x07, 0xC0, 0x3E, 0x0F,
  0x80, 0x38, 0x0E, 0x00, 0x00, 0x00, 0x00, 0x00, 0x00, 0x00, 0x00, 0x00,
  0x00, 0x00, 0x00, 0x00, 0x00, 0x00, 0x00, 0x00, 0x00, 0x07, 0xFE, 0x00,
  0x3F, 0xFE, 0x00, 0xFF, 0xFE, 0x03, 0xE0, 0x3E, 0x0F, 0x80, 0x3E, 0x3E,
  0x00, 0x3C, 0x78, 0x00, 0x7D, 0xF0, 0x00, 0x7B, 0xC0, 0x00, 0xF7, 0x80,
  0x01, 0xEF, 0x00, 0x03, 0xDF, 0xFF, 0xFF, 0xFF, 0xFF, 0xFF, 0xFF, 0xFF,
  0xFF, 0xF0, 0x00, 0x03, 0xE0, 0x00, 0x03, 0xC0, 0x00, 0x07, 0x80, 0x00,
  0x0F, 0x00, 0x00, 0x1F, 0x00, 0x00, 0x1E, 0x00, 0x00, 0x3E, 0x00, 0x04,
  0x3E, 0x00, 0x1C, 0x7E, 0x01, 0xF8, 0x7F, 0xFF, 0xE0, 0x7F, 0xFF, 0x00,
  0x3F, 0xF8, 0x00, 0x20, 0x03, 0x80, 0x3F, 0x00, 0xFC, 0x03, 0xF0, 0x07,
  0xC0, 0x1F, 0x80, 0x3E, 0x00, 0x60, 0x00, 0x00, 0x00, 0x00, 0x00, 0x00,
  0x00, 0x01, 0xFE, 0x0F, 0xF0, 0x7F, 0x80, 0x3C, 0x01, 0xE0, 0x0F, 0x00,
  0x78, 0x03, 0xC0, 0x1E, 0x00, 0xF0, 0x07, 0x80, 0x3C, 0x01, 0xE0, 0x0F,
  0x00, 0x78, 0x03, 0xC0, 0x1E, 0x00, 0xF0, 0x07, 0x80, 0x3C, 0x01, 0xE0,
  0x0F, 0x00, 0x78, 0x03, 0xC0, 0xFF, 0xCF, 0xFF, 0x7F, 0xF8, 0x00, 0x20,
  0x03, 0x80, 0x7C, 0x07, 0xF0, 0x7E, 0x07, 0xC0, 0xF8, 0x0F, 0x80, 0x30,
  0x00, 0x00, 0x00, 0x00, 0x00, 0x00, 0x00, 0x00, 0x03, 0xFC, 0x1F, 0xE0,
  0xFF, 0x00, 0x78, 0x03, 0xC0, 0x1E, 0x00, 0xF0, 0x07, 0x80, 0x3C, 0x01,
  0xE0, 0x0F, 0x00, 0x78, 0x03, 0xC0, 0x1E, 0x00, 0xF0, 0x07, 0x80, 0x3C,
  0x01, 0xE0, 0x0F, 0x00, 0x78, 0x03, 0xC0, 0x1E, 0x00, 0xF0, 0x07, 0x81,
  0xFF, 0x9F, 0xFE, 0xFF, 0xF0, 0x03, 0xC0, 0x0F, 0x80, 0x3F, 0x80, 0xF7,
  0x83, 0xC7, 0x8F, 0x07, 0xBC, 0x03, 0xB0, 0x02, 0x00, 0x00, 0x00, 0x00,
  0x00, 0x00, 0x00, 0x00, 0x00, 0x07, 0xF8, 0x0F, 0xF0, 0x1F, 0xE0, 0x03,
  0xC0, 0x07, 0x80, 0x0F, 0x00, 0x1E, 0x00, 0x3C, 0x00, 0x78, 0x00, 0xF0,
  0x01, 0xE0, 0x03, 0xC0, 0x07, 0x80, 0x0F, 0x00, 0x1E, 0x00, 0x3C, 0x00,
  0x78, 0x00, 0xF0, 0x01, 0xE0, 0x03, 0xC0, 0x07, 0x80, 0x0F, 0x00, 0x1E,
  0x00, 0x3C, 0x03, 0xFF, 0x0F, 0xFF, 0x1F, 0xFE, 0x70, 0x1F, 0xE0, 0xFF,
  0x83, 0xFE, 0x0F, 0x70, 0x3C, 0x00, 0x00, 0x00, 0x00, 0x00, 0x00, 0x00,
  0x00, 0x00, 0x00, 0x0F, 0xF0, 0x3F, 0xC0, 0xFF, 0x00, 0x3C, 0x00, 0xF0,
  0x03, 0xC0, 0x0F, 0x00, 0x3C, 0x00, 0xF0, 0x03, 0xC0, 0x0F, 0x00, 0x3C,
  0x00, 0xF0, 0x03, 0xC0, 0x0F, 0x00, 0x3C, 0x00, 0xF0, 0x03, 0xC0, 0x0F,
  0x00, 0x3C, 0x00, 0xF0, 0x03, 0xC0, 0x0F, 0x00, 0x3C, 0x07, 0xFE, 0x3F,
  0xFC, 0xFF, 0xF0, 0x04, 0x00, 0x08, 0x03, 0xF8, 0x0C, 0x01, 0xFF, 0x1F,
  0x00, 0x7F, 0xFE, 0x00, 0x01, 0xFE, 0x00, 0x00, 0x3E, 0x00, 0x00, 0x7F,
  0x80, 0x00, 0xFB, 0xE0, 0x00, 0xF0, 0xF8, 0x00, 0x30, 0x3C, 0x00, 0x00,
  0x0F, 0x00, 0x00, 0x07, 0x80, 0x00, 0x01, 0xE0, 0x00, 0x00, 0xF0, 0x03,
  0xFC, 0x38, 0x07, 0xFF, 0x9E, 0x07, 0xFF, 0xEF, 0x07, 0xC0, 0x7F, 0x87,
  0xC0, 0x0F, 0xC7, 0xC0, 0x03, 0xF3, 0xC0, 0x01, 0xFB, 0xE0, 0x00, 0x7D,
  0xE0, 0x00, 0x3E, 0xF0, 0x00, 0x1F, 0x78, 0x00, 0x0F, 0xFC, 0x00, 0x03,
  0xFE, 0x00, 0x01, 0xFF, 0x00, 0x00, 0xFF, 0x80, 0x00, 0xFF, 0xC0, 0x00,
  0x79, 0xE0, 0x00, 0x3C, 0xF0, 0x00, 0x1E, 0x78, 0x00, 0x1F, 0x3E, 0x00,
  0x0F, 0x0F, 0x00, 0x0F, 0x87, 0xC0, 0x0F, 0x81, 0xF0, 0x0F, 0x80, 0x7F,
  0xFF, 0x80, 0x1F, 0xFF, 0x80, 0x03, 0xFF, 0x00, 0x00, 0x38, 0x04, 0x00,
  0x07, 0xF0, 0x70, 0x00, 0x7F, 0xE7, 0x80, 0x03, 0xDF, 0xF8, 0x00, 0x38,
  0x3F, 0x80, 0x00, 0x80, 0x78, 0x00, 0x00, 0x00, 0x00, 0x00, 0x00, 0x00,
  0x00, 0x00, 0x00, 0x00, 0x00, 0x00, 0x00, 0x00, 0x00, 0x00, 0x00, 0x00,
  0x00, 0x00, 0x00, 0x0F, 0xE0, 0x7F, 0x80, 0x7F, 0x0F, 0xFF, 0x03, 0xF8,
  0xFF, 0xFC, 0x01, 0xDF, 0x03, 0xF0, 0x0F, 0xE0, 0x0F, 0x80, 0x7C, 0x00,
  0x3C, 0x03, 0xC0, 0x01, 0xE0, 0x1E, 0x00, 0x0F, 0x00, 0xF0, 0x00, 0x78,
  0x07, 0x80, 0x03, 0xC0, 0x3C, 0x00, 0x1E, 0x01, 0xE0, 0x00, 0xF0, 0x0F,
  0x00, 0x07, 0x80, 0x78, 0x00, 0x3C, 0x03, 0xC0, 0x01, 0xE0, 0x1E, 0x00,
  0x0F, 0x00, 0xF0, 0x00, 0x78, 0x07, 0x80, 0x03, 0xC0, 0x3C, 0x00, 0x1E,
  0x01, 0xE0, 0x00, 0xF0, 0x0F, 0x00, 0x07, 0x80, 0x78, 0x00, 0x3C, 0x03,
  0xC0, 0x01, 0xE0, 0x1E, 0x00, 0x0F, 0x07, 0xFC, 0x01, 0xFF, 0x7F, 0xF8,
  0x3F, 0xFF, 0xFF, 0xC1, 0xFF, 0xE0, 0x00, 0x40, 0x00, 0x00, 0x70, 0x00,
  0x00, 0x7C, 0x00, 0x00, 0x1F, 0x80, 0x00, 0x07, 0xE0, 0x00, 0x00, 0xF8,
  0x00, 0x00, 0x3E, 0x00, 0x00, 0x07, 0x80, 0x00, 0x01, 0x80, 0x00, 0x00,
  0x00, 0x00, 0x00, 0x00, 0x00, 0x00, 0x00, 0x00, 0x00, 0x00, 0x00, 0x00,
  0x00, 0x00, 0x03, 0xFF, 0x00, 0x07, 0xFF, 0xE0, 0x07, 0xFF, 0xF8, 0x07,
  0xC0, 0x7E, 0x07, 0xC0, 0x0F, 0x87, 0xC0, 0x03, 0xC3, 0xC0, 0x01, 0xF3,
  0xE0, 0x00, 0x79, 0xE0, 0x00, 0x3C, 0xF0, 0x00, 0x1F, 0x78, 0x00, 0x0F,
  0xBC, 0x00, 0x03, 0xFE, 0x00, 0x01, 0xFF, 0x00, 0x00, 0xFF, 0x80, 0x00,
  0x7F, 0xC0, 0x00, 0x3F, 0xE0, 0x00, 0x3E, 0xF0, 0x00, 0x1E, 0x78, 0x00,
  0x0F, 0x3C, 0x00, 0x07, 0x9F, 0x00, 0x07, 0x87, 0x80, 0x03, 0xC3, 0xE0,
  0x03, 0xC0, 0xFC, 0x07, 0xE0, 0x3F, 0xFF, 0xE0, 0x0F, 0xFF, 0xC0, 0x01,
  0xFF, 0x80, 0x00, 0x00, 0x00, 0x40, 0x00, 0x00, 0x60, 0x00, 0x00, 0xF8,
  0x00, 0x00, 0xFE, 0x00, 0x00, 0xFC, 0x00, 0x01, 0xF8, 0x00, 0x01, 0xF0,
  0x00, 0x01, 0xF0, 0x00, 0x00, 0x60, 0x00, 0x00, 0x00, 0x00, 0x00, 0x00,
  0x00, 0x00, 0x00, 0x00, 0x00, 0x00, 0x00, 0x00, 0x00, 0x00, 0x00, 0x03,
  0xFF, 0x00, 0x07, 0xFF, 0xE0, 0x07, 0xFF, 0xF8, 0x07, 0xC0, 0x7E, 0x07,
  0xC0, 0x0F, 0x87, 0xC0, 0x03, 0xC3, 0xC0, 0x01, 0xF3, 0xE0, 0x00, 0x79,
  0xE0, 0x00, 0x3C, 0xF0, 0x00, 0x1F, 0x78, 0x00, 0x0F, 0xBC, 0x00, 0x03,
  0xFE, 0x00, 0x01, 0xFF, 0x00, 0x00, 0xFF, 0x80, 0x00, 0x7F, 0xC0, 0x00,
  0x3F, 0xE0, 0x00, 0x3E, 0xF0, 0x00, 0x1E, 0x78, 0x00, 0x0F, 0x3C, 0x00,
  0x07, 0x9F, 0x00, 0x07, 0x87, 0x80, 0x03, 0xC3, 0xE0, 0x03, 0xC0, 0xFC,
  0x07, 0xE0, 0x3F, 0xFF, 0xE0, 0x0F, 0xFF, 0xC0, 0x01, 0xFF, 0x80, 0x00,
  0x00, 0x1E, 0x00, 0x00, 0x1F, 0x80, 0x00, 0x3F, 0xE0, 0x00, 0x3E, 0xF8,
  0x00, 0x3E, 0x1E, 0x00, 0x3C, 0x07, 0x80, 0x3C, 0x01, 0xE0, 0x0C, 0x00,
  0x20, 0x00, 0x00, 0x00, 0x00, 0x00, 0x00, 0x00, 0x00, 0x00, 0x00, 0x00,
  0x00, 0x00, 0x00, 0x00, 0x00, 0x07, 0xFE, 0x00, 0x0F, 0xFF, 0xC0, 0x0F,
  0xFF, 0xF0, 0x0F, 0x80, 0xFC, 0x0F, 0x80, 0x1F, 0x0F, 0x80, 0x07, 0x87,
  0x80, 0x03, 0xE7, 0xC0, 0x00, 0xF3, 0xC0, 0x00, 0x79, 0xE0, 0x00, 0x3E,
  0xF0, 0x00, 0x1F, 0x78, 0x00, 0x07, 0xFC, 0x00, 0x03, 0xFE, 0x00, 0x01,
  0xFF, 0x00, 0x00, 0xFF, 0x80, 0x00, 0x7F, 0xC0, 0x00, 0x7D, 0xE0, 0x00,
  0x3C, 0xF0, 0x00, 0x1E, 0x78, 0x00, 0x0F, 0x3E, 0x00, 0x0F, 0x0F, 0x00,
  0x07, 0x87, 0xC0, 0x07, 0x81, 0xF8, 0x0F, 0xC0, 0x7F, 0xFF, 0xC0, 0x1F,
  0xFF, 0x80, 0x03, 0xFF, 0x00, 0x00, 0xE0, 0x10, 0x01, 0xFC, 0x0C, 0x01,
  0xFF, 0x9E, 0x00, 0xF7, 0xFE, 0x00, 0xE0, 0xFE, 0x00, 0x20, 0x1E, 0x00,
  0x00, 0x00, 0x00, 0x00, 0x00, 0x00, 0x00, 0x00, 0x00, 0x00, 0x00, 0x00,
  0x00, 0x00, 0x00, 0x00, 0x00, 0x00, 0x00, 0x0F, 0xFC, 0x00, 0x1F, 0xFF,
  0x80, 0x1F, 0xFF, 0xE0, 0x1F, 0x01, 0xF8, 0x1F, 0x00, 0x3E, 0x1F, 0x00,
  0x0F, 0x0F, 0x00, 0x07, 0xCF, 0x80, 0x01, 0xE7, 0x80, 0x00, 0xF3, 0xC0,
  0x00, 0x7D, 0xE0, 0x00, 0x3E, 0xF0, 0x00, 0x0F, 0xF8, 0x00, 0x07, 0xFC,
  0x00, 0x03, 0xFE, 0x00, 0x01, 0xFF, 0x00, 0x00, 0xFF, 0x80, 0x00, 0xFB,
  0xC0, 0x00, 0x79, 0xE0, 0x00, 0x3C, 0xF0, 0x00, 0x1E, 0x7C, 0x00, 0x1E,
  0x1E, 0x00, 0x0F, 0x0F, 0x80, 0x0F, 0x03, 0xF0, 0x1F, 0x80, 0xFF, 0xFF,
  0x80, 0x3F, 0xFF, 0x00, 0x07, 0xFE, 0x00, 0x03, 0x80, 0xE0, 0x03, 0xE0,
  0xF8, 0x01, 0xF0, 0x7C, 0x00, 0xF8, 0x3E, 0x00, 0x38, 0x0E, 0x00, 0x00,
  0x00, 0x00, 0x00, 0x00, 0x00, 0x00, 0x00, 0x00, 0x00, 0x00, 0x00, 0x00,
  0x00, 0x00, 0x00, 0x00, 0x00, 0x00, 0x1F, 0xF8, 0x00, 0x3F, 0xFF, 0x00,
  0x3F, 0xFF, 0xC0, 0x3E, 0x03, 0xF0, 0x3E, 0x00, 0x7C, 0x3E, 0x00, 0x1E,
  0x1E, 0x00, 0x0F, 0x9F, 0x00, 0x03, 0xCF, 0x00, 0x01, 0xE7, 0x80, 0x00,
  0xFB, 0xC0, 0x00, 0x7D, 0xE0, 0x00, 0x1F, 0xF0, 0x00, 0x0F, 0xF8, 0x00,
  0x07, 0xFC, 0x00, 0x03, 0xFE, 0x00, 0x01, 0xFF, 0x00, 0x01, 0xF7, 0x80,
  0x00, 0xF3, 0xC0, 0x00, 0x79, 0xE0, 0x00, 0x3C, 0xF8, 0x00, 0x3C, 0x3C,
  0x00, 0x1E, 0x1F, 0x00, 0x1E, 0x07, 0xE0, 0x3F, 0x01, 0xFF, 0xFF, 0x00,
  0x7F, 0xFE, 0x00, 0x0F, 0xFC, 0x00, 0x00, 0x78, 0x00, 0x01, 0xF0, 0x00,
  0x0F, 0xC0, 0x00, 0x3F, 0x00, 0x00, 0x78, 0x00, 0x00, 0x00, 0x00, 0x00,
  0x00, 0x00, 0x00, 0x00, 0x00, 0x00, 0x00, 0x00, 0x00, 0x0F, 0xFF, 0xFF,
  0xFF, 0xFF, 0xFF, 0xFF, 0xFF, 0xFC, 0x00, 0x00, 0x00, 0x00, 0x00, 0x00,
  0x00, 0x00, 0x00, 0x00, 0x00, 0x01, 0xE0, 0x00, 0x07, 0xC0, 0x00, 0x3F,
  0x00, 0x00, 0xFC, 0x00, 0x01, 0xE0, 0x00, 0x00, 0x00, 0x02, 0x00, 0x00,
  0x03, 0xC0, 0x00, 0x01, 0xC0, 0x00, 0x01, 0xC0, 0x0F, 0xFD, 0xC0, 0x1F,
  0xFF, 0xE0, 0x1F, 0xFF, 0xE0, 0x1F, 0x01, 0xF8, 0x1F, 0x00, 0x7E, 0x1F,
  0x00, 0x3F, 0x0F, 0x00, 0x3F, 0xC7, 0x80, 0x39, 0xE7, 0x80, 0x18, 0xF3,
  0xC0, 0x1C, 0x7D, 0xE0, 0x0C, 0x1E, 0xF0, 0x0C, 0x0F, 0x78, 0x0E, 0x07,
  0xFC, 0x06, 0x03, 0xFE, 0x07, 0x01, 0xEF, 0x07, 0x00, 0xF7, 0x83, 0x00,
  0x7B, 0xC3, 0x80, 0x7D, 0xE1, 0x80, 0x3C, 0xF9, 0xC0, 0x1E, 0x7D, 0xC0,
  0x1F, 0x1F, 0xC0, 0x0F, 0x0F, 0xE0, 0x0F, 0x03, 0xF0, 0x1F, 0x80, 0xFF,
  0xFF, 0x80, 0x7F, 0xFF, 0x00, 0x77, 0xFE, 0x00, 0x38, 0x00, 0x00, 0x38,
  0x00, 0x00, 0x3C, 0x00, 0x00, 0x0C, 0x00, 0x00, 0x00, 0x00, 0x20, 0x00,
  0x00, 0x01, 0xC0, 0x00, 0x00, 0x1F, 0x00, 0x00, 0x00, 0xFC, 0x00, 0x00,
  0x01, 0xF0, 0x00, 0x00, 0x07, 0xE0, 0x00, 0x00, 0x0F, 0x80, 0x00, 0x00,
  0x3E, 0x00, 0x00, 0x00, 0x60, 0x00, 0x00, 0x00, 0x00, 0x00, 0x00, 0x00,
  0x00, 0x00, 0x00, 0x00, 0x00, 0x00, 0x00, 0x00, 0x00, 0x00, 0x00, 0x03,
  0xFC, 0x01, 0xFE, 0x1F, 0xE0, 0x0F, 0xF0, 0xFF, 0x00, 0x7F, 0x80, 0x78,
  0x00, 0x3C, 0x03, 0xC0, 0x01, 0xE0, 0x1E, 0x00, 0x0F, 0x00, 0xF0, 0x00,
  0x78, 0x07, 0x80, 0x03, 0xC0, 0x3C, 0x00, 0x1E, 0x01, 0xE0, 0x00, 0xF0,
  0x0F, 0x00, 0x07, 0x80, 0x78, 0x00, 0x3C, 0x03, 0xC0, 0x01, 0xE0, 0x1E,
  0x00, 0x0F, 0x00, 0xF0, 0x00, 0x78, 0x07, 0x80, 0x03, 0xC0, 0x3C, 0x00,
  0x1E, 0x01, 0xE0, 0x00, 0xF0, 0x0F, 0x00, 0x07, 0x80, 0x78, 0x00, 0x3C,
  0x03, 0xC0, 0x01, 0xE0, 0x1F, 0x00, 0x1F, 0x00, 0xF8, 0x01, 0xF8, 0x03,
  0xE0, 0x3D, 0xC0, 0x1F, 0xFF, 0xCF, 0xC0, 0x7F, 0xF8, 0x7F, 0x00, 0xFF,
  0x03, 0xF8, 0x00, 0x00, 0x20, 0x00, 0x00, 0x03, 0x80, 0x00, 0x00, 0x3E,
  0x00, 0x00, 0x03, 0xF0, 0x00, 0x00, 0x7E, 0x00, 0x00, 0x07, 0xE0, 0x00,
  0x00, 0x7C, 0x00, 0x00, 0x07, 0x80, 0x00, 0x00, 0x18, 0x00, 0x00, 0x00,
  0x00, 0x00, 0x00, 0x00, 0x00, 0x00, 0x00, 0x00, 0x00, 0x00, 0x00, 0x00,
  0x00, 0x00, 0x00, 0x00, 0x03, 0xFC, 0x01, 0xFE, 0x1F, 0xE0, 0x0F, 0xF0,
  0xFF, 0x00, 0x7F, 0x80, 0x78, 0x00, 0x3C, 0x03, 0xC0, 0x01, 0xE0, 0x1E,
  0x00, 0x0F, 0x00, 0xF0, 0x00, 0x78, 0x07, 0x80, 0x03, 0xC0, 0x3C, 0x00,
  0x1E, 0x01, 0xE0, 0x00, 0xF0, 0x0F, 0x00, 0x07, 0x80, 0x78, 0x00, 0x3C,
  0x03, 0xC0, 0x01, 0xE0, 0x1E, 0x00, 0x0F, 0x00, 0xF0, 0x00, 0x78, 0x07,
  0x80, 0x03, 0xC0, 0x3C, 0x00, 0x1E, 0x01, 0xE0, 0x00, 0xF0, 0x0F, 0x00,
  0x07, 0x80, 0x78, 0x00, 0x3C, 0x03, 0xC0, 0x01, 0xE0, 0x1F, 0x00, 0x1F,
  0x00, 0xF8, 0x01, 0xF8, 0x03, 0xE0, 0x3D, 0xC0, 0x1F, 0xFF, 0xCF, 0xC0,
  0x7F, 0xF8, 0x7F, 0x00, 0xFF, 0x03, 0xF8, 0x00, 0x0F, 0x00, 0x00, 0x00,
  0xFC, 0x00, 0x00, 0x0F, 0xF0, 0x00, 0x00, 0xFB, 0xE0, 0x00, 0x0F, 0x0F,
  0x80, 0x00, 0xF0, 0x1E, 0x00, 0x0F, 0x00, 0x78, 0x00, 0x20, 0x01, 0x80,
  0x00, 0x00, 0x00, 0x00, 0x00, 0x00, 0x00, 0x00, 0x00, 0x00, 0x00, 0x00,
  0x00, 0x00, 0x00, 0x00, 0x00, 0x00, 0x7F, 0x80, 0x3F, 0xC3, 0xFC, 0x01,
  0xFE, 0x1F, 0xE0, 0x0F, 0xF0, 0x0F, 0x00, 0x07, 0x80, 0x78, 0x00, 0x3C,
  0x03, 0xC0, 0x01, 0xE0, 0x1E, 0x00, 0x0F, 0x00, 0xF0, 0x00, 0x78, 0x07,
  0x80, 0x03, 0xC0, 0x3C, 0x00, 0x1E, 0x01, 0xE0, 0x00, 0xF0, 0x0F, 0x00,
  0x07, 0x80, 0x78, 0x00, 0x3C, 0x03, 0xC0, 0x01, 0xE0, 0x1E, 0x00, 0x0F,
  0x00, 0xF0, 0x00, 0x78, 0x07, 0x80, 0x03, 0xC0, 0x3C, 0x00, 0x1E, 0x01,
  0xE0, 0x00, 0xF0, 0x0F, 0x00, 0x07, 0x80, 0x78, 0x00, 0x3C, 0x03, 0xE0,
  0x03, 0xE0, 0x1F, 0x00, 0x3F, 0x00, 0x7C, 0x07, 0xB8, 0x03, 0xFF, 0xF9,
  0xF8, 0x0F, 0xFF, 0x0F, 0xE0, 0x1F, 0xE0, 0x7F, 0x00, 0xE0, 0x38, 0x00,
  0x0F, 0x03, 0xE0, 0x00, 0x7C, 0x1F, 0x00, 0x03, 0xE0, 0xF8, 0x00, 0x1E,
  0x03, 0x80, 0x00, 0x00, 0x00, 0x00, 0x00, 0x00, 0x00, 0x00, 0x00, 0x00,
  0x00, 0x00, 0x00, 0x00, 0x00, 0x00, 0x00, 0x00, 0x00, 0x00, 0x00, 0x01,
  0xFE, 0x00, 0xFF, 0x0F, 0xF0, 0x07, 0xF8, 0x7F, 0x80, 0x3F, 0xC0, 0x3C,
  0x00, 0x1E, 0x01, 0xE0, 0x00, 0xF0, 0x0F, 0x00, 0x07, 0x80, 0x78, 0x00,
  0x3C, 0x03, 0xC0, 0x01, 0xE0, 0x1E, 0x00, 0x0F, 0x00, 0xF0, 0x00, 0x78,
  0x07, 0x80, 0x03, 0xC0, 0x3C, 0x00, 0x1E, 0x01, 0xE0, 0x00, 0xF0, 0x0F,
  0x00, 0x07, 0x80, 0x78, 0x00, 0x3C, 0x03, 0xC0, 0x01, 0xE0, 0x1E, 0x00,
  0x0F, 0x00, 0xF0, 0x00, 0x78, 0x07, 0x80, 0x03, 0xC0, 0x3C, 0x00, 0x1E,
  0x01, 0xE0, 0x00, 0xF0, 0x0F, 0x80, 0x0F, 0x80, 0x7C, 0x00, 0xFC, 0x01,
  0xF0, 0x1E, 0xE0, 0x0F, 0xFF, 0xE7, 0xE0, 0x3F, 0xFC, 0x3F, 0x80, 0x7F,
  0x81, 0xFC, 0x00, 0x00, 0x20, 0x00, 0x00, 0x1C, 0x00, 0x00, 0x07, 0xC0,
  0x00, 0x01, 0xF8, 0x00, 0x00, 0x7C, 0x00, 0x00, 0x3F, 0x00, 0x00, 0x0F,
  0x80, 0x00, 0x03, 0xE0, 0x00, 0x00, 0x30, 0x00, 0x00, 0x00, 0x00, 0x00,
  0x00, 0x00, 0x00, 0x00, 0x00, 0x00, 0x00, 0x00, 0x00, 0x00, 0x00, 0x00,
  0x00, 0x3F, 0xF8, 0x3F, 0xFF, 0xFF, 0x07, 0xFF, 0xFF, 0x80, 0x7F, 0xC3,
  0xC0, 0x01, 0xE0, 0x78, 0x00, 0x3C, 0x07, 0x80, 0x07, 0x00, 0xF0, 0x01,
  0xE0, 0x1E, 0x00, 0x38, 0x01, 0xE0, 0x0F, 0x00, 0x3C, 0x01, 0xE0, 0x07,
  0x80, 0x38, 0x00, 0x78, 0x0F, 0x00, 0x0F, 0x01, 0xE0, 0x00, 0xE0, 0x38,
  0x00, 0x1E, 0x0F, 0x00, 0x03, 0xC1, 0xE0, 0x00, 0x38, 0x38, 0x00, 0x07,
  0x8F, 0x00, 0x00, 0x71, 0xC0, 0x00, 0x0F, 0x38, 0x00, 0x01, 0xEF, 0x00,
  0x00, 0x1D, 0xC0, 0x00, 0x03, 0xF8, 0x00, 0x00, 0x7F, 0x00, 0x00, 0x07,
  0xC0, 0x00, 0x00, 0xF8, 0x00, 0x00, 0x0F, 0x00, 0x00, 0x01, 0xC0, 0x00,
  0x00, 0x78, 0x00, 0x00, 0x0E, 0x00, 0x00, 0x03, 0xC0, 0x00, 0x00, 0x78,
  0x00, 0x00, 0x1E, 0x00, 0x00, 0x03, 0xC0, 0x00, 0x00, 0xF0, 0x00, 0x00,
  0x7C, 0x00, 0x01, 0xFF, 0x00, 0x00, 0x3F, 0xC0, 0x00, 0x07, 0xE0, 0x00,
  0x00, 0xFF, 0x00, 0x00, 0x3F, 0xC0, 0x00, 0x07, 0xF0, 0x00, 0x00, 0x3C,
  0x00, 0x00, 0x0F, 0x00, 0x00, 0x03, 0xC0, 0x00, 0x00, 0xF0, 0x00, 0x00,
  0x3C, 0x00, 0x00, 0x0F, 0x00, 0x00, 0x03, 0xC0, 0x00, 0x00, 0xF0, 0x00,
  0x00, 0x3C, 0x00, 0x00, 0x0F, 0x0F, 0xF0, 0x03, 0xCF, 0xFF, 0x00, 0xF7,
  0xFF, 0xE0, 0x3F, 0x80, 0xFC, 0x0F, 0xC0, 0x1F, 0x03, 0xC0, 0x03, 0xE0,
  0xF0, 0x00, 0xF8, 0x3C, 0x00, 0x1E, 0x0F, 0x00, 0x07, 0xC3, 0xC0, 0x01,
  0xF0, 0xF0, 0x00, 0x3C, 0x3C, 0x00, 0x0F, 0x0F, 0x00, 0x03, 0xC3, 0xC0,
  0x00, 0xF0, 0xF0, 0x00, 0x3C, 0x3C, 0x00, 0x0F, 0x0F, 0x00, 0x03, 0xC3,
  0xC0, 0x01, 0xF0, 0xF0, 0x00, 0x78, 0x3C, 0x00, 0x1E, 0x0F, 0x00, 0x0F,
  0x83, 0xC0, 0x03, 0xC0, 0xF0, 0x01, 0xF0, 0x3C, 0x01, 0xF8, 0x0F, 0xFF,
  0xFC, 0x03, 0xFF, 0xFE, 0x00, 0xFF, 0xFE, 0x00, 0x3C, 0x30, 0x00, 0x0F,
  0x00, 0x00, 0x03, 0xC0, 0x00, 0x00, 0xF0, 0x00, 0x00, 0x3C, 0x00, 0x00,
  0x0F, 0x00, 0x00, 0x03, 0xC0, 0x00, 0x00, 0xF0, 0x00, 0x00, 0x3C, 0x00,
  0x00, 0xFF, 0xF0, 0x00, 0x3F, 0xFC, 0x00, 0x0F, 0xFF, 0x00, 0x00, 0x01,
  0xC0, 0x70, 0x00, 0x7C, 0x1F, 0x00, 0x0F, 0x83, 0xE0, 0x01, 0xF0, 0x7C,
  0x00, 0x1C, 0x07, 0x00, 0x00, 0x00, 0x00, 0x00, 0x00, 0x00, 0x00, 0x00,
  0x00, 0x00, 0x00, 0x00, 0x00, 0x00, 0x00, 0x00, 0x00, 0x00, 0x00, 0x00,
  0x7F, 0xF0, 0x7F, 0xFF, 0xFE, 0x0F, 0xFF, 0xFF, 0x00, 0xFF, 0x87, 0x80,
  0x03, 0xC0, 0xF0, 0x00, 0x78, 0x0F, 0x00, 0x0E, 0x01, 0xE0, 0x03, 0xC0,
  0x3C, 0x00, 0x70, 0x03, 0xC0, 0x1E, 0x00, 0x78, 0x03, 0xC0, 0x0F, 0x00,
  0x70, 0x00, 0xF0, 0x1E, 0x00, 0x1E, 0x03, 0xC0, 0x01, 0xC0, 0x70, 0x00,
  0x3C, 0x1E, 0x00, 0x07, 0x83, 0xC0, 0x00, 0x70, 0x70, 0x00, 0x0F, 0x1E,
  0x00, 0x00, 0xE3, 0x80, 0x00, 0x1E, 0x70, 0x00, 0x03, 0xDE, 0x00, 0x00,
  0x3B, 0x80, 0x00, 0x07, 0xF0, 0x00, 0x00, 0xFE, 0x00, 0x00, 0x0F, 0x80,
  0x00, 0x01, 0xF0, 0x00, 0x00, 0x1E, 0x00, 0x00, 0x03, 0x80, 0x00, 0x00,
  0xF0, 0x00, 0x00, 0x1C, 0x00, 0x00, 0x07, 0x80, 0x00, 0x00, 0xF0, 0x00,
  0x00, 0x3C, 0x00, 0x00, 0x07, 0x80, 0x00, 0x01, 0xE0, 0x00, 0x00, 0xF8,
  0x00, 0x03, 0xFE, 0x00, 0x00, 0x7F, 0x80, 0x00, 0x0F, 0xC0, 0x00, 0x00 };

const GFXglyph Bitter_26pt8bGlyphs[] PROGMEM = {
  {     0,   1,   1,  10,    0,    0 }, // 0x20 ' '
  {     1,   5,  36,  17,    6,  -35 }, // 0x21 '!'
  {    24,  12,  12,  20,    4,  -38 }, // 0x22 '"'
  {    42,  28,  36,  34,    3,  -35 }, // 0x23 '#'
  {   168,  24,  49,  32,    4,  -41 }, // 0x24 '$'
  {   315,  37,  36,  43,    3,  -35 }, // 0x25 '%'
  {   482,  29,  36,  35,    4,  -35 }, // 0x26 '&'
  {   613,   4,  12,  12,    4,  -38 }, // 0x27 '''
  {   619,  12,  50,  16,    3,  -43 }, // 0x28 '('
  {   694,  12,  50,  16,    1,  -43 }, // 0x29 ')'
  {   769,  16,  16,  24,    4,  -38 }, // 0x2A '*'
  {   801,  23,  24,  29,    3,  -29 }, // 0x2B '+'
  {   870,   7,  12,  11,    2,   -4 }, // 0x2C ','
  {   881,  15,   4,  23,    4,  -16 }, // 0x2D '-'
  {   889,   5,   5,  11,    3,   -4 }, // 0x2E '.'
  {   893,  16,  45,  16,    0,  -40 }, // 0x2F '/'
  {   983,  26,  36,  33,    3,  -35 }, // 0x30 '0'
  {  1100,  19,  36,  21,    1,  -35 }, // 0x31 '1'
  {  1186,  23,  36,  28,    2,  -35 }, // 0x32 '2'
  {  1290,  24,  36,  29,    2,  -35 }, // 0x33 '3'
  {  1398,  28,  36,  30,    1,  -35 }, // 0x34 '4'
  {  1524,  23,  36,  27,    2,  -35 }, // 0x35 '5'
  {  1628,  25,  36,  30,    3,  -35 }, // 0x36 '6'
  {  1741,  24,  36,  26,    1,  -35 }, // 0x37 '7'
  {  1849,  24,  36,  31,    3,  -35 }, // 0x38 '8'
  {  1957,  25,  36,  30,    2,  -35 }, // 0x39 '9'
  {  2070,   5,  23,  11,    3,  -22 }, // 0x3A ':'
  {  2085,   6,  30,  11,    2,  -22 }, // 0x3B ';'
  {  2108,  22,  23,  29,    3,  -29 }, // 0x3C '<'
  {  2172,  22,  13,  28,    3,  -23 }, // 0x3D '='
  {  2208,  23,  21,  28,    3,  -28 }, // 0x3E '>'
  {  2269,  17,  36,  21,    2,  -35 }, // 0x3F '?'
  {  2346,  37,  39,  45,    4,  -32 }, // 0x40 '@'
  {  2527,  36,  36,  36,    0,  -35 }, // 0x41 'A'
  {  2689,  28,  36,  33,    2,  -35 }, // 0x42 'B'
  {  2815,  27,  36,  33,    3,  -35 }, // 0x43 'C'
  {  2937,  32,  36,  37,    2,  -35 }, // 0x44 'D'
  {  3081,  26,  36,  32,    2,  -35 }, // 0x45 'E'
  {  3198,  25,  36,  29,    2,  -35 }, // 0x46 'F'
  {  3311,  33,  36,  38,    3,  -35 }, // 0x47 'G'
  {  3460,  36,  36,  41,    2,  -35 }, // 0x48 'H'
  {  3622,  13,  36,  18,    2,  -35 }, // 0x49 'I'
  {  3681,  16,  43,  17,   -1,  -35 }, // 0x4A 'J'
  {  3767,  33,  36,  36,    2,  -35 }, // 0x4B 'K'
  {  3916,  25,  36,  28,    2,  -35 }, // 0x4C 'L'
  {  4029,  41,  36,  45,    2,  -35 }, // 0x4D 'M'
  {  4214,  37,  36,  40,    2,  -35 }, // 0x4E 'N'
  {  4381,  32,  36,  38,    3,  -35 }, // 0x4F 'O'
  {  4525,  26,  36,  30,    2,  -35 }, // 0x50 'P'
  {  4642,  38,  45,  38,    3,  -35 }, // 0x51 'Q'
  {  4856,  30,  36,  34,    2,  -35 }, // 0x52 'R'
  {  4991,  23,  36,  31,    4,  -35 }, // 0x53 'S'
  {  5095,  27,  36,  30,    1,  -35 }, // 0x54 'T'
  {  5217,  36,  36,  38,    1,  -35 }, // 0x55 'U'
  {  5379,  35,  36,  35,    0,  -35 }, // 0x56 'V'
  {  5537,  52,  36,  52,    0,  -35 }, // 0x57 'W'
  {  5771,  33,  36,  36,    1,  -35 }, // 0x58 'X'
  {  5920,  32,  36,  33,    0,  -35 }, // 0x59 'Y'
  {  6064,  27,  36,  31,    2,  -35 }, // 0x5A 'Z'
  {  6186,  11,  48,  18,    6,  -42 }, // 0x5B '['
  {  6252,  16,  45,  16,    0,  -40 }, // 0x5C '\'
  {  6342,  11,  48,  18,    1,  -42 }, // 0x5D ']'
  {  6408,  22,  17,  28,    3,  -43 }, // 0x5E '^'
  {  6455,  25,   2,  25,    0,    5 }, // 0x5F '_'
  {  6462,  12,   9,  16,    2,  -40 }, // 0x60 '`'
  {  6476,  24,  27,  28,    3,  -26 }, // 0x61 'a'
  {  6557,  26,  39,  29,    1,  -38 }, // 0x62 'b'
  {  6684,  22,  27,  26,    2,  -26 }, // 0x63 'c'
  {  6759,  27,  39,  30,    2,  -38 }, // 0x64 'd'
  {  6891,  23,  27,  28,    2,  -26 }, // 0x65 'e'
  {  6969,  19,  40,  18,    2,  -39 }, // 0x66 'f'
  {  7064,  25,  39,  28,    2,  -26 }, // 0x67 'g'
  {  7186,  30,  39,  32,    1,  -38 }, // 0x68 'h'
  {  7333,  12,  38,  15,    2,  -37 }, // 0x69 'i'
  {  7390,  12,  50,  14,   -2,  -37 }, // 0x6A 'j'
  {  7465,  28,  39,  29,    1,  -38 }, // 0x6B 'k'
  {  7602,  12,  39,  15,    1,  -38 }, // 0x6C 'l'
  {  7661,  46,  27,  49,    2,  -26 }, // 0x6D 'm'
  {  7817,  29,  27,  32,    2,  -26 }, // 0x6E 'n'
  {  7915,  25,  27,  29,    2,  -26 }, // 0x6F 'o'
  {  8000,  27,  39,  30,    1,  -26 }, // 0x70 'p'
  {  8132,  27,  39,  29,    2,  -26 }, // 0x71 'q'
  {  8264,  20,  27,  23,    2,  -26 }, // 0x72 'r'
  {  8332,  19,  27,  24,    3,  -26 }, // 0x73 's'
  {  8397,  17,  34,  18,    1,  -33 }, // 0x74 't'
  {  8470,  29,  27,  32,    1,  -26 }, // 0x75 'u'
  {  8568,  27,  27,  27,    0,  -26 }, // 0x76 'v'
  {  8660,  41,  27,  41,    0,  -26 }, // 0x77 'w'
  {  8799,  26,  27,  28,    1,  -26 }, // 0x78 'x'
  {  8887,  27,  39,  27,    0,  -26 }, // 0x79 'y'
  {  9019,  20,  27,  25,    2,  -26 }, // 0x7A 'z'
  {  9087,  14,  48,  17,    2,  -42 }, // 0x7B '{'
  {  9171,   3,  46,  17,    7,  -40 }, // 0x7C '|'
  {  9189,  14,  48,  17,    2,  -42 }, // 0x7D '}'
  {  9273,  25,   6,  31,    3,  -20 }, // 0x7E '~'
  {  9292,  16,  51,  25,    5,  -38 }, // 0x7F 
  {  9394,  16,  51,  25,    5,  -38 }, // 0x80 
  {  9496,  16,  51,  25,    5,  -38 }, // 0x81 
  {  9598,  16,  51,  25,    5,  -38 }, // 0x82 
  {  9700,  16,  51,  25,    5,  -38 }, // 0x83 
  {  9802,  16,  51,  25,    5,  -38 }, // 0x84 
  {  9904,  16,  51,  25,    5,  -38 }, // 0x85 
  { 10006,  16,  51,  25,    5,  -38 }, // 0x86 
  { 10108,  16,  51,  25,    5,  -38 }, // 0x87 
  { 10210,  16,  51,  25,    5,  -38 }, // 0x88 
  { 10312,  16,  51,  25,    5,  -38 }, // 0x89 
  { 10414,  16,  51,  25,    5,  -38 }, // 0x8A 
  { 10516,  16,  51,  25,    5,  -38 }, // 0x8B 
  { 10618,  16,  51,  25,    5,  -38 }, // 0x8C 
  { 10720,  16,  51,  25,    5,  -38 }, // 0x8D 
  { 10822,  16,  51,  25,    5,  -38 }, // 0x8E 
  { 10924,  16,  51,  25,    5,  -38 }, // 0x8F 
  { 11026,  16,  51,  25,    5,  -38 }, // 0x90 
  { 11128,  16,  51,  25,    5,  -38 }, // 0x91 
  { 11230,  16,  51,  25,    5,  -38 }, // 0x92 
  { 11332,  16,  51,  25,    5,  -38 }, // 0x93 
  { 11434,  16,  51,  25,    5,  -38 }, // 0x94 
  { 11536,  16,  51,  25,    5,  -38 }, // 0x95 
  { 11638,  16,  51,  25,    5,  -38 }, // 0x96 
  { 11740,  16,  51,  25,    5,  -38 }, // 0x97 
  { 11842,  16,  51,  25,    5,  -38 }, // 0x98 
  { 11944,  16,  51,  25,    5,  -38 }, // 0x99 
  { 12046,  16,  51,  25,    5,  -38 }, // 0x9A 
  { 12148,  16,  51,  25,    5,  -38 }, // 0x9B 
  { 12250,  16,  51,  25,    5,  -38 }, // 0x9C 
  { 12352,  16,  51,  25,    5,  -38 }, // 0x9D 
  { 12454,  16,  51,  25,    5,  -38 }, // 0x9E 
  { 12556,  16,  51,  25,    5,  -38 }, // 0x9F 
  { 12658,   1,   1,  10,    0,    0 }, // 0xA0 
  { 12659,   5,  36,  17,    6,  -24 }, // 0xA1 '¡'
  { 12682,  21,  38,  29,    4,  -36 }, // 0xA2 '¢'
  { 12782,  25,  36,  35,    4,  -35 }, // 0xA3 '£'
  { 12895,  24,  23,  34,    5,  -26 }, // 0xA4 '¤'
  { 12964,  32,  36,  37,    2,  -35 }, // 0xA5 '¥'
  { 13108,   3,  46,  17,    7,  -40 }, // 0xA6 '¦'
  { 13126,  20,  45,  29,    5,  -35 }, // 0xA7 '§'
  { 13239,  15,   5,  23,    4,  -37 }, // 0xA8 '¨'
  { 13249,  37,  36,  45,    4,  -35 }, // 0xA9 '©'
  { 13416,  19,  27,  22,    2,  -35 }, // 0xAA 'ª'
  { 13481,  19,  21,  25,    3,  -23 }, // 0xAB '«'
  { 13531,  24,  13,  31,    3,  -18 }, // 0xAC '¬'
  { 13570,  16,  51,  25,    5,  -38 }, // 0xAD '­'
  { 13672,  30,  30,  38,    4,  -37 }, // 0xAE '®'
  { 13785,  14,   3,  22,    4,  -36 }, // 0xAF '¯'
  { 13791,  16,  15,  23,    2,  -36 }, // 0xB0 '°'
  { 13821,  23,  30,  30,    4,  -31 }, // 0xB1 '±'
  { 13908,  14,  22,  18,    2,  -39 }, // 0xB2 '²'
  { 13947,  15,  22,  19,    1,  -39 }, // 0xB3 '³'
  { 13989,  12,   9,  16,    3,  -40 }, // 0xB4 '´'
  { 14003,  30,  39,  33,    1,  -26 }, // 0xB5 'µ'
  { 14150,  24,  45,  31,    3,  -35 }, // 0xB6 '¶'
  { 14285,   5,   5,  11,    3,  -18 }, // 0xB7 '·'
  { 14289,  11,  12,  16,    3,    1 }, // 0xB8 '¸'
  { 14306,  12,  22,  14,    1,  -39 }, // 0xB9 '¹'
  { 14339,  19,  27,  25,    3,  -35 }, // 0xBA 'º'
  { 14404,  20,  21,  25,    3,  -23 }, // 0xBB '»'
  { 14457,  39,  36,  42,    2,  -35 }, // 0xBC '¼'
  { 14633,  39,  36,  44,    2,  -35 }, // 0xBD '½'
  { 14809,  42,  36,  44,    1,  -35 }, // 0xBE '¾'
  { 14998,  17,  36,  21,    2,  -26 }, // 0xBF '¿'
  { 15075,  36,  46,  36,    0,  -45 }, // 0xC0 'À'
  { 15282,  36,  46,  36,    0,  -45 }, // 0xC1 'Á'
  { 15489,  36,  46,  36,    0,  -45 }, // 0xC2 'Â'
  { 15696,  36,  45,  36,    0,  -44 }, // 0xC3 'Ã'
  { 15899,  36,  44,  36,    0,  -43 }, // 0xC4 'Ä'
  { 16097,  36,  47,  36,    0,  -46 }, // 0xC5 'Å'
  { 16309,  45,  36,  48,    0,  -35 }, // 0xC6 'Æ'
  { 16512,  27,  48,  33,    3,  -35 }, // 0xC7 'Ç'
  { 16674,  26,  46,  32,    2,  -45 }, // 0xC8 'È'
  { 16824,  26,  46,  32,    2,  -45 }, // 0xC9 'É'
  { 16974,  26,  46,  32,    2,  -45 }, // 0xCA 'Ê'
  { 17124,  26,  44,  32,    2,  -43 }, // 0xCB 'Ë'
  { 17267,  13,  46,  18,    2,  -45 }, // 0xCC 'Ì'
  { 17342,  13,  46,  18,    2,  -45 }, // 0xCD 'Í'
  { 17417,  16,  46,  18,    1,  -45 }, // 0xCE 'Î'
  { 17509,  15,  44,  18,    1,  -43 }, // 0xCF 'Ï'
  { 17592,  32,  36,  37,    2,  -35 }, // 0xD0 'Ð'
  { 17736,  37,  45,  40,    2,  -44 }, // 0xD1 'Ñ'
  { 17945,  32,  46,  38,    3,  -45 }, // 0xD2 'Ò'
  { 18129,  32,  46,  38,    3,  -45 }, // 0xD3 'Ó'
  { 18313,  32,  46,  38,    3,  -45 }, // 0xD4 'Ô'
  { 18497,  32,  45,  38,    3,  -44 }, // 0xD5 'Õ'
  { 18677,  32,  44,  38,    3,  -43 }, // 0xD6 'Ö'
  { 18853,  20,  20,  26,    3,  -27 }, // 0xD7 '×'
  { 18903,  32,  43,  38,    3,  -38 }, // 0xD8 'Ø'
  { 19075,  36,  46,  38,    1,  -45 }, // 0xD9 'Ù'
  { 19282,  36,  46,  38,    1,  -45 }, // 0xDA 'Ú'
  { 19489,  36,  46,  38,    1,  -45 }, // 0xDB 'Û'
  { 19696,  36,  44,  38,    1,  -43 }, // 0xDC 'Ü'
  { 19894,  32,  46,  33,    0,  -45 }, // 0xDD 'Ý'
  { 20078,  26,  36,  30,    2,  -35 }, // 0xDE 'Þ'
  { 20195,  30,  40,  33,    2,  -39 }, // 0xDF 'ß'
  { 20345,  24,  41,  28,    3,  -40 }, // 0xE0 'à'
  { 20468,  24,  41,  28,    3,  -40 }, // 0xE1 'á'
  { 20591,  24,  40,  28,    3,  -39 }, // 0xE2 'â'
  { 20711,  24,  39,  28,    3,  -38 }, // 0xE3 'ã'
  { 20828,  24,  38,  28,    3,  -37 }, // 0xE4 'ä'
  { 20942,  24,  41,  28,    3,  -40 }, // 0xE5 'å'
  { 21065,  39,  28,  44,    3,  -26 }, // 0xE6 'æ'
  { 21202,  22,  39,  26,    2,  -26 }, // 0xE7 'ç'
  { 21310,  23,  41,  28,    2,  -40 }, // 0xE8 'è'
  { 21428,  23,  41,  28,    2,  -40 }, // 0xE9 'é'
  { 21546,  23,  40,  28,    2,  -39 }, // 0xEA 'ê'
  { 21661,  23,  38,  28,    2,  -37 }, // 0xEB 'ë'
  { 21771,  13,  41,  15,    1,  -40 }, // 0xEC 'ì'
  { 21838,  13,  41,  15,    2,  -40 }, // 0xED 'í'
  { 21905,  15,  40,  15,    0,  -39 }, // 0xEE 'î'
  { 21980,  14,  38,  15,    0,  -37 }, // 0xEF 'ï'
  { 22047,  25,  40,  30,    2,  -39 }, // 0xF0 'ð'
  { 22172,  29,  39,  32,    2,  -38 }, // 0xF1 'ñ'
  { 22314,  25,  41,  29,    2,  -40 }, // 0xF2 'ò'
  { 22443,  25,  41,  29,    2,  -40 }, // 0xF3 'ó'
  { 22572,  25,  40,  29,    2,  -39 }, // 0xF4 'ô'
  { 22697,  25,  39,  29,    2,  -38 }, // 0xF5 'õ'
  { 22819,  25,  38,  29,    2,  -37 }, // 0xF6 'ö'
  { 22938,  22,  22,  28,    3,  -28 }, // 0xF7 '÷'
  { 22999,  25,  35,  29,    2,  -30 }, // 0xF8 'ø'
  { 23109,  29,  41,  32,    1,  -40 }, // 0xF9 'ù'
  { 23258,  29,  41,  32,    1,  -40 }, // 0xFA 'ú'
  { 23407,  29,  40,  32,    1,  -39 }, // 0xFB 'û'
  { 23552,  29,  38,  32,    1,  -37 }, // 0xFC 'ü'
  { 23690,  27,  53,  27,    0,  -40 }, // 0xFD 'ý'
  { 23869,  26,  51,  30,    1,  -38 }, // 0xFE 'þ'
  { 24035,  27,  50,  27,    0,  -37 } }; // 0xFF 'ÿ'

const GFXfont Bitter_26pt8b PROGMEM = {
  (uint8_t  *)Bitter_26pt8bBitmaps,
  (GFXglyph *)Bitter_26pt8bGlyphs,
  0x20, 0xFF, 61 };

// Approx. 25779 bytes
