const uint8_t Bitter_24pt8bBitmaps[] PROGMEM = {
  0x00, 0x7B, 0xDE, 0xF7, 0xBD, 0xEF, 0x7B, 0xDE, 0xF7, 0xBD, 0xCE, 0x73,
  0x9C, 0xE7, 0x39, 0x80, 0x00, 0x00, 0x03, 0x3F, 0xFF, 0x78, 0xE1, 0xF8,
  0x7E, 0x1F, 0x87, 0xE1, 0xF8, 0x7E, 0x1F, 0x87, 0xE1, 0xF8, 0x7E, 0x1C,
  0x00, 0x70, 0x0E, 0x00, 0x0E, 0x01, 0xC0, 0x03, 0xC0, 0x38, 0x00, 0x70,
  0x07, 0x00, 0x0E, 0x00, 0xE0, 0x01, 0xC0, 0x3C, 0x00, 0x38, 0x07, 0x00,
  0x07, 0x00, 0xE0, 0x00, 0xE0, 0x1C, 0x07, 0xFF, 0xFF, 0xFC, 0xFF, 0xFF,
  0xFF, 0x80, 0xE0, 0x0E, 0x00, 0x1C, 0x03, 0xC0, 0x03, 0x80, 0x70, 0x00,
  0x70, 0x0E, 0x00, 0x0E, 0x01, 0xC0, 0x03, 0xC0, 0x38, 0x00, 0x70, 0x07,
  0x00, 0x0E, 0x00, 0xE0, 0x01, 0xC0, 0x3C, 0x00, 0x38, 0x07, 0x01, 0xFF,
  0xFF, 0xFF, 0x3F, 0xFF, 0xFF, 0xE7, 0xFF, 0xFF, 0xFC, 0x07, 0x00, 0x70,
  0x00, 0xE0, 0x0E, 0x00, 0x1C, 0x03, 0xC0, 0x03, 0x80, 0x70, 0x00, 0x70,
  0x0E, 0x00, 0x0E, 0x01, 0xC0, 0x03, 0xC0, 0x38, 0x00, 0x70, 0x07, 0x00,
  0x0E, 0x00, 0xE0, 0x00, 0x00, 0x30, 0x00, 0x00, 0xC0, 0x00, 0x03, 0x00,
  0x00, 0x0C, 0x00, 0x00, 0x30, 0x00, 0x00, 0xC0, 0x00, 0x03, 0xC0, 0x01,
  0xFF, 0xF8, 0x0F, 0xFF, 0xF8, 0xFE, 0x0F, 0xE3, 0xC0, 0x07, 0x9E, 0x00,
  0x1E, 0x78, 0x00, 0x33, 0xC0, 0x00, 0xCF, 0x00, 0x03, 0x3C, 0x00, 0x0C,
  0xF8, 0x00, 0x01, 0xE0, 0x00, 0x07, 0xC0, 0x00, 0x0F, 0xC0, 0x00, 0x1F,
  0xE0, 0x00, 0x3F, 0xF0, 0x00, 0x3F, 0xF8, 0x00, 0x1F, 0xF8, 0x00, 0x0F,
  0xF0, 0x00, 0x07, 0xC0, 0x00, 0x0F, 0x80, 0x00, 0x1E, 0x00, 0x00, 0x7F,
  0x80, 0x00, 0xFE, 0x00, 0x03, 0xF8, 0x00, 0x0E, 0xE0, 0x00, 0x7B, 0x80,
  0x03, 0xEE, 0x00, 0x1F, 0x3F, 0x01, 0xF8, 0xFF, 0xFF, 0xC1, 0xFF, 0xFC,
  0x00, 0x3F, 0x80, 0x00, 0x0C, 0x00, 0x00, 0x30, 0x00, 0x00, 0xC0, 0x00,
  0x03, 0x00, 0x00, 0x0C, 0x00, 0x00, 0x30, 0x00, 0x0F, 0xF0, 0x00, 0x3C,
  0x0F, 0xFE, 0x00, 0x1C, 0x07, 0x83, 0xC0, 0x0F, 0x01, 0xC0, 0x70, 0x03,
  0x80, 0xE0, 0x0E, 0x01, 0xC0, 0x38, 0x03, 0x80, 0x70, 0x0E, 0x00, 0xE0,
  0x38, 0x03, 0x80, 0x38, 0x1C, 0x00, 0xE0, 0x0E, 0x07, 0x00, 0x38, 0x03,
  0x83, 0x80, 0x0E, 0x00, 0xE1, 0xE0, 0x03, 0x80, 0x38, 0x70, 0x00, 0x70,
  0x1C, 0x38, 0x00, 0x1E, 0x0F, 0x1E, 0x00, 0x03, 0xFF, 0x87, 0x00, 0x00,
  0x7F, 0xC3, 0x80, 0x00, 0x01, 0x81, 0xE0, 0x00, 0x00, 0x00, 0x70, 0xFF,
  0x00, 0x00, 0x38, 0x7F, 0xF0, 0x00, 0x1E, 0x3C, 0x1E, 0x00, 0x07, 0x1E,
  0x03, 0x80, 0x03, 0x87, 0x00, 0xE0, 0x01, 0xE1, 0xC0, 0x1C, 0x00, 0x70,
  0xE0, 0x07, 0x00, 0x38, 0x38, 0x01, 0xC0, 0x1E, 0x0E, 0x00, 0x70, 0x07,
  0x03, 0x80, 0x1C, 0x03, 0x80, 0x70, 0x07, 0x01, 0xE0, 0x1C, 0x03, 0x80,
  0x70, 0x07, 0x00, 0xE0, 0x38, 0x00, 0xE0, 0x70, 0x0E, 0x00, 0x1F, 0xF8,
  0x0F, 0x00, 0x03, 0xFC, 0x00, 0x01, 0xFF, 0xC0, 0x03, 0xFF, 0xFE, 0x01,
  0xFF, 0xFF, 0x80, 0xFC, 0x00, 0xE0, 0x3C, 0x00, 0x38, 0x1E, 0x00, 0x0E,
  0x07, 0x80, 0x03, 0x81, 0xE0, 0x00, 0xE0, 0x78, 0x00, 0x00, 0x1E, 0x00,
  0x00, 0x07, 0x80, 0x00, 0x00, 0xF0, 0x00, 0x00, 0x3E, 0x00, 0x00, 0x07,
  0xE0, 0x00, 0x00, 0x7F, 0xFF, 0xFC, 0x07, 0xFF, 0xFF, 0x0F, 0xFF, 0xFF,
  0x87, 0xE0, 0x07, 0x83, 0xE0, 0x01, 0xE1, 0xE0, 0x00, 0x78, 0x78, 0x00,
  0x1E, 0x3C, 0x00, 0x07, 0x8F, 0x00, 0x01, 0xE3, 0xC0, 0x00, 0x78, 0xF0,
  0x00, 0x1E, 0x3C, 0x00, 0x07, 0x0F, 0x80, 0x03, 0xC1, 0xE0, 0x00, 0xF0,
  0x7C, 0x00, 0x78, 0x0F, 0xC0, 0x3E, 0x01, 0xFF, 0xFF, 0x00, 0x3F, 0xFF,
  0x00, 0x03, 0xFF, 0x80, 0x00, 0xFF, 0xFF, 0xFF, 0xFF, 0x80, 0x00, 0x80,
  0x3C, 0x0F, 0x01, 0xC0, 0x78, 0x1E, 0x03, 0xC0, 0xF0, 0x1E, 0x07, 0x80,
  0xF0, 0x1C, 0x07, 0x80, 0xF0, 0x1C, 0x07, 0x80, 0xF0, 0x1E, 0x03, 0xC0,
  0x70, 0x0E, 0x01, 0xC0, 0x38, 0x07, 0x00, 0xE0, 0x1C, 0x03, 0x80, 0x70,
  0x0F, 0x01, 0xE0, 0x3C, 0x03, 0x80, 0x70, 0x0F, 0x01, 0xE0, 0x1C, 0x03,
  0xC0, 0x78, 0x07, 0x80, 0xF0, 0x0F, 0x00, 0xE0, 0x1E, 0x01, 0xC0, 0x3C,
  0x03, 0xC0, 0x20, 0x20, 0x1C, 0x03, 0xC0, 0x3C, 0x03, 0x80, 0x78, 0x07,
  0x80, 0xF0, 0x0F, 0x01, 0xE0, 0x1C, 0x03, 0xC0, 0x78, 0x07, 0x00, 0xF0,
  0x1E, 0x01, 0xC0, 0x38, 0x07, 0x80, 0xF0, 0x1E, 0x03, 0xC0, 0x78, 0x0F,
  0x01, 0xE0, 0x3C, 0x07, 0x80, 0xF0, 0x1E, 0x03, 0x80, 0xF0, 0x1E, 0x03,
  0xC0, 0x70, 0x1E, 0x03, 0xC0, 0x70, 0x1E, 0x03, 0xC0, 0xF0, 0x1E, 0x07,
  0x80, 0xE0, 0x3C, 0x0F, 0x01, 0xC0, 0x08, 0x00, 0x03, 0x80, 0x06, 0x00,
  0x0C, 0x00, 0x18, 0x08, 0x30, 0x5E, 0x67, 0xBF, 0x7F, 0x8F, 0x70, 0x07,
  0x80, 0x0F, 0x80, 0x3B, 0x80, 0xE3, 0x83, 0x87, 0x07, 0x07, 0x04, 0x08,
  0x00, 0x00, 0x38, 0x00, 0x00, 0xE0, 0x00, 0x03, 0x80, 0x00, 0x0E, 0x00,
  0x00, 0x38, 0x00, 0x00, 0xE0, 0x00, 0x03, 0x80, 0x00, 0x0E, 0x00, 0x00,
  0x38, 0x00, 0x00, 0xE0, 0x0F, 0xFF, 0xFF, 0xFF, 0xFF, 0xFF, 0xFF, 0xFF,
  0xFC, 0x00, 0xE0, 0x00, 0x03, 0x80, 0x00, 0x0E, 0x00, 0x00, 0x38, 0x00,
  0x00, 0xE0, 0x00, 0x03, 0x80, 0x00, 0x0E, 0x00, 0x00, 0x38, 0x00, 0x00,
  0xE0, 0x00, 0x03, 0x80, 0x00, 0x19, 0xF7, 0xDF, 0x3C, 0xF3, 0x8E, 0x71,
  0x8E, 0x10, 0xFF, 0xFF, 0xFF, 0xFF, 0xFE, 0x33, 0xFE, 0xF7, 0x80, 0x00,
  0x0E, 0x00, 0x18, 0x00, 0x70, 0x00, 0xE0, 0x01, 0xC0, 0x03, 0x00, 0x0E,
  0x00, 0x1C, 0x00, 0x30, 0x00, 0xE0, 0x01, 0xC0, 0x03, 0x80, 0x0E, 0x00,
  0x1C, 0x00, 0x38, 0x00, 0x60, 0x01, 0xC0, 0x03, 0x80, 0x06, 0x00, 0x1C,
  0x00, 0x38, 0x00, 0x70, 0x00, 0xC0, 0x03, 0x80, 0x07, 0x00, 0x0C, 0x00,
  0x38, 0x00, 0x70, 0x00, 0xE0, 0x01, 0x80, 0x07, 0x00, 0x0E, 0x00, 0x18,
  0x00, 0x70, 0x00, 0xE0, 0x01, 0xC0, 0x03, 0x00, 0x0E, 0x00, 0x1C, 0x00,
  0x30, 0x00, 0xE0, 0x01, 0xC0, 0x00, 0x00, 0xFF, 0x80, 0x03, 0xFF, 0xE0,
  0x0F, 0xFF, 0xF0, 0x0F, 0x80, 0xF8, 0x1F, 0x00, 0x7C, 0x3E, 0x00, 0x3C,
  0x3C, 0x00, 0x3E, 0x7C, 0x00, 0x1E, 0x78, 0x00, 0x1E, 0x78, 0x00, 0x1E,
  0x78, 0x00, 0x0F, 0xF0, 0x00, 0x0F, 0xF0, 0x00, 0x0F, 0xF0, 0x00, 0x0F,
  0xF0, 0x00, 0x0F, 0xF0, 0x00, 0x0F, 0xF0, 0x00, 0x0F, 0xF0, 0x00, 0x0F,
  0xF0, 0x00, 0x0F, 0xF0, 0x00, 0x0F, 0xF0, 0x00, 0x0F, 0xF0, 0x00, 0x0F,
  0x78, 0x00, 0x1E, 0x78, 0x00, 0x1E, 0x78, 0x00, 0x1E, 0x78, 0x00, 0x1E,
  0x3C, 0x00, 0x3C, 0x3C, 0x00, 0x3C, 0x3E, 0x00, 0x78, 0x1F, 0x00, 0xF8,
  0x0F, 0xFF, 0xF0, 0x07, 0xFF, 0xE0, 0x01, 0xFF, 0x80, 0x00, 0xF0, 0x00,
  0x7C, 0x00, 0x7F, 0x00, 0x3F, 0xC0, 0x3F, 0xF0, 0x3F, 0x3C, 0x0F, 0x0F,
  0x01, 0x03, 0xC0, 0x00, 0xF0, 0x00, 0x3C, 0x00, 0x0F, 0x00, 0x03, 0xC0,
  0x00, 0xF0, 0x00, 0x3C, 0x00, 0x0F, 0x00, 0x03, 0xC0, 0x00, 0xF0, 0x00,
  0x3C, 0x00, 0x0F, 0x00, 0x03, 0xC0, 0x00, 0xF0, 0x00, 0x3C, 0x00, 0x0F,
  0x00, 0x03, 0xC0, 0x00, 0xF0, 0x00, 0x3C, 0x00, 0x0F, 0x00, 0x03, 0xC0,
  0x00, 0xF0, 0x00, 0x3C, 0x00, 0x7F, 0xE0, 0xFF, 0xFF, 0x3F, 0xFF, 0xC0,
  0x0F, 0xFE, 0x07, 0xFF, 0xFC, 0x3F, 0xFF, 0xF9, 0xF0, 0x0F, 0xCF, 0x00,
  0x1F, 0x70, 0x00, 0x7B, 0x80, 0x03, 0xEC, 0x00, 0x1F, 0x60, 0x00, 0x78,
  0x00, 0x07, 0xC0, 0x00, 0x3C, 0x00, 0x01, 0xE0, 0x00, 0x0F, 0x00, 0x00,
  0xF0, 0x00, 0x07, 0x80, 0x00, 0x78, 0x00, 0x07, 0xC0, 0x00, 0x7C, 0x00,
  0x07, 0xC0, 0x00, 0x3C, 0x00, 0x03, 0xC0, 0x00, 0x3C, 0x00, 0x03, 0xE0,
  0x00, 0x3E, 0x00, 0x03, 0xE0, 0x00, 0x3E, 0x00, 0x07, 0xE0, 0x00, 0x7C,
  0x00, 0x07, 0xE0, 0x00, 0x7C, 0x00, 0x03, 0xFF, 0xFF, 0xFF, 0xFF, 0xFF,
  0xFF, 0xFF, 0xF8, 0x07, 0xFF, 0x01, 0xFF, 0xFF, 0x07, 0xFF, 0xFE, 0x1E,
  0x00, 0xFC, 0x70, 0x00, 0xF1, 0xC0, 0x03, 0xE7, 0x00, 0x07, 0x9C, 0x00,
  0x1E, 0x70, 0x00, 0x78, 0x00, 0x01, 0xE0, 0x00, 0x07, 0x80, 0x00, 0x3C,
  0x00, 0x01, 0xF0, 0x00, 0x0F, 0x80, 0x3F, 0xF8, 0x00, 0xFF, 0x80, 0x03,
  0xFF, 0x80, 0x00, 0x1F, 0x80, 0x00, 0x1F, 0x00, 0x00, 0x3E, 0x00, 0x00,
  0x78, 0x00, 0x01, 0xE0, 0x00, 0x03, 0xC0, 0x00, 0x0F, 0x00, 0x00, 0x3C,
  0x00, 0x01, 0xF0, 0x00, 0x07, 0x80, 0x00, 0x1E, 0x40, 0x00, 0xF3, 0xE0,
  0x0F, 0xCF, 0xFF, 0xFE, 0x1F, 0xFF, 0xE0, 0x0F, 0xFE, 0x00, 0x00, 0x01,
  0xF0, 0x00, 0x00, 0xFC, 0x00, 0x00, 0x3F, 0x00, 0x00, 0x1F, 0xC0, 0x00,
  0x0F, 0xF0, 0x00, 0x07, 0xBC, 0x00, 0x01, 0xEF, 0x00, 0x00, 0xF3, 0xC0,
  0x00, 0x78, 0xF0, 0x00, 0x3C, 0x3C, 0x00, 0x0F, 0x0F, 0x00, 0x07, 0x83,
  0xC0, 0x03, 0xC0, 0xF0, 0x00, 0xF0, 0x3C, 0x00, 0x78, 0x0F, 0x00, 0x3C,
  0x03, 0xC0, 0x1E, 0x00, 0xF0, 0x07, 0x80, 0x3C, 0x03, 0xC0, 0x0F, 0x01,
  0xE0, 0x03, 0xC0, 0x78, 0x00, 0xF0, 0x3C, 0x00, 0x3C, 0x0F, 0xFF, 0xFF,
  0xFF, 0xFF, 0xFF, 0xFF, 0xFF, 0xFF, 0xFF, 0xC0, 0x00, 0x3C, 0x00, 0x00,
  0x0F, 0x00, 0x00, 0x03, 0xC0, 0x00, 0x00, 0xF0, 0x00, 0x00, 0x3C, 0x00,
  0x00, 0x0F, 0x00, 0x00, 0x03, 0xC0, 0x00, 0x00, 0xF0, 0x00, 0x1F, 0xFF,
  0xF0, 0xFF, 0xFF, 0x87, 0xFF, 0xFC, 0x38, 0x00, 0x01, 0xC0, 0x00, 0x0E,
  0x00, 0x00, 0xF0, 0x00, 0x07, 0x80, 0x00, 0x3C, 0x00, 0x01, 0xE0, 0x00,
  0x0F, 0x00, 0x00, 0x78, 0x00, 0x03, 0xC0, 0x00, 0x1F, 0xC0, 0x00, 0xFF,
  0xF8, 0x07, 0xFF, 0xF0, 0x00, 0x7F, 0xE0, 0x00, 0x3F, 0x00, 0x00, 0x7C,
  0x00, 0x01, 0xE0, 0x00, 0x0F, 0x80, 0x00, 0x3C, 0x00, 0x01, 0xE0, 0x00,
  0x0F, 0x00, 0x00, 0x78, 0x00, 0x07, 0xC0, 0x00, 0x3C, 0x00, 0x03, 0xE4,
  0x00, 0x3F, 0x38, 0x03, 0xF3, 0xFF, 0xFF, 0x0F, 0xFF, 0xF0, 0x0F, 0xFE,
  0x00, 0x00, 0x3F, 0xF0, 0x01, 0xFF, 0xE0, 0x0F, 0xFF, 0xC0, 0x3F, 0x00,
  0x00, 0xF8, 0x00, 0x03, 0xE0, 0x00, 0x07, 0x80, 0x00, 0x1E, 0x00, 0x00,
  0x3C, 0x00, 0x00, 0xF0, 0x00, 0x01, 0xE0, 0x00, 0x03, 0xC0, 0x00, 0x0F,
  0x00, 0x00, 0x1E, 0x03, 0xC0, 0x3C, 0x7F, 0xF0, 0x7B, 0xFF, 0xF0, 0xFF,
  0x83, 0xF1, 0xF8, 0x01, 0xF3, 0xC0, 0x01, 0xF7, 0x80, 0x01, 0xEF, 0x00,
  0x03, 0xDE, 0x00, 0x07, 0xBC, 0x00, 0x07, 0xF8, 0x00, 0x0F, 0xF0, 0x00,
  0x3C, 0xF0, 0x00, 0x79, 0xE0, 0x00, 0xF3, 0xE0, 0x03, 0xE3, 0xE0, 0x07,
  0x83, 0xE0, 0x3E, 0x03, 0xFF, 0xFC, 0x03, 0xFF, 0xE0, 0x01, 0xFF, 0x00,
  0xFF, 0xFF, 0xFF, 0xFF, 0xFF, 0xFF, 0xFF, 0xFF, 0xF8, 0x00, 0x1F, 0xE0,
  0x00, 0x7B, 0x80, 0x01, 0xEE, 0x00, 0x0F, 0x38, 0x00, 0x3C, 0x00, 0x01,
  0xE0, 0x00, 0x07, 0x80, 0x00, 0x3E, 0x00, 0x00, 0xF0, 0x00, 0x03, 0xC0,
  0x00, 0x1E, 0x00, 0x00, 0x78, 0x00, 0x03, 0xC0, 0x00, 0x0F, 0x00, 0x00,
  0x7C, 0x00, 0x01, 0xE0, 0x00, 0x07, 0x80, 0x00, 0x3C, 0x00, 0x00, 0xF0,
  0x00, 0x07, 0x80, 0x00, 0x1E, 0x00, 0x00, 0xF8, 0x00, 0x03, 0xC0, 0x00,
  0x0F, 0x00, 0x00, 0x78, 0x00, 0x01, 0xE0, 0x00, 0x0F, 0x80, 0x00, 0x3C,
  0x00, 0x01, 0xF0, 0x00, 0x07, 0x80, 0x00, 0x01, 0xFF, 0x00, 0x1F, 0xFF,
  0x01, 0xFF, 0xFF, 0x0F, 0x80, 0x7C, 0x3C, 0x00, 0x79, 0xE0, 0x01, 0xE7,
  0x80, 0x03, 0xDC, 0x00, 0x0F, 0x70, 0x00, 0x3D, 0xE0, 0x00, 0xF7, 0x80,
  0x03, 0x9F, 0x00, 0x1E, 0x3E, 0x00, 0xF0, 0x7E, 0x0F, 0x80, 0xFF, 0xFC,
  0x00, 0xFF, 0x80, 0x03, 0xFF, 0x80, 0x3E, 0x3F, 0x81, 0xE0, 0x3F, 0x0F,
  0x00, 0x3E, 0x78, 0x00, 0x7F, 0xC0, 0x00, 0xFF, 0x00, 0x03, 0xFC, 0x00,
  0x0F, 0xF0, 0x00, 0x3F, 0xC0, 0x00, 0xFF, 0x00, 0x03, 0xFE, 0x00, 0x1E,
  0x78, 0x00, 0xF9, 0xF8, 0x07, 0xC3, 0xFC, 0xFE, 0x03, 0xFF, 0xF0, 0x03,
  0xFF, 0x00, 0x01, 0xFE, 0x00, 0x0F, 0xFF, 0x00, 0x7F, 0xFF, 0x81, 0xF8,
  0x1F, 0x83, 0xC0, 0x0F, 0x0F, 0x00, 0x0F, 0x1E, 0x00, 0x1E, 0x78, 0x00,
  0x1E, 0xF0, 0x00, 0x3D, 0xE0, 0x00, 0x7B, 0xC0, 0x00, 0x77, 0x80, 0x00,
  0xFF, 0x00, 0x01, 0xFF, 0x00, 0x03, 0xDE, 0x00, 0x0F, 0xBE, 0x00, 0x7F,
  0x3F, 0x03, 0xFE, 0x3F, 0xFF, 0xBC, 0x3F, 0xFC, 0xF0, 0x0F, 0xC1, 0xE0,
  0x00, 0x03, 0xC0, 0x00, 0x07, 0x80, 0x00, 0x0F, 0x00, 0x00, 0x3C, 0x00,
  0x00, 0x78, 0x00, 0x01, 0xE0, 0x00, 0x07, 0xC0, 0x00, 0x0F, 0x00, 0x00,
  0x7C, 0x00, 0x01, 0xF0, 0x0F, 0xFF, 0xC0, 0x1F, 0xFF, 0x00, 0x3F, 0xF8,
  0x00, 0x33, 0xFE, 0xF7, 0x80, 0x00, 0x00, 0x00, 0x00, 0x00, 0x00, 0x01,
  0x9F, 0xF7, 0xBC, 0x18, 0x78, 0xF9, 0xF3, 0xC0, 0x00, 0x00, 0x00, 0x00,
  0x00, 0x00, 0x00, 0x00, 0x00, 0x00, 0x30, 0xF1, 0xE3, 0xC7, 0x87, 0x0E,
  0x38, 0x71, 0xC7, 0x04, 0x00, 0x00, 0x00, 0x60, 0x00, 0x1F, 0x00, 0x07,
  0xF0, 0x01, 0xFC, 0x00, 0x7F, 0x00, 0x1F, 0x80, 0x07, 0xE0, 0x01, 0xF8,
  0x00, 0x7E, 0x00, 0x0F, 0x80, 0x00, 0xE0, 0x00, 0x0F, 0xC0, 0x00, 0x7F,
  0x00, 0x01, 0xFC, 0x00, 0x07, 0xF0, 0x00, 0x1F, 0xC0, 0x00, 0x3F, 0x80,
  0x00, 0xFE, 0x00, 0x03, 0xF0, 0x00, 0x0F, 0x00, 0x00, 0x20, 0xFF, 0xFF,
  0xFF, 0xFF, 0xFF, 0xFF, 0xFF, 0xFE, 0x00, 0x00, 0x00, 0x00, 0x00, 0x00,
  0x00, 0x00, 0x00, 0x00, 0x00, 0x00, 0x00, 0x00, 0x00, 0x07, 0xFF, 0xFF,
  0xFF, 0xFF, 0xFF, 0xFF, 0xFF, 0xF0, 0x60, 0x00, 0x07, 0xE0, 0x00, 0x3F,
  0xC0, 0x00, 0x3F, 0xC0, 0x00, 0x7F, 0x80, 0x00, 0x7F, 0x00, 0x00, 0xFF,
  0x00, 0x00, 0xFE, 0x00, 0x01, 0xF8, 0x00, 0x07, 0xC0, 0x00, 0xFE, 0x00,
  0x3F, 0x80, 0x07, 0xF0, 0x00, 0xFE, 0x00, 0x3F, 0x80, 0x07, 0xF0, 0x00,
  0xFE, 0x00, 0x03, 0x80, 0x00, 0x10, 0x00, 0x00, 0x3F, 0xF0, 0xFF, 0xFC,
  0xFF, 0xFE, 0x40, 0x3E, 0x00, 0x1E, 0x00, 0x0F, 0x00, 0x0F, 0x00, 0x0E,
  0x00, 0x1E, 0x00, 0x1E, 0x00, 0x3C, 0x00, 0x78, 0x00, 0xF0, 0x01, 0xE0,
  0x03, 0xC0, 0x07, 0x80, 0x0F, 0x00, 0x0E, 0x00, 0x1E, 0x00, 0x1E, 0x00,
  0x1E, 0x00, 0x0E, 0x00, 0x08, 0x00, 0x00, 0x00, 0x00, 0x00, 0x00, 0x00,
  0x00, 0x00, 0x00, 0x00, 0x06, 0x00, 0x0F, 0x00, 0x1F, 0x00, 0x1F, 0x00,
  0x0F, 0x00, 0x00, 0x0F, 0xFF, 0x00, 0x00, 0x0F, 0xFF, 0xFC, 0x00, 0x03,
  0xF0, 0x0F, 0xC0, 0x01, 0xF0, 0x00, 0x3E, 0x00, 0x78, 0x00, 0x03, 0xE0,
  0x1E, 0x00, 0x00, 0x1E, 0x03, 0x80, 0x00, 0x01, 0xC0, 0xE0, 0x01, 0x00,
  0x3C, 0x3C, 0x07, 0xFC, 0x03, 0x87, 0x03, 0xFF, 0xC0, 0x78, 0xE0, 0x60,
  0x3C, 0x07, 0x38, 0x00, 0x03, 0x80, 0xE7, 0x00, 0x00, 0x70, 0x1E, 0xE0,
  0x00, 0x07, 0x01, 0xDC, 0x00, 0x00, 0xE0, 0x3B, 0x80, 0x00, 0x1C, 0x07,
  0xF0, 0x07, 0xFF, 0x80, 0xFE, 0x03, 0xFF, 0xF0, 0x1F, 0xC0, 0x70, 0x0E,
  0x03, 0xB8, 0x1C, 0x01, 0xC0, 0x77, 0x03, 0x80, 0x38, 0x1E, 0xE0, 0x70,
  0x0F, 0x03, 0x9C, 0x0E, 0x01, 0xE0, 0x73, 0x81, 0xE0, 0xFC, 0x1C, 0x78,
  0x1F, 0x7B, 0xC7, 0x87, 0x03, 0xFC, 0x3F, 0xC0, 0xF0, 0x1E, 0x03, 0xF0,
  0x0E, 0x00, 0x00, 0x00, 0x01, 0xE0, 0x00, 0x00, 0x00, 0x1E, 0x00, 0x00,
  0x00, 0x01, 0xE0, 0x00, 0x00, 0x00, 0x1F, 0x00, 0x08, 0x00, 0x01, 0xFF,
  0x7F, 0x00, 0x00, 0x0F, 0xFF, 0xF0, 0x00, 0x00, 0x7F, 0xE0, 0x00, 0x00,
  0x00, 0x01, 0xE0, 0x00, 0x00, 0x00, 0xF0, 0x00, 0x00, 0x00, 0xFC, 0x00,
  0x00, 0x00, 0x7E, 0x00, 0x00, 0x00, 0x77, 0x00, 0x00, 0x00, 0x3B, 0xC0,
  0x00, 0x00, 0x1C, 0xE0, 0x00, 0x00, 0x1C, 0x78, 0x00, 0x00, 0x0E, 0x3C,
  0x00, 0x00, 0x07, 0x0E, 0x00, 0x00, 0x07, 0x07, 0x80, 0x00, 0x03, 0x83,
  0xC0, 0x00, 0x03, 0xC1, 0xE0, 0x00, 0x01, 0xC0, 0x78, 0x00, 0x00, 0xE0,
  0x3C, 0x00, 0x00, 0xF0, 0x1E, 0x00, 0x00, 0x70, 0x07, 0x80, 0x00, 0x38,
  0x03, 0xC0, 0x00, 0x38, 0x01, 0xE0, 0x00, 0x1C, 0x00, 0x78, 0x00, 0x1E,
  0x00, 0x3C, 0x00, 0x0F, 0xFF, 0xFE, 0x00, 0x07, 0xFF, 0xFF, 0x80, 0x07,
  0xFF, 0xFF, 0xC0, 0x03, 0x80, 0x01, 0xE0, 0x01, 0xC0, 0x00, 0x78, 0x01,
  0xE0, 0x00, 0x3C, 0x00, 0xE0, 0x00, 0x1F, 0x00, 0xF0, 0x00, 0x07, 0x80,
  0x78, 0x00, 0x03, 0xC0, 0xFE, 0x00, 0x07, 0xF9, 0xFF, 0xE0, 0x0F, 0xFF,
  0xFF, 0xF0, 0x07, 0xFF, 0x80, 0xFF, 0xFF, 0x80, 0x7F, 0xFF, 0xF8, 0x3F,
  0xFF, 0xFF, 0x01, 0xE0, 0x1F, 0xC0, 0xF0, 0x03, 0xE0, 0x78, 0x00, 0xF8,
  0x3C, 0x00, 0x3C, 0x1E, 0x00, 0x1E, 0x0F, 0x00, 0x0F, 0x07, 0x80, 0x07,
  0x83, 0xC0, 0x03, 0xC1, 0xE0, 0x01, 0xC0, 0xF0, 0x01, 0xE0, 0x78, 0x01,
  0xE0, 0x3C, 0x07, 0xE0, 0x1F, 0xFF, 0xC0, 0x0F, 0xFF, 0xE0, 0x07, 0xFF,
  0xFE, 0x03, 0xC0, 0x0F, 0x81, 0xE0, 0x01, 0xE0, 0xF0, 0x00, 0xF8, 0x78,
  0x00, 0x3C, 0x3C, 0x00, 0x1E, 0x1E, 0x00, 0x0F, 0x0F, 0x00, 0x07, 0x87,
  0x80, 0x03, 0xC3, 0xC0, 0x01, 0xE1, 0xE0, 0x01, 0xF0, 0xF0, 0x01, 0xF0,
  0x78, 0x03, 0xF8, 0x7F, 0xFF, 0xF9, 0xFF, 0xFF, 0xF0, 0xFF, 0xFF, 0xC0,
  0x00, 0x00, 0x3F, 0xF0, 0x00, 0xFF, 0xFF, 0x00, 0xFF, 0xFF, 0xE0, 0xFC,
  0x03, 0xF0, 0xF8, 0x00, 0x78, 0xF8, 0x00, 0x3C, 0xF8, 0x00, 0x0C, 0x78,
  0x00, 0x06, 0x7C, 0x00, 0x03, 0x3C, 0x00, 0x01, 0x9E, 0x00, 0x00, 0x1E,
  0x00, 0x00, 0x0F, 0x00, 0x00, 0x07, 0x80, 0x00, 0x03, 0xC0, 0x00, 0x01,
  0xE0, 0x00, 0x00, 0xF0, 0x00, 0x00, 0x78, 0x00, 0x00, 0x3C, 0x00, 0x00,
  0x1E, 0x00, 0x00, 0x0F, 0x00, 0x00, 0x07, 0xC0, 0x00, 0x03, 0xE0, 0x00,
  0x00, 0xF0, 0x00, 0x00, 0x7C, 0x00, 0x00, 0x3E, 0x00, 0x00, 0x0F, 0x80,
  0x00, 0x43, 0xE0, 0x00, 0x61, 0xF8, 0x00, 0x78, 0x7F, 0x01, 0xF8, 0x1F,
  0xFF, 0xF8, 0x03, 0xFF, 0xF0, 0x00, 0xFF, 0xE0, 0x00, 0xFF, 0xFF, 0xC0,
  0x07, 0xFF, 0xFF, 0xC0, 0x3F, 0xFF, 0xFF, 0x80, 0x1E, 0x00, 0xFE, 0x00,
  0xF0, 0x00, 0xF8, 0x07, 0x80, 0x03, 0xE0, 0x3C, 0x00, 0x0F, 0x81, 0xE0,
  0x00, 0x3C, 0x0F, 0x00, 0x01, 0xF0, 0x78, 0x00, 0x07, 0x83, 0xC0, 0x00,
  0x3C, 0x1E, 0x00, 0x01, 0xF0, 0xF0, 0x00, 0x07, 0x87, 0x80, 0x00, 0x3C,
  0x3C, 0x00, 0x01, 0xE1, 0xE0, 0x00, 0x0F, 0x0F, 0x00, 0x00, 0x78, 0x78,
  0x00, 0x03, 0xC3, 0xC0, 0x00, 0x1E, 0x1E, 0x00, 0x00, 0xF0, 0xF0, 0x00,
  0x0F, 0x87, 0x80, 0x00, 0x78, 0x3C, 0x00, 0x03, 0xC1, 0xE0, 0x00, 0x1E,
  0x0F, 0x00, 0x01, 0xE0, 0x78, 0x00, 0x0F, 0x03, 0xC0, 0x00, 0xF0, 0x1E,
  0x00, 0x0F, 0x80, 0xF0, 0x00, 0xF8, 0x07, 0x80, 0x1F, 0x80, 0x7F, 0xFF,
  0xF0, 0x1F, 0xFF, 0xFF, 0x00, 0xFF, 0xFF, 0xC0, 0x00, 0xFF, 0xFF, 0xFE,
  0xFF, 0xFF, 0xFE, 0xFF, 0xFF, 0xFE, 0x0F, 0x00, 0x0E, 0x0F, 0x00, 0x06,
  0x0F, 0x00, 0x06, 0x0F, 0x00, 0x06, 0x0F, 0x00, 0x06, 0x0F, 0x00, 0x00,
  0x0F, 0x00, 0x00, 0x0F, 0x00, 0x00, 0x0F, 0x00, 0x00, 0x0F, 0x00, 0x00,
  0x0F, 0x00, 0x00, 0x0F, 0x00, 0x00, 0x0F, 0xFF, 0xF0, 0x0F, 0xFF, 0xF0,
  0x0F, 0xFF, 0xF0, 0x0F, 0x00, 0x00, 0x0F, 0x00, 0x00, 0x0F, 0x00, 0x00,
  0x0F, 0x00, 0x00, 0x0F, 0x00, 0x00, 0x0F, 0x00, 0x00, 0x0F, 0x00, 0x00,
  0x0F, 0x00, 0x03, 0x0F, 0x00, 0x07, 0x0F, 0x00, 0x07, 0x0F, 0x00, 0x07,
  0x0F, 0x00, 0x07, 0x1F, 0xFF, 0xFF, 0xFF, 0xFF, 0xFF, 0xFF, 0xFF, 0xFF,
  0xFF, 0xFF, 0xFF, 0xFF, 0xFF, 0xFF, 0xFF, 0xFF, 0xF8, 0x78, 0x00, 0x70,
  0xF0, 0x00, 0xE1, 0xE0, 0x01, 0xC3, 0xC0, 0x01, 0x87, 0x80, 0x03, 0x0F,
  0x00, 0x00, 0x1E, 0x00, 0x00, 0x3C, 0x00, 0x00, 0x78, 0x00, 0x00, 0xF0,
  0x00, 0x01, 0xE0, 0x00, 0x03, 0xC0, 0x00, 0x07, 0xFF, 0xF8, 0x0F, 0xFF,
  0xF0, 0x1F, 0xFF, 0xE0, 0x3C, 0x00, 0x00, 0x78, 0x00, 0x00, 0xF0, 0x00,
  0x01, 0xE0, 0x00, 0x03, 0xC0, 0x00, 0x07, 0x80, 0x00, 0x0F, 0x00, 0x00,
  0x1E, 0x00, 0x00, 0x3C, 0x00, 0x00, 0x78, 0x00, 0x00, 0xF0, 0x00, 0x01,
  0xE0, 0x00, 0x07, 0xF8, 0x00, 0x7F, 0xFC, 0x00, 0xFF, 0xF8, 0x00, 0x00,
  0x3F, 0xF8, 0x00, 0x03, 0xFF, 0xFE, 0x00, 0x3F, 0xFF, 0xFC, 0x01, 0xF8,
  0x03, 0xF0, 0x0F, 0x80, 0x01, 0xC0, 0x7C, 0x00, 0x07, 0x03, 0xE0, 0x00,
  0x1C, 0x0F, 0x00, 0x00, 0x70, 0x7C, 0x00, 0x00, 0xC1, 0xE0, 0x00, 0x03,
  0x07, 0x80, 0x00, 0x00, 0x3E, 0x00, 0x00, 0x00, 0xF0, 0x00, 0x00, 0x03,
  0xC0, 0x00, 0x00, 0x0F, 0x00, 0x00, 0x00, 0x3C, 0x00, 0x00, 0x00, 0xF0,
  0x00, 0x00, 0x03, 0xC0, 0x00, 0x7F, 0xFF, 0x00, 0x01, 0xFF, 0xFC, 0x00,
  0x07, 0xFE, 0xF0, 0x00, 0x01, 0xC3, 0xC0, 0x00, 0x07, 0x0F, 0x80, 0x00,
  0x1C, 0x1E, 0x00, 0x00, 0x70, 0x78, 0x00, 0x01, 0xC1, 0xF0, 0x00, 0x07,
  0x03, 0xE0, 0x00, 0x1C, 0x07, 0xC0, 0x00, 0x70, 0x1F, 0x80, 0x01, 0xC0,
  0x3F, 0x80, 0x1F, 0x00, 0x7F, 0xFF, 0xFC, 0x00, 0x7F, 0xFF, 0xE0, 0x00,
  0x7F, 0xFC, 0x00, 0xFF, 0xF0, 0x07, 0xFF, 0xFF, 0xF8, 0x03, 0xFF, 0xDF,
  0xF8, 0x01, 0xFF, 0xC1, 0xE0, 0x00, 0x0F, 0x00, 0xF0, 0x00, 0x07, 0x80,
  0x78, 0x00, 0x03, 0xC0, 0x3C, 0x00, 0x01, 0xE0, 0x1E, 0x00, 0x00, 0xF0,
  0x0F, 0x00, 0x00, 0x78, 0x07, 0x80, 0x00, 0x3C, 0x03, 0xC0, 0x00, 0x1E,
  0x01, 0xE0, 0x00, 0x0F, 0x00, 0xF0, 0x00, 0x07, 0x80, 0x78, 0x00, 0x03,
  0xC0, 0x3C, 0x00, 0x01, 0xE0, 0x1F, 0xFF, 0xFF, 0xF0, 0x0F, 0xFF, 0xFF,
  0xF8, 0x07, 0xFF, 0xFF, 0xFC, 0x03, 0xC0, 0x00, 0x1E, 0x01, 0xE0, 0x00,
  0x0F, 0x00, 0xF0, 0x00, 0x07, 0x80, 0x78, 0x00, 0x03, 0xC0, 0x3C, 0x00,
  0x01, 0xE0, 0x1E, 0x00, 0x00, 0xF0, 0x0F, 0x00, 0x00, 0x78, 0x07, 0x80,
  0x00, 0x3C, 0x03, 0xC0, 0x00, 0x1E, 0x01, 0xE0, 0x00, 0x0F, 0x00, 0xF0,
  0x00, 0x07, 0x80, 0x78, 0x00, 0x03, 0xC0, 0x7F, 0x00, 0x07, 0xF9, 0xFF,
  0xE0, 0x0F, 0xFF, 0xFF, 0xF0, 0x07, 0xFF, 0x80, 0xFF, 0xFF, 0xFF, 0xFF,
  0xE0, 0xF0, 0x0F, 0x00, 0xF0, 0x0F, 0x00, 0xF0, 0x0F, 0x00, 0xF0, 0x0F,
  0x00, 0xF0, 0x0F, 0x00, 0xF0, 0x0F, 0x00, 0xF0, 0x0F, 0x00, 0xF0, 0x0F,
  0x00, 0xF0, 0x0F, 0x00, 0xF0, 0x0F, 0x00, 0xF0, 0x0F, 0x00, 0xF0, 0x0F,
  0x00, 0xF0, 0x0F, 0x00, 0xF0, 0x1F, 0xCF, 0xFF, 0xFF, 0xF0, 0x3F, 0xFE,
  0x7F, 0xFC, 0x7F, 0xF0, 0x0F, 0x00, 0x1E, 0x00, 0x3C, 0x00, 0x78, 0x00,
  0xF0, 0x01, 0xE0, 0x03, 0xC0, 0x07, 0x80, 0x0F, 0x00, 0x1E, 0x00, 0x3C,
  0x00, 0x78, 0x00, 0xF0, 0x01, 0xE0, 0x03, 0xC0, 0x07, 0x80, 0x0F, 0x00,
  0x1E, 0x00, 0x3C, 0x00, 0x78, 0x00, 0xF0, 0x01, 0xE0, 0x03, 0xC0, 0x07,
  0x80, 0x0F, 0x00, 0x1E, 0x00, 0x3C, 0x00, 0x78, 0x00, 0xF0, 0x01, 0xE0,
  0x03, 0x80, 0x0F, 0x00, 0x1E, 0x00, 0xFC, 0x1F, 0xF0, 0x3F, 0xC0, 0x7E,
  0x00, 0xFF, 0xF0, 0x7F, 0xF9, 0xFF, 0xE0, 0xFF, 0xF1, 0xFF, 0x80, 0xFF,
  0xC0, 0x78, 0x00, 0x3C, 0x00, 0xF0, 0x00, 0xF0, 0x01, 0xE0, 0x01, 0xC0,
  0x03, 0xC0, 0x07, 0x80, 0x07, 0x80, 0x1E, 0x00, 0x0F, 0x00, 0x3C, 0x00,
  0x1E, 0x00, 0xF0, 0x00, 0x3C, 0x01, 0xC0, 0x00, 0x78, 0x07, 0x80, 0x00,
  0xF0, 0x1E, 0x00, 0x01, 0xE0, 0x38, 0x00, 0x03, 0xC0, 0xF0, 0x00, 0x07,
  0xFF, 0xC0, 0x00, 0x0F, 0xFF, 0x80, 0x00, 0x1F, 0xFF, 0x80, 0x00, 0x3C,
  0x07, 0x80, 0x00, 0x78, 0x0F, 0x00, 0x00, 0xF0, 0x0F, 0x00, 0x01, 0xE0,
  0x0F, 0x00, 0x03, 0xC0, 0x1F, 0x00, 0x07, 0x80, 0x1E, 0x00, 0x0F, 0x00,
  0x1E, 0x00, 0x1E, 0x00, 0x3E, 0x00, 0x3C, 0x00, 0x3C, 0x00, 0x78, 0x00,
  0x3C, 0x00, 0xF0, 0x00, 0x7C, 0x01, 0xE0, 0x00, 0x78, 0x07, 0xF0, 0x01,
  0xFC, 0x7F, 0xF8, 0x0F, 0xFF, 0xFF, 0xF0, 0x1F, 0xFE, 0xFF, 0xF8, 0x01,
  0xFF, 0xF0, 0x03, 0xFF, 0x80, 0x00, 0x78, 0x00, 0x00, 0xF0, 0x00, 0x01,
  0xE0, 0x00, 0x03, 0xC0, 0x00, 0x07, 0x80, 0x00, 0x0F, 0x00, 0x00, 0x1E,
  0x00, 0x00, 0x3C, 0x00, 0x00, 0x78, 0x00, 0x00, 0xF0, 0x00, 0x01, 0xE0,
  0x00, 0x03, 0xC0, 0x00, 0x07, 0x80, 0x00, 0x0F, 0x00, 0x00, 0x1E, 0x00,
  0x00, 0x3C, 0x00, 0x00, 0x78, 0x00, 0x00, 0xF0, 0x00, 0x01, 0xE0, 0x00,
  0x03, 0xC0, 0x00, 0x07, 0x80, 0x00, 0x0F, 0x00, 0x00, 0x1E, 0x00, 0x1C,
  0x3C, 0x00, 0x38, 0x78, 0x00, 0x70, 0xF0, 0x00, 0xE1, 0xE0, 0x01, 0xC7,
  0xFF, 0xFF, 0xFF, 0xFF, 0xFF, 0xFF, 0xFF, 0xFE, 0xFF, 0x80, 0x00, 0x07,
  0xFF, 0xFF, 0x00, 0x00, 0x1F, 0xFF, 0xFC, 0x00, 0x00, 0xFF, 0x03, 0xF8,
  0x00, 0x03, 0xF0, 0x0F, 0xE0, 0x00, 0x1F, 0xC0, 0x3F, 0xC0, 0x00, 0x7F,
  0x00, 0xFF, 0x00, 0x03, 0xFC, 0x03, 0xDE, 0x00, 0x0E, 0xF0, 0x0F, 0x78,
  0x00, 0x73, 0xC0, 0x3C, 0xF0, 0x01, 0xCF, 0x00, 0xF3, 0xC0, 0x0E, 0x3C,
  0x03, 0xC7, 0x80, 0x38, 0xF0, 0x0F, 0x1E, 0x01, 0xC3, 0xC0, 0x3C, 0x3C,
  0x0F, 0x0F, 0x00, 0xF0, 0xF0, 0x38, 0x3C, 0x03, 0xC1, 0xE1, 0xE0, 0xF0,
  0x0F, 0x07, 0x87, 0x03, 0xC0, 0x3C, 0x0F, 0x3C, 0x0F, 0x00, 0xF0, 0x3C,
  0xE0, 0x3C, 0x03, 0xC0, 0x7F, 0x80, 0xF0, 0x0F, 0x01, 0xFC, 0x03, 0xC0,
  0x3C, 0x03, 0xE0, 0x0F, 0x00, 0xF0, 0x0F, 0x80, 0x3C, 0x03, 0xC0, 0x1C,
  0x00, 0xF0, 0x0F, 0x00, 0x60, 0x03, 0xC0, 0x3C, 0x00, 0x00, 0x0F, 0x00,
  0xF0, 0x00, 0x00, 0x3C, 0x03, 0xC0, 0x00, 0x00, 0xF0, 0x0F, 0x00, 0x00,
  0x03, 0xC0, 0x3C, 0x00, 0x00, 0x0F, 0x01, 0xF8, 0x00, 0x00, 0xFE, 0x3F,
  0xFC, 0x00, 0x0F, 0xFF, 0xFF, 0xF0, 0x00, 0x3F, 0xFC, 0xFF, 0x80, 0x03,
  0xFF, 0xFF, 0xF0, 0x00, 0xFF, 0xFF, 0xFC, 0x00, 0x3F, 0xF0, 0x3F, 0x80,
  0x00, 0xE0, 0x0F, 0xF0, 0x00, 0x38, 0x03, 0xFC, 0x00, 0x0E, 0x00, 0xFF,
  0x80, 0x03, 0x80, 0x3D, 0xF0, 0x00, 0xE0, 0x0F, 0x3C, 0x00, 0x38, 0x03,
  0xCF, 0x80, 0x0E, 0x00, 0xF1, 0xE0, 0x03, 0x80, 0x3C, 0x3C, 0x00, 0xE0,
  0x0F, 0x0F, 0x80, 0x38, 0x03, 0xC1, 0xE0, 0x0E, 0x00, 0xF0, 0x7C, 0x03,
  0x80, 0x3C, 0x0F, 0x80, 0xE0, 0x0F, 0x01, 0xE0, 0x38, 0x03, 0xC0, 0x7C,
  0x0E, 0x00, 0xF0, 0x0F, 0x83, 0x80, 0x3C, 0x01, 0xE0, 0xE0, 0x0F, 0x00,
  0x7C, 0x38, 0x03, 0xC0, 0x0F, 0x0E, 0x00, 0xF0, 0x01, 0xE3, 0x80, 0x3C,
  0x00, 0x7C, 0xE0, 0x0F, 0x00, 0x0F, 0x38, 0x03, 0xC0, 0x03, 0xEE, 0x00,
  0xF0, 0x00, 0x7F, 0x80, 0x3C, 0x00, 0x0F, 0xE0, 0x0F, 0x00, 0x03, 0xF8,
  0x03, 0xC0, 0x00, 0x7E, 0x01, 0xF8, 0x00, 0x0F, 0x83, 0xFF, 0xC0, 0x03,
  0xE0, 0xFF, 0xF0, 0x00, 0x78, 0x00, 0x00, 0x3F, 0xF0, 0x00, 0x07, 0xFF,
  0xE0, 0x00, 0xFF, 0xFF, 0xC0, 0x0F, 0xC0, 0x7F, 0x00, 0xF8, 0x00, 0xFC,
  0x0F, 0x80, 0x01, 0xE0, 0xF8, 0x00, 0x0F, 0x87, 0x80, 0x00, 0x3C, 0x7C,
  0x00, 0x00, 0xF3, 0xC0, 0x00, 0x07, 0x9E, 0x00, 0x00, 0x3F, 0xE0, 0x00,
  0x00, 0xFF, 0x00, 0x00, 0x07, 0xF8, 0x00, 0x00, 0x3F, 0xC0, 0x00, 0x01,
  0xFE, 0x00, 0x00, 0x0F, 0xF0, 0x00, 0x00, 0x7F, 0x80, 0x00, 0x03, 0xFC,
  0x00, 0x00, 0x1F, 0xE0, 0x00, 0x00, 0xFF, 0x00, 0x00, 0x07, 0xF8, 0x00,
  0x00, 0x3F, 0xE0, 0x00, 0x03, 0xCF, 0x00, 0x00, 0x1E, 0x78, 0x00, 0x01,
  0xF3, 0xE0, 0x00, 0x0F, 0x0F, 0x00, 0x00, 0xF8, 0x7C, 0x00, 0x0F, 0x81,
  0xF0, 0x00, 0xF8, 0x07, 0xE0, 0x1F, 0x80, 0x1F, 0xFF, 0xF8, 0x00, 0x3F,
  0xFF, 0x80, 0x00, 0x7F, 0xF0, 0x00, 0xFF, 0xFF, 0x80, 0xFF, 0xFF, 0xF0,
  0xFF, 0xFF, 0xF8, 0x0F, 0x00, 0xFC, 0x0F, 0x00, 0x3E, 0x0F, 0x00, 0x1E,
  0x0F, 0x00, 0x0F, 0x0F, 0x00, 0x0F, 0x0F, 0x00, 0x0F, 0x0F, 0x00, 0x0F,
  0x0F, 0x00, 0x0F, 0x0F, 0x00, 0x0F, 0x0F, 0x00, 0x0F, 0x0F, 0x00, 0x0F,
  0x0F, 0x00, 0x1E, 0x0F, 0x00, 0x3E, 0x0F, 0x00, 0x7C, 0x0F, 0x07, 0xF8,
  0x0F, 0xFF, 0xF0, 0x0F, 0xFF, 0xC0, 0x0F, 0x00, 0x00, 0x0F, 0x00, 0x00,
  0x0F, 0x00, 0x00, 0x0F, 0x00, 0x00, 0x0F, 0x00, 0x00, 0x0F, 0x00, 0x00,
  0x0F, 0x00, 0x00, 0x0F, 0x00, 0x00, 0x0F, 0x00, 0x00, 0x0F, 0x00, 0x00,
  0x1F, 0xE0, 0x00, 0xFF, 0xF8, 0x00, 0xFF, 0xF8, 0x00, 0x00, 0x3F, 0xF0,
  0x00, 0x00, 0x1F, 0xFF, 0x80, 0x00, 0x0F, 0xFF, 0xFC, 0x00, 0x03, 0xF0,
  0x0F, 0xC0, 0x00, 0xF8, 0x00, 0x7C, 0x00, 0x3E, 0x00, 0x07, 0xC0, 0x0F,
  0x80, 0x00, 0x78, 0x01, 0xE0, 0x00, 0x0F, 0x80, 0x7C, 0x00, 0x00, 0xF0,
  0x0F, 0x00, 0x00, 0x1F, 0x01, 0xE0, 0x00, 0x01, 0xE0, 0x78, 0x00, 0x00,
  0x3C, 0x0F, 0x00, 0x00, 0x07, 0x81, 0xE0, 0x00, 0x00, 0xF0, 0x3C, 0x00,
  0x00, 0x1F, 0x07, 0x80, 0x00, 0x03, 0xE0, 0xF0, 0x00, 0x00, 0x7C, 0x1E,
  0x00, 0x00, 0x0F, 0x83, 0xC0, 0x00, 0x01, 0xF0, 0x78, 0x00, 0x00, 0x3C,
  0x0F, 0x00, 0x00, 0x07, 0x81, 0xE0, 0x00, 0x00, 0xF0, 0x3E, 0x00, 0x00,
  0x1E, 0x03, 0xC0, 0x00, 0x07, 0x80, 0x78, 0x00, 0x00, 0xF0, 0x0F, 0x80,
  0x00, 0x3E, 0x00, 0xF0, 0x00, 0x07, 0x80, 0x0F, 0x00, 0x01, 0xE0, 0x01,
  0xF0, 0x00, 0x7C, 0x00, 0x1F, 0x80, 0x3F, 0x00, 0x01, 0xFF, 0xFF, 0x80,
  0x00, 0x0F, 0xFF, 0xE0, 0x00, 0x00, 0x7F, 0xF0, 0x00, 0x00, 0x00, 0x78,
  0x00, 0x00, 0x00, 0x07, 0xC0, 0x00, 0x00, 0x00, 0x3E, 0x00, 0x00, 0x00,
  0x03, 0xF0, 0x04, 0x00, 0x00, 0x1F, 0x83, 0x80, 0x00, 0x01, 0xFF, 0xF8,
  0x00, 0x00, 0x0F, 0xFC, 0x00, 0x00, 0x00, 0x7E, 0x00, 0xFF, 0xFF, 0x80,
  0x0F, 0xFF, 0xFF, 0x00, 0x7F, 0xFF, 0xFC, 0x00, 0xF0, 0x07, 0xE0, 0x0F,
  0x00, 0x1F, 0x00, 0xF0, 0x00, 0xF0, 0x0F, 0x00, 0x0F, 0x00, 0xF0, 0x00,
  0xF8, 0x0F, 0x00, 0x07, 0x80, 0xF0, 0x00, 0x78, 0x0F, 0x00, 0x07, 0x00,
  0xF0, 0x00, 0xF0, 0x0F, 0x00, 0x0F, 0x00, 0xF0, 0x01, 0xE0, 0x0F, 0x00,
  0x3E, 0x00, 0xF0, 0x1F, 0xC0, 0x0F, 0xFF, 0xF0, 0x00, 0xFF, 0xFC, 0x00,
  0x0F, 0xFF, 0xC0, 0x00, 0xF0, 0x1E, 0x00, 0x0F, 0x00, 0xF0, 0x00, 0xF0,
  0x07, 0x80, 0x0F, 0x00, 0x78, 0x00, 0xF0, 0x03, 0xC0, 0x0F, 0x00, 0x3C,
  0x00, 0xF0, 0x01, 0xE0, 0x0F, 0x00, 0x1E, 0x00, 0xF0, 0x00, 0xF0, 0x0F,
  0x00, 0x0F, 0x00, 0xF0, 0x00, 0x78, 0x1F, 0xC0, 0x07, 0xCF, 0xFF, 0x80,
  0x7F, 0xFF, 0xF8, 0x03, 0xF0, 0x01, 0xFF, 0xC0, 0x1F, 0xFF, 0xE1, 0xFF,
  0xFF, 0x8F, 0xC0, 0x1E, 0x3C, 0x00, 0x39, 0xE0, 0x00, 0xE7, 0x80, 0x03,
  0x9E, 0x00, 0x0E, 0x70, 0x00, 0x39, 0xE0, 0x00, 0x07, 0x80, 0x00, 0x1F,
  0x00, 0x00, 0x7E, 0x00, 0x00, 0xFE, 0x00, 0x01, 0xFF, 0x00, 0x03, 0xFF,
  0x80, 0x03, 0xFF, 0x80, 0x01, 0xFF, 0x80, 0x00, 0xFF, 0x00, 0x00, 0x7E,
  0x00, 0x00, 0xF8, 0x00, 0x01, 0xF0, 0x00, 0x03, 0xC0, 0x00, 0x0F, 0x60,
  0x00, 0x3F, 0x80, 0x00, 0xFE, 0x00, 0x03, 0xF8, 0x00, 0x1E, 0xE0, 0x00,
  0xFB, 0xE0, 0x07, 0xCF, 0xFF, 0xFE, 0x3F, 0xFF, 0xF0, 0x1F, 0xFF, 0x00,
  0xFF, 0xFF, 0xFF, 0xFF, 0xFF, 0xFF, 0xFF, 0xFF, 0xFF, 0xFC, 0x03, 0xC0,
  0x7E, 0x01, 0xE0, 0x3F, 0x00, 0xF0, 0x1F, 0x80, 0x78, 0x07, 0xC0, 0x3C,
  0x03, 0x00, 0x1E, 0x00, 0x00, 0x0F, 0x00, 0x00, 0x07, 0x80, 0x00, 0x03,
  0xC0, 0x00, 0x01, 0xE0, 0x00, 0x00, 0xF0, 0x00, 0x00, 0x78, 0x00, 0x00,
  0x3C, 0x00, 0x00, 0x1E, 0x00, 0x00, 0x0F, 0x00, 0x00, 0x07, 0x80, 0x00,
  0x03, 0xC0, 0x00, 0x01, 0xE0, 0x00, 0x00, 0xF0, 0x00, 0x00, 0x78, 0x00,
  0x00, 0x3C, 0x00, 0x00, 0x1E, 0x00, 0x00, 0x0F, 0x00, 0x00, 0x07, 0x80,
  0x00, 0x03, 0xC0, 0x00, 0x01, 0xE0, 0x00, 0x00, 0xF0, 0x00, 0x01, 0xFE,
  0x00, 0x07, 0xFF, 0xC0, 0x03, 0xFF, 0xE0, 0x00, 0xFF, 0xF0, 0x07, 0xFF,
  0xFF, 0xF8, 0x03, 0xFF, 0xDF, 0xF8, 0x01, 0xFF, 0xC1, 0xE0, 0x00, 0x0F,
  0x00, 0xF0, 0x00, 0x07, 0x80, 0x78, 0x00, 0x03, 0xC0, 0x3C, 0x00, 0x01,
  0xE0, 0x1E, 0x00, 0x00, 0xF0, 0x0F, 0x00, 0x00, 0x78, 0x07, 0x80, 0x00,
  0x3C, 0x03, 0xC0, 0x00, 0x1E, 0x01, 0xE0, 0x00, 0x0F, 0x00, 0xF0, 0x00,
  0x07, 0x80, 0x78, 0x00, 0x03, 0xC0, 0x3C, 0x00, 0x01, 0xE0, 0x1E, 0x00,
  0x00, 0xF0, 0x0F, 0x00, 0x00, 0x78, 0x07, 0x80, 0x00, 0x3C, 0x03, 0xC0,
  0x00, 0x1E, 0x01, 0xE0, 0x00, 0x0F, 0x00, 0xF0, 0x00, 0x07, 0x80, 0x78,
  0x00, 0x03, 0xC0, 0x3C, 0x00, 0x01, 0xE0, 0x0E, 0x00, 0x00, 0xF0, 0x07,
  0x00, 0x00, 0x70, 0x03, 0xC0, 0x00, 0x78, 0x01, 0xE0, 0x00, 0x3C, 0x00,
  0xF8, 0x00, 0x3E, 0x00, 0x3C, 0x00, 0x1E, 0x00, 0x1F, 0x80, 0x3E, 0x00,
  0x07, 0xFF, 0xFE, 0x00, 0x00, 0xFF, 0xFE, 0x00, 0x00, 0x3F, 0xFC, 0x00,
  0x00, 0xFF, 0xF8, 0x07, 0xFF, 0xFF, 0xF8, 0x07, 0xFF, 0xFF, 0xE0, 0x07,
  0xFE, 0x0F, 0x00, 0x00, 0x70, 0x0F, 0x80, 0x00, 0x70, 0x07, 0x80, 0x00,
  0xF0, 0x07, 0x80, 0x00, 0xE0, 0x07, 0xC0, 0x00, 0xE0, 0x03, 0xC0, 0x01,
  0xE0, 0x03, 0xC0, 0x01, 0xC0, 0x03, 0xE0, 0x01, 0xC0, 0x01, 0xE0, 0x03,
  0xC0, 0x01, 0xE0, 0x03, 0x80, 0x01, 0xF0, 0x07, 0x80, 0x00, 0xF0, 0x07,
  0x80, 0x00, 0xF0, 0x07, 0x00, 0x00, 0xF8, 0x0F, 0x00, 0x00, 0x78, 0x0F,
  0x00, 0x00, 0x78, 0x0E, 0x00, 0x00, 0x78, 0x1E, 0x00, 0x00, 0x3C, 0x1C,
  0x00, 0x00, 0x3C, 0x1C, 0x00, 0x00, 0x3C, 0x3C, 0x00, 0x00, 0x1E, 0x38,
  0x00, 0x00, 0x1E, 0x38, 0x00, 0x00, 0x1E, 0x78, 0x00, 0x00, 0x0F, 0x70,
  0x00, 0x00, 0x0F, 0x70, 0x00, 0x00, 0x0F, 0xF0, 0x00, 0x00, 0x07, 0xE0,
  0x00, 0x00, 0x07, 0xE0, 0x00, 0x00, 0x07, 0xE0, 0x00, 0x00, 0x03, 0xC0,
  0x00, 0xFF, 0xF0, 0x03, 0xC0, 0x0F, 0xFF, 0xFF, 0xF0, 0x03, 0xC0, 0x0F,
  0xFF, 0xFF, 0xE0, 0x03, 0xE0, 0x07, 0xFE, 0x0F, 0x00, 0x03, 0xE0, 0x00,
  0x70, 0x0F, 0x00, 0x07, 0xE0, 0x00, 0xF0, 0x07, 0x80, 0x07, 0xF0, 0x00,
  0xE0, 0x07, 0x80, 0x07, 0xF0, 0x00, 0xE0, 0x07, 0x80, 0x0F, 0xF0, 0x00,
  0xE0, 0x03, 0x80, 0x0E, 0x70, 0x01, 0xE0, 0x03, 0xC0, 0x0E, 0x78, 0x01,
  0xC0, 0x03, 0xC0, 0x1E, 0x78, 0x01, 0xC0, 0x03, 0xC0, 0x1C, 0x38, 0x03,
  0xC0, 0x01, 0xC0, 0x1C, 0x3C, 0x03, 0x80, 0x01, 0xE0, 0x1C, 0x3C, 0x03,
  0x80, 0x01, 0xE0, 0x38, 0x3C, 0x03, 0x80, 0x01, 0xE0, 0x38, 0x1C, 0x07,
  0x80, 0x00, 0xE0, 0x38, 0x1E, 0x07, 0x00, 0x00, 0xF0, 0x78, 0x1E, 0x07,
  0x00, 0x00, 0xF0, 0x70, 0x0E, 0x07, 0x00, 0x00, 0xF0, 0x70, 0x0F, 0x0E,
  0x00, 0x00, 0x70, 0xF0, 0x0F, 0x0E, 0x00, 0x00, 0x78, 0xE0, 0x07, 0x0E,
  0x00, 0x00, 0x78, 0xE0, 0x07, 0x1E, 0x00, 0x00, 0x78, 0xE0, 0x07, 0x9C,
  0x00, 0x00, 0x39, 0xC0, 0x07, 0x9C, 0x00, 0x00, 0x3D, 0xC0, 0x03, 0x9C,
  0x00, 0x00, 0x3D, 0xC0, 0x03, 0xF8, 0x00, 0x00, 0x1F, 0x80, 0x03, 0xF8,
  0x00, 0x00, 0x1F, 0x80, 0x01, 0xF8, 0x00, 0x00, 0x1F, 0x80, 0x01, 0xF8,
  0x00, 0x00, 0x1F, 0x80, 0x01, 0xF0, 0x00, 0x00, 0x0F, 0x00, 0x01, 0xF0,
  0x00, 0x00, 0x0F, 0x00, 0x00, 0xF0, 0x00, 0x7F, 0xF8, 0x1F, 0xFC, 0xFF,
  0xF0, 0x3F, 0xF9, 0xFF, 0x80, 0x7F, 0xE0, 0x3C, 0x00, 0x0E, 0x00, 0x7C,
  0x00, 0x3C, 0x00, 0x78, 0x00, 0xF0, 0x00, 0x78, 0x01, 0xC0, 0x00, 0xF8,
  0x07, 0x00, 0x00, 0xF0, 0x1E, 0x00, 0x00, 0xF0, 0x38, 0x00, 0x01, 0xF0,
  0xE0, 0x00, 0x01, 0xE3, 0xC0, 0x00, 0x01, 0xE7, 0x00, 0x00, 0x03, 0xFC,
  0x00, 0x00, 0x03, 0xF8, 0x00, 0x00, 0x03, 0xE0, 0x00, 0x00, 0x07, 0xC0,
  0x00, 0x00, 0x1F, 0xC0, 0x00, 0x00, 0x3F, 0x80, 0x00, 0x00, 0xE7, 0x80,
  0x00, 0x03, 0xCF, 0x80, 0x00, 0x07, 0x0F, 0x00, 0x00, 0x1C, 0x0F, 0x00,
  0x00, 0x78, 0x1F, 0x00, 0x00, 0xE0, 0x1E, 0x00, 0x03, 0x80, 0x1E, 0x00,
  0x0F, 0x00, 0x3E, 0x00, 0x1C, 0x00, 0x3C, 0x00, 0x70, 0x00, 0x3C, 0x01,
  0xE0, 0x00, 0x7C, 0x0F, 0xE0, 0x01, 0xFE, 0x7F, 0xF0, 0x0F, 0xFF, 0xFF,
  0xE0, 0x1F, 0xFE, 0xFF, 0xF0, 0x3F, 0xFF, 0xFF, 0xC0, 0xFF, 0xFF, 0xFE,
  0x01, 0xFF, 0x83, 0xC0, 0x00, 0x70, 0x07, 0x80, 0x03, 0xC0, 0x1E, 0x00,
  0x0E, 0x00, 0x3C, 0x00, 0x70, 0x00, 0xF0, 0x01, 0xC0, 0x01, 0xE0, 0x0E,
  0x00, 0x07, 0x80, 0x38, 0x00, 0x0F, 0x01, 0xC0, 0x00, 0x3C, 0x07, 0x00,
  0x00, 0x78, 0x38, 0x00, 0x01, 0xE0, 0xE0, 0x00, 0x03, 0xC7, 0x00, 0x00,
  0x0F, 0x1C, 0x00, 0x00, 0x1E, 0xE0, 0x00, 0x00, 0x7B, 0x80, 0x00, 0x00,
  0xFC, 0x00, 0x00, 0x03, 0xF0, 0x00, 0x00, 0x07, 0x80, 0x00, 0x00, 0x1E,
  0x00, 0x00, 0x00, 0x78, 0x00, 0x00, 0x01, 0xE0, 0x00, 0x00, 0x07, 0x80,
  0x00, 0x00, 0x1E, 0x00, 0x00, 0x00, 0x78, 0x00, 0x00, 0x01, 0xE0, 0x00,
  0x00, 0x07, 0x80, 0x00, 0x00, 0x1E, 0x00, 0x00, 0x01, 0xFE, 0x00, 0x00,
  0x1F, 0xFE, 0x00, 0x00, 0x7F, 0xF8, 0x00, 0x7F, 0xFF, 0xFF, 0x3F, 0xFF,
  0xFF, 0x9F, 0xFF, 0xFF, 0xCE, 0x00, 0x03, 0xE7, 0x00, 0x01, 0xE3, 0x80,
  0x01, 0xE1, 0xC0, 0x01, 0xF0, 0xE0, 0x00, 0xF0, 0x00, 0x00, 0xF0, 0x00,
  0x00, 0xF0, 0x00, 0x00, 0xF8, 0x00, 0x00, 0x78, 0x00, 0x00, 0x78, 0x00,
  0x00, 0x7C, 0x00, 0x00, 0x7C, 0x00, 0x00, 0x3C, 0x00, 0x00, 0x3E, 0x00,
  0x00, 0x3E, 0x00, 0x00, 0x1E, 0x00, 0x00, 0x1E, 0x00, 0x00, 0x1F, 0x00,
  0x00, 0x1F, 0x00, 0x00, 0x0F, 0x00, 0x00, 0x0F, 0x80, 0x00, 0x0F, 0x80,
  0x00, 0x07, 0x80, 0x01, 0xC7, 0x80, 0x00, 0xE7, 0xC0, 0x00, 0x77, 0xC0,
  0x00, 0x3B, 0xC0, 0x00, 0x3B, 0xFF, 0xFF, 0xFD, 0xFF, 0xFF, 0xFE, 0xFF,
  0xFF, 0xFF, 0x00, 0xFF, 0xFF, 0xFF, 0xFF, 0xF8, 0x0F, 0x01, 0xE0, 0x3C,
  0x07, 0x80, 0xF0, 0x1E, 0x03, 0xC0, 0x78, 0x0F, 0x01, 0xE0, 0x3C, 0x07,
  0x80, 0xF0, 0x1E, 0x03, 0xC0, 0x78, 0x0F, 0x01, 0xE0, 0x3C, 0x07, 0x80,
  0xF0, 0x1E, 0x03, 0xC0, 0x78, 0x0F, 0x01, 0xE0, 0x3C, 0x07, 0x80, 0xF0,
  0x1E, 0x03, 0xC0, 0x78, 0x0F, 0x01, 0xE0, 0x3C, 0x07, 0x80, 0xF0, 0x1E,
  0x03, 0xFF, 0xFF, 0xFF, 0xFE, 0xE0, 0x01, 0xC0, 0x01, 0xC0, 0x03, 0x80,
  0x07, 0x00, 0x06, 0x00, 0x0E, 0x00, 0x1C, 0x00, 0x18, 0x00, 0x38, 0x00,
  0x70, 0x00, 0xE0, 0x00, 0xE0, 0x01, 0xC0, 0x03, 0x80, 0x03, 0x00, 0x07,
  0x00, 0x0E, 0x00, 0x1C, 0x00, 0x1C, 0x00, 0x38, 0x00, 0x70, 0x00, 0x60,
  0x00, 0xE0, 0x01, 0xC0, 0x03, 0x80, 0x03, 0x80, 0x07, 0x00, 0x0E, 0x00,
  0x0C, 0x00, 0x1C, 0x00, 0x38, 0x00, 0x70, 0x00, 0x70, 0x00, 0xE0, 0x01,
  0xC0, 0x01, 0x80, 0x03, 0x80, 0x07, 0x00, 0x0E, 0x00, 0x0E, 0x00, 0x1C,
  0xFF, 0xFF, 0xFF, 0xFC, 0x07, 0x01, 0xC0, 0x70, 0x1C, 0x07, 0x01, 0xC0,
  0x70, 0x1C, 0x07, 0x01, 0xC0, 0x70, 0x1C, 0x07, 0x01, 0xC0, 0x70, 0x1C,
  0x07, 0x01, 0xC0, 0x70, 0x1C, 0x07, 0x01, 0xC0, 0x70, 0x1C, 0x07, 0x01,
  0xC0, 0x70, 0x1C, 0x07, 0x01, 0xC0, 0x70, 0x1C, 0x07, 0x01, 0xC0, 0x70,
  0x1C, 0x07, 0x01, 0xC0, 0x7F, 0xFF, 0xFF, 0xFF, 0xC0, 0x00, 0xE0, 0x00,
  0x0F, 0x00, 0x01, 0xF0, 0x00, 0x1F, 0x80, 0x03, 0xB8, 0x00, 0x39, 0xC0,
  0x07, 0x1E, 0x00, 0x70, 0xE0, 0x0E, 0x0F, 0x01, 0xE0, 0x70, 0x1C, 0x07,
  0x83, 0xC0, 0x38, 0x38, 0x03, 0xC7, 0x80, 0x1C, 0x70, 0x00, 0xEE, 0x00,
  0x0F, 0xFF, 0xFF, 0xFF, 0xFF, 0xFF, 0xFF, 0xFF, 0xFF, 0xF8, 0x20, 0x1C,
  0x0F, 0x81, 0xF0, 0x3E, 0x03, 0xE0, 0x7C, 0x07, 0x00, 0x80, 0x07, 0xFE,
  0x00, 0x7F, 0xFF, 0x00, 0xFF, 0xFF, 0x01, 0xC0, 0x1F, 0x03, 0x80, 0x1E,
  0x07, 0x00, 0x3C, 0x0E, 0x00, 0x78, 0x00, 0x00, 0xF0, 0x00, 0x01, 0xE0,
  0x00, 0x03, 0xC0, 0x00, 0x07, 0x80, 0x03, 0xFF, 0x00, 0xFF, 0xFE, 0x07,
  0xFF, 0xFC, 0x1F, 0x00, 0x78, 0x3C, 0x00, 0xF0, 0x70, 0x01, 0xE1, 0xE0,
  0x03, 0xC3, 0xC0, 0x07, 0x87, 0x80, 0x0F, 0x07, 0x80, 0x7E, 0x0F, 0x01,
  0xDC, 0x1F, 0xDF, 0x3E, 0x1F, 0xFC, 0x7F, 0x1F, 0xE0, 0xFE, 0xFF, 0x00,
  0x00, 0x7F, 0x80, 0x00, 0x0F, 0xC0, 0x00, 0x01, 0xE0, 0x00, 0x00, 0xF0,
  0x00, 0x00, 0x78, 0x00, 0x00, 0x3C, 0x00, 0x00, 0x1E, 0x00, 0x00, 0x0F,
  0x00, 0x00, 0x07, 0x80, 0x00, 0x03, 0xC0, 0x00, 0x01, 0xE1, 0xFC, 0x00,
  0xF3, 0xFF, 0x80, 0x7B, 0xFF, 0xE0, 0x3F, 0x81, 0xF8, 0x1F, 0x00, 0x3C,
  0x0F, 0x00, 0x1F, 0x07, 0x80, 0x07, 0x83, 0xC0, 0x03, 0xC1, 0xE0, 0x00,
  0xF0, 0xF0, 0x00, 0x78, 0x78, 0x00, 0x3C, 0x3C, 0x00, 0x1E, 0x1E, 0x00,
  0x0F, 0x0F, 0x00, 0x07, 0x87, 0x80, 0x03, 0xC3, 0xC0, 0x01, 0xE1, 0xE0,
  0x00, 0xF0, 0xF0, 0x00, 0xF0, 0x78, 0x00, 0x78, 0x3C, 0x00, 0x78, 0x1E,
  0x00, 0x7C, 0x0F, 0x00, 0x7C, 0x07, 0xF1, 0xFC, 0x03, 0xFF, 0xFC, 0x01,
  0xFF, 0xF8, 0x00, 0x00, 0xFF, 0x80, 0x3F, 0xFE, 0x0F, 0xFF, 0xF1, 0xF0,
  0x0F, 0x3E, 0x00, 0x73, 0xC0, 0x07, 0x78, 0x00, 0x77, 0x80, 0x07, 0x78,
  0x00, 0x0F, 0x00, 0x00, 0xF0, 0x00, 0x0F, 0x00, 0x00, 0xF0, 0x00, 0x0F,
  0x00, 0x00, 0xF0, 0x00, 0x0F, 0x00, 0x00, 0xF8, 0x00, 0x07, 0x80, 0x00,
  0x78, 0x00, 0x07, 0xC0, 0x00, 0x3E, 0x00, 0x31, 0xF0, 0x0F, 0x1F, 0xFF,
  0xE0, 0x7F, 0xFC, 0x03, 0xFF, 0x00, 0x00, 0x07, 0xF8, 0x00, 0x03, 0xFC,
  0x00, 0x00, 0x7E, 0x00, 0x00, 0x0F, 0x00, 0x00, 0x07, 0x80, 0x00, 0x03,
  0xC0, 0x00, 0x01, 0xE0, 0x00, 0x00, 0xF0, 0x00, 0x00, 0x78, 0x00, 0x00,
  0x3C, 0x00, 0x00, 0x1E, 0x00, 0x1F, 0xFF, 0x00, 0x3F, 0xFF, 0x80, 0x7F,
  0xFF, 0xC0, 0x7C, 0x01, 0xE0, 0x7C, 0x00, 0xF0, 0x3C, 0x00, 0x78, 0x3C,
  0x00, 0x3C, 0x1E, 0x00, 0x1E, 0x0F, 0x00, 0x0F, 0x0F, 0x00, 0x07, 0x87,
  0x80, 0x03, 0xC3, 0xC0, 0x01, 0xE1, 0xE0, 0x00, 0xF0, 0xF0, 0x00, 0x78,
  0x78, 0x00, 0x3C, 0x3C, 0x00, 0x1E, 0x0F, 0x00, 0x0F, 0x07, 0x80, 0x07,
  0x83, 0xC0, 0x03, 0xC1, 0xF0, 0x01, 0xE0, 0x78, 0x01, 0xF0, 0x3F, 0x01,
  0xF8, 0x0F, 0xEF, 0xDF, 0x03, 0xFF, 0x8F, 0xE0, 0x7F, 0x87, 0xF0, 0x01,
  0xFF, 0x00, 0x3F, 0xFE, 0x03, 0xFF, 0xF8, 0x3E, 0x03, 0xE3, 0xE0, 0x0F,
  0x1E, 0x00, 0x3D, 0xE0, 0x01, 0xEF, 0x00, 0x0F, 0x78, 0x00, 0x7B, 0x80,
  0x03, 0xFF, 0xFF, 0xFF, 0xFF, 0xFF, 0xFF, 0xFF, 0xFF, 0xF8, 0x00, 0x03,
  0xC0, 0x00, 0x1E, 0x00, 0x00, 0x78, 0x00, 0x03, 0xC0, 0x00, 0x1E, 0x00,
  0x00, 0xF8, 0x00, 0x03, 0xE0, 0x01, 0x0F, 0x80, 0x3C, 0x7F, 0xFF, 0xC0,
  0xFF, 0xF8, 0x03, 0xFF, 0x00, 0x00, 0x18, 0x00, 0xFF, 0xC0, 0xFF, 0xE0,
  0xFC, 0x60, 0xF8, 0x00, 0x78, 0x00, 0x3C, 0x00, 0x1C, 0x00, 0x1E, 0x00,
  0x0F, 0x00, 0x07, 0x80, 0x03, 0xC0, 0x01, 0xFF, 0xC7, 0xFF, 0xE3, 0xFF,
  0xF0, 0x3C, 0x00, 0x1E, 0x00, 0x0F, 0x00, 0x07, 0x80, 0x03, 0xC0, 0x01,
  0xE0, 0x00, 0xF0, 0x00, 0x78, 0x00, 0x3C, 0x00, 0x1E, 0x00, 0x0F, 0x00,
  0x07, 0x80, 0x03, 0xC0, 0x01, 0xE0, 0x00, 0xF0, 0x00, 0x78, 0x00, 0x3C,
  0x00, 0x1E, 0x00, 0x0F, 0x00, 0x0F, 0xE0, 0x1F, 0xFE, 0x0F, 0xFF, 0x00,
  0x01, 0xFF, 0x0E, 0x07, 0xFF, 0xFF, 0x0F, 0xEF, 0xFF, 0x1E, 0x00, 0xF0,
  0x3C, 0x00, 0x78, 0x3C, 0x00, 0x78, 0x3C, 0x00, 0x38, 0x38, 0x00, 0x38,
  0x78, 0x00, 0x3C, 0x38, 0x00, 0x38, 0x38, 0x00, 0x78, 0x3C, 0x00, 0x78,
  0x3C, 0x00, 0xF8, 0x1E, 0x01, 0xF0, 0x0F, 0xEF, 0xE0, 0x07, 0xFF, 0xC0,
  0x07, 0xFF, 0x00, 0x06, 0x00, 0x00, 0x0E, 0x00, 0x00, 0x0E, 0x00, 0x00,
  0x1C, 0x00, 0x00, 0x1C, 0x00, 0x00, 0x1F, 0xFF, 0xF0, 0x0F, 0xFF, 0xFC,
  0x0E, 0x03, 0xFE, 0x1C, 0x00, 0x3E, 0x38, 0x00, 0x0F, 0x70, 0x00, 0x0F,
  0x70, 0x00, 0x0F, 0xF0, 0x00, 0x0F, 0xF0, 0x00, 0x0E, 0x78, 0x00, 0x1E,
  0x7C, 0x00, 0x7C, 0x3F, 0xFF, 0xFC, 0x1F, 0xFF, 0xF0, 0x07, 0xFF, 0xC0,
  0xFF, 0x00, 0x00, 0x1F, 0xE0, 0x00, 0x00, 0xFC, 0x00, 0x00, 0x07, 0x80,
  0x00, 0x00, 0xF0, 0x00, 0x00, 0x1E, 0x00, 0x00, 0x03, 0xC0, 0x00, 0x00,
  0x78, 0x00, 0x00, 0x0F, 0x00, 0x00, 0x01, 0xE0, 0x00, 0x00, 0x3C, 0x00,
  0x00, 0x07, 0x83, 0xF8, 0x00, 0xF1, 0xFF, 0xC0, 0x1E, 0xFF, 0xF8, 0x03,
  0xFC, 0x0F, 0x80, 0x7E, 0x00, 0xF0, 0x0F, 0x80, 0x0F, 0x01, 0xE0, 0x01,
  0xE0, 0x3C, 0x00, 0x3C, 0x07, 0x80, 0x07, 0x80, 0xF0, 0x00, 0xF0, 0x1E,
  0x00, 0x1E, 0x03, 0xC0, 0x03, 0xC0, 0x78, 0x00, 0x78, 0x0F, 0x00, 0x0F,
  0x01, 0xE0, 0x01, 0xE0, 0x3C, 0x00, 0x3C, 0x07, 0x80, 0x07, 0x80, 0xF0,
  0x00, 0xF0, 0x1E, 0x00, 0x1E, 0x03, 0xC0, 0x03, 0xC0, 0x78, 0x00, 0x78,
  0x0F, 0x00, 0x0F, 0x07, 0xF0, 0x03, 0xF3, 0xFF, 0x83, 0xFF, 0xFF, 0xF0,
  0x7F, 0xF0, 0x1E, 0x03, 0xE0, 0x7C, 0x0F, 0x00, 0xE0, 0x00, 0x00, 0x00,
  0x00, 0x00, 0x00, 0x03, 0xF8, 0x7F, 0x0F, 0xE0, 0x3C, 0x07, 0x80, 0xF0,
  0x1E, 0x03, 0xC0, 0x78, 0x0F, 0x01, 0xE0, 0x3C, 0x07, 0x80, 0xF0, 0x1E,
  0x03, 0xC0, 0x78, 0x0F, 0x01, 0xE0, 0x3C, 0x07, 0x80, 0xF0, 0x3F, 0x9F,
  0xFF, 0xFF, 0x80, 0x03, 0xC0, 0x7C, 0x0F, 0x81, 0xF0, 0x1C, 0x00, 0x00,
  0x00, 0x00, 0x00, 0x00, 0x00, 0x7F, 0x8F, 0xF0, 0xFE, 0x03, 0xC0, 0x78,
  0x0F, 0x01, 0xE0, 0x3C, 0x07, 0x80, 0xF0, 0x1E, 0x03, 0xC0, 0x78, 0x0F,
  0x01, 0xE0, 0x3C, 0x07, 0x80, 0xF0, 0x1E, 0x03, 0xC0, 0x78, 0x0F, 0x01,
  0xE0, 0x3C, 0x07, 0x80, 0xF0, 0x1E, 0x03, 0xC0, 0x70, 0x0E, 0x03, 0xC0,
  0x78, 0x1E, 0x7F, 0xCF, 0xF1, 0xF8, 0x00, 0xFF, 0x00, 0x00, 0x7F, 0x80,
  0x00, 0x0F, 0xC0, 0x00, 0x01, 0xE0, 0x00, 0x00, 0xF0, 0x00, 0x00, 0x78,
  0x00, 0x00, 0x3C, 0x00, 0x00, 0x1E, 0x00, 0x00, 0x0F, 0x00, 0x00, 0x07,
  0x80, 0x00, 0x03, 0xC0, 0x00, 0x01, 0xE0, 0x7F, 0xE0, 0xF0, 0x3F, 0xF0,
  0x78, 0x0F, 0xE0, 0x3C, 0x01, 0xC0, 0x1E, 0x01, 0xE0, 0x0F, 0x01, 0xE0,
  0x07, 0x80, 0xE0, 0x03, 0xC0, 0xF0, 0x01, 0xE0, 0x70, 0x00, 0xF0, 0x78,
  0x00, 0x7F, 0xF8, 0x00, 0x3F, 0xFC, 0x00, 0x1F, 0xFF, 0x00, 0x0F, 0x07,
  0x80, 0x07, 0x81, 0xE0, 0x03, 0xC0, 0xF0, 0x01, 0xE0, 0x3C, 0x00, 0xF0,
  0x1E, 0x00, 0x78, 0x07, 0x80, 0x3C, 0x01, 0xC0, 0x1E, 0x00, 0xF0, 0x0F,
  0x00, 0x3C, 0x1F, 0xC0, 0x1F, 0x3F, 0xF8, 0x07, 0xFF, 0xFC, 0x03, 0xF0,
  0xFF, 0x1F, 0xE0, 0xFC, 0x07, 0x80, 0xF0, 0x1E, 0x03, 0xC0, 0x78, 0x0F,
  0x01, 0xE0, 0x3C, 0x07, 0x80, 0xF0, 0x1E, 0x03, 0xC0, 0x78, 0x0F, 0x01,
  0xE0, 0x3C, 0x07, 0x80, 0xF0, 0x1E, 0x03, 0xC0, 0x78, 0x0F, 0x01, 0xE0,
  0x3C, 0x07, 0x80, 0xF0, 0x1E, 0x03, 0xC0, 0x78, 0x0F, 0x07, 0xF3, 0xFF,
  0xFF, 0xF0, 0xFC, 0x0F, 0xE0, 0x0F, 0xE0, 0x3F, 0x8F, 0xFE, 0x0F, 0xFC,
  0x0F, 0xE7, 0xFF, 0x8F, 0xFF, 0x80, 0x7F, 0x81, 0xF7, 0x81, 0xF0, 0x1F,
  0x80, 0x3F, 0x80, 0x3C, 0x07, 0xC0, 0x07, 0xC0, 0x0F, 0x01, 0xE0, 0x01,
  0xE0, 0x03, 0xC0, 0x78, 0x00, 0x78, 0x00, 0x70, 0x1E, 0x00, 0x1E, 0x00,
  0x1C, 0x07, 0x80, 0x07, 0x80, 0x07, 0x01, 0xE0, 0x01, 0xE0, 0x01, 0xC0,
  0x78, 0x00, 0x78, 0x00, 0x70, 0x1E, 0x00, 0x1E, 0x00, 0x1C, 0x07, 0x80,
  0x07, 0x80, 0x07, 0x01, 0xE0, 0x01, 0xE0, 0x01, 0xC0, 0x78, 0x00, 0x78,
  0x00, 0x70, 0x1E, 0x00, 0x1E, 0x00, 0x1C, 0x07, 0x80, 0x07, 0x80, 0x07,
  0x01, 0xE0, 0x01, 0xE0, 0x01, 0xC0, 0x78, 0x00, 0x78, 0x00, 0x70, 0x1E,
  0x00, 0x1E, 0x00, 0x1C, 0x07, 0x80, 0x07, 0x80, 0x07, 0x03, 0xF0, 0x03,
  0xF0, 0x07, 0xF3, 0xFF, 0x83, 0xFF, 0x07, 0xFF, 0xFF, 0xE0, 0xFF, 0xC1,
  0xFF, 0xC0, 0xFC, 0x0F, 0xF0, 0x1F, 0xC7, 0xFF, 0x03, 0xF9, 0xFF, 0xF0,
  0x0F, 0xF0, 0x3F, 0x01, 0xF8, 0x01, 0xE0, 0x3E, 0x00, 0x3C, 0x07, 0x80,
  0x07, 0x80, 0xF0, 0x00, 0xF0, 0x1E, 0x00, 0x0E, 0x03, 0xC0, 0x01, 0xC0,
  0x78, 0x00, 0x38, 0x0F, 0x00, 0x07, 0x01, 0xE0, 0x00, 0xE0, 0x3C, 0x00,
  0x1C, 0x07, 0x80, 0x03, 0x80, 0xF0, 0x00, 0x70, 0x1E, 0x00, 0x0E, 0x03,
  0xC0, 0x01, 0xC0, 0x78, 0x00, 0x38, 0x0F, 0x00, 0x07, 0x01, 0xE0, 0x00,
  0xE0, 0x3C, 0x00, 0x1C, 0x0F, 0xE0, 0x0F, 0xE7, 0xFF, 0x07, 0xFF, 0xFF,
  0xE0, 0xFF, 0xE0, 0x01, 0xFF, 0x00, 0x0F, 0xFF, 0x80, 0x3F, 0xFF, 0x80,
  0xF8, 0x0F, 0x83, 0xE0, 0x07, 0x87, 0x80, 0x0F, 0x9E, 0x00, 0x0F, 0x3C,
  0x00, 0x1E, 0x78, 0x00, 0x1F, 0xE0, 0x00, 0x3F, 0xC0, 0x00, 0x7F, 0x80,
  0x00, 0xFF, 0x00, 0x01, 0xFE, 0x00, 0x03, 0xFC, 0x00, 0x07, 0xF8, 0x00,
  0x0F, 0xF0, 0x00, 0x3C, 0xF0, 0x00, 0x79, 0xE0, 0x00, 0xF3, 0xE0, 0x03,
  0xC3, 0xC0, 0x0F, 0x87, 0xC0, 0x3E, 0x07, 0xF3, 0xF8, 0x07, 0xFF, 0xE0,
  0x03, 0xFF, 0x00, 0xFE, 0x0F, 0xE0, 0x7F, 0x1F, 0xFC, 0x1F, 0xBF, 0xFF,
  0x01, 0xFC, 0x0F, 0x80, 0xF8, 0x03, 0xE0, 0x78, 0x00, 0xF8, 0x3C, 0x00,
  0x3C, 0x1E, 0x00, 0x1E, 0x0F, 0x00, 0x0F, 0x07, 0x80, 0x03, 0xC3, 0xC0,
  0x01, 0xE1, 0xE0, 0x00, 0xF0, 0xF0, 0x00, 0x78, 0x78, 0x00, 0x3C, 0x3C,
  0x00, 0x1E, 0x1E, 0x00, 0x0E, 0x0F, 0x00, 0x0F, 0x07, 0x80, 0x07, 0x83,
  0xC0, 0x03, 0xC1, 0xE0, 0x03, 0xC0, 0xF0, 0x03, 0xE0, 0x78, 0x03, 0xE0,
  0x3F, 0x8F, 0xE0, 0x1F, 0xFF, 0xE0, 0x0F, 0xFF, 0xC0, 0x07, 0x80, 0x00,
  0x03, 0xC0, 0x00, 0x01, 0xE0, 0x00, 0x00, 0xF0, 0x00, 0x00, 0x78, 0x00,
  0x00, 0x3C, 0x00, 0x00, 0x1E, 0x00, 0x00, 0x0F, 0x00, 0x00, 0x3F, 0xF0,
  0x00, 0x3F, 0xFC, 0x00, 0x1F, 0xFE, 0x00, 0x00, 0x00, 0xFF, 0xE0, 0x01,
  0xFF, 0xFC, 0x03, 0xFF, 0xFE, 0x03, 0xE0, 0x0F, 0x03, 0xE0, 0x07, 0x81,
  0xE0, 0x03, 0xC1, 0xE0, 0x01, 0xE0, 0xF0, 0x00, 0xF0, 0x78, 0x00, 0x78,
  0x78, 0x00, 0x3C, 0x3C, 0x00, 0x1E, 0x1E, 0x00, 0x0F, 0x0F, 0x00, 0x07,
  0x87, 0x80, 0x03, 0xC3, 0xC0, 0x01, 0xE1, 0xE0, 0x00, 0xF0, 0x78, 0x00,
  0x78, 0x3C, 0x00, 0x3C, 0x1E, 0x00, 0x1E, 0x0F, 0x80, 0x0F, 0x03, 0xC0,
  0x0F, 0x81, 0xF8, 0x0F, 0xC0, 0x7F, 0x3F, 0xE0, 0x1F, 0xFE, 0xF0, 0x03,
  0xFC, 0x78, 0x00, 0x00, 0x3C, 0x00, 0x00, 0x1E, 0x00, 0x00, 0x0F, 0x00,
  0x00, 0x07, 0x80, 0x00, 0x03, 0xC0, 0x00, 0x01, 0xE0, 0x00, 0x00, 0xF0,
  0x00, 0x00, 0x78, 0x00, 0x01, 0xFF, 0x80, 0x01, 0xFF, 0xE0, 0x00, 0xFF,
  0xF0, 0xFC, 0x1F, 0xFF, 0x8F, 0xF7, 0xEF, 0xFC, 0x7F, 0x87, 0x1F, 0x81,
  0xC7, 0xC0, 0x71, 0xE0, 0x1C, 0x78, 0x00, 0x1E, 0x00, 0x07, 0x80, 0x01,
  0xE0, 0x00, 0x78, 0x00, 0x1E, 0x00, 0x07, 0x80, 0x01, 0xE0, 0x00, 0x78,
  0x00, 0x1E, 0x00, 0x07, 0x80, 0x01, 0xE0, 0x00, 0x78, 0x00, 0x1E, 0x00,
  0x07, 0x80, 0x03, 0xF8, 0x03, 0xFF, 0xC0, 0xFF, 0xF0, 0x00, 0x0F, 0xFC,
  0x1F, 0xFF, 0x9F, 0xCF, 0xCF, 0x00, 0xEF, 0x00, 0x77, 0x80, 0x3B, 0xC0,
  0x01, 0xE0, 0x00, 0xF0, 0x00, 0x7E, 0x00, 0x1F, 0xE0, 0x07, 0xFE, 0x00,
  0xFF, 0xC0, 0x0F, 0xF0, 0x00, 0xFC, 0x00, 0x1F, 0x00, 0x07, 0x80, 0x03,
  0xF0, 0x01, 0xF8, 0x00, 0xFE, 0x00, 0x7F, 0x00, 0x7B, 0xC1, 0xF9, 0xFF,
  0xF8, 0xFF, 0xF0, 0x00, 0x0F, 0x00, 0x1E, 0x00, 0x3C, 0x00, 0x78, 0x00,
  0xF0, 0x01, 0xE0, 0x1F, 0xFF, 0x7F, 0xFE, 0xFF, 0xFC, 0x1E, 0x00, 0x3C,
  0x00, 0x78, 0x00, 0xF0, 0x01, 0xE0, 0x03, 0xC0, 0x07, 0x80, 0x0F, 0x00,
  0x1E, 0x00, 0x3C, 0x00, 0x78, 0x00, 0xF0, 0x01, 0xE0, 0x03, 0xC0, 0x07,
  0x80, 0x0F, 0x00, 0x1E, 0x00, 0x3C, 0x00, 0x78, 0x10, 0xFD, 0xE0, 0xFF,
  0xC0, 0xFE, 0x00, 0xFE, 0x00, 0xFE, 0x1F, 0xC0, 0x1F, 0xC3, 0xF8, 0x01,
  0xF8, 0x0F, 0x00, 0x07, 0x01, 0xE0, 0x00, 0xE0, 0x3C, 0x00, 0x1C, 0x07,
  0x80, 0x03, 0x80, 0xF0, 0x00, 0x70, 0x1E, 0x00, 0x0E, 0x03, 0xC0, 0x01,
  0xC0, 0x78, 0x00, 0x38, 0x0F, 0x00, 0x07, 0x01, 0xE0, 0x00, 0xE0, 0x3C,
  0x00, 0x1C, 0x07, 0x80, 0x03, 0x80, 0xF0, 0x00, 0x70, 0x1E, 0x00, 0x0E,
  0x03, 0xC0, 0x01, 0xC0, 0x78, 0x00, 0x38, 0x07, 0x80, 0x0F, 0x00, 0xF0,
  0x03, 0xE0, 0x1F, 0x01, 0xFC, 0x01, 0xFF, 0xF3, 0xE0, 0x3F, 0xFC, 0x7F,
  0x01, 0xFE, 0x0F, 0xE0, 0xFF, 0xC1, 0xFF, 0xFF, 0xE0, 0xFF, 0xFF, 0xC0,
  0x3F, 0x83, 0xC0, 0x03, 0x81, 0xE0, 0x03, 0xC0, 0xF0, 0x01, 0xC0, 0x3C,
  0x00, 0xE0, 0x1E, 0x00, 0xF0, 0x0F, 0x00, 0x70, 0x03, 0x80, 0x38, 0x01,
  0xE0, 0x38, 0x00, 0xF0, 0x1C, 0x00, 0x38, 0x0E, 0x00, 0x1E, 0x0E, 0x00,
  0x0F, 0x07, 0x00, 0x03, 0x83, 0x80, 0x01, 0xE3, 0x80, 0x00, 0xF1, 0xC0,
  0x00, 0x38, 0xE0, 0x00, 0x1E, 0xE0, 0x00, 0x0F, 0x70, 0x00, 0x03, 0xB8,
  0x00, 0x01, 0xF8, 0x00, 0x00, 0xFC, 0x00, 0x00, 0x3C, 0x00, 0x00, 0xFF,
  0xC0, 0x78, 0x0F, 0xFF, 0xFF, 0x01, 0xE0, 0x3F, 0xF7, 0xE0, 0x0F, 0xC0,
  0x7F, 0x07, 0x00, 0x3F, 0x00, 0x38, 0x1E, 0x00, 0xFC, 0x01, 0xE0, 0x78,
  0x07, 0x78, 0x07, 0x00, 0xE0, 0x1D, 0xE0, 0x1C, 0x03, 0x80, 0x73, 0x80,
  0x70, 0x0F, 0x01, 0xCE, 0x03, 0x80, 0x3C, 0x0E, 0x3C, 0x0E, 0x00, 0x70,
  0x38, 0x70, 0x38, 0x01, 0xC0, 0xE1, 0xC0, 0xE0, 0x07, 0x83, 0x07, 0x07,
  0x00, 0x1E, 0x1C, 0x1E, 0x1C, 0x00, 0x38, 0x70, 0x38, 0x70, 0x00, 0xE1,
  0xC0, 0xE3, 0x80, 0x03, 0xCE, 0x03, 0x8E, 0x00, 0x07, 0x38, 0x0F, 0x38,
  0x00, 0x1C, 0xE0, 0x1C, 0xE0, 0x00, 0x73, 0x00, 0x77, 0x00, 0x01, 0xFC,
  0x01, 0xDC, 0x00, 0x03, 0xF0, 0x03, 0xF0, 0x00, 0x0F, 0xC0, 0x0F, 0x80,
  0x00, 0x3E, 0x00, 0x3E, 0x00, 0x00, 0xF8, 0x00, 0xF8, 0x00, 0x7F, 0xE0,
  0x1F, 0xBF, 0xF0, 0x0F, 0xCF, 0xE0, 0x0F, 0x80, 0xF0, 0x0F, 0x00, 0x78,
  0x07, 0x00, 0x1E, 0x07, 0x80, 0x07, 0x87, 0x80, 0x03, 0xC3, 0x80, 0x00,
  0xF3, 0xC0, 0x00, 0x3F, 0xC0, 0x00, 0x1F, 0xC0, 0x00, 0x07, 0xC0, 0x00,
  0x01, 0xE0, 0x00, 0x01, 0xF8, 0x00, 0x01, 0xFC, 0x00, 0x00, 0xEF, 0x00,
  0x00, 0xE3, 0xC0, 0x00, 0xF1, 0xE0, 0x00, 0x70, 0x78, 0x00, 0x70, 0x1E,
  0x00, 0x78, 0x0F, 0x00, 0x78, 0x03, 0xC0, 0x78, 0x00, 0xF9, 0xFC, 0x03,
  0xFF, 0xFC, 0x01, 0xFF, 0x80, 0xFF, 0xC1, 0xFF, 0xFF, 0xE0, 0xFF, 0xDF,
  0x80, 0x3F, 0x83, 0x80, 0x03, 0x81, 0xE0, 0x03, 0xC0, 0xF0, 0x01, 0xC0,
  0x3C, 0x00, 0xE0, 0x1E, 0x00, 0xF0, 0x07, 0x00, 0x70, 0x03, 0xC0, 0x38,
  0x01, 0xE0, 0x38, 0x00, 0x70, 0x1C, 0x00, 0x3C, 0x1E, 0x00, 0x1E, 0x0E,
  0x00, 0x07, 0x07, 0x00, 0x03, 0xC7, 0x80, 0x00, 0xE3, 0x80, 0x00, 0x71,
  0xC0, 0x00, 0x3D, 0xE0, 0x00, 0x0E, 0xE0, 0x00, 0x07, 0x70, 0x00, 0x01,
  0xF0, 0x00, 0x00, 0xF8, 0x00, 0x00, 0x7C, 0x00, 0x00, 0x1C, 0x00, 0x00,
  0x0E, 0x00, 0x00, 0x0F, 0x00, 0x00, 0x07, 0x00, 0x00, 0x07, 0x80, 0x00,
  0x03, 0x80, 0x00, 0x03, 0xC0, 0x00, 0x01, 0xC0, 0x00, 0x03, 0xE0, 0x00,
  0x3F, 0xE0, 0x00, 0x1F, 0xE0, 0x00, 0x0F, 0xC0, 0x00, 0x00, 0xFF, 0xFF,
  0xDF, 0xFF, 0xFB, 0xFF, 0xFF, 0x70, 0x03, 0xEE, 0x00, 0x79, 0xC0, 0x1E,
  0x00, 0x07, 0x80, 0x00, 0xF0, 0x00, 0x3C, 0x00, 0x0F, 0x00, 0x01, 0xE0,
  0x00, 0x78, 0x00, 0x1E, 0x00, 0x07, 0x80, 0x00, 0xF0, 0x00, 0x3C, 0x00,
  0x0F, 0x00, 0x01, 0xE0, 0x00, 0x78, 0x03, 0x9E, 0x00, 0x77, 0xC0, 0x0E,
  0xF0, 0x01, 0xFF, 0xFF, 0xFF, 0xFF, 0xFF, 0xFF, 0xFF, 0xE0, 0x01, 0xF8,
  0x1F, 0xC1, 0xFC, 0x1E, 0x00, 0xF0, 0x07, 0x00, 0x38, 0x01, 0xC0, 0x0E,
  0x00, 0x70, 0x03, 0x80, 0x1C, 0x00, 0xE0, 0x07, 0x00, 0x38, 0x01, 0xC0,
  0x0E, 0x00, 0x70, 0x03, 0x80, 0x3C, 0x03, 0xC0, 0x7C, 0x03, 0x80, 0x1F,
  0x80, 0x3C, 0x00, 0xF0, 0x03, 0x80, 0x1C, 0x00, 0xE0, 0x07, 0x00, 0x38,
  0x01, 0xC0, 0x0E, 0x00, 0x70, 0x03, 0x80, 0x1C, 0x00, 0xE0, 0x07, 0x00,
  0x38, 0x01, 0xC0, 0x0F, 0x00, 0x78, 0x01, 0xFE, 0x07, 0xF0, 0x0F, 0x80,
  0xFF, 0xFF, 0xFF, 0xFF, 0xFF, 0xFF, 0xFF, 0xFF, 0xFF, 0xFF, 0xFF, 0xFF,
  0xFF, 0xFF, 0xFF, 0xFF, 0x80, 0xFC, 0x07, 0xF0, 0x1F, 0xC0, 0x0F, 0x00,
  0x78, 0x01, 0xC0, 0x0E, 0x00, 0x70, 0x03, 0x80, 0x1C, 0x00, 0xE0, 0x07,
  0x00, 0x38, 0x01, 0xC0, 0x0E, 0x00, 0x70, 0x03, 0x80, 0x1C, 0x00, 0xE0,
  0x07, 0x80, 0x1E, 0x00, 0x7C, 0x01, 0xE0, 0x3F, 0x01, 0xE0, 0x1E, 0x00,
  0xE0, 0x07, 0x00, 0x38, 0x01, 0xC0, 0x0E, 0x00, 0x70, 0x03, 0x80, 0x1C,
  0x00, 0xE0, 0x07, 0x00, 0x38, 0x01, 0xC0, 0x0E, 0x00, 0x70, 0x07, 0x80,
  0x3C, 0x3F, 0xC1, 0xFC, 0x0F, 0x80, 0x00, 0x0F, 0x00, 0x00, 0x7F, 0xC0,
  0x09, 0xFF, 0xE0, 0x3B, 0x87, 0xF1, 0xEE, 0x01, 0xFF, 0x88, 0x00, 0xFE,
  0x00, 0x00, 0x20, 0x00, 0xFF, 0xFF, 0xFF, 0xFF, 0xFF, 0xFF, 0x80, 0x7F,
  0x00, 0xFF, 0xDF, 0xFF, 0xBF, 0xF8, 0x07, 0xFF, 0xFF, 0xE1, 0xFF, 0xC3,
  0xFF, 0xB7, 0xFF, 0x6F, 0xFE, 0x01, 0xFF, 0xFF, 0xF8, 0x07, 0xF0, 0x0F,
  0xFD, 0xFF, 0xFB, 0x3F, 0x86, 0x7F, 0xFC, 0xFE, 0x01, 0xFC, 0x03, 0xFF,
  0xFF, 0xF6, 0x0F, 0xED, 0x9F, 0xDF, 0x3F, 0xBE, 0x7F, 0x00, 0xFF, 0xFF,
  0xFF, 0xFF, 0xFF, 0xFF, 0xF0, 0x0F, 0xE0, 0x1F, 0xDF, 0x3F, 0xBE, 0x7F,
  0x00, 0xFF, 0xFF, 0xFC, 0x03, 0xF8, 0x07, 0xFE, 0x7F, 0xF3, 0xFF, 0xC0,
  0x3F, 0x80, 0x7F, 0xFF, 0xFF, 0xFF, 0xFF, 0xFF, 0x80, 0xFF, 0xFF, 0xFF,
  0xFF, 0xFF, 0xFF, 0x80, 0x7F, 0x00, 0xFF, 0xDF, 0xFF, 0xBF, 0xF8, 0x07,
  0xFF, 0xFF, 0xE1, 0xFF, 0xC3, 0xFF, 0xB7, 0xFF, 0x6F, 0xFE, 0x01, 0xFF,
  0xFF, 0xF8, 0x07, 0xF0, 0x0F, 0xFD, 0xFF, 0xFB, 0x3F, 0x86, 0x7F, 0xFC,
  0xFE, 0x01, 0xFC, 0x03, 0xFF, 0xFF, 0xF6, 0x0F, 0xED, 0x9F, 0xDF, 0x3F,
  0xBE, 0x7F, 0x00, 0xFF, 0xFF, 0xFF, 0xFF, 0xFF, 0xFF, 0xF0, 0x0F, 0xE0,
  0x1F, 0xDF, 0x3F, 0xBE, 0x7F, 0x00, 0xFF, 0xFF, 0xFC, 0x03, 0xF8, 0x07,
  0xFE, 0x7F, 0xF3, 0xFF, 0xC0, 0x3F, 0x80, 0x7F, 0xFF, 0xFF, 0xFF, 0xFF,
  0xFF, 0x80, 0xFF, 0xFF, 0xFF, 0xFF, 0xFF, 0xFF, 0x80, 0x7F, 0x00, 0xFF,
  0xDF, 0xFF, 0xBF, 0xF8, 0x07, 0xFF, 0xFF, 0xE1, 0xFF, 0xC3, 0xFF, 0xB7,
  0xFF, 0x6F, 0xFE, 0x01, 0xFF, 0xFF, 0xF8, 0x07, 0xF0, 0x0F, 0xFD, 0xFF,
  0xFB, 0x3F, 0x86, 0x7F, 0xFC, 0xFE, 0x01, 0xFC, 0x03, 0xFF, 0xFF, 0xF6,
  0x0F, 0xED, 0x9F, 0xDF, 0x3F, 0xBE, 0x7F, 0x00, 0xFF, 0xFF, 0xFF, 0xFF,
  0xFF, 0xFF, 0xF0, 0x0F, 0xE0, 0x1F, 0xDF, 0x3F, 0xBE, 0x7F, 0x00, 0xFF,
  0xFF, 0xFC, 0x03, 0xF8, 0x07, 0xFE, 0x7F, 0xF3, 0xFF, 0xC0, 0x3F, 0x80,
  0x7F, 0xFF, 0xFF, 0xFF, 0xFF, 0xFF, 0x80, 0xFF, 0xFF, 0xFF, 0xFF, 0xFF,
  0xFF, 0x80, 0x7F, 0x00, 0xFF, 0xDF, 0xFF, 0xBF, 0xF8, 0x07, 0xFF, 0xFF,
  0xE1, 0xFF, 0xC3, 0xFF, 0xB7, 0xFF, 0x6F, 0xFE, 0x01, 0xFF, 0xFF, 0xF8,
  0x07, 0xF0, 0x0F, 0xFD, 0xFF, 0xFB, 0x3F, 0x86, 0x7F, 0xFC, 0xFE, 0x01,
  0xFC, 0x03, 0xFF, 0xFF, 0xF6, 0x0F, 0xED, 0x9F, 0xDF, 0x3F, 0xBE, 0x7F,
  0x00, 0xFF, 0xFF, 0xFF, 0xFF, 0xFF, 0xFF, 0xF0, 0x0F, 0xE0, 0x1F, 0xDF,
  0x3F, 0xBE, 0x7F, 0x00, 0xFF, 0xFF, 0xFC, 0x03, 0xF8, 0x07, 0xFE, 0x7F,
  0xF3, 0xFF, 0xC0, 0x3F, 0x80, 0x7F, 0xFF, 0xFF, 0xFF, 0xFF, 0xFF, 0x80,
  0xFF, 0xFF, 0xFF, 0xFF, 0xFF, 0xFF, 0x80, 0x7F, 0x00, 0xFF, 0xDF, 0xFF,
  0xBF, 0xF8, 0x07, 0xFF, 0xFF, 0xE1, 0xFF, 0xC3, 0xFF, 0xB7, 0xFF, 0x6F,
  0xFE, 0x01, 0xFF, 0xFF, 0xF8, 0x07, 0xF0, 0x0F, 0xFD, 0xFF, 0xFB, 0x3F,
  0x86, 0x7F, 0xFC, 0xFE, 0x01, 0xFC, 0x03, 0xFF, 0xFF, 0xF6, 0x0F, 0xED,
  0x9F, 0xDF, 0x3F, 0xBE, 0x7F, 0x00, 0xFF, 0xFF, 0xFF, 0xFF, 0xFF, 0xFF,
  0xF0, 0x0F, 0xE0, 0x1F, 0xDF, 0x3F, 0xBE, 0x7F, 0x00, 0xFF, 0xFF, 0xFC,
  0x03, 0xF8, 0x07, 0xFE, 0x7F, 0xF3, 0xFF, 0xC0, 0x3F, 0x80, 0x7F, 0xFF,
  0xFF, 0xFF, 0xFF, 0xFF, 0x80, 0xFF, 0xFF, 0xFF, 0xFF, 0xFF, 0xFF, 0x80,
  0x7F, 0x00, 0xFF, 0xDF, 0xFF, 0xBF, 0xF8, 0x07, 0xFF, 0xFF, 0xE1, 0xFF,
  0xC3, 0xFF, 0xB7, 0xFF, 0x6F, 0xFE, 0x01, 0xFF, 0xFF, 0xF8, 0x07, 0xF0,
  0x0F, 0xFD, 0xFF, 0xFB, 0x3F, 0x86, 0x7F, 0xFC, 0xFE, 0x01, 0xFC, 0x03,
  0xFF, 0xFF, 0xF6, 0x0F, 0xED, 0x9F, 0xDF, 0x3F, 0xBE, 0x7F, 0x00, 0xFF,
  0xFF, 0xFF, 0xFF, 0xFF, 0xFF, 0xF0, 0x0F, 0xE0, 0x1F, 0xDF, 0x3F, 0xBE,
  0x7F, 0x00, 0xFF, 0xFF, 0xFC, 0x03, 0xF8, 0x07, 0xFE, 0x7F, 0xF3, 0xFF,
  0xC0, 0x3F, 0x80, 0x7F, 0xFF, 0xFF, 0xFF, 0xFF, 0xFF, 0x80, 0xFF, 0xFF,
  0xFF, 0xFF, 0xFF, 0xFF, 0x80, 0x7F, 0x00, 0xFF, 0xDF, 0xFF, 0xBF, 0xF8,
  0x07, 0xFF, 0xFF, 0xE1, 0xFF, 0xC3, 0xFF, 0xB7, 0xFF, 0x6F, 0xFE, 0x01,
  0xFF, 0xFF, 0xF8, 0x07, 0xF0, 0x0F, 0xFD, 0xFF, 0xFB, 0x3F, 0x86, 0x7F,
  0xFC, 0xFE, 0x01, 0xFC, 0x03, 0xFF, 0xFF, 0xF6, 0x0F, 0xED, 0x9F, 0xDF,
  0x3F, 0xBE, 0x7F, 0x00, 0xFF, 0xFF, 0xFF, 0xFF, 0xFF, 0xFF, 0xF0, 0x0F,
  0xE0, 0x1F, 0xDF, 0x3F, 0xBE, 0x7F, 0x00, 0xFF, 0xFF, 0xFC, 0x03, 0xF8,
  0x07, 0xFE, 0x7F, 0xF3, 0xFF, 0xC0, 0x3F, 0x80, 0x7F, 0xFF, 0xFF, 0xFF,
  0xFF, 0xFF, 0x80, 0xFF, 0xFF, 0xFF, 0xFF, 0xFF, 0xFF, 0x80, 0x7F, 0x00,
  0xFF, 0xDF, 0xFF, 0xBF, 0xF8, 0x07, 0xFF, 0xFF, 0xE1, 0xFF, 0xC3, 0xFF,
  0xB7, 0xFF, 0x6F, 0xFE, 0x01, 0xFF, 0xFF, 0xF8, 0x07, 0xF0, 0x0F, 0xFD,
  0xFF, 0xFB, 0x3F, 0x86, 0x7F, 0xFC, 0xFE, 0x01, 0xFC, 0x03, 0xFF, 0xFF,
  0xF6, 0x0F, 0xED, 0x9F, 0xDF, 0x3F, 0xBE, 0x7F, 0x00, 0xFF, 0xFF, 0xFF,
  0xFF, 0xFF, 0xFF, 0xF0, 0x0F, 0xE0, 0x1F, 0xDF, 0x3F, 0xBE, 0x7F, 0x00,
  0xFF, 0xFF, 0xFC, 0x03, 0xF8, 0x07, 0xFE, 0x7F, 0xF3, 0xFF, 0xC0, 0x3F,
  0x80, 0x7F, 0xFF, 0xFF, 0xFF, 0xFF, 0xFF, 0x80, 0xFF, 0xFF, 0xFF, 0xFF,
  0xFF, 0xFF, 0x80, 0x7F, 0x00, 0xFF, 0xDF, 0xFF, 0xBF, 0xF8, 0x07, 0xFF,
  0xFF, 0xE1, 0xFF, 0xC3, 0xFF, 0xB7, 0xFF, 0x6F, 0xFE, 0x01, 0xFF, 0xFF,
  0xF8, 0x07, 0xF0, 0x0F, 0xFD, 0xFF, 0xFB, 0x3F, 0x86, 0x7F, 0xFC, 0xFE,
  0x01, 0xFC, 0x03, 0xFF, 0xFF, 0xF6, 0x0F, 0xED, 0x9F, 0xDF, 0x3F, 0xBE,
  0x7F, 0x00, 0xFF, 0xFF, 0xFF, 0xFF, 0xFF, 0xFF, 0xF0, 0x0F, 0xE0, 0x1F,
  0xDF, 0x3F, 0xBE, 0x7F, 0x00, 0xFF, 0xFF, 0xFC, 0x03, 0xF8, 0x07, 0xFE,
  0x7F, 0xF3, 0xFF, 0xC0, 0x3F, 0x80, 0x7F, 0xFF, 0xFF, 0xFF, 0xFF, 0xFF,
  0x80, 0xFF, 0xFF, 0xFF, 0xFF, 0xFF, 0xFF, 0x80, 0x7F, 0x00, 0xFF, 0xDF,
  0xFF, 0xBF, 0xF8, 0x07, 0xFF, 0xFF, 0xE1, 0xFF, 0xC3, 0xFF, 0xB7, 0xFF,
  0x6F, 0xFE, 0x01, 0xFF, 0xFF, 0xF8, 0x07, 0xF0, 0x0F, 0xFD, 0xFF, 0xFB,
  0x3F, 0x86, 0x7F, 0xFC, 0xFE, 0x01, 0xFC, 0x03, 0xFF, 0xFF, 0xF6, 0x0F,
  0xED, 0x9F, 0xDF, 0x3F, 0xBE, 0x7F, 0x00, 0xFF, 0xFF, 0xFF, 0xFF, 0xFF,
  0xFF, 0xF0, 0x0F, 0xE0, 0x1F, 0xDF, 0x3F, 0xBE, 0x7F, 0x00, 0xFF, 0xFF,
  0xFC, 0x03, 0xF8, 0x07, 0xFE, 0x7F, 0xF3, 0xFF, 0xC0, 0x3F, 0x80, 0x7F,
  0xFF, 0xFF, 0xFF, 0xFF, 0xFF, 0x80, 0xFF, 0xFF, 0xFF, 0xFF, 0xFF, 0xFF,
  0x80, 0x7F, 0x00, 0xFF, 0xDF, 0xFF, 0xBF, 0xF8, 0x07, 0xFF, 0xFF, 0xE1,
  0xFF, 0xC3, 0xFF, 0xB7, 0xFF, 0x6F, 0xFE, 0x01, 0xFF, 0xFF, 0xF8, 0x07,
  0xF0, 0x0F, 0xFD, 0xFF, 0xFB, 0x3F, 0x86, 0x7F, 0xFC, 0xFE, 0x01, 0xFC,
  0x03, 0xFF, 0xFF, 0xF6, 0x0F, 0xED, 0x9F, 0xDF, 0x3F, 0xBE, 0x7F, 0x00,
  0xFF, 0xFF, 0xFF, 0xFF, 0xFF, 0xFF, 0xF0, 0x0F, 0xE0, 0x1F, 0xDF, 0x3F,
  0xBE, 0x7F, 0x00, 0xFF, 0xFF, 0xFC, 0x03, 0xF8, 0x07, 0xFE, 0x7F, 0xF3,
  0xFF, 0xC0, 0x3F, 0x80, 0x7F, 0xFF, 0xFF, 0xFF, 0xFF, 0xFF, 0x80, 0xFF,
  0xFF, 0xFF, 0xFF, 0xFF, 0xFF, 0x80, 0x7F, 0x00, 0xFF, 0xDF, 0xFF, 0xBF,
  0xF8, 0x07, 0xFF, 0xFF, 0xE1, 0xFF, 0xC3, 0xFF, 0xB7, 0xFF, 0x6F, 0xFE,
  0x01, 0xFF, 0xFF, 0xF8, 0x07, 0xF0, 0x0F, 0xFD, 0xFF, 0xFB, 0x3F, 0x86,
  0x7F, 0xFC, 0xFE, 0x01, 0xFC, 0x03, 0xFF, 0xFF, 0xF6, 0x0F, 0xED, 0x9F,
  0xDF, 0x3F, 0xBE, 0x7F, 0x00, 0xFF, 0xFF, 0xFF, 0xFF, 0xFF, 0xFF, 0xF0,
  0x0F, 0xE0, 0x1F, 0xDF, 0x3F, 0xBE, 0x7F, 0x00, 0xFF, 0xFF, 0xFC, 0x03,
  0xF8, 0x07, 0xFE, 0x7F, 0xF3, 0xFF, 0xC0, 0x3F, 0x80, 0x7F, 0xFF, 0xFF,
  0xFF, 0xFF, 0xFF, 0x80, 0xFF, 0xFF, 0xFF, 0xFF, 0xFF, 0xFF, 0x80, 0x7F,
  0x00, 0xFF, 0xDF, 0xFF, 0xBF, 0xF8, 0x07, 0xFF, 0xFF, 0xE1, 0xFF, 0xC3,
  0xFF, 0xB7, 0xFF, 0x6F, 0xFE, 0x01, 0xFF, 0xFF, 0xF8, 0x07, 0xF0, 0x0F,
  0xFD, 0xFF, 0xFB, 0x3F, 0x86, 0x7F, 0xFC, 0xFE, 0x01, 0xFC, 0x03, 0xFF,
  0xFF, 0xF6, 0x0F, 0xED, 0x9F, 0xDF, 0x3F, 0xBE, 0x7F, 0x00, 0xFF, 0xFF,
  0xFF, 0xFF, 0xFF, 0xFF, 0xF0, 0x0F, 0xE0, 0x1F, 0xDF, 0x3F, 0xBE, 0x7F,
  0x00, 0xFF, 0xFF, 0xFC, 0x03, 0xF8, 0x07, 0xFE, 0x7F, 0xF3, 0xFF, 0xC0,
  0x3F, 0x80, 0x7F, 0xFF, 0xFF, 0xFF, 0xFF, 0xFF, 0x80, 0xFF, 0xFF, 0xFF,
  0xFF, 0xFF, 0xFF, 0x80, 0x7F, 0x00, 0xFF, 0xDF, 0xFF, 0xBF, 0xF8, 0x07,
  0xFF, 0xFF, 0xE1, 0xFF, 0xC3, 0xFF, 0xB7, 0xFF, 0x6F, 0xFE, 0x01, 0xFF,
  0xFF, 0xF8, 0x07, 0xF0, 0x0F, 0xFD, 0xFF, 0xFB, 0x3F, 0x86, 0x7F, 0xFC,
  0xFE, 0x01, 0xFC, 0x03, 0xFF, 0xFF, 0xF6, 0x0F, 0xED, 0x9F, 0xDF, 0x3F,
  0xBE, 0x7F, 0x00, 0xFF, 0xFF, 0xFF, 0xFF, 0xFF, 0xFF, 0xF0, 0x0F, 0xE0,
  0x1F, 0xDF, 0x3F, 0xBE, 0x7F, 0x00, 0xFF, 0xFF, 0xFC, 0x03, 0xF8, 0x07,
  0xFE, 0x7F, 0xF3, 0xFF, 0xC0, 0x3F, 0x80, 0x7F, 0xFF, 0xFF, 0xFF, 0xFF,
  0xFF, 0x80, 0xFF, 0xFF, 0xFF, 0xFF, 0xFF, 0xFF, 0x80, 0x7F, 0x00, 0xFF,
  0xDF, 0xFF, 0xBF, 0xF8, 0x07, 0xFF, 0xFF, 0xE1, 0xFF, 0xC3, 0xFF, 0xB7,
  0xFF, 0x6F, 0xFE, 0x01, 0xFF, 0xFF, 0xF8, 0x07, 0xF0, 0x0F, 0xFD, 0xFF,
  0xFB, 0x3F, 0x86, 0x7F, 0xFC, 0xFE, 0x01, 0xFC, 0x03, 0xFF, 0xFF, 0xF6,
  0x0F, 0xED, 0x9F, 0xDF, 0x3F, 0xBE, 0x7F, 0x00, 0xFF, 0xFF, 0xFF, 0xFF,
  0xFF, 0xFF, 0xF0, 0x0F, 0xE0, 0x1F, 0xDF, 0x3F, 0xBE, 0x7F, 0x00, 0xFF,
  0xFF, 0xFC, 0x03, 0xF8, 0x07, 0xFE, 0x7F, 0xF3, 0xFF, 0xC0, 0x3F, 0x80,
  0x7F, 0xFF, 0xFF, 0xFF, 0xFF, 0xFF, 0x80, 0xFF, 0xFF, 0xFF, 0xFF, 0xFF,
  0xFF, 0x80, 0x7F, 0x00, 0xFF, 0xDF, 0xFF, 0xBF, 0xF8, 0x07, 0xFF, 0xFF,
  0xE1, 0xFF, 0xC3, 0xFF, 0xB7, 0xFF, 0x6F, 0xFE, 0x01, 0xFF, 0xFF, 0xF8,
  0x07, 0xF0, 0x0F, 0xFD, 0xFF, 0xFB, 0x3F, 0x86, 0x7F, 0xFC, 0xFE, 0x01,
  0xFC, 0x03, 0xFF, 0xFF, 0xF6, 0x0F, 0xED, 0x9F, 0xDF, 0x3F, 0xBE, 0x7F,
  0x00, 0xFF, 0xFF, 0xFF, 0xFF, 0xFF, 0xFF, 0xF0, 0x0F, 0xE0, 0x1F, 0xDF,
  0x3F, 0xBE, 0x7F, 0x00, 0xFF, 0xFF, 0xFC, 0x03, 0xF8, 0x07, 0xFE, 0x7F,
  0xF3, 0xFF, 0xC0, 0x3F, 0x80, 0x7F, 0xFF, 0xFF, 0xFF, 0xFF, 0xFF, 0x80,
  0xFF, 0xFF, 0xFF, 0xFF, 0xFF, 0xFF, 0x80, 0x7F, 0x00, 0xFF, 0xDF, 0xFF,
  0xBF, 0xF8, 0x07, 0xFF, 0xFF, 0xE1, 0xFF, 0xC3, 0xFF, 0xB7, 0xFF, 0x6F,
  0xFE, 0x01, 0xFF, 0xFF, 0xF8, 0x07, 0xF0, 0x0F, 0xFD, 0xFF, 0xFB, 0x3F,
  0x86, 0x7F, 0xFC, 0xFE, 0x01, 0xFC, 0x03, 0xFF, 0xFF, 0xF6, 0x0F, 0xED,
  0x9F, 0xDF, 0x3F, 0xBE, 0x7F, 0x00, 0xFF, 0xFF, 0xFF, 0xFF, 0xFF, 0xFF,
  0xF0, 0x0F, 0xE0, 0x1F, 0xDF, 0x3F, 0xBE, 0x7F, 0x00, 0xFF, 0xFF, 0xFC,
  0x03, 0xF8, 0x07, 0xFE, 0x7F, 0xF3, 0xFF, 0xC0, 0x3F, 0x80, 0x7F, 0xFF,
  0xFF, 0xFF, 0xFF, 0xFF, 0x80, 0xFF, 0xFF, 0xFF, 0xFF, 0xFF, 0xFF, 0x80,
  0x7F, 0x00, 0xFF, 0xDF, 0xFF, 0xBF, 0xF8, 0x07, 0xFF, 0xFF, 0xE1, 0xFF,
  0xC3, 0xFF, 0xB7, 0xFF, 0x6F, 0xFE, 0x01, 0xFF, 0xFF, 0xF8, 0x07, 0xF0,
  0x0F, 0xFD, 0xFF, 0xFB, 0x3F, 0x86, 0x7F, 0xFC, 0xFE, 0x01, 0xFC, 0x03,
  0xFF, 0xFF, 0xF6, 0x0F, 0xED, 0x9F, 0xDF, 0x3F, 0xBE, 0x7F, 0x00, 0xFF,
  0xFF, 0xFF, 0xFF, 0xFF, 0xFF, 0xF0, 0x0F, 0xE0, 0x1F, 0xDF, 0x3F, 0xBE,
  0x7F, 0x00, 0xFF, 0xFF, 0xFC, 0x03, 0xF8, 0x07, 0xFE, 0x7F, 0xF3, 0xFF,
  0xC0, 0x3F, 0x80, 0x7F, 0xFF, 0xFF, 0xFF, 0xFF, 0xFF, 0x80, 0xFF, 0xFF,
  0xFF, 0xFF, 0xFF, 0xFF, 0x80, 0x7F, 0x00, 0xFF, 0xDF, 0xFF, 0xBF, 0xF8,
  0x07, 0xFF, 0xFF, 0xE1, 0xFF, 0xC3, 0xFF, 0xB7, 0xFF, 0x6F, 0xFE, 0x01,
  0xFF, 0xFF, 0xF8, 0x07, 0xF0, 0x0F, 0xFD, 0xFF, 0xFB, 0x3F, 0x86, 0x7F,
  0xFC, 0xFE, 0x01, 0xFC, 0x03, 0xFF, 0xFF, 0xF6, 0x0F, 0xED, 0x9F, 0xDF,
  0x3F, 0xBE, 0x7F, 0x00, 0xFF, 0xFF, 0xFF, 0xFF, 0xFF, 0xFF, 0xF0, 0x0F,
  0xE0, 0x1F, 0xDF, 0x3F, 0xBE, 0x7F, 0x00, 0xFF, 0xFF, 0xFC, 0x03, 0xF8,
  0x07, 0xFE, 0x7F, 0xF3, 0xFF, 0xC0, 0x3F, 0x80, 0x7F, 0xFF, 0xFF, 0xFF,
  0xFF, 0xFF, 0x80, 0xFF, 0xFF, 0xFF, 0xFF, 0xFF, 0xFF, 0x80, 0x7F, 0x00,
  0xFF, 0xDF, 0xFF, 0xBF, 0xF8, 0x07, 0xFF, 0xFF, 0xE1, 0xFF, 0xC3, 0xFF,
  0xB7, 0xFF, 0x6F, 0xFE, 0x01, 0xFF, 0xFF, 0xF8, 0x07, 0xF0, 0x0F, 0xFD,
  0xFF, 0xFB, 0x3F, 0x86, 0x7F, 0xFC, 0xFE, 0x01, 0xFC, 0x03, 0xFF, 0xFF,
  0xF6, 0x0F, 0xED, 0x9F, 0xDF, 0x3F, 0xBE, 0x7F, 0x00, 0xFF, 0xFF, 0xFF,
  0xFF, 0xFF, 0xFF, 0xF0, 0x0F, 0xE0, 0x1F, 0xDF, 0x3F, 0xBE, 0x7F, 0x00,
  0xFF, 0xFF, 0xFC, 0x03, 0xF8, 0x07, 0xFE, 0x7F, 0xF3, 0xFF, 0xC0, 0x3F,
  0x80, 0x7F, 0xFF, 0xFF, 0xFF, 0xFF, 0xFF, 0x80, 0xFF, 0xFF, 0xFF, 0xFF,
  0xFF, 0xFF, 0x80, 0x7F, 0x00, 0xFF, 0xDF, 0xFF, 0xBF, 0xF8, 0x07, 0xFF,
  0xFF, 0xE1, 0xFF, 0xC3, 0xFF, 0xB7, 0xFF, 0x6F, 0xFE, 0x01, 0xFF, 0xFF,
  0xF8, 0x07, 0xF0, 0x0F, 0xFD, 0xFF, 0xFB, 0x3F, 0x86, 0x7F, 0xFC, 0xFE,
  0x01, 0xFC, 0x03, 0xFF, 0xFF, 0xF6, 0x0F, 0xED, 0x9F, 0xDF, 0x3F, 0xBE,
  0x7F, 0x00, 0xFF, 0xFF, 0xFF, 0xFF, 0xFF, 0xFF, 0xF0, 0x0F, 0xE0, 0x1F,
  0xDF, 0x3F, 0xBE, 0x7F, 0x00, 0xFF, 0xFF, 0xFC, 0x03, 0xF8, 0x07, 0xFE,
  0x7F, 0xF3, 0xFF, 0xC0, 0x3F, 0x80, 0x7F, 0xFF, 0xFF, 0xFF, 0xFF, 0xFF,
  0x80, 0xFF, 0xFF, 0xFF, 0xFF, 0xFF, 0xFF, 0x80, 0x7F, 0x00, 0xFF, 0xDF,
  0xFF, 0xBF, 0xF8, 0x07, 0xFF, 0xFF, 0xE1, 0xFF, 0xC3, 0xFF, 0xB7, 0xFF,
  0x6F, 0xFE, 0x01, 0xFF, 0xFF, 0xF8, 0x07, 0xF0, 0x0F, 0xFD, 0xFF, 0xFB,
  0x3F, 0x86, 0x7F, 0xFC, 0xFE, 0x01, 0xFC, 0x03, 0xFF, 0xFF, 0xF6, 0x0F,
  0xED, 0x9F, 0xDF, 0x3F, 0xBE, 0x7F, 0x00, 0xFF, 0xFF, 0xFF, 0xFF, 0xFF,
  0xFF, 0xF0, 0x0F, 0xE0, 0x1F, 0xDF, 0x3F, 0xBE, 0x7F, 0x00, 0xFF, 0xFF,
  0xFC, 0x03, 0xF8, 0x07, 0xFE, 0x7F, 0xF3, 0xFF, 0xC0, 0x3F, 0x80, 0x7F,
  0xFF, 0xFF, 0xFF, 0xFF, 0xFF, 0x80, 0xFF, 0xFF, 0xFF, 0xFF, 0xFF, 0xFF,
  0x80, 0x7F, 0x00, 0xFF, 0xDF, 0xFF, 0xBF, 0xF8, 0x07, 0xFF, 0xFF, 0xE1,
  0xFF, 0xC3, 0xFF, 0xB7, 0xFF, 0x6F, 0xFE, 0x01, 0xFF, 0xFF, 0xF8, 0x07,
  0xF0, 0x0F, 0xFD, 0xFF, 0xFB, 0x3F, 0x86, 0x7F, 0xFC, 0xFE, 0x01, 0xFC,
  0x03, 0xFF, 0xFF, 0xF6, 0x0F, 0xED, 0x9F, 0xDF, 0x3F, 0xBE, 0x7F, 0x00,
  0xFF, 0xFF, 0xFF, 0xFF, 0xFF, 0xFF, 0xF0, 0x0F, 0xE0, 0x1F, 0xDF, 0x3F,
  0xBE, 0x7F, 0x00, 0xFF, 0xFF, 0xFC, 0x03, 0xF8, 0x07, 0xFE, 0x7F, 0xF3,
  0xFF, 0xC0, 0x3F, 0x80, 0x7F, 0xFF, 0xFF, 0xFF, 0xFF, 0xFF, 0x80, 0xFF,
  0xFF, 0xFF, 0xFF, 0xFF, 0xFF, 0x80, 0x7F, 0x00, 0xFF, 0xDF, 0xFF, 0xBF,
  0xF8, 0x07, 0xFF, 0xFF, 0xE1, 0xFF, 0xC3, 0xFF, 0xB7, 0xFF, 0x6F, 0xFE,
  0x01, 0xFF, 0xFF, 0xF8, 0x07, 0xF0, 0x0F, 0xFD, 0xFF, 0xFB, 0x3F, 0x86,
  0x7F, 0xFC, 0xFE, 0x01, 0xFC, 0x03, 0xFF, 0xFF, 0xF6, 0x0F, 0xED, 0x9F,
  0xDF, 0x3F, 0xBE, 0x7F, 0x00, 0xFF, 0xFF, 0xFF, 0xFF, 0xFF, 0xFF, 0xF0,
  0x0F, 0xE0, 0x1F, 0xDF, 0x3F, 0xBE, 0x7F, 0x00, 0xFF, 0xFF, 0xFC, 0x03,
  0xF8, 0x07, 0xFE, 0x7F, 0xF3, 0xFF, 0xC0, 0x3F, 0x80, 0x7F, 0xFF, 0xFF,
  0xFF, 0xFF, 0xFF, 0x80, 0xFF, 0xFF, 0xFF, 0xFF, 0xFF, 0xFF, 0x80, 0x7F,
  0x00, 0xFF, 0xDF, 0xFF, 0xBF, 0xF8, 0x07, 0xFF, 0xFF, 0xE1, 0xFF, 0xC3,
  0xFF, 0xB7, 0xFF, 0x6F, 0xFE, 0x01, 0xFF, 0xFF, 0xF8, 0x07, 0xF0, 0x0F,
  0xFD, 0xFF, 0xFB, 0x3F, 0x86, 0x7F, 0xFC, 0xFE, 0x01, 0xFC, 0x03, 0xFF,
  0xFF, 0xF6, 0x0F, 0xED, 0x9F, 0xDF, 0x3F, 0xBE, 0x7F, 0x00, 0xFF, 0xFF,
  0xFF, 0xFF, 0xFF, 0xFF, 0xF0, 0x0F, 0xE0, 0x1F, 0xDF, 0x3F, 0xBE, 0x7F,
  0x00, 0xFF, 0xFF, 0xFC, 0x03, 0xF8, 0x07, 0xFE, 0x7F, 0xF3, 0xFF, 0xC0,
  0x3F, 0x80, 0x7F, 0xFF, 0xFF, 0xFF, 0xFF, 0xFF, 0x80, 0xFF, 0xFF, 0xFF,
  0xFF, 0xFF, 0xFF, 0x80, 0x7F, 0x00, 0xFF, 0xDF, 0xFF, 0xBF, 0xF8, 0x07,
  0xFF, 0xFF, 0xE1, 0xFF, 0xC3, 0xFF, 0xB7, 0xFF, 0x6F, 0xFE, 0x01, 0xFF,
  0xFF, 0xF8, 0x07, 0xF0, 0x0F, 0xFD, 0xFF, 0xFB, 0x3F, 0x86, 0x7F, 0xFC,
  0xFE, 0x01, 0xFC, 0x03, 0xFF, 0xFF, 0xF6, 0x0F, 0xED, 0x9F, 0xDF, 0x3F,
  0xBE, 0x7F, 0x00, 0xFF, 0xFF, 0xFF, 0xFF, 0xFF, 0xFF, 0xF0, 0x0F, 0xE0,
  0x1F, 0xDF, 0x3F, 0xBE, 0x7F, 0x00, 0xFF, 0xFF, 0xFC, 0x03, 0xF8, 0x07,
  0xFE, 0x7F, 0xF3, 0xFF, 0xC0, 0x3F, 0x80, 0x7F, 0xFF, 0xFF, 0xFF, 0xFF,
  0xFF, 0x80, 0xFF, 0xFF, 0xFF, 0xFF, 0xFF, 0xFF, 0x80, 0x7F, 0x00, 0xFF,
  0xDF, 0xFF, 0xBF, 0xF8, 0x07, 0xFF, 0xFF, 0xE1, 0xFF, 0xC3, 0xFF, 0xB7,
  0xFF, 0x6F, 0xFE, 0x01, 0xFF, 0xFF, 0xF8, 0x07, 0xF0, 0x0F, 0xFD, 0xFF,
  0xFB, 0x3F, 0x86, 0x7F, 0xFC, 0xFE, 0x01, 0xFC, 0x03, 0xFF, 0xFF, 0xF6,
  0x0F, 0xED, 0x9F, 0xDF, 0x3F, 0xBE, 0x7F, 0x00, 0xFF, 0xFF, 0xFF, 0xFF,
  0xFF, 0xFF, 0xF0, 0x0F, 0xE0, 0x1F, 0xDF, 0x3F, 0xBE, 0x7F, 0x00, 0xFF,
  0xFF, 0xFC, 0x03, 0xF8, 0x07, 0xFE, 0x7F, 0xF3, 0xFF, 0xC0, 0x3F, 0x80,
  0x7F, 0xFF, 0xFF, 0xFF, 0xFF, 0xFF, 0x80, 0xFF, 0xFF, 0xFF, 0xFF, 0xFF,
  0xFF, 0x80, 0x7F, 0x00, 0xFF, 0xDF, 0xFF, 0xBF, 0xF8, 0x07, 0xFF, 0xFF,
  0xE1, 0xFF, 0xC3, 0xFF, 0xB7, 0xFF, 0x6F, 0xFE, 0x01, 0xFF, 0xFF, 0xF8,
  0x07, 0xF0, 0x0F, 0xFD, 0xFF, 0xFB, 0x3F, 0x86, 0x7F, 0xFC, 0xFE, 0x01,
  0xFC, 0x03, 0xFF, 0xFF, 0xF6, 0x0F, 0xED, 0x9F, 0xDF, 0x3F, 0xBE, 0x7F,
  0x00, 0xFF, 0xFF, 0xFF, 0xFF, 0xFF, 0xFF, 0xF0, 0x0F, 0xE0, 0x1F, 0xDF,
  0x3F, 0xBE, 0x7F, 0x00, 0xFF, 0xFF, 0xFC, 0x03, 0xF8, 0x07, 0xFE, 0x7F,
  0xF3, 0xFF, 0xC0, 0x3F, 0x80, 0x7F, 0xFF, 0xFF, 0xFF, 0xFF, 0xFF, 0x80,
  0xFF, 0xFF, 0xFF, 0xFF, 0xFF, 0xFF, 0x80, 0x7F, 0x00, 0xFF, 0xDF, 0xFF,
  0xBF, 0xF8, 0x07, 0xFF, 0xFF, 0xE1, 0xFF, 0xC3, 0xFF, 0xB7, 0xFF, 0x6F,
  0xFE, 0x01, 0xFF, 0xFF, 0xF8, 0x07, 0xF0, 0x0F, 0xFD, 0xFF, 0xFB, 0x3F,
  0x86, 0x7F, 0xFC, 0xFE, 0x01, 0xFC, 0x03, 0xFF, 0xFF, 0xF6, 0x0F, 0xED,
  0x9F, 0xDF, 0x3F, 0xBE, 0x7F, 0x00, 0xFF, 0xFF, 0xFF, 0xFF, 0xFF, 0xFF,
  0xF0, 0x0F, 0xE0, 0x1F, 0xDF, 0x3F, 0xBE, 0x7F, 0x00, 0xFF, 0xFF, 0xFC,
  0x03, 0xF8, 0x07, 0xFE, 0x7F, 0xF3, 0xFF, 0xC0, 0x3F, 0x80, 0x7F, 0xFF,
  0xFF, 0xFF, 0xFF, 0xFF, 0x80, 0xFF, 0xFF, 0xFF, 0xFF, 0xFF, 0xFF, 0x80,
  0x7F, 0x00, 0xFF, 0xDF, 0xFF, 0xBF, 0xF8, 0x07, 0xFF, 0xFF, 0xE1, 0xFF,
  0xC3, 0xFF, 0xB7, 0xFF, 0x6F, 0xFE, 0x01, 0xFF, 0xFF, 0xF8, 0x07, 0xF0,
  0x0F, 0xFD, 0xFF, 0xFB, 0x3F, 0x86, 0x7F, 0xFC, 0xFE, 0x01, 0xFC, 0x03,
  0xFF, 0xFF, 0xF6, 0x0F, 0xED, 0x9F, 0xDF, 0x3F, 0xBE, 0x7F, 0x00, 0xFF,
  0xFF, 0xFF, 0xFF, 0xFF, 0xFF, 0xF0, 0x0F, 0xE0, 0x1F, 0xDF, 0x3F, 0xBE,
  0x7F, 0x00, 0xFF, 0xFF, 0xFC, 0x03, 0xF8, 0x07, 0xFE, 0x7F, 0xF3, 0xFF,
  0xC0, 0x3F, 0x80, 0x7F, 0xFF, 0xFF, 0xFF, 0xFF, 0xFF, 0x80, 0xFF, 0xFF,
  0xFF, 0xFF, 0xFF, 0xFF, 0x80, 0x7F, 0x00, 0xFF, 0xDF, 0xFF, 0xBF, 0xF8,
  0x07, 0xFF, 0xFF, 0xE1, 0xFF, 0xC3, 0xFF, 0xB7, 0xFF, 0x6F, 0xFE, 0x01,
  0xFF, 0xFF, 0xF8, 0x07, 0xF0, 0x0F, 0xFD, 0xFF, 0xFB, 0x3F, 0x86, 0x7F,
  0xFC, 0xFE, 0x01, 0xFC, 0x03, 0xFF, 0xFF, 0xF6, 0x0F, 0xED, 0x9F, 0xDF,
  0x3F, 0xBE, 0x7F, 0x00, 0xFF, 0xFF, 0xFF, 0xFF, 0xFF, 0xFF, 0xF0, 0x0F,
  0xE0, 0x1F, 0xDF, 0x3F, 0xBE, 0x7F, 0x00, 0xFF, 0xFF, 0xFC, 0x03, 0xF8,
  0x07, 0xFE, 0x7F, 0xF3, 0xFF, 0xC0, 0x3F, 0x80, 0x7F, 0xFF, 0xFF, 0xFF,
  0xFF, 0xFF, 0x80, 0xFF, 0xFF, 0xFF, 0xFF, 0xFF, 0xFF, 0x80, 0x7F, 0x00,
  0xFF, 0xDF, 0xFF, 0xBF, 0xF8, 0x07, 0xFF, 0xFF, 0xE1, 0xFF, 0xC3, 0xFF,
  0xB7, 0xFF, 0x6F, 0xFE, 0x01, 0xFF, 0xFF, 0xF8, 0x07, 0xF0, 0x0F, 0xFD,
  0xFF, 0xFB, 0x3F, 0x86, 0x7F, 0xFC, 0xFE, 0x01, 0xFC, 0x03, 0xFF, 0xFF,
  0xF6, 0x0F, 0xED, 0x9F, 0xDF, 0x3F, 0xBE, 0x7F, 0x00, 0xFF, 0xFF, 0xFF,
  0xFF, 0xFF, 0xFF, 0xF0, 0x0F, 0xE0, 0x1F, 0xDF, 0x3F, 0xBE, 0x7F, 0x00,
  0xFF, 0xFF, 0xFC, 0x03, 0xF8, 0x07, 0xFE, 0x7F, 0xF3, 0xFF, 0xC0, 0x3F,
  0x80, 0x7F, 0xFF, 0xFF, 0xFF, 0xFF, 0xFF, 0x80, 0xFF, 0xFF, 0xFF, 0xFF,
  0xFF, 0xFF, 0x80, 0x7F, 0x00, 0xFF, 0xDF, 0xFF, 0xBF, 0xF8, 0x07, 0xFF,
  0xFF, 0xE1, 0xFF, 0xC3, 0xFF, 0xB7, 0xFF, 0x6F, 0xFE, 0x01, 0xFF, 0xFF,
  0xF8, 0x07, 0xF0, 0x0F, 0xFD, 0xFF, 0xFB, 0x3F, 0x86, 0x7F, 0xFC, 0xFE,
  0x01, 0xFC, 0x03, 0xFF, 0xFF, 0xF6, 0x0F, 0xED, 0x9F, 0xDF, 0x3F, 0xBE,
  0x7F, 0x00, 0xFF, 0xFF, 0xFF, 0xFF, 0xFF, 0xFF, 0xF0, 0x0F, 0xE0, 0x1F,
  0xDF, 0x3F, 0xBE, 0x7F, 0x00, 0xFF, 0xFF, 0xFC, 0x03, 0xF8, 0x07, 0xFE,
  0x7F, 0xF3, 0xFF, 0xC0, 0x3F, 0x80, 0x7F, 0xFF, 0xFF, 0xFF, 0xFF, 0xFF,
  0x80, 0x00, 0x7F, 0xFE, 0xF3, 0x00, 0x00, 0x00, 0x04, 0xE7, 0x39, 0xCE,
  0x73, 0x9C, 0xE7, 0xBD, 0xEF, 0x7B, 0xDE, 0xF7, 0xBD, 0xEF, 0x78, 0x00,
  0x38, 0x00, 0x03, 0x80, 0x00, 0x38, 0x00, 0x03, 0x80, 0x00, 0x38, 0x00,
  0x03, 0x80, 0x00, 0x3C, 0x00, 0x1F, 0xFC, 0x07, 0xFF, 0xF0, 0xF8, 0x1F,
  0x1E, 0x00, 0x73, 0xC0, 0x07, 0x3C, 0x00, 0x67, 0x80, 0x06, 0x78, 0x00,
  0x07, 0x00, 0x00, 0x70, 0x00, 0x0F, 0x00, 0x00, 0xF0, 0x00, 0x0F, 0x00,
  0x00, 0x70, 0x00, 0x07, 0x00, 0x00, 0x78, 0x00, 0x07, 0x80, 0x00, 0x3C,
  0x00, 0x03, 0xE0, 0x03, 0x1F, 0x00, 0xF0, 0xFF, 0xFE, 0x07, 0xFF, 0x80,
  0x1F, 0xE0, 0x00, 0x38, 0x00, 0x03, 0x80, 0x00, 0x38, 0x00, 0x03, 0x80,
  0x00, 0x38, 0x00, 0x03, 0x80, 0x00, 0x7F, 0xF8, 0x03, 0xFF, 0xFC, 0x0F,
  0xFF, 0xF8, 0x3E, 0x00, 0x70, 0xF8, 0x00, 0xE1, 0xE0, 0x01, 0xC3, 0xC0,
  0x03, 0x87, 0x80, 0x07, 0x0F, 0x00, 0x00, 0x1E, 0x00, 0x00, 0x3C, 0x00,
  0x00, 0x78, 0x00, 0x00, 0xF0, 0x00, 0x01, 0xE0, 0x00, 0x03, 0xFF, 0xE0,
  0x7F, 0xFF, 0xC0, 0xFF, 0xFF, 0x80, 0x0F, 0x00, 0x00, 0x1E, 0x00, 0x00,
  0x3C, 0x00, 0x00, 0x78, 0x00, 0x00, 0xF0, 0x00, 0x01, 0xE0, 0x00, 0x03,
  0xC0, 0x00, 0x07, 0x80, 0x00, 0x0F, 0x00, 0x0C, 0x1E, 0x00, 0x18, 0x38,
  0x00, 0x70, 0x70, 0x00, 0xE1, 0xC0, 0x01, 0xDF, 0xFF, 0xFF, 0xFF, 0xFF,
  0xFF, 0xFF, 0xFF, 0xFE, 0x40, 0x00, 0x11, 0x80, 0x00, 0x6F, 0x00, 0x03,
  0xDE, 0x7F, 0x9C, 0x3F, 0xFF, 0xE0, 0x7E, 0x1F, 0x00, 0xE0, 0x1C, 0x07,
  0x00, 0x78, 0x1C, 0x00, 0xE0, 0xF0, 0x03, 0x83, 0xC0, 0x0E, 0x0F, 0x00,
  0x38, 0x3C, 0x00, 0xE0, 0x70, 0x03, 0x81, 0xC0, 0x1C, 0x07, 0x80, 0xF0,
  0x1F, 0x87, 0xE0, 0xFF, 0xFF, 0xC7, 0x1F, 0xE7, 0xB8, 0x00, 0x0F, 0x40,
  0x00, 0x18, 0xFF, 0xF0, 0x3F, 0xFF, 0xFF, 0xC0, 0xFF, 0xFF, 0xFE, 0x03,
  0xFF, 0x83, 0xC0, 0x00, 0xF0, 0x0F, 0x00, 0x03, 0x80, 0x1E, 0x00, 0x1E,
  0x00, 0x78, 0x00, 0x70, 0x00, 0xF0, 0x03, 0xC0, 0x01, 0xC0, 0x0E, 0x00,
  0x07, 0x80, 0x78, 0x00, 0x0E, 0x01, 0xC0, 0x00, 0x3C, 0x0F, 0x00, 0x00,
  0x70, 0x38, 0x00, 0x01, 0xE1, 0xE0, 0x00, 0x03, 0x87, 0x00, 0x00, 0x0F,
  0x3C, 0x00, 0x00, 0x1C, 0xE0, 0x00, 0x00, 0x7F, 0x80, 0x00, 0x7F, 0xFF,
  0xF8, 0x01, 0xFF, 0xFF, 0xE0, 0x00, 0x00, 0x00, 0x00, 0x00, 0x00, 0x00,
  0x00, 0x00, 0x00, 0x00, 0x01, 0xFF, 0xFF, 0xE0, 0x07, 0xFF, 0xFF, 0x80,
  0x00, 0x1E, 0x00, 0x00, 0x00, 0x78, 0x00, 0x00, 0x01, 0xE0, 0x00, 0x00,
  0x07, 0x80, 0x00, 0x00, 0x1E, 0x00, 0x00, 0x01, 0xFE, 0x00, 0x00, 0x1F,
  0xFE, 0x00, 0x00, 0x7F, 0xF8, 0x00, 0xFF, 0xFF, 0xFF, 0xFF, 0xFF, 0xFF,
  0xE0, 0x00, 0x00, 0x1F, 0xFF, 0xFF, 0xFF, 0xFF, 0xFF, 0xFF, 0x80, 0x03,
  0xFF, 0x01, 0xFF, 0xF8, 0x7E, 0x1E, 0x1E, 0x01, 0xC3, 0xC0, 0x18, 0x70,
  0x03, 0x0E, 0x00, 0x01, 0xC0, 0x00, 0x3C, 0x00, 0x07, 0x80, 0x00, 0x78,
  0x00, 0x07, 0xC0, 0x00, 0x7C, 0x00, 0x1F, 0xE0, 0x0F, 0x3F, 0x03, 0xC3,
  0xF0, 0x70, 0x1F, 0x8E, 0x00, 0xF3, 0xC0, 0x0F, 0x78, 0x00, 0xEF, 0x00,
  0x1E, 0xF0, 0x03, 0xDF, 0x00, 0x79, 0xF0, 0x0E, 0x1F, 0x03, 0xC1, 0xF8,
  0x70, 0x0F, 0xDC, 0x00, 0x7F, 0x00, 0x07, 0xE0, 0x00, 0x3E, 0x00, 0x03,
  0xC0, 0x00, 0x3C, 0x00, 0x07, 0x80, 0x00, 0x71, 0xC0, 0x0E, 0x38, 0x01,
  0xC7, 0x00, 0x78, 0xE0, 0x1F, 0x1E, 0x0F, 0xC3, 0xFF, 0xF0, 0x3F, 0xF8,
  0x00, 0xF0, 0x3F, 0x83, 0xFC, 0x1F, 0xE0, 0xF6, 0x03, 0x00, 0x00, 0x0F,
  0xFC, 0x00, 0x00, 0x1F, 0xFF, 0xE0, 0x00, 0x1F, 0x80, 0x7E, 0x00, 0x0F,
  0x00, 0x03, 0xC0, 0x07, 0x80, 0x00, 0x78, 0x03, 0x80, 0x00, 0x07, 0x01,
  0xC0, 0x00, 0x00, 0xE0, 0xE0, 0x00, 0x00, 0x1C, 0x38, 0x07, 0xFC, 0x07,
  0x1C, 0x03, 0xFF, 0x80, 0xE7, 0x01, 0xE0, 0x60, 0x39, 0x80, 0xF0, 0x18,
  0x07, 0xE0, 0x38, 0x06, 0x01, 0xF8, 0x1E, 0x00, 0x00, 0x7E, 0x07, 0x00,
  0x00, 0x1F, 0x81, 0xC0, 0x00, 0x07, 0xC0, 0x70, 0x00, 0x01, 0xF0, 0x1C,
  0x00, 0x00, 0x7E, 0x07, 0x00, 0x00, 0x1F, 0x81, 0xC0, 0x00, 0x07, 0xE0,
  0x38, 0x00, 0x01, 0xF8, 0x0F, 0x00, 0x80, 0x66, 0x01, 0xE0, 0x70, 0x39,
  0xC0, 0x7F, 0xF8, 0x0E, 0x70, 0x07, 0xFC, 0x07, 0x0E, 0x00, 0x70, 0x01,
  0xC1, 0xC0, 0x00, 0x00, 0xE0, 0x78, 0x00, 0x00, 0x70, 0x0F, 0x00, 0x00,
  0x78, 0x01, 0xF0, 0x00, 0x3C, 0x00, 0x3F, 0x00, 0x7E, 0x00, 0x03, 0xFF,
  0xFE, 0x00, 0x00, 0x3F, 0xFC, 0x00, 0x00, 0x1F, 0xF0, 0x3F, 0xFC, 0x1C,
  0x0F, 0x0C, 0x03, 0x86, 0x01, 0xC0, 0x00, 0xE0, 0x00, 0x70, 0x00, 0x38,
  0x0F, 0xFC, 0x1F, 0xFE, 0x1C, 0x07, 0x1C, 0x03, 0x8E, 0x01, 0xC7, 0x00,
  0xE3, 0xC0, 0xF0, 0xE1, 0xD8, 0x7F, 0xCF, 0x9F, 0x87, 0xC0, 0x00, 0x00,
  0x00, 0x00, 0x00, 0x00, 0x00, 0x03, 0xFF, 0xFF, 0xFF, 0xFF, 0xFF, 0xFF,
  0x80, 0x03, 0x01, 0x81, 0xE0, 0xF0, 0xF0, 0x78, 0x38, 0x3C, 0x1C, 0x0E,
  0x0F, 0x07, 0x07, 0x83, 0xC3, 0xC1, 0xE0, 0xE0, 0x70, 0x38, 0x1C, 0x0F,
  0x07, 0x81, 0xC1, 0xE0, 0x78, 0x3C, 0x0F, 0x07, 0x81, 0xE0, 0xE0, 0x38,
  0x1C, 0x07, 0x03, 0x80, 0xE0, 0xF0, 0x20, 0x10, 0xFF, 0xFF, 0xFF, 0xFF,
  0xFF, 0xFF, 0xFF, 0xFF, 0xC0, 0x00, 0x07, 0x00, 0x00, 0x1C, 0x00, 0x00,
  0x70, 0x00, 0x01, 0xC0, 0x00, 0x07, 0x00, 0x00, 0x1C, 0x00, 0x00, 0x70,
  0x00, 0x01, 0xC0, 0x00, 0x07, 0x00, 0x00, 0x1C, 0xFF, 0xFF, 0xFF, 0xFF,
  0xFF, 0xFF, 0x80, 0x7F, 0x00, 0xFF, 0xDF, 0xFF, 0xBF, 0xF8, 0x07, 0xFF,
  0xFF, 0xE1, 0xFF, 0xC3, 0xFF, 0xB7, 0xFF, 0x6F, 0xFE, 0x01, 0xFF, 0xFF,
  0xF8, 0x07, 0xF0, 0x0F, 0xFD, 0xFF, 0xFB, 0x3F, 0x86, 0x7F, 0xFC, 0xFE,
  0x01, 0xFC, 0x03, 0xFF, 0xFF, 0xF6, 0x0F, 0xED, 0x9F, 0xDF, 0x3F, 0xBE,
  0x7F, 0x00, 0xFF, 0xFF, 0xFF, 0xFF, 0xFF, 0xFF, 0xF0, 0x0F, 0xE0, 0x1F,
  0xDF, 0x3F, 0xBE, 0x7F, 0x00, 0xFF, 0xFF, 0xFC, 0x03, 0xF8, 0x07, 0xFE,
  0x7F, 0xF3, 0xFF, 0xC0, 0x3F, 0x80, 0x7F, 0xFF, 0xFF, 0xFF, 0xFF, 0xFF,
  0x80, 0x00, 0x3F, 0xC0, 0x00, 0x1F, 0xFF, 0x00, 0x03, 0xC0, 0x3C, 0x00,
  0xF0, 0x00, 0xE0, 0x1C, 0x00, 0x03, 0x01, 0x80, 0x00, 0x18, 0x31, 0xFF,
  0xC1, 0xC7, 0x06, 0x1E, 0x0C, 0x60, 0x60, 0x60, 0x66, 0x06, 0x07, 0x06,
  0xC0, 0x60, 0x70, 0x6C, 0x06, 0x06, 0x06, 0xC0, 0x61, 0xC0, 0x7C, 0x07,
  0xF0, 0x07, 0xC0, 0x63, 0x80, 0x7C, 0x06, 0x1C, 0x06, 0xC0, 0x60, 0xC0,
  0x6C, 0x06, 0x06, 0x06, 0x60, 0x60, 0x60, 0xE6, 0x06, 0x07, 0x0C, 0x71,
  0xFC, 0x39, 0xC3, 0x80, 0x00, 0x38, 0x1C, 0x00, 0x07, 0x00, 0xE0, 0x00,
  0xE0, 0x07, 0x80, 0x3C, 0x00, 0x3F, 0xFF, 0x00, 0x00, 0x7F, 0xC0, 0x00,
  0xFF, 0xFF, 0xFF, 0x01, 0x00, 0x7F, 0x83, 0xFF, 0x9E, 0x0E, 0x70, 0x1F,
  0x80, 0x7E, 0x00, 0xF8, 0x03, 0xE0, 0x0F, 0x80, 0x77, 0x01, 0xDE, 0x0E,
  0x3F, 0xF0, 0x3F, 0x80, 0x00, 0x70, 0x00, 0x03, 0x80, 0x00, 0x1C, 0x00,
  0x00, 0xE0, 0x00, 0x07, 0x00, 0x00, 0x38, 0x00, 0x01, 0xC0, 0x00, 0x0E,
  0x00, 0x00, 0x70, 0x07, 0xFF, 0xFF, 0xFF, 0xFF, 0xFE, 0x00, 0xE0, 0x00,
  0x07, 0x00, 0x00, 0x38, 0x00, 0x01, 0xC0, 0x00, 0x0E, 0x00, 0x00, 0x70,
  0x00, 0x03, 0x80, 0x00, 0x1C, 0x00, 0x00, 0xE0, 0x00, 0x07, 0x00, 0x00,
  0x00, 0x00, 0x00, 0x00, 0x00, 0x00, 0x00, 0xFF, 0xFF, 0xFF, 0xFF, 0xFF,
  0xFF, 0xFF, 0xFE, 0x7F, 0xC7, 0xFF, 0x38, 0x7D, 0x80, 0xEC, 0x07, 0xE0,
  0x38, 0x01, 0xC0, 0x0E, 0x00, 0xF0, 0x07, 0x00, 0x70, 0x07, 0x00, 0x70,
  0x07, 0x80, 0x70, 0x07, 0x00, 0x70, 0x07, 0xFF, 0xFF, 0xFF, 0xFF, 0xF0,
  0x3F, 0xE1, 0xFF, 0xE7, 0x07, 0x98, 0x0F, 0x60, 0x3C, 0x00, 0xF0, 0x03,
  0xC0, 0x0E, 0x00, 0xF0, 0x3F, 0x00, 0xFF, 0x00, 0x0E, 0x00, 0x3C, 0x00,
  0x70, 0x01, 0xC0, 0x07, 0x00, 0x3D, 0xC1, 0xEF, 0xFF, 0x0F, 0xF8, 0x00,
  0x80, 0x38, 0x0F, 0x87, 0xE1, 0xF8, 0x7C, 0x1E, 0x07, 0x80, 0x40, 0x00,
  0xFE, 0x00, 0xFF, 0x1F, 0xC0, 0x1F, 0xE1, 0xF8, 0x01, 0xFC, 0x07, 0x00,
  0x07, 0x80, 0xE0, 0x00, 0xF0, 0x1C, 0x00, 0x1E, 0x03, 0x80, 0x03, 0xC0,
  0x70, 0x00, 0x78, 0x0E, 0x00, 0x0F, 0x01, 0xC0, 0x01, 0xE0, 0x38, 0x00,
  0x3C, 0x07, 0x00, 0x07, 0x80, 0xE0, 0x00, 0xF0, 0x1C, 0x00, 0x1E, 0x03,
  0x80, 0x03, 0xC0, 0x70, 0x00, 0x78, 0x0E, 0x00, 0x0F, 0x01, 0xC0, 0x01,
  0xE0, 0x3C, 0x00, 0x3C, 0x07, 0x80, 0x0F, 0x80, 0xF0, 0x03, 0xF0, 0x1F,
  0x01, 0xFE, 0x03, 0xFF, 0xFB, 0xE0, 0x6F, 0xFC, 0x7F, 0x0E, 0xFE, 0x07,
  0xE1, 0xC0, 0x00, 0x00, 0x38, 0x00, 0x00, 0x07, 0x00, 0x00, 0x00, 0xE0,
  0x00, 0x00, 0x1C, 0x00, 0x00, 0x03, 0x80, 0x00, 0x00, 0x70, 0x00, 0x00,
  0x0E, 0x00, 0x00, 0x01, 0xC0, 0x00, 0x00, 0x38, 0x00, 0x00, 0x07, 0x00,
  0x00, 0x00, 0x03, 0xFF, 0xFC, 0x7F, 0xFF, 0xF3, 0xFF, 0xFF, 0x9F, 0xF8,
  0x70, 0x7F, 0xE1, 0xC3, 0xFF, 0x87, 0x0F, 0xFE, 0x1C, 0x3F, 0xF8, 0x70,
  0xFF, 0xE1, 0xC3, 0xFF, 0x87, 0x0F, 0xFE, 0x1C, 0x3F, 0xF8, 0x70, 0xFF,
  0xE1, 0xC1, 0xFF, 0x87, 0x07, 0xFE, 0x1C, 0x0F, 0xF8, 0x70, 0x0F, 0xE1,
  0xC0, 0x07, 0x87, 0x00, 0x1E, 0x1C, 0x00, 0x78, 0x70, 0x01, 0xE1, 0xC0,
  0x07, 0x87, 0x00, 0x1E, 0x1C, 0x00, 0x78, 0x70, 0x01, 0xE1, 0xC0, 0x07,
  0x87, 0x00, 0x1E, 0x1C, 0x00, 0x78, 0x70, 0x01, 0xE1, 0xC0, 0x07, 0x87,
  0x00, 0x1E, 0x1C, 0x00, 0x78, 0x70, 0x01, 0xE1, 0xC0, 0x07, 0x87, 0x00,
  0x1E, 0x1C, 0x00, 0x78, 0x70, 0x01, 0xE1, 0xC0, 0x07, 0x87, 0x00, 0x3E,
  0x1C, 0x07, 0xF8, 0x70, 0x1F, 0xE1, 0xC0, 0x33, 0xFE, 0xF7, 0x80, 0x38,
  0x0E, 0x03, 0x80, 0xFC, 0x3F, 0x80, 0xF0, 0x1C, 0x07, 0xC7, 0xBF, 0xE7,
  0xE0, 0x07, 0x03, 0xE0, 0xFC, 0x7F, 0x8E, 0x71, 0x0E, 0x01, 0xC0, 0x38,
  0x07, 0x00, 0xE0, 0x1C, 0x03, 0x80, 0x70, 0x0E, 0x01, 0xC0, 0x38, 0x07,
  0x00, 0xE1, 0xFF, 0xBF, 0xF0, 0x07, 0xF0, 0x0F, 0xFE, 0x0F, 0x07, 0x8F,
  0x01, 0xE7, 0x00, 0x77, 0x00, 0x3F, 0x80, 0x1F, 0xC0, 0x07, 0xE0, 0x03,
  0xF0, 0x01, 0xF8, 0x00, 0xFC, 0x00, 0xFE, 0x00, 0x77, 0x80, 0x39, 0xC0,
  0x38, 0xF8, 0x7C, 0x3F, 0xFC, 0x07, 0xF8, 0x00, 0x00, 0x00, 0x00, 0x00,
  0x00, 0x00, 0x00, 0x03, 0xFF, 0xFD, 0xFF, 0xFE, 0xFF, 0xFF, 0x00, 0x40,
  0x60, 0x38, 0x1C, 0x07, 0x03, 0x80, 0xE0, 0xF0, 0x3C, 0x1E, 0x07, 0x83,
  0xC0, 0xE0, 0x70, 0x3C, 0x1E, 0x07, 0x83, 0xC0, 0xE0, 0xF0, 0x78, 0x3C,
  0x3C, 0x1E, 0x1E, 0x0F, 0x07, 0x03, 0x83, 0x81, 0xC1, 0xE0, 0xE0, 0x70,
  0x78, 0x38, 0x1C, 0x04, 0x02, 0x00, 0x07, 0x00, 0x00, 0x78, 0x03, 0xE0,
  0x00, 0x0E, 0x00, 0xFC, 0x00, 0x03, 0x80, 0x7F, 0x80, 0x00, 0xF0, 0x0E,
  0x70, 0x00, 0x1C, 0x01, 0x0E, 0x00, 0x07, 0x00, 0x01, 0xC0, 0x00, 0xE0,
  0x00, 0x38, 0x00, 0x38, 0x00, 0x07, 0x00, 0x0F, 0x00, 0x00, 0xE0, 0x01,
  0xC0, 0x00, 0x1C, 0x00, 0x70, 0x00, 0x03, 0x80, 0x0E, 0x00, 0x00, 0x70,
  0x03, 0x80, 0x00, 0x0E, 0x00, 0xE0, 0x1E, 0x01, 0xC0, 0x1C, 0x07, 0xC0,
  0x38, 0x07, 0x00, 0xF8, 0x07, 0x00, 0xE0, 0x37, 0x00, 0xE0, 0x38, 0x0E,
  0xE1, 0xFF, 0x8E, 0x03, 0x9C, 0x3F, 0xF1, 0xC0, 0x63, 0x80, 0x00, 0x70,
  0x1C, 0x70, 0x00, 0x1E, 0x07, 0x0E, 0x00, 0x03, 0x80, 0xC1, 0xC0, 0x00,
  0xE0, 0x38, 0x38, 0x00, 0x1C, 0x0E, 0x07, 0x00, 0x07, 0x01, 0x80, 0xE0,
  0x01, 0xE0, 0x7F, 0xFF, 0x80, 0x38, 0x07, 0xFF, 0xF0, 0x0E, 0x00, 0x00,
  0x70, 0x01, 0xC0, 0x00, 0x0E, 0x00, 0x70, 0x00, 0x01, 0xC0, 0x1E, 0x00,
  0x00, 0x38, 0x07, 0x80, 0x00, 0x07, 0x00, 0x07, 0x00, 0x00, 0x78, 0x01,
  0xF0, 0x00, 0x07, 0x00, 0x3F, 0x00, 0x00, 0xE0, 0x0F, 0xF0, 0x00, 0x0E,
  0x00, 0xE7, 0x00, 0x01, 0xC0, 0x04, 0x70, 0x00, 0x3C, 0x00, 0x07, 0x00,
  0x03, 0x80, 0x00, 0x70, 0x00, 0x70, 0x00, 0x07, 0x00, 0x07, 0x00, 0x00,
  0x70, 0x00, 0xE0, 0x00, 0x07, 0x00, 0x1C, 0x00, 0x00, 0x70, 0x01, 0xC0,
  0x00, 0x07, 0x00, 0x38, 0x00, 0x00, 0x70, 0x07, 0x8F, 0xF8, 0x07, 0x00,
  0x73, 0xFF, 0xC0, 0x70, 0x0E, 0x1C, 0x3E, 0x07, 0x00, 0xE1, 0x80, 0xE0,
  0x70, 0x1C, 0x18, 0x0E, 0x7F, 0xF3, 0xC1, 0x80, 0xE7, 0xFF, 0x38, 0x00,
  0x0E, 0x00, 0x07, 0x00, 0x00, 0xE0, 0x00, 0x70, 0x00, 0x1C, 0x00, 0x0E,
  0x00, 0x03, 0xC0, 0x01, 0xE0, 0x00, 0x38, 0x00, 0x1C, 0x00, 0x07, 0x00,
  0x03, 0x80, 0x00, 0xE0, 0x00, 0x38, 0x00, 0x1C, 0x00, 0x07, 0x00, 0x03,
  0x80, 0x00, 0xE0, 0x00, 0x70, 0x00, 0x0E, 0x00, 0x0E, 0x00, 0x01, 0xC0,
  0x03, 0xFF, 0xF0, 0x1C, 0x00, 0x3F, 0xFF, 0x07, 0x80, 0x03, 0xFF, 0xF0,
  0x3F, 0xE0, 0x00, 0x0F, 0x01, 0xFF, 0xE0, 0x00, 0x78, 0x07, 0x07, 0x80,
  0x01, 0xC0, 0x18, 0x0F, 0x00, 0x0E, 0x00, 0x60, 0x3C, 0x00, 0x38, 0x00,
  0x00, 0xF0, 0x01, 0xC0, 0x00, 0x03, 0xC0, 0x0F, 0x00, 0x00, 0x0E, 0x00,
  0x38, 0x00, 0x00, 0xF0, 0x01, 0xC0, 0x00, 0x3F, 0x00, 0x07, 0x00, 0x00,
  0xFF, 0x00, 0x38, 0x00, 0x00, 0x0E, 0x01, 0xE0, 0x00, 0x00, 0x3C, 0x07,
  0x00, 0x00, 0x00, 0x70, 0x38, 0x07, 0x80, 0x01, 0xC0, 0xE0, 0x3E, 0x00,
  0x07, 0x07, 0x01, 0xF8, 0x00, 0x3C, 0x38, 0x06, 0xE1, 0xC1, 0xE0, 0xE0,
  0x3B, 0x8F, 0xFF, 0x07, 0x01, 0xCE, 0x0F, 0xF8, 0x1C, 0x06, 0x38, 0x00,
  0x00, 0xE0, 0x38, 0xE0, 0x00, 0x07, 0x01, 0xC3, 0x80, 0x00, 0x1C, 0x06,
  0x0E, 0x00, 0x00, 0xE0, 0x38, 0x38, 0x00, 0x07, 0x81, 0xC0, 0xE0, 0x00,
  0x1C, 0x06, 0x03, 0x80, 0x00, 0xE0, 0x3F, 0xFF, 0xC0, 0x03, 0x80, 0x7F,
  0xFF, 0x00, 0x1C, 0x00, 0x00, 0xE0, 0x00, 0xF0, 0x00, 0x03, 0x80, 0x03,
  0x80, 0x00, 0x0E, 0x00, 0x1C, 0x00, 0x00, 0x38, 0x00, 0xF0, 0x00, 0x00,
  0xE0, 0x00, 0xE0, 0x03, 0xE0, 0x07, 0xC0, 0x0F, 0x80, 0x0E, 0x00, 0x00,
  0x00, 0x00, 0x00, 0x00, 0x00, 0x00, 0x00, 0x00, 0x00, 0x00, 0x07, 0x80,
  0x07, 0x00, 0x1E, 0x00, 0x3C, 0x00, 0x70, 0x01, 0xE0, 0x07, 0x80, 0x1F,
  0x00, 0x7C, 0x01, 0xE0, 0x07, 0x80, 0x1E, 0x00, 0x78, 0x00, 0xF0, 0x01,
  0xE0, 0x03, 0x80, 0x07, 0x80, 0x0F, 0x00, 0x1F, 0x00, 0x7F, 0xDF, 0xBF,
  0xFF, 0x1F, 0xF8, 0x00, 0x04, 0x00, 0x00, 0x00, 0x07, 0x80, 0x00, 0x00,
  0x03, 0xE0, 0x00, 0x00, 0x03, 0xFC, 0x00, 0x00, 0x00, 0x3F, 0x80, 0x00,
  0x00, 0x07, 0xF0, 0x00, 0x00, 0x00, 0x70, 0x00, 0x00, 0x00, 0x08, 0x00,
  0x00, 0x00, 0x00, 0x00, 0x00, 0x00, 0x00, 0x00, 0x00, 0x00, 0x78, 0x00,
  0x00, 0x00, 0x3C, 0x00, 0x00, 0x00, 0x3F, 0x00, 0x00, 0x00, 0x1F, 0x80,
  0x00, 0x00, 0x1D, 0xC0, 0x00, 0x00, 0x0E, 0xF0, 0x00, 0x00, 0x07, 0x38,
  0x00, 0x00, 0x07, 0x1E, 0x00, 0x00, 0x03, 0x8F, 0x00, 0x00, 0x01, 0xC3,
  0x80, 0x00, 0x01, 0xC1, 0xE0, 0x00, 0x00, 0xE0, 0xF0, 0x00, 0x00, 0xF0,
  0x78, 0x00, 0x00, 0x70, 0x1E, 0x00, 0x00, 0x38, 0x0F, 0x00, 0x00, 0x3C,
  0x07, 0x80, 0x00, 0x1C, 0x01, 0xE0, 0x00, 0x0E, 0x00, 0xF0, 0x00, 0x0E,
  0x00, 0x78, 0x00, 0x07, 0x00, 0x1E, 0x00, 0x07, 0x80, 0x0F, 0x00, 0x03,
  0xFF, 0xFF, 0x80, 0x01, 0xFF, 0xFF, 0xE0, 0x01, 0xFF, 0xFF, 0xF0, 0x00,
  0xE0, 0x00, 0x78, 0x00, 0x70, 0x00, 0x1E, 0x00, 0x78, 0x00, 0x0F, 0x00,
  0x38, 0x00, 0x07, 0xC0, 0x3C, 0x00, 0x01, 0xE0, 0x1E, 0x00, 0x00, 0xF0,
  0x3F, 0x80, 0x01, 0xFE, 0x7F, 0xF8, 0x03, 0xFF, 0xFF, 0xFC, 0x01, 0xFF,
  0xE0, 0x00, 0x00, 0x08, 0x00, 0x00, 0x00, 0x0E, 0x00, 0x00, 0x00, 0x1F,
  0x00, 0x00, 0x00, 0x3F, 0xC0, 0x00, 0x00, 0x3F, 0x00, 0x00, 0x00, 0x7E,
  0x00, 0x00, 0x00, 0x3C, 0x00, 0x00, 0x00, 0x08, 0x00, 0x00, 0x00, 0x00,
  0x00, 0x00, 0x00, 0x00, 0x00, 0x00, 0x00, 0x00, 0x78, 0x00, 0x00, 0x00,
  0x3C, 0x00, 0x00, 0x00, 0x3F, 0x00, 0x00, 0x00, 0x1F, 0x80, 0x00, 0x00,
  0x1D, 0xC0, 0x00, 0x00, 0x0E, 0xF0, 0x00, 0x00, 0x07, 0x38, 0x00, 0x00,
  0x07, 0x1E, 0x00, 0x00, 0x03, 0x8F, 0x00, 0x00, 0x01, 0xC3, 0x80, 0x00,
  0x01, 0xC1, 0xE0, 0x00, 0x00, 0xE0, 0xF0, 0x00, 0x00, 0xF0, 0x78, 0x00,
  0x00, 0x70, 0x1E, 0x00, 0x00, 0x38, 0x0F, 0x00, 0x00, 0x3C, 0x07, 0x80,
  0x00, 0x1C, 0x01, 0xE0, 0x00, 0x0E, 0x00, 0xF0, 0x00, 0x0E, 0x00, 0x78,
  0x00, 0x07, 0x00, 0x1E, 0x00, 0x07, 0x80, 0x0F, 0x00, 0x03, 0xFF, 0xFF,
  0x80, 0x01, 0xFF, 0xFF, 0xE0, 0x01, 0xFF, 0xFF, 0xF0, 0x00, 0xE0, 0x00,
  0x78, 0x00, 0x70, 0x00, 0x1E, 0x00, 0x78, 0x00, 0x0F, 0x00, 0x38, 0x00,
  0x07, 0xC0, 0x3C, 0x00, 0x01, 0xE0, 0x1E, 0x00, 0x00, 0xF0, 0x3F, 0x80,
  0x01, 0xFE, 0x7F, 0xF8, 0x03, 0xFF, 0xFF, 0xFC, 0x01, 0xFF, 0xE0, 0x00,
  0x01, 0xE0, 0x00, 0x00, 0x01, 0xF8, 0x00, 0x00, 0x01, 0xFE, 0x00, 0x00,
  0x03, 0xE7, 0x80, 0x00, 0x03, 0xC0, 0xF0, 0x00, 0x03, 0xC0, 0x3C, 0x00,
  0x00, 0x80, 0x04, 0x00, 0x00, 0x00, 0x00, 0x00, 0x00, 0x00, 0x00, 0x00,
  0x00, 0x00, 0xF0, 0x00, 0x00, 0x00, 0x78, 0x00, 0x00, 0x00, 0x7E, 0x00,
  0x00, 0x00, 0x3F, 0x00, 0x00, 0x00, 0x3B, 0x80, 0x00, 0x00, 0x1D, 0xE0,
  0x00, 0x00, 0x0E, 0x70, 0x00, 0x00, 0x0E, 0x3C, 0x00, 0x00, 0x07, 0x1E,
  0x00, 0x00, 0x03, 0x87, 0x00, 0x00, 0x03, 0x83, 0xC0, 0x00, 0x01, 0xC1,
  0xE0, 0x00, 0x01, 0xE0, 0xF0, 0x00, 0x00, 0xE0, 0x3C, 0x00, 0x00, 0x70,
  0x1E, 0x00, 0x00, 0x78, 0x0F, 0x00, 0x00, 0x38, 0x03, 0xC0, 0x00, 0x1C,
  0x01, 0xE0, 0x00, 0x1C, 0x00, 0xF0, 0x00, 0x0E, 0x00, 0x3C, 0x00, 0x0F,
  0x00, 0x1E, 0x00, 0x07, 0xFF, 0xFF, 0x00, 0x03, 0xFF, 0xFF, 0xC0, 0x03,
  0xFF, 0xFF, 0xE0, 0x01, 0xC0, 0x00, 0xF0, 0x00, 0xE0, 0x00, 0x3C, 0x00,
  0xF0, 0x00, 0x1E, 0x00, 0x70, 0x00, 0x0F, 0x80, 0x78, 0x00, 0x03, 0xC0,
  0x3C, 0x00, 0x01, 0xE0, 0x7F, 0x00, 0x03, 0xFC, 0xFF, 0xF0, 0x07, 0xFF,
  0xFF, 0xF8, 0x03, 0xFF, 0xC0, 0x00, 0x1F, 0x83, 0x80, 0x00, 0x1F, 0xF3,
  0x80, 0x00, 0x0F, 0xFF, 0xC0, 0x00, 0x0E, 0x0F, 0xC0, 0x00, 0x02, 0x00,
  0x00, 0x00, 0x00, 0x00, 0x00, 0x00, 0x00, 0x00, 0x00, 0x00, 0x00, 0x00,
  0x00, 0x00, 0x00, 0x01, 0xE0, 0x00, 0x00, 0x00, 0xF0, 0x00, 0x00, 0x00,
  0xFC, 0x00, 0x00, 0x00, 0x7E, 0x00, 0x00, 0x00, 0x77, 0x00, 0x00, 0x00,
  0x3B, 0xC0, 0x00, 0x00, 0x1C, 0xE0, 0x00, 0x00, 0x1C, 0x78, 0x00, 0x00,
  0x0E, 0x3C, 0x00, 0x00, 0x07, 0x0E, 0x00, 0x00, 0x07, 0x07, 0x80, 0x00,
  0x03, 0x83, 0xC0, 0x00, 0x03, 0xC1, 0xE0, 0x00, 0x01, 0xC0, 0x78, 0x00,
  0x00, 0xE0, 0x3C, 0x00, 0x00, 0xF0, 0x1E, 0x00, 0x00, 0x70, 0x07, 0x80,
  0x00, 0x38, 0x03, 0xC0, 0x00, 0x38, 0x01, 0xE0, 0x00, 0x1C, 0x00, 0x78,
  0x00, 0x1E, 0x00, 0x3C, 0x00, 0x0F, 0xFF, 0xFE, 0x00, 0x07, 0xFF, 0xFF,
  0x80, 0x07, 0xFF, 0xFF, 0xC0, 0x03, 0x80, 0x01, 0xE0, 0x01, 0xC0, 0x00,
  0x78, 0x01, 0xE0, 0x00, 0x3C, 0x00, 0xE0, 0x00, 0x1F, 0x00, 0xF0, 0x00,
  0x07, 0x80, 0x78, 0x00, 0x03, 0xC0, 0xFE, 0x00, 0x07, 0xF9, 0xFF, 0xE0,
  0x0F, 0xFF, 0xFF, 0xF0, 0x07, 0xFF, 0x80, 0x00, 0x1C, 0x0E, 0x00, 0x00,
  0x1E, 0x0F, 0x80, 0x00, 0x0F, 0x87, 0xC0, 0x00, 0x07, 0x81, 0xE0, 0x00,
  0x01, 0x80, 0xE0, 0x00, 0x00, 0x00, 0x00, 0x00, 0x00, 0x00, 0x00, 0x00,
  0x00, 0x00, 0x00, 0x00, 0x00, 0x01, 0xE0, 0x00, 0x00, 0x00, 0xF0, 0x00,
  0x00, 0x00, 0xFC, 0x00, 0x00, 0x00, 0x7E, 0x00, 0x00, 0x00, 0x77, 0x00,
  0x00, 0x00, 0x3B, 0xC0, 0x00, 0x00, 0x1C, 0xE0, 0x00, 0x00, 0x1C, 0x78,
  0x00, 0x00, 0x0E, 0x3C, 0x00, 0x00, 0x07, 0x0E, 0x00, 0x00, 0x07, 0x07,
  0x80, 0x00, 0x03, 0x83, 0xC0, 0x00, 0x03, 0xC1, 0xE0, 0x00, 0x01, 0xC0,
  0x78, 0x00, 0x00, 0xE0, 0x3C, 0x00, 0x00, 0xF0, 0x1E, 0x00, 0x00, 0x70,
  0x07, 0x80, 0x00, 0x38, 0x03, 0xC0, 0x00, 0x38, 0x01, 0xE0, 0x00, 0x1C,
  0x00, 0x78, 0x00, 0x1E, 0x00, 0x3C, 0x00, 0x0F, 0xFF, 0xFE, 0x00, 0x07,
  0xFF, 0xFF, 0x80, 0x07, 0xFF, 0xFF, 0xC0, 0x03, 0x80, 0x01, 0xE0, 0x01,
  0xC0, 0x00, 0x78, 0x01, 0xE0, 0x00, 0x3C, 0x00, 0xE0, 0x00, 0x1F, 0x00,
  0xF0, 0x00, 0x07, 0x80, 0x78, 0x00, 0x03, 0xC0, 0xFE, 0x00, 0x07, 0xF9,
  0xFF, 0xE0, 0x0F, 0xFF, 0xFF, 0xF0, 0x07, 0xFF, 0x80, 0x00, 0x03, 0xF0,
  0x00, 0x00, 0x03, 0xFC, 0x00, 0x00, 0x03, 0x86, 0x00, 0x00, 0x01, 0x83,
  0x80, 0x00, 0x00, 0xC1, 0xC0, 0x00, 0x00, 0x70, 0xE0, 0x00, 0x00, 0x38,
  0xE0, 0x00, 0x00, 0x0F, 0xF0, 0x00, 0x00, 0x01, 0xE0, 0x00, 0x00, 0x00,
  0x00, 0x00, 0x00, 0x00, 0x78, 0x00, 0x00, 0x00, 0x3C, 0x00, 0x00, 0x00,
  0x3F, 0x00, 0x00, 0x00, 0x1F, 0x80, 0x00, 0x00, 0x1D, 0xC0, 0x00, 0x00,
  0x0E, 0xF0, 0x00, 0x00, 0x07, 0x38, 0x00, 0x00, 0x07, 0x1E, 0x00, 0x00,
  0x03, 0x8F, 0x00, 0x00, 0x01, 0xC3, 0x80, 0x00, 0x01, 0xC1, 0xE0, 0x00,
  0x00, 0xE0, 0xF0, 0x00, 0x00, 0xF0, 0x78, 0x00, 0x00, 0x70, 0x1E, 0x00,
  0x00, 0x38, 0x0F, 0x00, 0x00, 0x3C, 0x07, 0x80, 0x00, 0x1C, 0x01, 0xE0,
  0x00, 0x0E, 0x00, 0xF0, 0x00, 0x0E, 0x00, 0x78, 0x00, 0x07, 0x00, 0x1E,
  0x00, 0x07, 0x80, 0x0F, 0x00, 0x03, 0xFF, 0xFF, 0x80, 0x01, 0xFF, 0xFF,
  0xE0, 0x01, 0xFF, 0xFF, 0xF0, 0x00, 0xE0, 0x00, 0x78, 0x00, 0x70, 0x00,
  0x1E, 0x00, 0x78, 0x00, 0x0F, 0x00, 0x38, 0x00, 0x07, 0xC0, 0x3C, 0x00,
  0x01, 0xE0, 0x1E, 0x00, 0x00, 0xF0, 0x3F, 0x80, 0x01, 0xFE, 0x7F, 0xF8,
  0x03, 0xFF, 0xFF, 0xFC, 0x01, 0xFF, 0xE0, 0x00, 0x03, 0xFF, 0xFF, 0xFF,
  0x80, 0x01, 0xFF, 0xFF, 0xFF, 0xC0, 0x00, 0xFF, 0xFF, 0xFF, 0xE0, 0x00,
  0x0F, 0x78, 0x00, 0x70, 0x00, 0x07, 0x3C, 0x00, 0x38, 0x00, 0x07, 0x9E,
  0x00, 0x1C, 0x00, 0x03, 0x8F, 0x00, 0x0E, 0x00, 0x03, 0xC7, 0x80, 0x07,
  0x00, 0x01, 0xC3, 0xC0, 0x00, 0x00, 0x01, 0xE1, 0xE0, 0x00, 0x00, 0x00,
  0xE0, 0xF0, 0x00, 0x00, 0x00, 0xF0, 0x78, 0x00, 0x00, 0x00, 0x70, 0x3C,
  0x00, 0x00, 0x00, 0x78, 0x1E, 0x00, 0x00, 0x00, 0x38, 0x0F, 0xFF, 0xE0,
  0x00, 0x3C, 0x07, 0xFF, 0xF0, 0x00, 0x1C, 0x03, 0xFF, 0xF8, 0x00, 0x1E,
  0x01, 0xE0, 0x00, 0x00, 0x0E, 0x00, 0xF0, 0x00, 0x00, 0x0F, 0x00, 0x78,
  0x00, 0x00, 0x07, 0xFF, 0xFC, 0x00, 0x00, 0x07, 0xFF, 0xFE, 0x00, 0x00,
  0x03, 0xFF, 0xFF, 0x00, 0x00, 0x03, 0xC0, 0x07, 0x80, 0x00, 0x01, 0xC0,
  0x03, 0xC0, 0x00, 0x01, 0xE0, 0x01, 0xE0, 0x00, 0xC0, 0xE0, 0x00, 0xF0,
  0x00, 0x60, 0xF0, 0x00, 0x78, 0x00, 0x30, 0x70, 0x00, 0x3C, 0x00, 0x38,
  0x78, 0x00, 0x1E, 0x00, 0x1C, 0xFE, 0x00, 0x3F, 0xFF, 0xFF, 0xFF, 0xE0,
  0x7F, 0xFF, 0xFF, 0xFF, 0xF0, 0x3F, 0xFF, 0xFF, 0x80, 0x00, 0x3F, 0xF0,
  0x00, 0xFF, 0xFF, 0x00, 0xFF, 0xFF, 0xE0, 0xFC, 0x03, 0xF0, 0xF8, 0x00,
  0x78, 0xF8, 0x00, 0x3C, 0xF8, 0x00, 0x0C, 0x78, 0x00, 0x06, 0x7C, 0x00,
  0x03, 0x3C, 0x00, 0x01, 0x9E, 0x00, 0x00, 0x1E, 0x00, 0x00, 0x0F, 0x00,
  0x00, 0x07, 0x80, 0x00, 0x03, 0xC0, 0x00, 0x01, 0xE0, 0x00, 0x00, 0xF0,
  0x00, 0x00, 0x78, 0x00, 0x00, 0x3C, 0x00, 0x00, 0x1E, 0x00, 0x00, 0x0F,
  0x00, 0x00, 0x07, 0xC0, 0x00, 0x03, 0xE0, 0x00, 0x00, 0xF0, 0x00, 0x00,
  0x7C, 0x00, 0x00, 0x3E, 0x00, 0x00, 0x0F, 0x80, 0x00, 0x43, 0xE0, 0x00,
  0x61, 0xF8, 0x00, 0x78, 0x7F, 0x01, 0xF8, 0x1F, 0xFF, 0xF8, 0x03, 0xFF,
  0xF0, 0x00, 0xFF, 0xE0, 0x00, 0x07, 0x00, 0x00, 0x03, 0x80, 0x00, 0x01,
  0xC0, 0x00, 0x00, 0xFC, 0x00, 0x00, 0x7F, 0x00, 0x00, 0x03, 0xC0, 0x00,
  0x00, 0xE0, 0x00, 0x00, 0x70, 0x00, 0x18, 0xF0, 0x00, 0x0F, 0xF8, 0x00,
  0x03, 0xF0, 0x00, 0x00, 0x40, 0x00, 0x00, 0xF0, 0x00, 0x00, 0xF8, 0x00,
  0x01, 0xFE, 0x00, 0x00, 0x3F, 0x80, 0x00, 0x0F, 0xE0, 0x00, 0x01, 0xC0,
  0x00, 0x00, 0x40, 0x00, 0x00, 0x00, 0x00, 0x00, 0x00, 0xFF, 0xFF, 0xFE,
  0xFF, 0xFF, 0xFE, 0xFF, 0xFF, 0xFE, 0x0F, 0x00, 0x0E, 0x0F, 0x00, 0x06,
  0x0F, 0x00, 0x06, 0x0F, 0x00, 0x06, 0x0F, 0x00, 0x06, 0x0F, 0x00, 0x00,
  0x0F, 0x00, 0x00, 0x0F, 0x00, 0x00, 0x0F, 0x00, 0x00, 0x0F, 0x00, 0x00,
  0x0F, 0x00, 0x00, 0x0F, 0x00, 0x00, 0x0F, 0xFF, 0xF0, 0x0F, 0xFF, 0xF0,
  0x0F, 0xFF, 0xF0, 0x0F, 0x00, 0x00, 0x0F, 0x00, 0x00, 0x0F, 0x00, 0x00,
  0x0F, 0x00, 0x00, 0x0F, 0x00, 0x00, 0x0F, 0x00, 0x00, 0x0F, 0x00, 0x00,
  0x0F, 0x00, 0x03, 0x0F, 0x00, 0x07, 0x0F, 0x00, 0x07, 0x0F, 0x00, 0x07,
  0x0F, 0x00, 0x07, 0x1F, 0xFF, 0xFF, 0xFF, 0xFF, 0xFF, 0xFF, 0xFF, 0xFF,
  0x00, 0x00, 0x40, 0x00, 0x01, 0xC0, 0x00, 0x07, 0xE0, 0x00, 0x1F, 0xC0,
  0x00, 0x3F, 0x00, 0x00, 0xFC, 0x00, 0x00, 0xF0, 0x00, 0x00, 0x40, 0x00,
  0x00, 0x00, 0x00, 0x00, 0x00, 0x00, 0xFF, 0xFF, 0xFE, 0xFF, 0xFF, 0xFE,
  0xFF, 0xFF, 0xFE, 0x0F, 0x00, 0x0E, 0x0F, 0x00, 0x06, 0x0F, 0x00, 0x06,
  0x0F, 0x00, 0x06, 0x0F, 0x00, 0x06, 0x0F, 0x00, 0x00, 0x0F, 0x00, 0x00,
  0x0F, 0x00, 0x00, 0x0F, 0x00, 0x00, 0x0F, 0x00, 0x00, 0x0F, 0x00, 0x00,
  0x0F, 0x00, 0x00, 0x0F, 0xFF, 0xF0, 0x0F, 0xFF, 0xF0, 0x0F, 0xFF, 0xF0,
  0x0F, 0x00, 0x00, 0x0F, 0x00, 0x00, 0x0F, 0x00, 0x00, 0x0F, 0x00, 0x00,
  0x0F, 0x00, 0x00, 0x0F, 0x00, 0x00, 0x0F, 0x00, 0x00, 0x0F, 0x00, 0x03,
  0x0F, 0x00, 0x07, 0x0F, 0x00, 0x07, 0x0F, 0x00, 0x07, 0x0F, 0x00, 0x07,
  0x1F, 0xFF, 0xFF, 0xFF, 0xFF, 0xFF, 0xFF, 0xFF, 0xFF, 0x00, 0x1E, 0x00,
  0x00, 0x3F, 0x00, 0x00, 0x7F, 0x80, 0x01, 0xF3, 0xE0, 0x03, 0xC0, 0xF0,
  0x07, 0x80, 0x78, 0x02, 0x00, 0x10, 0x00, 0x00, 0x00, 0x00, 0x00, 0x00,
  0xFF, 0xFF, 0xFE, 0xFF, 0xFF, 0xFE, 0xFF, 0xFF, 0xFE, 0x0F, 0x00, 0x0E,
  0x0F, 0x00, 0x06, 0x0F, 0x00, 0x06, 0x0F, 0x00, 0x06, 0x0F, 0x00, 0x06,
  0x0F, 0x00, 0x00, 0x0F, 0x00, 0x00, 0x0F, 0x00, 0x00, 0x0F, 0x00, 0x00,
  0x0F, 0x00, 0x00, 0x0F, 0x00, 0x00, 0x0F, 0x00, 0x00, 0x0F, 0xFF, 0xF0,
  0x0F, 0xFF, 0xF0, 0x0F, 0xFF, 0xF0, 0x0F, 0x00, 0x00, 0x0F, 0x00, 0x00,
  0x0F, 0x00, 0x00, 0x0F, 0x00, 0x00, 0x0F, 0x00, 0x00, 0x0F, 0x00, 0x00,
  0x0F, 0x00, 0x00, 0x0F, 0x00, 0x03, 0x0F, 0x00, 0x07, 0x0F, 0x00, 0x07,
  0x0F, 0x00, 0x07, 0x0F, 0x00, 0x07, 0x1F, 0xFF, 0xFF, 0xFF, 0xFF, 0xFF,
  0xFF, 0xFF, 0xFF, 0x01, 0xC0, 0xE0, 0x03, 0xE0, 0xF0, 0x03, 0xE1, 0xF0,
  0x03, 0xC0, 0xF0, 0x01, 0x80, 0x60, 0x00, 0x00, 0x00, 0x00, 0x00, 0x00,
  0x00, 0x00, 0x00, 0xFF, 0xFF, 0xFE, 0xFF, 0xFF, 0xFE, 0xFF, 0xFF, 0xFE,
  0x0F, 0x00, 0x0E, 0x0F, 0x00, 0x06, 0x0F, 0x00, 0x06, 0x0F, 0x00, 0x06,
  0x0F, 0x00, 0x06, 0x0F, 0x00, 0x00, 0x0F, 0x00, 0x00, 0x0F, 0x00, 0x00,
  0x0F, 0x00, 0x00, 0x0F, 0x00, 0x00, 0x0F, 0x00, 0x00, 0x0F, 0x00, 0x00,
  0x0F, 0xFF, 0xF0, 0x0F, 0xFF, 0xF0, 0x0F, 0xFF, 0xF0, 0x0F, 0x00, 0x00,
  0x0F, 0x00, 0x00, 0x0F, 0x00, 0x00, 0x0F, 0x00, 0x00, 0x0F, 0x00, 0x00,
  0x0F, 0x00, 0x00, 0x0F, 0x00, 0x00, 0x0F, 0x00, 0x03, 0x0F, 0x00, 0x07,
  0x0F, 0x00, 0x07, 0x0F, 0x00, 0x07, 0x0F, 0x00, 0x07, 0x1F, 0xFF, 0xFF,
  0xFF, 0xFF, 0xFF, 0xFF, 0xFF, 0xFF, 0x20, 0x03, 0x80, 0x7E, 0x07, 0xF0,
  0x1F, 0xC0, 0x3F, 0x00, 0xE0, 0x02, 0x00, 0x00, 0x00, 0xFF, 0xFF, 0xFF,
  0xFF, 0xE0, 0xF0, 0x0F, 0x00, 0xF0, 0x0F, 0x00, 0xF0, 0x0F, 0x00, 0xF0,
  0x0F, 0x00, 0xF0, 0x0F, 0x00, 0xF0, 0x0F, 0x00, 0xF0, 0x0F, 0x00, 0xF0,
  0x0F, 0x00, 0xF0, 0x0F, 0x00, 0xF0, 0x0F, 0x00, 0xF0, 0x0F, 0x00, 0xF0,
  0x0F, 0x00, 0xF0, 0x0F, 0x00, 0xF0, 0x1F, 0xCF, 0xFF, 0xFF, 0xF0, 0x00,
  0x20, 0x0E, 0x03, 0xF0, 0x7F, 0x1F, 0x87, 0xE0, 0x78, 0x02, 0x00, 0x00,
  0x00, 0x00, 0xFF, 0xFF, 0xFF, 0xFF, 0xE0, 0xF0, 0x0F, 0x00, 0xF0, 0x0F,
  0x00, 0xF0, 0x0F, 0x00, 0xF0, 0x0F, 0x00, 0xF0, 0x0F, 0x00, 0xF0, 0x0F,
  0x00, 0xF0, 0x0F, 0x00, 0xF0, 0x0F, 0x00, 0xF0, 0x0F, 0x00, 0xF0, 0x0F,
  0x00, 0xF0, 0x0F, 0x00, 0xF0, 0x0F, 0x00, 0xF0, 0x0F, 0x00, 0xF0, 0x1F,
  0xCF, 0xFF, 0xFF, 0xF0, 0x03, 0xC0, 0x07, 0xE0, 0x0F, 0xF8, 0x1E, 0x7C,
  0x3C, 0x1E, 0xF0, 0x0F, 0x60, 0x02, 0x00, 0x00, 0x00, 0x00, 0x3F, 0xFC,
  0x3F, 0xFC, 0x3F, 0xF8, 0x03, 0xC0, 0x03, 0xC0, 0x03, 0xC0, 0x03, 0xC0,
  0x03, 0xC0, 0x03, 0xC0, 0x03, 0xC0, 0x03, 0xC0, 0x03, 0xC0, 0x03, 0xC0,
  0x03, 0xC0, 0x03, 0xC0, 0x03, 0xC0, 0x03, 0xC0, 0x03, 0xC0, 0x03, 0xC0,
  0x03, 0xC0, 0x03, 0xC0, 0x03, 0xC0, 0x03, 0xC0, 0x03, 0xC0, 0x03, 0xC0,
  0x03, 0xC0, 0x03, 0xC0, 0x03, 0xC0, 0x03, 0xC0, 0x03, 0xC0, 0x07, 0xF0,
  0x3F, 0xFC, 0x3F, 0xFC, 0x70, 0x3F, 0xE0, 0xFF, 0x83, 0xDE, 0x0F, 0x70,
  0x18, 0x00, 0x00, 0x00, 0x00, 0x00, 0x7F, 0xF9, 0xFF, 0xE7, 0xFF, 0x01,
  0xE0, 0x07, 0x80, 0x1E, 0x00, 0x78, 0x01, 0xE0, 0x07, 0x80, 0x1E, 0x00,
  0x78, 0x01, 0xE0, 0x07, 0x80, 0x1E, 0x00, 0x78, 0x01, 0xE0, 0x07, 0x80,
  0x1E, 0x00, 0x78, 0x01, 0xE0, 0x07, 0x80, 0x1E, 0x00, 0x78, 0x01, 0xE0,
  0x07, 0x80, 0x1E, 0x00, 0x78, 0x01, 0xE0, 0x07, 0x80, 0x1E, 0x00, 0xFE,
  0x1F, 0xFE, 0x7F, 0xF8, 0xFF, 0xFF, 0xC0, 0x07, 0xFF, 0xFF, 0xC0, 0x3F,
  0xFF, 0xFF, 0x80, 0x1E, 0x00, 0xFE, 0x00, 0xF0, 0x00, 0xF8, 0x07, 0x80,
  0x03, 0xE0, 0x3C, 0x00, 0x0F, 0x81, 0xE0, 0x00, 0x3C, 0x0F, 0x00, 0x01,
  0xF0, 0x78, 0x00, 0x07, 0x83, 0xC0, 0x00, 0x3C, 0x1E, 0x00, 0x01, 0xF0,
  0xF0, 0x00, 0x07, 0x87, 0x80, 0x00, 0x3C, 0x3C, 0x00, 0x01, 0xFF, 0xFF,
  0xE0, 0x0F, 0xFF, 0xFF, 0x00, 0x7F, 0xFF, 0xF8, 0x03, 0xC3, 0xC0, 0x00,
  0x1E, 0x1E, 0x00, 0x00, 0xF0, 0xF0, 0x00, 0x0F, 0x87, 0x80, 0x00, 0x78,
  0x3C, 0x00, 0x03, 0xC1, 0xE0, 0x00, 0x1E, 0x0F, 0x00, 0x01, 0xE0, 0x78,
  0x00, 0x0F, 0x03, 0xC0, 0x00, 0xF0, 0x1E, 0x00, 0x0F, 0x80, 0xF0, 0x00,
  0xF8, 0x07, 0x80, 0x1F, 0x80, 0x7F, 0xFF, 0xF0, 0x1F, 0xFF, 0xFF, 0x00,
  0xFF, 0xFF, 0xC0, 0x00, 0x00, 0x0F, 0x81, 0x80, 0x00, 0x07, 0xF9, 0xC0,
  0x00, 0x03, 0xFF, 0xF0, 0x00, 0x00, 0xC1, 0xF8, 0x00, 0x00, 0x10, 0x00,
  0x00, 0x00, 0x00, 0x00, 0x00, 0x00, 0x00, 0x00, 0x00, 0x00, 0x00, 0x00,
  0x00, 0x00, 0xFF, 0x80, 0x03, 0xFF, 0xFF, 0xF0, 0x00, 0xFF, 0xFF, 0xFC,
  0x00, 0x3F, 0xF0, 0x3F, 0x80, 0x00, 0xE0, 0x0F, 0xF0, 0x00, 0x38, 0x03,
  0xFC, 0x00, 0x0E, 0x00, 0xFF, 0x80, 0x03, 0x80, 0x3D, 0xF0, 0x00, 0xE0,
  0x0F, 0x3C, 0x00, 0x38, 0x03, 0xCF, 0x80, 0x0E, 0x00, 0xF1, 0xE0, 0x03,
  0x80, 0x3C, 0x3C, 0x00, 0xE0, 0x0F, 0x0F, 0x80, 0x38, 0x03, 0xC1, 0xE0,
  0x0E, 0x00, 0xF0, 0x7C, 0x03, 0x80, 0x3C, 0x0F, 0x80, 0xE0, 0x0F, 0x01,
  0xE0, 0x38, 0x03, 0xC0, 0x7C, 0x0E, 0x00, 0xF0, 0x0F, 0x83, 0x80, 0x3C,
  0x01, 0xE0, 0xE0, 0x0F, 0x00, 0x7C, 0x38, 0x03, 0xC0, 0x0F, 0x0E, 0x00,
  0xF0, 0x01, 0xE3, 0x80, 0x3C, 0x00, 0x7C, 0xE0, 0x0F, 0x00, 0x0F, 0x38,
  0x03, 0xC0, 0x03, 0xEE, 0x00, 0xF0, 0x00, 0x7F, 0x80, 0x3C, 0x00, 0x0F,
  0xE0, 0x0F, 0x00, 0x03, 0xF8, 0x03, 0xC0, 0x00, 0x7E, 0x01, 0xF8, 0x00,
  0x0F, 0x83, 0xFF, 0xC0, 0x03, 0xE0, 0xFF, 0xF0, 0x00, 0x78, 0x00, 0x00,
  0x10, 0x00, 0x00, 0x01, 0xC0, 0x00, 0x00, 0x0F, 0x80, 0x00, 0x00, 0xFF,
  0x00, 0x00, 0x00, 0xFC, 0x00, 0x00, 0x01, 0xF8, 0x00, 0x00, 0x03, 0xC0,
  0x00, 0x00, 0x04, 0x00, 0x00, 0x00, 0x00, 0x00, 0x00, 0x00, 0x00, 0x00,
  0x0F, 0xFC, 0x00, 0x01, 0xFF, 0xF8, 0x00, 0x3F, 0xFF, 0xF0, 0x03, 0xF0,
  0x1F, 0xC0, 0x3E, 0x00, 0x3F, 0x03, 0xE0, 0x00, 0x78, 0x3E, 0x00, 0x03,
  0xE1, 0xE0, 0x00, 0x0F, 0x1F, 0x00, 0x00, 0x3C, 0xF0, 0x00, 0x01, 0xE7,
  0x80, 0x00, 0x0F, 0xF8, 0x00, 0x00, 0x3F, 0xC0, 0x00, 0x01, 0xFE, 0x00,
  0x00, 0x0F, 0xF0, 0x00, 0x00, 0x7F, 0x80, 0x00, 0x03, 0xFC, 0x00, 0x00,
  0x1F, 0xE0, 0x00, 0x00, 0xFF, 0x00, 0x00, 0x07, 0xF8, 0x00, 0x00, 0x3F,
  0xC0, 0x00, 0x01, 0xFE, 0x00, 0x00, 0x0F, 0xF8, 0x00, 0x00, 0xF3, 0xC0,
  0x00, 0x07, 0x9E, 0x00, 0x00, 0x7C, 0xF8, 0x00, 0x03, 0xC3, 0xC0, 0x00,
  0x3E, 0x1F, 0x00, 0x03, 0xE0, 0x7C, 0x00, 0x3E, 0x01, 0xF8, 0x07, 0xE0,
  0x07, 0xFF, 0xFE, 0x00, 0x0F, 0xFF, 0xE0, 0x00, 0x1F, 0xFC, 0x00, 0x00,
  0x00, 0x20, 0x00, 0x00, 0x07, 0x80, 0x00, 0x00, 0x7C, 0x00, 0x00, 0x0F,
  0xF0, 0x00, 0x01, 0xFC, 0x00, 0x00, 0x3F, 0x80, 0x00, 0x00, 0xE0, 0x00,
  0x00, 0x04, 0x00, 0x00, 0x00, 0x00, 0x00, 0x00, 0x00, 0x00, 0x00, 0x00,
  0x0F, 0xFC, 0x00, 0x01, 0xFF, 0xF8, 0x00, 0x3F, 0xFF, 0xF0, 0x03, 0xF0,
  0x1F, 0xC0, 0x3E, 0x00, 0x3F, 0x03, 0xE0, 0x00, 0x78, 0x3E, 0x00, 0x03,
  0xE1, 0xE0, 0x00, 0x0F, 0x1F, 0x00, 0x00, 0x3C, 0xF0, 0x00, 0x01, 0xE7,
  0x80, 0x00, 0x0F, 0xF8, 0x00, 0x00, 0x3F, 0xC0, 0x00, 0x01, 0xFE, 0x00,
  0x00, 0x0F, 0xF0, 0x00, 0x00, 0x7F, 0x80, 0x00, 0x03, 0xFC, 0x00, 0x00,
  0x1F, 0xE0, 0x00, 0x00, 0xFF, 0x00, 0x00, 0x07, 0xF8, 0x00, 0x00, 0x3F,
  0xC0, 0x00, 0x01, 0xFE, 0x00, 0x00, 0x0F, 0xF8, 0x00, 0x00, 0xF3, 0xC0,
  0x00, 0x07, 0x9E, 0x00, 0x00, 0x7C, 0xF8, 0x00, 0x03, 0xC3, 0xC0, 0x00,
  0x3E, 0x1F, 0x00, 0x03, 0xE0, 0x7C, 0x00, 0x3E, 0x01, 0xF8, 0x07, 0xE0,
  0x07, 0xFF, 0xFE, 0x00, 0x0F, 0xFF, 0xE0, 0x00, 0x1F, 0xFC, 0x00, 0x00,
  0x07, 0x80, 0x00, 0x00, 0xFE, 0x00, 0x00, 0x0F, 0xF8, 0x00, 0x00, 0xF1,
  0xE0, 0x00, 0x0F, 0x07, 0x80, 0x00, 0xE0, 0x0E, 0x00, 0x02, 0x00, 0x30,
  0x00, 0x00, 0x00, 0x00, 0x00, 0x00, 0x00, 0x00, 0x01, 0xFF, 0x80, 0x00,
  0x3F, 0xFF, 0x00, 0x07, 0xFF, 0xFE, 0x00, 0x7E, 0x03, 0xF8, 0x07, 0xC0,
  0x07, 0xE0, 0x7C, 0x00, 0x0F, 0x07, 0xC0, 0x00, 0x7C, 0x3C, 0x00, 0x01,
  0xE3, 0xE0, 0x00, 0x07, 0x9E, 0x00, 0x00, 0x3C, 0xF0, 0x00, 0x01, 0xFF,
  0x00, 0x00, 0x07, 0xF8, 0x00, 0x00, 0x3F, 0xC0, 0x00, 0x01, 0xFE, 0x00,
  0x00, 0x0F, 0xF0, 0x00, 0x00, 0x7F, 0x80, 0x00, 0x03, 0xFC, 0x00, 0x00,
  0x1F, 0xE0, 0x00, 0x00, 0xFF, 0x00, 0x00, 0x07, 0xF8, 0x00, 0x00, 0x3F,
  0xC0, 0x00, 0x01, 0xFF, 0x00, 0x00, 0x1E, 0x78, 0x00, 0x00, 0xF3, 0xC0,
  0x00, 0x0F, 0x9F, 0x00, 0x00, 0x78, 0x78, 0x00, 0x07, 0xC3, 0xE0, 0x00,
  0x7C, 0x0F, 0x80, 0x07, 0xC0, 0x3F, 0x00, 0xFC, 0x00, 0xFF, 0xFF, 0xC0,
  0x01, 0xFF, 0xFC, 0x00, 0x03, 0xFF, 0x80, 0x00, 0x00, 0x7C, 0x0C, 0x00,
  0x07, 0xFC, 0xE0, 0x00, 0x3F, 0xFE, 0x00, 0x03, 0x03, 0xE0, 0x00, 0x08,
  0x00, 0x00, 0x00, 0x00, 0x00, 0x00, 0x00, 0x00, 0x00, 0x00, 0x00, 0x00,
  0x00, 0x00, 0x3F, 0xF0, 0x00, 0x07, 0xFF, 0xE0, 0x00, 0xFF, 0xFF, 0xC0,
  0x0F, 0xC0, 0x7F, 0x00, 0xF8, 0x00, 0xFC, 0x0F, 0x80, 0x01, 0xE0, 0xF8,
  0x00, 0x0F, 0x87, 0x80, 0x00, 0x3C, 0x7C, 0x00, 0x00, 0xF3, 0xC0, 0x00,
  0x07, 0x9E, 0x00, 0x00, 0x3F, 0xE0, 0x00, 0x00, 0xFF, 0x00, 0x00, 0x07,
  0xF8, 0x00, 0x00, 0x3F, 0xC0, 0x00, 0x01, 0xFE, 0x00, 0x00, 0x0F, 0xF0,
  0x00, 0x00, 0x7F, 0x80, 0x00, 0x03, 0xFC, 0x00, 0x00, 0x1F, 0xE0, 0x00,
  0x00, 0xFF, 0x00, 0x00, 0x07, 0xF8, 0x00, 0x00, 0x3F, 0xE0, 0x00, 0x03,
  0xCF, 0x00, 0x00, 0x1E, 0x78, 0x00, 0x01, 0xF3, 0xE0, 0x00, 0x0F, 0x0F,
  0x00, 0x00, 0xF8, 0x7C, 0x00, 0x0F, 0x81, 0xF0, 0x00, 0xF8, 0x07, 0xE0,
  0x1F, 0x80, 0x1F, 0xFF, 0xF8, 0x00, 0x3F, 0xFF, 0x80, 0x00, 0x7F, 0xF0,
  0x00, 0x00, 0xF0, 0x38, 0x00, 0x07, 0x83, 0xC0, 0x00, 0x3C, 0x1F, 0x00,
  0x01, 0xE0, 0xF0, 0x00, 0x06, 0x03, 0x00, 0x00, 0x00, 0x00, 0x00, 0x00,
  0x00, 0x00, 0x00, 0x00, 0x00, 0x00, 0x00, 0x3F, 0xF0, 0x00, 0x07, 0xFF,
  0xE0, 0x00, 0xFF, 0xFF, 0xC0, 0x0F, 0xC0, 0x7F, 0x00, 0xF8, 0x00, 0xFC,
  0x0F, 0x80, 0x01, 0xE0, 0xF8, 0x00, 0x0F, 0x87, 0x80, 0x00, 0x3C, 0x7C,
  0x00, 0x00, 0xF3, 0xC0, 0x00, 0x07, 0x9E, 0x00, 0x00, 0x3F, 0xE0, 0x00,
  0x00, 0xFF, 0x00, 0x00, 0x07, 0xF8, 0x00, 0x00, 0x3F, 0xC0, 0x00, 0x01,
  0xFE, 0x00, 0x00, 0x0F, 0xF0, 0x00, 0x00, 0x7F, 0x80, 0x00, 0x03, 0xFC,
  0x00, 0x00, 0x1F, 0xE0, 0x00, 0x00, 0xFF, 0x00, 0x00, 0x07, 0xF8, 0x00,
  0x00, 0x3F, 0xE0, 0x00, 0x03, 0xCF, 0x00, 0x00, 0x1E, 0x78, 0x00, 0x01,
  0xF3, 0xE0, 0x00, 0x0F, 0x0F, 0x00, 0x00, 0xF8, 0x7C, 0x00, 0x0F, 0x81,
  0xF0, 0x00, 0xF8, 0x07, 0xE0, 0x1F, 0x80, 0x1F, 0xFF, 0xF8, 0x00, 0x3F,
  0xFF, 0x80, 0x00, 0x7F, 0xF0, 0x00, 0x40, 0x01, 0x18, 0x00, 0x6F, 0x00,
  0x3D, 0xE0, 0x1E, 0x3C, 0x0F, 0x07, 0x87, 0x80, 0xF3, 0xC0, 0x1F, 0xE0,
  0x03, 0xF0, 0x00, 0x78, 0x00, 0x3F, 0x00, 0x1F, 0xE0, 0x0F, 0x3C, 0x07,
  0x87, 0x83, 0xC0, 0xF1, 0xE0, 0x1E, 0xF0, 0x03, 0xD8, 0x00, 0x64, 0x00,
  0x10, 0x00, 0x00, 0x00, 0x60, 0x00, 0x00, 0x07, 0x80, 0x00, 0x00, 0x38,
  0x00, 0x7F, 0xE3, 0x80, 0x0F, 0xFF, 0xDC, 0x01, 0xFF, 0xFF, 0xC0, 0x1F,
  0x80, 0xFE, 0x01, 0xF0, 0x01, 0xF8, 0x1F, 0x00, 0x0F, 0xC1, 0xF0, 0x00,
  0xFF, 0x0F, 0x00, 0x07, 0x7C, 0xF8, 0x00, 0x71, 0xE7, 0x80, 0x03, 0x0F,
  0x3C, 0x00, 0x38, 0x7F, 0xE0, 0x03, 0x81, 0xFE, 0x00, 0x18, 0x0F, 0xF0,
  0x01, 0xC0, 0x7F, 0x80, 0x1C, 0x03, 0xFC, 0x00, 0xE0, 0x1F, 0xE0, 0x0E,
  0x00, 0xFF, 0x00, 0x60, 0x07, 0xF8, 0x07, 0x00, 0x3F, 0xC0, 0x70, 0x01,
  0xFE, 0x03, 0x00, 0x0F, 0xF0, 0x38, 0x00, 0x7F, 0xC3, 0x80, 0x07, 0x9E,
  0x18, 0x00, 0x3C, 0xF1, 0xC0, 0x01, 0xE7, 0xDC, 0x00, 0x1E, 0x1F, 0xE0,
  0x01, 0xF0, 0x7E, 0x00, 0x1F, 0x03, 0xE0, 0x01, 0xF0, 0x0F, 0xC0, 0x3F,
  0x00, 0x7F, 0xFF, 0xF0, 0x03, 0xFF, 0xFF, 0x00, 0x38, 0xFF, 0xC0, 0x03,
  0x80, 0x00, 0x00, 0x1C, 0x00, 0x00, 0x01, 0xC0, 0x00, 0x00, 0x00, 0x00,
  0x04, 0x00, 0x00, 0x00, 0x07, 0x00, 0x00, 0x00, 0x03, 0xE0, 0x00, 0x00,
  0x03, 0xFC, 0x00, 0x00, 0x00, 0x3F, 0x00, 0x00, 0x00, 0x07, 0xE0, 0x00,
  0x00, 0x00, 0xF0, 0x00, 0x00, 0x00, 0x10, 0x00, 0x00, 0x00, 0x00, 0x00,
  0x00, 0x00, 0x00, 0x00, 0x3F, 0xFC, 0x01, 0xFF, 0xFF, 0xFE, 0x00, 0xFF,
  0xF7, 0xFE, 0x00, 0x7F, 0xF0, 0x78, 0x00, 0x03, 0xC0, 0x3C, 0x00, 0x01,
  0xE0, 0x1E, 0x00, 0x00, 0xF0, 0x0F, 0x00, 0x00, 0x78, 0x07, 0x80, 0x00,
  0x3C, 0x03, 0xC0, 0x00, 0x1E, 0x01, 0xE0, 0x00, 0x0F, 0x00, 0xF0, 0x00,
  0x07, 0x80, 0x78, 0x00, 0x03, 0xC0, 0x3C, 0x00, 0x01, 0xE0, 0x1E, 0x00,
  0x00, 0xF0, 0x0F, 0x00, 0x00, 0x78, 0x07, 0x80, 0x00, 0x3C, 0x03, 0xC0,
  0x00, 0x1E, 0x01, 0xE0, 0x00, 0x0F, 0x00, 0xF0, 0x00, 0x07, 0x80, 0x78,
  0x00, 0x03, 0xC0, 0x3C, 0x00, 0x01, 0xE0, 0x1E, 0x00, 0x00, 0xF0, 0x0F,
  0x00, 0x00, 0x78, 0x03, 0x80, 0x00, 0x3C, 0x01, 0xC0, 0x00, 0x1C, 0x00,
  0xF0, 0x00, 0x1E, 0x00, 0x78, 0x00, 0x0F, 0x00, 0x3E, 0x00, 0x0F, 0x80,
  0x0F, 0x00, 0x07, 0x80, 0x07, 0xE0, 0x0F, 0x80, 0x01, 0xFF, 0xFF, 0x80,
  0x00, 0x3F, 0xFF, 0x80, 0x00, 0x0F, 0xFF, 0x00, 0x00, 0x00, 0x00, 0x08,
  0x00, 0x00, 0x00, 0x1E, 0x00, 0x00, 0x00, 0x1F, 0x00, 0x00, 0x00, 0x3F,
  0xC0, 0x00, 0x00, 0x7F, 0x00, 0x00, 0x00, 0xFE, 0x00, 0x00, 0x00, 0x38,
  0x00, 0x00, 0x00, 0x10, 0x00, 0x00, 0x00, 0x00, 0x00, 0x00, 0x00, 0x00,
  0x00, 0x00, 0x3F, 0xFC, 0x01, 0xFF, 0xFF, 0xFE, 0x00, 0xFF, 0xF7, 0xFE,
  0x00, 0x7F, 0xF0, 0x78, 0x00, 0x03, 0xC0, 0x3C, 0x00, 0x01, 0xE0, 0x1E,
  0x00, 0x00, 0xF0, 0x0F, 0x00, 0x00, 0x78, 0x07, 0x80, 0x00, 0x3C, 0x03,
  0xC0, 0x00, 0x1E, 0x01, 0xE0, 0x00, 0x0F, 0x00, 0xF0, 0x00, 0x07, 0x80,
  0x78, 0x00, 0x03, 0xC0, 0x3C, 0x00, 0x01, 0xE0, 0x1E, 0x00, 0x00, 0xF0,
  0x0F, 0x00, 0x00, 0x78, 0x07, 0x80, 0x00, 0x3C, 0x03, 0xC0, 0x00, 0x1E,
  0x01, 0xE0, 0x00, 0x0F, 0x00, 0xF0, 0x00, 0x07, 0x80, 0x78, 0x00, 0x03,
  0xC0, 0x3C, 0x00, 0x01, 0xE0, 0x1E, 0x00, 0x00, 0xF0, 0x0F, 0x00, 0x00,
  0x78, 0x03, 0x80, 0x00, 0x3C, 0x01, 0xC0, 0x00, 0x1C, 0x00, 0xF0, 0x00,
  0x1E, 0x00, 0x78, 0x00, 0x0F, 0x00, 0x3E, 0x00, 0x0F, 0x80, 0x0F, 0x00,
  0x07, 0x80, 0x07, 0xE0, 0x0F, 0x80, 0x01, 0xFF, 0xFF, 0x80, 0x00, 0x3F,
  0xFF, 0x80, 0x00, 0x0F, 0xFF, 0x00, 0x00, 0x00, 0x01, 0xE0, 0x00, 0x00,
  0x03, 0xF8, 0x00, 0x00, 0x03, 0xFE, 0x00, 0x00, 0x03, 0xC7, 0x80, 0x00,
  0x03, 0xC1, 0xE0, 0x00, 0x03, 0x80, 0x38, 0x00, 0x00, 0x80, 0x08, 0x00,
  0x00, 0x00, 0x00, 0x00, 0x00, 0x00, 0x00, 0x00, 0x7F, 0xF8, 0x03, 0xFF,
  0xFF, 0xFC, 0x01, 0xFF, 0xEF, 0xFC, 0x00, 0xFF, 0xE0, 0xF0, 0x00, 0x07,
  0x80, 0x78, 0x00, 0x03, 0xC0, 0x3C, 0x00, 0x01, 0xE0, 0x1E, 0x00, 0x00,
  0xF0, 0x0F, 0x00, 0x00, 0x78, 0x07, 0x80, 0x00, 0x3C, 0x03, 0xC0, 0x00,
  0x1E, 0x01, 0xE0, 0x00, 0x0F, 0x00, 0xF0, 0x00, 0x07, 0x80, 0x78, 0x00,
  0x03, 0xC0, 0x3C, 0x00, 0x01, 0xE0, 0x1E, 0x00, 0x00, 0xF0, 0x0F, 0x00,
  0x00, 0x78, 0x07, 0x80, 0x00, 0x3C, 0x03, 0xC0, 0x00, 0x1E, 0x01, 0xE0,
  0x00, 0x0F, 0x00, 0xF0, 0x00, 0x07, 0x80, 0x78, 0x00, 0x03, 0xC0, 0x3C,
  0x00, 0x01, 0xE0, 0x1E, 0x00, 0x00, 0xF0, 0x07, 0x00, 0x00, 0x78, 0x03,
  0x80, 0x00, 0x38, 0x01, 0xE0, 0x00, 0x3C, 0x00, 0xF0, 0x00, 0x1E, 0x00,
  0x7C, 0x00, 0x1F, 0x00, 0x1E, 0x00, 0x0F, 0x00, 0x0F, 0xC0, 0x1F, 0x00,
  0x03, 0xFF, 0xFF, 0x00, 0x00, 0x7F, 0xFF, 0x00, 0x00, 0x1F, 0xFE, 0x00,
  0x00, 0x00, 0x3C, 0x0E, 0x00, 0x00, 0x1E, 0x0F, 0x00, 0x00, 0x0F, 0x07,
  0xC0, 0x00, 0x07, 0x83, 0xC0, 0x00, 0x01, 0x80, 0xC0, 0x00, 0x00, 0x00,
  0x00, 0x00, 0x00, 0x00, 0x00, 0x00, 0x00, 0x00, 0x00, 0x00, 0xFF, 0xF0,
  0x07, 0xFF, 0xFF, 0xF8, 0x03, 0xFF, 0xDF, 0xF8, 0x01, 0xFF, 0xC1, 0xE0,
  0x00, 0x0F, 0x00, 0xF0, 0x00, 0x07, 0x80, 0x78, 0x00, 0x03, 0xC0, 0x3C,
  0x00, 0x01, 0xE0, 0x1E, 0x00, 0x00, 0xF0, 0x0F, 0x00, 0x00, 0x78, 0x07,
  0x80, 0x00, 0x3C, 0x03, 0xC0, 0x00, 0x1E, 0x01, 0xE0, 0x00, 0x0F, 0x00,
  0xF0, 0x00, 0x07, 0x80, 0x78, 0x00, 0x03, 0xC0, 0x3C, 0x00, 0x01, 0xE0,
  0x1E, 0x00, 0x00, 0xF0, 0x0F, 0x00, 0x00, 0x78, 0x07, 0x80, 0x00, 0x3C,
  0x03, 0xC0, 0x00, 0x1E, 0x01, 0xE0, 0x00, 0x0F, 0x00, 0xF0, 0x00, 0x07,
  0x80, 0x78, 0x00, 0x03, 0xC0, 0x3C, 0x00, 0x01, 0xE0, 0x0E, 0x00, 0x00,
  0xF0, 0x07, 0x00, 0x00, 0x70, 0x03, 0xC0, 0x00, 0x78, 0x01, 0xE0, 0x00,
  0x3C, 0x00, 0xF8, 0x00, 0x3E, 0x00, 0x3C, 0x00, 0x1E, 0x00, 0x1F, 0x80,
  0x3E, 0x00, 0x07, 0xFF, 0xFE, 0x00, 0x00, 0xFF, 0xFE, 0x00, 0x00, 0x3F,
  0xFC, 0x00, 0x00, 0x00, 0x00, 0x10, 0x00, 0x00, 0x01, 0xC0, 0x00, 0x00,
  0x1F, 0x80, 0x00, 0x01, 0xFC, 0x00, 0x00, 0x0F, 0xC0, 0x00, 0x00, 0xFC,
  0x00, 0x00, 0x03, 0xC0, 0x00, 0x00, 0x04, 0x00, 0x00, 0x00, 0x00, 0x00,
  0x00, 0x00, 0x00, 0x00, 0x0F, 0xFF, 0x03, 0xFF, 0xFF, 0xFC, 0x0F, 0xFF,
  0xFF, 0xE0, 0x1F, 0xF8, 0x3C, 0x00, 0x07, 0x00, 0x78, 0x00, 0x3C, 0x01,
  0xE0, 0x00, 0xE0, 0x03, 0xC0, 0x07, 0x00, 0x0F, 0x00, 0x1C, 0x00, 0x1E,
  0x00, 0xE0, 0x00, 0x78, 0x03, 0x80, 0x00, 0xF0, 0x1C, 0x00, 0x03, 0xC0,
  0x70, 0x00, 0x07, 0x83, 0x80, 0x00, 0x1E, 0x0E, 0x00, 0x00, 0x3C, 0x70,
  0x00, 0x00, 0xF1, 0xC0, 0x00, 0x01, 0xEE, 0x00, 0x00, 0x07, 0xB8, 0x00,
  0x00, 0x0F, 0xC0, 0x00, 0x00, 0x3F, 0x00, 0x00, 0x00, 0x78, 0x00, 0x00,
  0x01, 0xE0, 0x00, 0x00, 0x07, 0x80, 0x00, 0x00, 0x1E, 0x00, 0x00, 0x00,
  0x78, 0x00, 0x00, 0x01, 0xE0, 0x00, 0x00, 0x07, 0x80, 0x00, 0x00, 0x1E,
  0x00, 0x00, 0x00, 0x78, 0x00, 0x00, 0x01, 0xE0, 0x00, 0x00, 0x1F, 0xE0,
  0x00, 0x01, 0xFF, 0xE0, 0x00, 0x07, 0xFF, 0x80, 0x00, 0xFF, 0xF0, 0x00,
  0xFF, 0xF0, 0x00, 0xFF, 0xE0, 0x00, 0x0F, 0x00, 0x00, 0x0F, 0x00, 0x00,
  0x0F, 0x00, 0x00, 0x0F, 0x00, 0x00, 0x0F, 0xFF, 0xC0, 0x0F, 0xFF, 0xF0,
  0x0F, 0xFF, 0xF8, 0x0F, 0x00, 0x7C, 0x0F, 0x00, 0x3E, 0x0F, 0x00, 0x1E,
  0x0F, 0x00, 0x1E, 0x0F, 0x00, 0x0F, 0x0F, 0x00, 0x0F, 0x0F, 0x00, 0x0F,
  0x0F, 0x00, 0x0F, 0x0F, 0x00, 0x1E, 0x0F, 0x00, 0x1E, 0x0F, 0x00, 0x3E,
  0x0F, 0x00, 0x7C, 0x0F, 0x01, 0xF8, 0x0F, 0xFF, 0xF0, 0x0F, 0xFF, 0xE0,
  0x0F, 0xFF, 0x00, 0x0F, 0x00, 0x00, 0x0F, 0x00, 0x00, 0x0F, 0x00, 0x00,
  0x0F, 0x00, 0x00, 0x1F, 0xE0, 0x00, 0xFF, 0xF8, 0x00, 0xFF, 0xF8, 0x00,
  0x00, 0x02, 0x00, 0x00, 0x07, 0xFF, 0x00, 0x01, 0xFF, 0xF8, 0x00, 0x3F,
  0x0F, 0xC0, 0x07, 0xC0, 0x3E, 0x00, 0xF0, 0x01, 0xE0, 0x0F, 0x00, 0x0F,
  0x00, 0xE0, 0x00, 0xF0, 0x0E, 0x00, 0x0F, 0x01, 0xE0, 0x00, 0xF0, 0x1E,
  0x00, 0x1E, 0x01, 0xE0, 0x03, 0xC0, 0x1E, 0x00, 0x78, 0x0F, 0xE0, 0x1F,
  0x00, 0xFE, 0x03, 0xC0, 0x01, 0xE0, 0x78, 0x00, 0x1E, 0x07, 0x00, 0x01,
  0xE0, 0x70, 0x00, 0x1E, 0x07, 0x00, 0x01, 0xE0, 0x78, 0x00, 0x1E, 0x07,
  0xC0, 0x01, 0xE0, 0x3F, 0x00, 0x1E, 0x01, 0xFC, 0x01, 0xE0, 0x0F, 0xF0,
  0x1E, 0x00, 0x3F, 0x81, 0xE0, 0x00, 0xFC, 0x1E, 0x00, 0x03, 0xE1, 0xE0,
  0x00, 0x1E, 0x1E, 0x00, 0x00, 0xF1, 0xE0, 0x00, 0x0F, 0x1E, 0x0E, 0x00,
  0xF1, 0xE0, 0xE0, 0x0F, 0x1E, 0x0E, 0x00, 0xE1, 0xE0, 0xE0, 0x1E, 0x3E,
  0x0F, 0x07, 0xCF, 0xE0, 0xFF, 0xF8, 0xFE, 0x07, 0xFE, 0x00, 0x01, 0x00,
  0x00, 0x07, 0x00, 0x00, 0x1F, 0x00, 0x00, 0x1F, 0x80, 0x00, 0x0F, 0x80,
  0x00, 0x0F, 0x80, 0x00, 0x07, 0xC0, 0x00, 0x07, 0x00, 0x00, 0x02, 0x00,
  0x00, 0x00, 0x00, 0x00, 0x00, 0x00, 0x00, 0x00, 0x00, 0x00, 0x00, 0x00,
  0xFF, 0xC0, 0x0F, 0xFF, 0xE0, 0x1F, 0xFF, 0xE0, 0x38, 0x03, 0xE0, 0x70,
  0x03, 0xC0, 0xE0, 0x07, 0x81, 0xC0, 0x0F, 0x00, 0x00, 0x1E, 0x00, 0x00,
  0x3C, 0x00, 0x00, 0x78, 0x00, 0x00, 0xF0, 0x00, 0x7F, 0xE0, 0x1F, 0xFF,
  0xC0, 0xFF, 0xFF, 0x83, 0xE0, 0x0F, 0x07, 0x80, 0x1E, 0x0E, 0x00, 0x3C,
  0x3C, 0x00, 0x78, 0x78, 0x00, 0xF0, 0xF0, 0x01, 0xE0, 0xF0, 0x0F, 0xC1,
  0xE0, 0x3B, 0x83, 0xFB, 0xE7, 0xC3, 0xFF, 0x8F, 0xE3, 0xFC, 0x1F, 0xC0,
  0x00, 0x02, 0x00, 0x00, 0x0E, 0x00, 0x00, 0x3E, 0x00, 0x00, 0xF8, 0x00,
  0x03, 0xE0, 0x00, 0x1F, 0x00, 0x00, 0xFC, 0x00, 0x00, 0xE0, 0x00, 0x01,
  0x00, 0x00, 0x00, 0x00, 0x00, 0x00, 0x00, 0x00, 0x00, 0x00, 0x00, 0x00,
  0x00, 0x00, 0xFF, 0xC0, 0x0F, 0xFF, 0xE0, 0x1F, 0xFF, 0xE0, 0x38, 0x03,
  0xE0, 0x70, 0x03, 0xC0, 0xE0, 0x07, 0x81, 0xC0, 0x0F, 0x00, 0x00, 0x1E,
  0x00, 0x00, 0x3C, 0x00, 0x00, 0x78, 0x00, 0x00, 0xF0, 0x00, 0x7F, 0xE0,
  0x1F, 0xFF, 0xC0, 0xFF, 0xFF, 0x83, 0xE0, 0x0F, 0x07, 0x80, 0x1E, 0x0E,
  0x00, 0x3C, 0x3C, 0x00, 0x78, 0x78, 0x00, 0xF0, 0xF0, 0x01, 0xE0, 0xF0,
  0x0F, 0xC1, 0xE0, 0x3B, 0x83, 0xFB, 0xE7, 0xC3, 0xFF, 0x8F, 0xE3, 0xFC,
  0x1F, 0xC0, 0x00, 0x78, 0x00, 0x01, 0xF8, 0x00, 0x07, 0xF8, 0x00, 0x1E,
  0x78, 0x00, 0x70, 0x78, 0x03, 0xC0, 0x78, 0x03, 0x00, 0x30, 0x00, 0x00,
  0x00, 0x00, 0x00, 0x00, 0x00, 0x00, 0x00, 0x00, 0x00, 0x00, 0x00, 0x00,
  0x00, 0x7F, 0xE0, 0x07, 0xFF, 0xF0, 0x0F, 0xFF, 0xF0, 0x1C, 0x01, 0xF0,
  0x38, 0x01, 0xE0, 0x70, 0x03, 0xC0, 0xE0, 0x07, 0x80, 0x00, 0x0F, 0x00,
  0x00, 0x1E, 0x00, 0x00, 0x3C, 0x00, 0x00, 0x78, 0x00, 0x3F, 0xF0, 0x0F,
  0xFF, 0xE0, 0x7F, 0xFF, 0xC1, 0xF0, 0x07, 0x83, 0xC0, 0x0F, 0x07, 0x00,
  0x1E, 0x1E, 0x00, 0x3C, 0x3C, 0x00, 0x78, 0x78, 0x00, 0xF0, 0x78, 0x07,
  0xE0, 0xF0, 0x1D, 0xC1, 0xFD, 0xF3, 0xE1, 0xFF, 0xC7, 0xF1, 0xFE, 0x0F,
  0xE0, 0x03, 0x80, 0x80, 0x0F, 0xC1, 0x80, 0x3F, 0xE7, 0x00, 0xE3, 0xFC,
  0x01, 0x81, 0xF0, 0x00, 0x00, 0x80, 0x00, 0x00, 0x00, 0x00, 0x00, 0x00,
  0x00, 0x00, 0x00, 0x00, 0x00, 0x00, 0x00, 0x00, 0x00, 0x3F, 0xF0, 0x03,
  0xFF, 0xF8, 0x07, 0xFF, 0xF8, 0x0E, 0x00, 0xF8, 0x1C, 0x00, 0xF0, 0x38,
  0x01, 0xE0, 0x70, 0x03, 0xC0, 0x00, 0x07, 0x80, 0x00, 0x0F, 0x00, 0x00,
  0x1E, 0x00, 0x00, 0x3C, 0x00, 0x1F, 0xF8, 0x07, 0xFF, 0xF0, 0x3F, 0xFF,
  0xE0, 0xF8, 0x03, 0xC1, 0xE0, 0x07, 0x83, 0x80, 0x0F, 0x0F, 0x00, 0x1E,
  0x1E, 0x00, 0x3C, 0x3C, 0x00, 0x78, 0x3C, 0x03, 0xF0, 0x78, 0x0E, 0xE0,
  0xFE, 0xF9, 0xF0, 0xFF, 0xE3, 0xF8, 0xFF, 0x07, 0xF0, 0x0F, 0x03, 0x80,
  0x1E, 0x0F, 0x00, 0x3C, 0x1F, 0x00, 0x78, 0x3C, 0x00, 0x60, 0x30, 0x00,
  0x00, 0x00, 0x00, 0x00, 0x00, 0x00, 0x00, 0x00, 0x00, 0x00, 0x00, 0x00,
  0x00, 0x00, 0x1F, 0xF8, 0x01, 0xFF, 0xFC, 0x03, 0xFF, 0xFC, 0x07, 0x00,
  0x7C, 0x0E, 0x00, 0x78, 0x1C, 0x00, 0xF0, 0x38, 0x01, 0xE0, 0x00, 0x03,
  0xC0, 0x00, 0x07, 0x80, 0x00, 0x0F, 0x00, 0x00, 0x1E, 0x00, 0x0F, 0xFC,
  0x03, 0xFF, 0xF8, 0x1F, 0xFF, 0xF0, 0x7C, 0x01, 0xE0, 0xF0, 0x03, 0xC1,
  0xC0, 0x07, 0x87, 0x80, 0x0F, 0x0F, 0x00, 0x1E, 0x1E, 0x00, 0x3C, 0x1E,
  0x01, 0xF8, 0x3C, 0x07, 0x70, 0x7F, 0x7C, 0xF8, 0x7F, 0xF1, 0xFC, 0x7F,
  0x83, 0xF8, 0x00, 0xF8, 0x00, 0x03, 0xFC, 0x00, 0x0E, 0x38, 0x00, 0x18,
  0x38, 0x00, 0x30, 0x70, 0x00, 0x60, 0xC0, 0x00, 0xE3, 0x80, 0x00, 0xFE,
  0x00, 0x00, 0xF8, 0x00, 0x00, 0x00, 0x00, 0x00, 0x00, 0x00, 0x00, 0x00,
  0x00, 0x00, 0x00, 0x00, 0xFF, 0xC0, 0x0F, 0xFF, 0xE0, 0x1F, 0xFF, 0xE0,
  0x38, 0x03, 0xE0, 0x70, 0x03, 0xC0, 0xE0, 0x07, 0x81, 0xC0, 0x0F, 0x00,
  0x00, 0x1E, 0x00, 0x00, 0x3C, 0x00, 0x00, 0x78, 0x00, 0x00, 0xF0, 0x00,
  0x7F, 0xE0, 0x1F, 0xFF, 0xC0, 0xFF, 0xFF, 0x83, 0xE0, 0x0F, 0x07, 0x80,
  0x1E, 0x0E, 0x00, 0x3C, 0x3C, 0x00, 0x78, 0x78, 0x00, 0xF0, 0xF0, 0x01,
  0xE0, 0xF0, 0x0F, 0xC1, 0xE0, 0x3B, 0x83, 0xFB, 0xE7, 0xC3, 0xFF, 0x8F,
  0xE3, 0xFC, 0x1F, 0xC0, 0x07, 0xFE, 0x01, 0xFE, 0x03, 0xFF, 0xF0, 0x7F,
  0xF8, 0x3F, 0xFF, 0x8F, 0xFF, 0xC3, 0x80, 0x3D, 0xE0, 0x3E, 0x38, 0x01,
  0xFC, 0x01, 0xE3, 0x80, 0x1F, 0x80, 0x0F, 0x38, 0x01, 0xF0, 0x00, 0xF0,
  0x00, 0x1F, 0x00, 0x0F, 0x00, 0x01, 0xF0, 0x00, 0xF0, 0x00, 0x1E, 0x00,
  0x0F, 0x00, 0x01, 0xE0, 0x00, 0x70, 0x7F, 0xFF, 0xFF, 0xFF, 0x1F, 0xFF,
  0xFF, 0xFF, 0xF3, 0xFF, 0xFF, 0xFF, 0xFF, 0x7C, 0x01, 0xE0, 0x00, 0x07,
  0x80, 0x0E, 0x00, 0x00, 0x70, 0x00, 0xF0, 0x00, 0x0F, 0x00, 0x0F, 0x00,
  0x00, 0xF0, 0x00, 0xF0, 0x00, 0x0F, 0x00, 0x0F, 0x80, 0x00, 0x78, 0x01,
  0xFC, 0x00, 0x37, 0xC0, 0x7B, 0xE0, 0x0F, 0x3F, 0x3F, 0x1F, 0xFF, 0xE3,
  0xFF, 0xC0, 0xFF, 0xFC, 0x0F, 0xF0, 0x03, 0xFE, 0x00, 0x00, 0xFF, 0x80,
  0x3F, 0xFE, 0x0F, 0xFF, 0xF1, 0xF0, 0x0F, 0x3E, 0x00, 0x73, 0xC0, 0x07,
  0x78, 0x00, 0x77, 0x80, 0x07, 0x78, 0x00, 0x0F, 0x00, 0x00, 0xF0, 0x00,
  0x0F, 0x00, 0x00, 0xF0, 0x00, 0x0F, 0x00, 0x00, 0xF0, 0x00, 0x0F, 0x00,
  0x00, 0xF8, 0x00, 0x07, 0x80, 0x00, 0x78, 0x00, 0x07, 0xC0, 0x00, 0x3E,
  0x00, 0x31, 0xF0, 0x0F, 0x1F, 0xFF, 0xE0, 0x7F, 0xFC, 0x03, 0xFF, 0x00,
  0x03, 0x00, 0x00, 0x70, 0x00, 0x07, 0x00, 0x00, 0x7E, 0x00, 0x07, 0xF0,
  0x00, 0x07, 0x80, 0x00, 0x38, 0x00, 0x03, 0x80, 0x0C, 0xF8, 0x01, 0xFF,
  0x00, 0x0F, 0xC0, 0x00, 0x80, 0x00, 0x0E, 0x00, 0x00, 0xF8, 0x00, 0x03,
  0xE0, 0x00, 0x0F, 0xC0, 0x00, 0x1F, 0x00, 0x00, 0x7E, 0x00, 0x00, 0xE0,
  0x00, 0x01, 0x00, 0x00, 0x00, 0x00, 0x00, 0x00, 0x00, 0x00, 0x00, 0x00,
  0x00, 0x00, 0xFF, 0x80, 0x1F, 0xFF, 0x01, 0xFF, 0xFC, 0x1F, 0x01, 0xF1,
  0xF0, 0x07, 0x8F, 0x00, 0x1E, 0xF0, 0x00, 0xF7, 0x80, 0x07, 0xBC, 0x00,
  0x3D, 0xC0, 0x01, 0xFF, 0xFF, 0xFF, 0xFF, 0xFF, 0xFF, 0xFF, 0xFF, 0xFC,
  0x00, 0x01, 0xE0, 0x00, 0x0F, 0x00, 0x00, 0x3C, 0x00, 0x01, 0xE0, 0x00,
  0x0F, 0x00, 0x00, 0x7C, 0x00, 0x01, 0xF0, 0x00, 0x87, 0xC0, 0x1E, 0x3F,
  0xFF, 0xE0, 0x7F, 0xFC, 0x01, 0xFF, 0x80, 0x00, 0x01, 0x00, 0x00, 0x1C,
  0x00, 0x01, 0xF0, 0x00, 0x1F, 0x00, 0x03, 0xF0, 0x00, 0x3E, 0x00, 0x03,
  0xC0, 0x00, 0x3C, 0x00, 0x00, 0x80, 0x00, 0x00, 0x00, 0x00, 0x00, 0x00,
  0x00, 0x00, 0x00, 0x00, 0x00, 0x00, 0xFF, 0x80, 0x1F, 0xFF, 0x01, 0xFF,
  0xFC, 0x1F, 0x01, 0xF1, 0xF0, 0x07, 0x8F, 0x00, 0x1E, 0xF0, 0x00, 0xF7,
  0x80, 0x07, 0xBC, 0x00, 0x3D, 0xC0, 0x01, 0xFF, 0xFF, 0xFF, 0xFF, 0xFF,
  0xFF, 0xFF, 0xFF, 0xFC, 0x00, 0x01, 0xE0, 0x00, 0x0F, 0x00, 0x00, 0x3C,
  0x00, 0x01, 0xE0, 0x00, 0x0F, 0x00, 0x00, 0x7C, 0x00, 0x01, 0xF0, 0x00,
  0x87, 0xC0, 0x1E, 0x3F, 0xFF, 0xE0, 0x7F, 0xFC, 0x01, 0xFF, 0x80, 0x00,
  0x38, 0x00, 0x03, 0xE0, 0x00, 0x7F, 0x80, 0x07, 0xDE, 0x00, 0x78, 0x3C,
  0x07, 0x80, 0xF0, 0x38, 0x03, 0x80, 0x00, 0x00, 0x00, 0x00, 0x00, 0x00,
  0x00, 0x00, 0x00, 0x00, 0x00, 0x00, 0x00, 0x1F, 0xF0, 0x03, 0xFF, 0xE0,
  0x3F, 0xFF, 0x83, 0xE0, 0x3E, 0x3E, 0x00, 0xF1, 0xE0, 0x03, 0xDE, 0x00,
  0x1E, 0xF0, 0x00, 0xF7, 0x80, 0x07, 0xB8, 0x00, 0x3F, 0xFF, 0xFF, 0xFF,
  0xFF, 0xFF, 0xFF, 0xFF, 0xFF, 0x80, 0x00, 0x3C, 0x00, 0x01, 0xE0, 0x00,
  0x07, 0x80, 0x00, 0x3C, 0x00, 0x01, 0xE0, 0x00, 0x0F, 0x80, 0x00, 0x3E,
  0x00, 0x10, 0xF8, 0x03, 0xC7, 0xFF, 0xFC, 0x0F, 0xFF, 0x80, 0x3F, 0xF0,
  0x00, 0x07, 0x03, 0xC0, 0x3C, 0x1E, 0x03, 0xE0, 0xF0, 0x0F, 0x07, 0x80,
  0x30, 0x18, 0x00, 0x00, 0x00, 0x00, 0x00, 0x00, 0x00, 0x00, 0x00, 0x00,
  0x00, 0x00, 0x00, 0x00, 0x7F, 0xC0, 0x0F, 0xFF, 0x80, 0xFF, 0xFE, 0x0F,
  0x80, 0xF8, 0xF8, 0x03, 0xC7, 0x80, 0x0F, 0x78, 0x00, 0x7B, 0xC0, 0x03,
  0xDE, 0x00, 0x1E, 0xE0, 0x00, 0xFF, 0xFF, 0xFF, 0xFF, 0xFF, 0xFF, 0xFF,
  0xFF, 0xFE, 0x00, 0x00, 0xF0, 0x00, 0x07, 0x80, 0x00, 0x1E, 0x00, 0x00,
  0xF0, 0x00, 0x07, 0x80, 0x00, 0x3E, 0x00, 0x00, 0xF8, 0x00, 0x43, 0xE0,
  0x0F, 0x1F, 0xFF, 0xF0, 0x3F, 0xFE, 0x00, 0xFF, 0xC0, 0x20, 0x07, 0x00,
  0xF8, 0x07, 0xC0, 0x3F, 0x00, 0xF8, 0x07, 0xE0, 0x1C, 0x00, 0x80, 0x00,
  0x00, 0x00, 0x00, 0x00, 0x07, 0xF0, 0x7F, 0x07, 0xF0, 0x0F, 0x00, 0xF0,
  0x0F, 0x00, 0xF0, 0x0F, 0x00, 0xF0, 0x0F, 0x00, 0xF0, 0x0F, 0x00, 0xF0,
  0x0F, 0x00, 0xF0, 0x0F, 0x00, 0xF0, 0x0F, 0x00, 0xF0, 0x0F, 0x00, 0xF0,
  0x0F, 0x01, 0xFC, 0x7F, 0xF7, 0xFF, 0x00, 0x40, 0x0C, 0x01, 0xE0, 0x7F,
  0x0F, 0x81, 0xF0, 0x3C, 0x07, 0x80, 0x20, 0x00, 0x00, 0x00, 0x00, 0x00,
  0x00, 0x0F, 0xE0, 0xFE, 0x0F, 0xE0, 0x1E, 0x01, 0xE0, 0x1E, 0x01, 0xE0,
  0x1E, 0x01, 0xE0, 0x1E, 0x01, 0xE0, 0x1E, 0x01, 0xE0, 0x1E, 0x01, 0xE0,
  0x1E, 0x01, 0xE0, 0x1E, 0x01, 0xE0, 0x1E, 0x01, 0xE0, 0x1E, 0x03, 0xF8,
  0xFF, 0xEF, 0xFE, 0x07, 0x80, 0x3F, 0x01, 0xFE, 0x07, 0x3C, 0x38, 0x73,
  0xC0, 0xF6, 0x01, 0x80, 0x00, 0x00, 0x00, 0x00, 0x00, 0x00, 0x00, 0x00,
  0x3F, 0x80, 0xFE, 0x03, 0xF8, 0x01, 0xE0, 0x07, 0x80, 0x1E, 0x00, 0x78,
  0x01, 0xE0, 0x07, 0x80, 0x1E, 0x00, 0x78, 0x01, 0xE0, 0x07, 0x80, 0x1E,
  0x00, 0x78, 0x01, 0xE0, 0x07, 0x80, 0x1E, 0x00, 0x78, 0x01, 0xE0, 0x07,
  0x80, 0x1E, 0x00, 0xFE, 0x0F, 0xFE, 0x3F, 0xF8, 0x70, 0x3F, 0x83, 0xFE,
  0x1F, 0xE0, 0xF6, 0x03, 0x00, 0x00, 0x00, 0x00, 0x00, 0x00, 0x00, 0x00,
  0x0F, 0xE0, 0x7F, 0x03, 0xF8, 0x03, 0xC0, 0x1E, 0x00, 0xF0, 0x07, 0x80,
  0x3C, 0x01, 0xE0, 0x0F, 0x00, 0x78, 0x03, 0xC0, 0x1E, 0x00, 0xF0, 0x07,
  0x80, 0x3C, 0x01, 0xE0, 0x0F, 0x00, 0x78, 0x03, 0xC0, 0x1E, 0x00, 0xF0,
  0x0F, 0xE1, 0xFF, 0xCF, 0xFE, 0x0C, 0x00, 0x20, 0x0F, 0xC0, 0xE0, 0x3F,
  0xE3, 0xC0, 0x0F, 0xFE, 0x00, 0x03, 0xF8, 0x00, 0x03, 0xF0, 0x00, 0x1E,
  0xF0, 0x00, 0x78, 0xF0, 0x01, 0xC1, 0xE0, 0x01, 0x01, 0xE0, 0x00, 0x01,
  0xC0, 0x00, 0x03, 0xC0, 0x00, 0x03, 0x80, 0x3F, 0xC7, 0x01, 0xFF, 0xCF,
  0x07, 0xFF, 0xEE, 0x1F, 0x01, 0xDC, 0x7C, 0x00, 0xF8, 0xF0, 0x01, 0xFB,
  0xC0, 0x01, 0xF7, 0x80, 0x03, 0xEE, 0x00, 0x03, 0xFC, 0x00, 0x07, 0xF8,
  0x00, 0x0F, 0xF0, 0x00, 0x1F, 0xE0, 0x00, 0x3F, 0xC0, 0x00, 0x77, 0x80,
  0x00, 0xEF, 0x00, 0x03, 0xCF, 0x00, 0x07, 0x9E, 0x00, 0x0E, 0x3C, 0x00,
  0x3C, 0x3C, 0x00, 0xF0, 0x7C, 0x03, 0xE0, 0x7F, 0x3F, 0x80, 0x7F, 0xFE,
  0x00, 0x3F, 0xF0, 0x00, 0x00, 0x70, 0x10, 0x00, 0x3F, 0x83, 0x00, 0x07,
  0xFD, 0xE0, 0x01, 0xC7, 0xF8, 0x00, 0x70, 0x3E, 0x00, 0x00, 0x01, 0x00,
  0x00, 0x00, 0x00, 0x00, 0x00, 0x00, 0x00, 0x00, 0x00, 0x00, 0x00, 0x00,
  0x00, 0x00, 0x00, 0x00, 0x00, 0x7E, 0x07, 0xF8, 0x0F, 0xE3, 0xFF, 0x81,
  0xFC, 0xFF, 0xF8, 0x07, 0xF8, 0x1F, 0x80, 0xFC, 0x00, 0xF0, 0x1F, 0x00,
  0x1E, 0x03, 0xC0, 0x03, 0xC0, 0x78, 0x00, 0x78, 0x0F, 0x00, 0x07, 0x01,
  0xE0, 0x00, 0xE0, 0x3C, 0x00, 0x1C, 0x07, 0x80, 0x03, 0x80, 0xF0, 0x00,
  0x70, 0x1E, 0x00, 0x0E, 0x03, 0xC0, 0x01, 0xC0, 0x78, 0x00, 0x38, 0x0F,
  0x00, 0x07, 0x01, 0xE0, 0x00, 0xE0, 0x3C, 0x00, 0x1C, 0x07, 0x80, 0x03,
  0x80, 0xF0, 0x00, 0x70, 0x1E, 0x00, 0x0E, 0x07, 0xF0, 0x07, 0xF3, 0xFF,
  0x83, 0xFF, 0xFF, 0xF0, 0x7F, 0xF0, 0x00, 0x80, 0x00, 0x03, 0x80, 0x00,
  0x0F, 0x80, 0x00, 0x0F, 0xC0, 0x00, 0x07, 0xC0, 0x00, 0x07, 0xC0, 0x00,
  0x03, 0xE0, 0x00, 0x03, 0x80, 0x00, 0x01, 0x00, 0x00, 0x00, 0x00, 0x00,
  0x00, 0x00, 0x00, 0x00, 0x00, 0x00, 0x00, 0x00, 0x3F, 0xE0, 0x01, 0xFF,
  0xF0, 0x07, 0xFF, 0xF0, 0x1F, 0x01, 0xF0, 0x7C, 0x00, 0xF0, 0xF0, 0x01,
  0xF3, 0xC0, 0x01, 0xE7, 0x80, 0x03, 0xCF, 0x00, 0x03, 0xFC, 0x00, 0x07,
  0xF8, 0x00, 0x0F, 0xF0, 0x00, 0x1F, 0xE0, 0x00, 0x3F, 0xC0, 0x00, 0x7F,
  0x80, 0x00, 0xFF, 0x00, 0x01, 0xFE, 0x00, 0x07, 0x9E, 0x00, 0x0F, 0x3C,
  0x00, 0x1E, 0x7C, 0x00, 0x78, 0x78, 0x01, 0xF0, 0xF8, 0x07, 0xC0, 0xFE,
  0x7F, 0x00, 0xFF, 0xFC, 0x00, 0x7F, 0xE0, 0x00, 0x00, 0x01, 0x00, 0x00,
  0x07, 0x00, 0x00, 0x1F, 0x00, 0x00, 0x7C, 0x00, 0x03, 0xF0, 0x00, 0x0F,
  0x80, 0x00, 0x7E, 0x00, 0x00, 0x70, 0x00, 0x00, 0x80, 0x00, 0x00, 0x00,
  0x00, 0x00, 0x00, 0x00, 0x00, 0x00, 0x00, 0x00, 0x00, 0x00, 0x3F, 0xE0,
  0x01, 0xFF, 0xF0, 0x07, 0xFF, 0xF0, 0x1F, 0x01, 0xF0, 0x7C, 0x00, 0xF0,
  0xF0, 0x01, 0xF3, 0xC0, 0x01, 0xE7, 0x80, 0x03, 0xCF, 0x00, 0x03, 0xFC,
  0x00, 0x07, 0xF8, 0x00, 0x0F, 0xF0, 0x00, 0x1F, 0xE0, 0x00, 0x3F, 0xC0,
  0x00, 0x7F, 0x80, 0x00, 0xFF, 0x00, 0x01, 0xFE, 0x00, 0x07, 0x9E, 0x00,
  0x0F, 0x3C, 0x00, 0x1E, 0x7C, 0x00, 0x78, 0x78, 0x01, 0xF0, 0xF8, 0x07,
  0xC0, 0xFE, 0x7F, 0x00, 0xFF, 0xFC, 0x00, 0x7F, 0xE0, 0x00, 0x00, 0x38,
  0x00, 0x00, 0xF8, 0x00, 0x03, 0xF8, 0x00, 0x1F, 0x7C, 0x00, 0x78, 0x3C,
  0x01, 0xE0, 0x3C, 0x03, 0x80, 0x38, 0x00, 0x00, 0x00, 0x00, 0x00, 0x00,
  0x00, 0x00, 0x00, 0x00, 0x00, 0x00, 0x00, 0x00, 0x00, 0x1F, 0xF0, 0x00,
  0xFF, 0xF8, 0x03, 0xFF, 0xF8, 0x0F, 0x80, 0xF8, 0x3E, 0x00, 0x78, 0x78,
  0x00, 0xF9, 0xE0, 0x00, 0xF3, 0xC0, 0x01, 0xE7, 0x80, 0x01, 0xFE, 0x00,
  0x03, 0xFC, 0x00, 0x07, 0xF8, 0x00, 0x0F, 0xF0, 0x00, 0x1F, 0xE0, 0x00,
  0x3F, 0xC0, 0x00, 0x7F, 0x80, 0x00, 0xFF, 0x00, 0x03, 0xCF, 0x00, 0x07,
  0x9E, 0x00, 0x0F, 0x3E, 0x00, 0x3C, 0x3C, 0x00, 0xF8, 0x7C, 0x03, 0xE0,
  0x7F, 0x3F, 0x80, 0x7F, 0xFE, 0x00, 0x3F, 0xF0, 0x00, 0x01, 0xC0, 0x40,
  0x0F, 0xE0, 0xC0, 0x1F, 0xF7, 0x80, 0x71, 0xFE, 0x00, 0xC0, 0xF8, 0x00,
  0x00, 0x40, 0x00, 0x00, 0x00, 0x00, 0x00, 0x00, 0x00, 0x00, 0x00, 0x00,
  0x00, 0x00, 0x00, 0x00, 0x00, 0x0F, 0xF8, 0x00, 0x7F, 0xFC, 0x01, 0xFF,
  0xFC, 0x07, 0xC0, 0x7C, 0x1F, 0x00, 0x3C, 0x3C, 0x00, 0x7C, 0xF0, 0x00,
  0x79, 0xE0, 0x00, 0xF3, 0xC0, 0x00, 0xFF, 0x00, 0x01, 0xFE, 0x00, 0x03,
  0xFC, 0x00, 0x07, 0xF8, 0x00, 0x0F, 0xF0, 0x00, 0x1F, 0xE0, 0x00, 0x3F,
  0xC0, 0x00, 0x7F, 0x80, 0x01, 0xE7, 0x80, 0x03, 0xCF, 0x00, 0x07, 0x9F,
  0x00, 0x1E, 0x1E, 0x00, 0x7C, 0x3E, 0x01, 0xF0, 0x3F, 0x9F, 0xC0, 0x3F,
  0xFF, 0x00, 0x1F, 0xF8, 0x00, 0x07, 0x01, 0xC0, 0x0F, 0x07, 0x80, 0x1E,
  0x0F, 0x00, 0x3C, 0x1E, 0x00, 0x30, 0x18, 0x00, 0x00, 0x00, 0x00, 0x00,
  0x00, 0x00, 0x00, 0x00, 0x00, 0x00, 0x00, 0x00, 0x00, 0x00, 0x07, 0xFC,
  0x00, 0x3F, 0xFE, 0x00, 0xFF, 0xFE, 0x03, 0xE0, 0x3E, 0x0F, 0x80, 0x1E,
  0x1E, 0x00, 0x3E, 0x78, 0x00, 0x3C, 0xF0, 0x00, 0x79, 0xE0, 0x00, 0x7F,
  0x80, 0x00, 0xFF, 0x00, 0x01, 0xFE, 0x00, 0x03, 0xFC, 0x00, 0x07, 0xF8,
  0x00, 0x0F, 0xF0, 0x00, 0x1F, 0xE0, 0x00, 0x3F, 0xC0, 0x00, 0xF3, 0xC0,
  0x01, 0xE7, 0x80, 0x03, 0xCF, 0x80, 0x0F, 0x0F, 0x00, 0x3E, 0x1F, 0x00,
  0xF8, 0x1F, 0xCF, 0xE0, 0x1F, 0xFF, 0x80, 0x0F, 0xFC, 0x00, 0x00, 0x30,
  0x00, 0x03, 0xC0, 0x00, 0x3E, 0x00, 0x00, 0xF0, 0x00, 0x07, 0x80, 0x00,
  0x00, 0x00, 0x00, 0x00, 0x00, 0x00, 0x00, 0x00, 0x00, 0x07, 0xFF, 0xFF,
  0xFF, 0xFF, 0xFF, 0xFF, 0xFF, 0xF0, 0x00, 0x00, 0x00, 0x00, 0x00, 0x00,
  0x00, 0x00, 0x00, 0x00, 0x00, 0x30, 0x00, 0x03, 0xC0, 0x00, 0x3E, 0x00,
  0x00, 0xF0, 0x00, 0x07, 0x80, 0x00, 0x00, 0x00, 0x08, 0x00, 0x00, 0x18,
  0x00, 0x00, 0x70, 0x00, 0x01, 0xC0, 0x0F, 0xF3, 0x80, 0x7F, 0xFE, 0x03,
  0xFF, 0xF8, 0x0F, 0x80, 0xF8, 0x3E, 0x00, 0xF8, 0x78, 0x03, 0xF9, 0xE0,
  0x0E, 0xF3, 0xC0, 0x19, 0xE7, 0x80, 0x61, 0xEE, 0x00, 0xC3, 0xFC, 0x03,
  0x07, 0xF8, 0x0E, 0x0F, 0xF0, 0x18, 0x1F, 0xE0, 0x60, 0x3F, 0xC1, 0xC0,
  0x7F, 0x83, 0x00, 0xF7, 0x8E, 0x01, 0xCF, 0x18, 0x07, 0x9E, 0x60, 0x0F,
  0x3F, 0xC0, 0x3C, 0x3F, 0x00, 0xF8, 0x3C, 0x03, 0xE0, 0x7F, 0x3F, 0x80,
  0x7F, 0xFE, 0x01, 0xFF, 0xF0, 0x07, 0x00, 0x00, 0x0E, 0x00, 0x00, 0x38,
  0x00, 0x00, 0x20, 0x00, 0x00, 0x00, 0x20, 0x00, 0x00, 0x0E, 0x00, 0x00,
  0x03, 0xE0, 0x00, 0x00, 0x3E, 0x00, 0x00, 0x03, 0xE0, 0x00, 0x00, 0x1F,
  0x00, 0x00, 0x01, 0xF0, 0x00, 0x00, 0x0E, 0x00, 0x00, 0x00, 0x80, 0x00,
  0x00, 0x00, 0x00, 0x00, 0x00, 0x00, 0x00, 0x00, 0x00, 0x00, 0x00, 0x00,
  0x01, 0xFC, 0x01, 0xFC, 0x3F, 0x80, 0x3F, 0x87, 0xF0, 0x03, 0xF0, 0x1E,
  0x00, 0x0E, 0x03, 0xC0, 0x01, 0xC0, 0x78, 0x00, 0x38, 0x0F, 0x00, 0x07,
  0x01, 0xE0, 0x00, 0xE0, 0x3C, 0x00, 0x1C, 0x07, 0x80, 0x03, 0x80, 0xF0,
  0x00, 0x70, 0x1E, 0x00, 0x0E, 0x03, 0xC0, 0x01, 0xC0, 0x78, 0x00, 0x38,
  0x0F, 0x00, 0x07, 0x01, 0xE0, 0x00, 0xE0, 0x3C, 0x00, 0x1C, 0x07, 0x80,
  0x03, 0x80, 0xF0, 0x00, 0x70, 0x0F, 0x00, 0x1E, 0x01, 0xE0, 0x07, 0xC0,
  0x3E, 0x03, 0xF8, 0x03, 0xFF, 0xE7, 0xC0, 0x7F, 0xF8, 0xFE, 0x03, 0xFC,
  0x1F, 0xC0, 0x00, 0x00, 0x40, 0x00, 0x00, 0x18, 0x00, 0x00, 0x07, 0x80,
  0x00, 0x03, 0xF8, 0x00, 0x00, 0xF8, 0x00, 0x00, 0x3E, 0x00, 0x00, 0x1F,
  0x00, 0x00, 0x03, 0x80, 0x00, 0x00, 0x20, 0x00, 0x00, 0x00, 0x00, 0x00,
  0x00, 0x00, 0x00, 0x00, 0x00, 0x00, 0x00, 0x00, 0x00, 0x01, 0xFC, 0x01,
  0xFC, 0x3F, 0x80, 0x3F, 0x87, 0xF0, 0x03, 0xF0, 0x1E, 0x00, 0x0E, 0x03,
  0xC0, 0x01, 0xC0, 0x78, 0x00, 0x38, 0x0F, 0x00, 0x07, 0x01, 0xE0, 0x00,
  0xE0, 0x3C, 0x00, 0x1C, 0x07, 0x80, 0x03, 0x80, 0xF0, 0x00, 0x70, 0x1E,
  0x00, 0x0E, 0x03, 0xC0, 0x01, 0xC0, 0x78, 0x00, 0x38, 0x0F, 0x00, 0x07,
  0x01, 0xE0, 0x00, 0xE0, 0x3C, 0x00, 0x1C, 0x07, 0x80, 0x03, 0x80, 0xF0,
  0x00, 0x70, 0x0F, 0x00, 0x1E, 0x01, 0xE0, 0x07, 0xC0, 0x3E, 0x03, 0xF8,
  0x03, 0xFF, 0xE7, 0xC0, 0x7F, 0xF8, 0xFE, 0x03, 0xFC, 0x1F, 0xC0, 0x00,
  0x1E, 0x00, 0x00, 0x07, 0xE0, 0x00, 0x01, 0xFE, 0x00, 0x00, 0x79, 0xE0,
  0x00, 0x1E, 0x1E, 0x00, 0x07, 0x80, 0xF0, 0x00, 0xC0, 0x0C, 0x00, 0x00,
  0x00, 0x00, 0x00, 0x00, 0x00, 0x00, 0x00, 0x00, 0x00, 0x00, 0x00, 0x00,
  0x00, 0x00, 0x00, 0x0F, 0xE0, 0x0F, 0xE1, 0xFC, 0x01, 0xFC, 0x3F, 0x80,
  0x1F, 0x80, 0xF0, 0x00, 0x70, 0x1E, 0x00, 0x0E, 0x03, 0xC0, 0x01, 0xC0,
  0x78, 0x00, 0x38, 0x0F, 0x00, 0x07, 0x01, 0xE0, 0x00, 0xE0, 0x3C, 0x00,
  0x1C, 0x07, 0x80, 0x03, 0x80, 0xF0, 0x00, 0x70, 0x1E, 0x00, 0x0E, 0x03,
  0xC0, 0x01, 0xC0, 0x78, 0x00, 0x38, 0x0F, 0x00, 0x07, 0x01, 0xE0, 0x00,
  0xE0, 0x3C, 0x00, 0x1C, 0x07, 0x80, 0x03, 0x80, 0x78, 0x00, 0xF0, 0x0F,
  0x00, 0x3E, 0x01, 0xF0, 0x1F, 0xC0, 0x1F, 0xFF, 0x3E, 0x03, 0xFF, 0xC7,
  0xF0, 0x1F, 0xE0, 0xFE, 0x01, 0xC0, 0xE0, 0x00, 0x7C, 0x1E, 0x00, 0x0F,
  0x87, 0xC0, 0x01, 0xE0, 0x78, 0x00, 0x1C, 0x06, 0x00, 0x00, 0x00, 0x00,
  0x00, 0x00, 0x00, 0x00, 0x00, 0x00, 0x00, 0x00, 0x00, 0x00, 0x00, 0x00,
  0x00, 0x03, 0xF8, 0x03, 0xF8, 0x7F, 0x00, 0x7F, 0x0F, 0xE0, 0x07, 0xE0,
  0x3C, 0x00, 0x1C, 0x07, 0x80, 0x03, 0x80, 0xF0, 0x00, 0x70, 0x1E, 0x00,
  0x0E, 0x03, 0xC0, 0x01, 0xC0, 0x78, 0x00, 0x38, 0x0F, 0x00, 0x07, 0x01,
  0xE0, 0x00, 0xE0, 0x3C, 0x00, 0x1C, 0x07, 0x80, 0x03, 0x80, 0xF0, 0x00,
  0x70, 0x1E, 0x00, 0x0E, 0x03, 0xC0, 0x01, 0xC0, 0x78, 0x00, 0x38, 0x0F,
  0x00, 0x07, 0x01, 0xE0, 0x00, 0xE0, 0x1E, 0x00, 0x3C, 0x03, 0xC0, 0x0F,
  0x80, 0x7C, 0x07, 0xF0, 0x07, 0xFF, 0xCF, 0x80, 0xFF, 0xF1, 0xFC, 0x07,
  0xF8, 0x3F, 0x80, 0x00, 0x00, 0x80, 0x00, 0x00, 0xE0, 0x00, 0x00, 0xF8,
  0x00, 0x00, 0xF8, 0x00, 0x01, 0xF8, 0x00, 0x01, 0xF0, 0x00, 0x01, 0xE0,
  0x00, 0x01, 0xE0, 0x00, 0x00, 0x40, 0x00, 0x00, 0x00, 0x00, 0x00, 0x00,
  0x00, 0x00, 0x00, 0x00, 0x00, 0x00, 0x00, 0x07, 0xFE, 0x0F, 0xFF, 0xFF,
  0x07, 0xFE, 0xFC, 0x01, 0xFC, 0x1C, 0x00, 0x1C, 0x0F, 0x00, 0x1E, 0x07,
  0x80, 0x0E, 0x01, 0xE0, 0x07, 0x00, 0xF0, 0x07, 0x80, 0x38, 0x03, 0x80,
  0x1E, 0x01, 0xC0, 0x0F, 0x01, 0xC0, 0x03, 0x80, 0xE0, 0x01, 0xE0, 0xF0,
  0x00, 0xF0, 0x70, 0x00, 0x38, 0x38, 0x00, 0x1E, 0x3C, 0x00, 0x07, 0x1C,
  0x00, 0x03, 0x8E, 0x00, 0x01, 0xEF, 0x00, 0x00, 0x77, 0x00, 0x00, 0x3B,
  0x80, 0x00, 0x0F, 0x80, 0x00, 0x07, 0xC0, 0x00, 0x03, 0xE0, 0x00, 0x00,
  0xE0, 0x00, 0x00, 0x70, 0x00, 0x00, 0x78, 0x00, 0x00, 0x38, 0x00, 0x00,
  0x3C, 0x00, 0x00, 0x1C, 0x00, 0x00, 0x1E, 0x00, 0x00, 0x0E, 0x00, 0x00,
  0x1F, 0x00, 0x01, 0xFF, 0x00, 0x00, 0xFF, 0x00, 0x00, 0x7E, 0x00, 0x00,
  0x00, 0xFE, 0x00, 0x00, 0xFE, 0x00, 0x00, 0x7E, 0x00, 0x00, 0x1E, 0x00,
  0x00, 0x1E, 0x00, 0x00, 0x1E, 0x00, 0x00, 0x1E, 0x00, 0x00, 0x1E, 0x00,
  0x00, 0x1E, 0x00, 0x00, 0x1E, 0x00, 0x00, 0x1E, 0x00, 0x00, 0x1E, 0x1F,
  0xC0, 0x1E, 0x7F, 0xF0, 0x1E, 0xFF, 0xF8, 0x1F, 0xC0, 0xFC, 0x1F, 0x00,
  0x3C, 0x1E, 0x00, 0x3E, 0x1E, 0x00, 0x1E, 0x1E, 0x00, 0x1F, 0x1E, 0x00,
  0x0F, 0x1E, 0x00, 0x0F, 0x1E, 0x00, 0x0F, 0x1E, 0x00, 0x0F, 0x1E, 0x00,
  0x0F, 0x1E, 0x00, 0x0F, 0x1E, 0x00, 0x0F, 0x1E, 0x00, 0x0F, 0x1E, 0x00,
  0x0F, 0x1E, 0x00, 0x1E, 0x1E, 0x00, 0x1E, 0x1E, 0x00, 0x3E, 0x1E, 0x00,
  0x3C, 0x1E, 0x00, 0xF8, 0x1F, 0xC3, 0xF0, 0x1F, 0xFF, 0xE0, 0x1F, 0xFF,
  0x80, 0x1E, 0x00, 0x00, 0x1E, 0x00, 0x00, 0x1E, 0x00, 0x00, 0x1E, 0x00,
  0x00, 0x1E, 0x00, 0x00, 0x1E, 0x00, 0x00, 0x1E, 0x00, 0x00, 0x1E, 0x00,
  0x00, 0x7F, 0xC0, 0x00, 0xFF, 0xE0, 0x00, 0xFF, 0xE0, 0x00, 0x03, 0x81,
  0xE0, 0x01, 0xE0, 0xF0, 0x01, 0xF0, 0x78, 0x00, 0x78, 0x3C, 0x00, 0x38,
  0x0C, 0x00, 0x00, 0x00, 0x00, 0x00, 0x00, 0x00, 0x00, 0x00, 0x00, 0x00,
  0x00, 0x00, 0x00, 0x00, 0x00, 0x3F, 0xF0, 0x7F, 0xFF, 0xF8, 0x3F, 0xF7,
  0xE0, 0x0F, 0xE0, 0xE0, 0x00, 0xE0, 0x78, 0x00, 0xF0, 0x3C, 0x00, 0x70,
  0x0F, 0x00, 0x38, 0x07, 0x80, 0x3C, 0x01, 0xC0, 0x1C, 0x00, 0xF0, 0x0E,
  0x00, 0x78, 0x0E, 0x00, 0x1C, 0x07, 0x00, 0x0F, 0x07, 0x80, 0x07, 0x83,
  0x80, 0x01, 0xC1, 0xC0, 0x00, 0xF1, 0xE0, 0x00, 0x38, 0xE0, 0x00, 0x1C,
  0x70, 0x00, 0x0F, 0x78, 0x00, 0x03, 0xB8, 0x00, 0x01, 0xDC, 0x00, 0x00,
  0x7C, 0x00, 0x00, 0x3E, 0x00, 0x00, 0x1F, 0x00, 0x00, 0x07, 0x00, 0x00,
  0x03, 0x80, 0x00, 0x03, 0xC0, 0x00, 0x01, 0xC0, 0x00, 0x01, 0xE0, 0x00,
  0x00, 0xE0, 0x00, 0x00, 0xF0, 0x00, 0x00, 0x70, 0x00, 0x00, 0xF8, 0x00,
  0x0F, 0xF8, 0x00, 0x07, 0xF8, 0x00, 0x03, 0xF0, 0x00, 0x00 };

const GFXglyph Bitter_24pt8bGlyphs[] PROGMEM = {
  {     0,   1,   1,   9,    0,    0 }, // 0x20 ' '
  {     1,   5,  33,  16,    5,  -32 }, // 0x21 '!'
  {    22,  10,  11,  18,    4,  -35 }, // 0x22 '"'
  {    36,  27,  33,  31,    2,  -32 }, // 0x23 '#'
  {   148,  22,  45,  29,    4,  -38 }, // 0x24 '$'
  {   272,  34,  33,  40,    3,  -32 }, // 0x25 '%'
  {   413,  26,  33,  32,    4,  -32 }, // 0x26 '&'
  {   521,   3,  11,  11,    4,  -35 }, // 0x27 '''
  {   526,  11,  47,  14,    3,  -40 }, // 0x28 '('
  {   591,  11,  47,  14,    1,  -40 }, // 0x29 ')'
  {   656,  15,  15,  23,    4,  -35 }, // 0x2A '*'
  {   685,  22,  23,  27,    2,  -27 }, // 0x2B '+'
  {   749,   6,  12,  11,    2,   -4 }, // 0x2C ','
  {   758,  13,   3,  22,    4,  -14 }, // 0x2D '-'
  {   763,   5,   5,  10,    2,   -4 }, // 0x2E '.'
  {   767,  15,  42,  15,    0,  -37 }, // 0x2F '/'
  {   846,  24,  33,  30,    3,  -32 }, // 0x30 '0'
  {   945,  18,  33,  19,    1,  -32 }, // 0x31 '1'
  {  1020,  21,  33,  26,    2,  -32 }, // 0x32 '2'
  {  1107,  22,  33,  27,    2,  -32 }, // 0x33 '3'
  {  1198,  26,  33,  27,    1,  -32 }, // 0x34 '4'
  {  1306,  21,  33,  25,    2,  -32 }, // 0x35 '5'
  {  1393,  23,  33,  28,    3,  -32 }, // 0x36 '6'
  {  1488,  22,  33,  24,    1,  -32 }, // 0x37 '7'
  {  1579,  22,  33,  28,    3,  -32 }, // 0x38 '8'
  {  1670,  23,  33,  28,    2,  -32 }, // 0x39 '9'
  {  1765,   5,  22,  10,    2,  -21 }, // 0x3A ':'
  {  1779,   7,  29,  10,    1,  -21 }, // 0x3B ';'
  {  1805,  20,  21,  26,    3,  -26 }, // 0x3C '<'
  {  1858,  21,  12,  26,    2,  -21 }, // 0x3D '='
  {  1890,  21,  19,  26,    3,  -25 }, // 0x3E '>'
  {  1940,  16,  33,  20,    2,  -32 }, // 0x3F '?'
  {  2006,  35,  35,  41,    3,  -29 }, // 0x40 '@'
  {  2160,  33,  33,  33,    0,  -32 }, // 0x41 'A'
  {  2297,  25,  33,  30,    2,  -32 }, // 0x42 'B'
  {  2401,  25,  33,  30,    3,  -32 }, // 0x43 'C'
  {  2505,  29,  33,  34,    2,  -32 }, // 0x44 'D'
  {  2625,  24,  33,  29,    2,  -32 }, // 0x45 'E'
  {  2724,  23,  33,  27,    2,  -32 }, // 0x46 'F'
  {  2819,  30,  33,  35,    3,  -32 }, // 0x47 'G'
  {  2943,  33,  33,  37,    2,  -32 }, // 0x48 'H'
  {  3080,  12,  33,  17,    2,  -32 }, // 0x49 'I'
  {  3130,  15,  40,  16,   -1,  -32 }, // 0x4A 'J'
  {  3205,  31,  33,  33,    2,  -32 }, // 0x4B 'K'
  {  3333,  23,  33,  26,    2,  -32 }, // 0x4C 'L'
  {  3428,  38,  33,  42,    2,  -32 }, // 0x4D 'M'
  {  3585,  34,  33,  37,    2,  -32 }, // 0x4E 'N'
  {  3726,  29,  33,  35,    3,  -32 }, // 0x4F 'O'
  {  3846,  24,  33,  28,    2,  -32 }, // 0x50 'P'
  {  3945,  35,  41,  35,    3,  -32 }, // 0x51 'Q'
  {  4125,  28,  33,  31,    2,  -32 }, // 0x52 'R'
  {  4241,  22,  33,  28,    3,  -32 }, // 0x53 'S'
  {  4332,  25,  33,  28,    1,  -32 }, // 0x54 'T'
  {  4436,  33,  33,  35,    1,  -32 }, // 0x55 'U'
  {  4573,  32,  33,  33,    0,  -32 }, // 0x56 'V'
  {  4705,  48,  33,  48,    0,  -32 }, // 0x57 'W'
  {  4903,  31,  33,  33,    1,  -32 }, // 0x58 'X'
  {  5031,  30,  33,  30,    0,  -32 }, // 0x59 'Y'
  {  5155,  25,  33,  29,    2,  -32 }, // 0x5A 'Z'
  {  5259,  11,  45,  16,    5,  -39 }, // 0x5B '['
  {  5321,  15,  42,  15,    0,  -37 }, // 0x5C '\'
  {  5400,  10,  45,  16,    1,  -39 }, // 0x5D ']'
  {  5457,  20,  16,  26,    3,  -40 }, // 0x5E '^'
  {  5497,  23,   3,  23,    0,    4 }, // 0x5F '_'
  {  5506,  10,   9,  15,    2,  -37 }, // 0x60 '`'
  {  5518,  23,  25,  26,    2,  -24 }, // 0x61 'a'
  {  5590,  25,  36,  27,    0,  -35 }, // 0x62 'b'
  {  5703,  20,  25,  24,    2,  -24 }, // 0x63 'c'
  {  5766,  25,  36,  28,    2,  -35 }, // 0x64 'd'
  {  5879,  21,  25,  26,    2,  -24 }, // 0x65 'e'
  {  5945,  17,  37,  16,    2,  -36 }, // 0x66 'f'
  {  6024,  24,  36,  26,    1,  -24 }, // 0x67 'g'
  {  6132,  27,  36,  29,    1,  -35 }, // 0x68 'h'
  {  6254,  11,  35,  14,    2,  -34 }, // 0x69 'i'
  {  6303,  11,  46,  13,   -2,  -34 }, // 0x6A 'j'
  {  6367,  25,  36,  27,    1,  -35 }, // 0x6B 'k'
  {  6480,  11,  36,  14,    1,  -35 }, // 0x6C 'l'
  {  6530,  42,  25,  45,    2,  -24 }, // 0x6D 'm'
  {  6662,  27,  25,  30,    2,  -24 }, // 0x6E 'n'
  {  6747,  23,  25,  27,    2,  -24 }, // 0x6F 'o'
  {  6819,  25,  36,  28,    1,  -24 }, // 0x70 'p'
  {  6932,  25,  36,  27,    2,  -24 }, // 0x71 'q'
  {  7045,  18,  25,  21,    2,  -24 }, // 0x72 'r'
  {  7102,  17,  25,  22,    3,  -24 }, // 0x73 's'
  {  7156,  15,  31,  17,    1,  -30 }, // 0x74 't'
  {  7215,  27,  25,  29,    1,  -24 }, // 0x75 'u'
  {  7300,  25,  25,  25,    0,  -24 }, // 0x76 'v'
  {  7379,  38,  25,  38,    0,  -24 }, // 0x77 'w'
  {  7498,  25,  25,  26,    0,  -24 }, // 0x78 'x'
  {  7577,  25,  36,  25,    0,  -24 }, // 0x79 'y'
  {  7690,  19,  25,  23,    2,  -24 }, // 0x7A 'z'
  {  7750,  13,  45,  16,    2,  -39 }, // 0x7B '{'
  {  7824,   3,  43,  16,    6,  -37 }, // 0x7C '|'
  {  7841,  13,  45,  16,    1,  -39 }, // 0x7D '}'
  {  7915,  23,   7,  29,    3,  -19 }, // 0x7E '~'
  {  7936,  15,  47,  24,    4,  -35 }, // 0x7F 
  {  8025,  15,  47,  24,    4,  -35 }, // 0x80 
  {  8114,  15,  47,  24,    4,  -35 }, // 0x81 
  {  8203,  15,  47,  24,    4,  -35 }, // 0x82 
  {  8292,  15,  47,  24,    4,  -35 }, // 0x83 
  {  8381,  15,  47,  24,    4,  -35 }, // 0x84 
  {  8470,  15,  47,  24,    4,  -35 }, // 0x85 
  {  8559,  15,  47,  24,    4,  -35 }, // 0x86 
  {  8648,  15,  47,  24,    4,  -35 }, // 0x87 
  {  8737,  15,  47,  24,    4,  -35 }, // 0x88 
  {  8826,  15,  47,  24,    4,  -35 }, // 0x89 
  {  8915,  15,  47,  24,    4,  -35 }, // 0x8A 
  {  9004,  15,  47,  24,    4,  -35 }, // 0x8B 
  {  9093,  15,  47,  24,    4,  -35 }, // 0x8C 
  {  9182,  15,  47,  24,    4,  -35 }, // 0x8D 
  {  9271,  15,  47,  24,    4,  -35 }, // 0x8E 
  {  9360,  15,  47,  24,    4,  -35 }, // 0x8F 
  {  9449,  15,  47,  24,    4,  -35 }, // 0x90 
  {  9538,  15,  47,  24,    4,  -35 }, // 0x91 
  {  9627,  15,  47,  24,    4,  -35 }, // 0x92 
  {  9716,  15,  47,  24,    4,  -35 }, // 0x93 
  {  9805,  15,  47,  24,    4,  -35 }, // 0x94 
  {  9894,  15,  47,  24,    4,  -35 }, // 0x95 
  {  9983,  15,  47,  24,    4,  -35 }, // 0x96 
  { 10072,  15,  47,  24,    4,  -35 }, // 0x97 
  { 10161,  15,  47,  24,    4,  -35 }, // 0x98 
  { 10250,  15,  47,  24,    4,  -35 }, // 0x99 
  { 10339,  15,  47,  24,    4,  -35 }, // 0x9A 
  { 10428,  15,  47,  24,    4,  -35 }, // 0x9B 
  { 10517,  15,  47,  24,    4,  -35 }, // 0x9C 
  { 10606,  15,  47,  24,    4,  -35 }, // 0x9D 
  { 10695,  15,  47,  24,    4,  -35 }, // 0x9E 
  { 10784,  15,  47,  24,    4,  -35 }, // 0x9F 
  { 10873,   1,   1,   9,    0,    0 }, // 0xA0 
  { 10874,   5,  33,  16,    5,  -22 }, // 0xA1 '¡'
  { 10895,  20,  36,  27,    3,  -34 }, // 0xA2 '¢'
  { 10985,  23,  33,  32,    4,  -32 }, // 0xA3 '£'
  { 11080,  22,  21,  31,    5,  -24 }, // 0xA4 '¤'
  { 11138,  30,  33,  34,    2,  -32 }, // 0xA5 '¥'
  { 11262,   3,  43,  16,    6,  -37 }, // 0xA6 '¦'
  { 11279,  19,  41,  27,    4,  -32 }, // 0xA7 '§'
  { 11377,  13,   5,  21,    4,  -34 }, // 0xA8 '¨'
  { 11386,  34,  33,  42,    4,  -32 }, // 0xA9 '©'
  { 11527,  17,  25,  21,    2,  -32 }, // 0xAA 'ª'
  { 11581,  18,  19,  23,    3,  -21 }, // 0xAB '«'
  { 11624,  22,  13,  29,    3,  -17 }, // 0xAC '¬'
  { 11660,  15,  47,  24,    4,  -35 }, // 0xAD '­'
  { 11749,  28,  27,  35,    4,  -34 }, // 0xAE '®'
  { 11844,  12,   2,  20,    4,  -33 }, // 0xAF '¯'
  { 11847,  14,  14,  21,    2,  -34 }, // 0xB0 '°'
  { 11872,  21,  27,  28,    4,  -28 }, // 0xB1 '±'
  { 11943,  13,  20,  17,    2,  -35 }, // 0xB2 '²'
  { 11976,  14,  20,  17,    1,  -35 }, // 0xB3 '³'
  { 12011,  11,   9,  15,    3,  -37 }, // 0xB4 '´'
  { 12024,  27,  36,  31,    1,  -24 }, // 0xB5 'µ'
  { 12146,  22,  41,  28,    3,  -32 }, // 0xB6 '¶'
  { 12259,   5,   5,  10,    2,  -17 }, // 0xB7 '·'
  { 12263,  10,  11,  15,    3,    1 }, // 0xB8 '¸'
  { 12277,  11,  20,  13,    1,  -35 }, // 0xB9 '¹'
  { 12305,  17,  25,  23,    3,  -32 }, // 0xBA 'º'
  { 12359,  18,  19,  23,    3,  -21 }, // 0xBB '»'
  { 12402,  35,  33,  39,    2,  -32 }, // 0xBC '¼'
  { 12547,  36,  33,  40,    2,  -32 }, // 0xBD '½'
  { 12696,  38,  33,  41,    1,  -32 }, // 0xBE '¾'
  { 12853,  15,  33,  20,    2,  -24 }, // 0xBF '¿'
  { 12915,  33,  43,  33,    0,  -42 }, // 0xC0 'À'
  { 13093,  33,  43,  33,    0,  -42 }, // 0xC1 'Á'
  { 13271,  33,  42,  33,    0,  -41 }, // 0xC2 'Â'
  { 13445,  33,  41,  33,    0,  -40 }, // 0xC3 'Ã'
  { 13615,  33,  41,  33,    0,  -40 }, // 0xC4 'Ä'
  { 13785,  33,  43,  33,    0,  -42 }, // 0xC5 'Å'
  { 13963,  41,  33,  44,    0,  -32 }, // 0xC6 'Æ'
  { 14133,  25,  44,  30,    3,  -32 }, // 0xC7 'Ç'
  { 14271,  24,  43,  29,    2,  -42 }, // 0xC8 'È'
  { 14400,  24,  43,  29,    2,  -42 }, // 0xC9 'É'
  { 14529,  24,  42,  29,    2,  -41 }, // 0xCA 'Ê'
  { 14655,  24,  41,  29,    2,  -40 }, // 0xCB 'Ë'
  { 14778,  12,  43,  17,    2,  -42 }, // 0xCC 'Ì'
  { 14843,  12,  43,  17,    2,  -42 }, // 0xCD 'Í'
  { 14908,  16,  42,  17,    0,  -41 }, // 0xCE 'Î'
  { 14992,  14,  41,  17,    1,  -40 }, // 0xCF 'Ï'
  { 15064,  29,  33,  34,    2,  -32 }, // 0xD0 'Ð'
  { 15184,  34,  41,  37,    2,  -40 }, // 0xD1 'Ñ'
  { 15359,  29,  43,  35,    3,  -42 }, // 0xD2 'Ò'
  { 15515,  29,  43,  35,    3,  -42 }, // 0xD3 'Ó'
  { 15671,  29,  42,  35,    3,  -41 }, // 0xD4 'Ô'
  { 15824,  29,  41,  35,    3,  -40 }, // 0xD5 'Õ'
  { 15973,  29,  41,  35,    3,  -40 }, // 0xD6 'Ö'
  { 16122,  18,  19,  24,    3,  -25 }, // 0xD7 '×'
  { 16165,  29,  39,  35,    3,  -35 }, // 0xD8 'Ø'
  { 16307,  33,  43,  35,    1,  -42 }, // 0xD9 'Ù'
  { 16485,  33,  43,  35,    1,  -42 }, // 0xDA 'Ú'
  { 16663,  33,  42,  35,    1,  -41 }, // 0xDB 'Û'
  { 16837,  33,  41,  35,    1,  -40 }, // 0xDC 'Ü'
  { 17007,  30,  43,  30,    0,  -42 }, // 0xDD 'Ý'
  { 17169,  24,  33,  27,    2,  -32 }, // 0xDE 'Þ'
  { 17268,  28,  37,  31,    2,  -36 }, // 0xDF 'ß'
  { 17398,  23,  38,  26,    2,  -37 }, // 0xE0 'à'
  { 17508,  23,  38,  26,    2,  -37 }, // 0xE1 'á'
  { 17618,  23,  37,  26,    2,  -36 }, // 0xE2 'â'
  { 17725,  23,  36,  26,    2,  -35 }, // 0xE3 'ã'
  { 17829,  23,  35,  26,    2,  -34 }, // 0xE4 'ä'
  { 17930,  23,  38,  26,    2,  -37 }, // 0xE5 'å'
  { 18040,  36,  25,  41,    2,  -24 }, // 0xE6 'æ'
  { 18153,  20,  36,  24,    2,  -24 }, // 0xE7 'ç'
  { 18243,  21,  38,  26,    2,  -37 }, // 0xE8 'è'
  { 18343,  21,  38,  26,    2,  -37 }, // 0xE9 'é'
  { 18443,  21,  37,  26,    2,  -36 }, // 0xEA 'ê'
  { 18541,  21,  35,  26,    2,  -34 }, // 0xEB 'ë'
  { 18633,  12,  38,  14,    1,  -37 }, // 0xEC 'ì'
  { 18690,  12,  38,  14,    2,  -37 }, // 0xED 'í'
  { 18747,  14,  37,  14,    0,  -36 }, // 0xEE 'î'
  { 18812,  13,  35,  14,    0,  -34 }, // 0xEF 'ï'
  { 18869,  23,  37,  28,    2,  -36 }, // 0xF0 'ð'
  { 18976,  27,  36,  30,    2,  -35 }, // 0xF1 'ñ'
  { 19098,  23,  38,  27,    2,  -37 }, // 0xF2 'ò'
  { 19208,  23,  38,  27,    2,  -37 }, // 0xF3 'ó'
  { 19318,  23,  37,  27,    2,  -36 }, // 0xF4 'ô'
  { 19425,  23,  36,  27,    2,  -35 }, // 0xF5 'õ'
  { 19529,  23,  35,  27,    2,  -34 }, // 0xF6 'ö'
  { 19630,  21,  21,  26,    2,  -26 }, // 0xF7 '÷'
  { 19686,  23,  33,  27,    2,  -28 }, // 0xF8 'ø'
  { 19781,  27,  38,  29,    1,  -37 }, // 0xF9 'ù'
  { 19910,  27,  38,  29,    1,  -37 }, // 0xFA 'ú'
  { 20039,  27,  37,  29,    1,  -36 }, // 0xFB 'û'
  { 20164,  27,  35,  29,    1,  -34 }, // 0xFC 'ü'
  { 20283,  25,  49,  25,    0,  -37 }, // 0xFD 'ý'
  { 20437,  24,  47,  27,    1,  -35 }, // 0xFE 'þ'
  { 20578,  25,  46,  25,    0,  -34 } }; // 0xFF 'ÿ'

const GFXfont Bitter_24pt8b PROGMEM = {
  (uint8_t  *)Bitter_24pt8bBitmaps,
  (GFXglyph *)Bitter_24pt8bGlyphs,
  0x20, 0xFF, 56 };

// Approx. 22297 bytes
