const uint8_t Bitter_20pt8bBitmaps[] PROGMEM = {
  0x00, 0x73, 0x9C, 0xE7, 0x39, 0xCE, 0x73, 0x9C, 0xE7, 0x39, 0xCE, 0x73,
  0x80, 0x00, 0x00, 0x0E, 0x77, 0xDC, 0xE3, 0xF1, 0xF8, 0xFC, 0x7E, 0x3F,
  0x1F, 0x8F, 0xC7, 0xE3, 0x80, 0x01, 0xC0, 0xE0, 0x06, 0x03, 0x80, 0x18,
  0x0E, 0x00, 0xE0, 0x38, 0x03, 0x80, 0xC0, 0x0E, 0x03, 0x00, 0x38, 0x0C,
  0x0F, 0xFF, 0xFF, 0x3F, 0xFF, 0xFC, 0x0C, 0x07, 0x00, 0x70, 0x1C, 0x01,
  0xC0, 0x60, 0x07, 0x01, 0x80, 0x1C, 0x06, 0x00, 0x60, 0x38, 0x01, 0x80,
  0xE0, 0x06, 0x03, 0x83, 0xFF, 0xFF, 0xEF, 0xFF, 0xFF, 0x83, 0x80, 0xC0,
  0x0E, 0x03, 0x00, 0x30, 0x1C, 0x00, 0xC0, 0x70, 0x03, 0x01, 0xC0, 0x1C,
  0x07, 0x00, 0x70, 0x18, 0x01, 0xC0, 0x60, 0x00, 0x00, 0xE0, 0x00, 0x38,
  0x00, 0x0E, 0x00, 0x03, 0x80, 0x00, 0xE0, 0x00, 0xFF, 0x81, 0xFF, 0xFC,
  0xFC, 0x3F, 0x78, 0x01, 0xDC, 0x00, 0x67, 0x00, 0x19, 0xC0, 0x06, 0x70,
  0x01, 0x9C, 0x00, 0x07, 0x80, 0x00, 0xF8, 0x00, 0x3F, 0xC0, 0x03, 0xFE,
  0x00, 0x3F, 0xE0, 0x01, 0xFC, 0x00, 0x0F, 0x80, 0x00, 0xF0, 0x00, 0x1C,
  0x00, 0x07, 0xE0, 0x01, 0xF8, 0x00, 0x7E, 0x00, 0x1F, 0x80, 0x0F, 0xF0,
  0x07, 0xBF, 0xFF, 0xC7, 0xFF, 0xC0, 0x1F, 0xC0, 0x00, 0xE0, 0x00, 0x38,
  0x00, 0x0E, 0x00, 0x03, 0x80, 0x00, 0xE0, 0x00, 0x07, 0x00, 0x03, 0x80,
  0xFF, 0x00, 0x18, 0x0E, 0x1C, 0x01, 0xC0, 0xE0, 0x70, 0x1C, 0x06, 0x03,
  0x80, 0xC0, 0x70, 0x0C, 0x0E, 0x03, 0x80, 0x60, 0xE0, 0x1C, 0x03, 0x06,
  0x00, 0xE0, 0x18, 0x70, 0x03, 0x01, 0xC7, 0x00, 0x18, 0x0E, 0x30, 0x00,
  0xE0, 0xE3, 0x80, 0x03, 0xFE, 0x38, 0x00, 0x0F, 0xE1, 0x80, 0x00, 0x00,
  0x1C, 0x18, 0x00, 0x01, 0xC7, 0xF8, 0x00, 0x0E, 0x78, 0xE0, 0x00, 0xE3,
  0x03, 0x80, 0x06, 0x38, 0x0C, 0x00, 0x71, 0x80, 0x70, 0x07, 0x0C, 0x03,
  0x80, 0x30, 0x60, 0x1C, 0x03, 0x83, 0x00, 0xE0, 0x38, 0x1C, 0x06, 0x01,
  0x80, 0xE0, 0x30, 0x1C, 0x03, 0x83, 0x81, 0xC0, 0x1F, 0xF8, 0x1C, 0x00,
  0x3F, 0x80, 0x00, 0xF0, 0x00, 0x3F, 0xFE, 0x01, 0xFF, 0xFC, 0x0F, 0x80,
  0x70, 0x38, 0x01, 0xC1, 0xE0, 0x07, 0x07, 0x00, 0x0C, 0x1C, 0x00, 0x00,
  0x70, 0x00, 0x01, 0xE0, 0x00, 0x03, 0x80, 0x00, 0x07, 0x80, 0x00, 0x0F,
  0xFF, 0xFC, 0x0F, 0xFF, 0xF0, 0xFF, 0xFF, 0x0F, 0x00, 0x38, 0x78, 0x00,
  0xE1, 0xC0, 0x03, 0x87, 0x00, 0x0E, 0x3C, 0x00, 0x38, 0xF0, 0x00, 0xE3,
  0xC0, 0x03, 0x87, 0x00, 0x0E, 0x1E, 0x00, 0x78, 0x7C, 0x03, 0xC0, 0xFC,
  0x3E, 0x01, 0xFF, 0xF0, 0x01, 0xFF, 0x00, 0xFF, 0xFF, 0xFF, 0xE0, 0x01,
  0x01, 0xC1, 0xC0, 0xE0, 0xE0, 0x70, 0x70, 0x38, 0x38, 0x1C, 0x0E, 0x0E,
  0x07, 0x03, 0x81, 0xC1, 0xC0, 0xE0, 0x70, 0x38, 0x1C, 0x0E, 0x07, 0x03,
  0x81, 0xC0, 0x70, 0x38, 0x1C, 0x0E, 0x03, 0x81, 0xC0, 0xE0, 0x38, 0x1C,
  0x07, 0x03, 0x80, 0xE0, 0x38, 0x1C, 0x04, 0x40, 0x70, 0x1C, 0x0E, 0x03,
  0x81, 0xC0, 0x70, 0x38, 0x0E, 0x07, 0x03, 0xC0, 0xE0, 0x70, 0x38, 0x1E,
  0x07, 0x03, 0x81, 0xC0, 0xE0, 0x70, 0x38, 0x1C, 0x0E, 0x07, 0x07, 0x03,
  0x81, 0xC0, 0xE0, 0xE0, 0x70, 0x38, 0x38, 0x1C, 0x1C, 0x0E, 0x0E, 0x0E,
  0x07, 0x01, 0x00, 0x06, 0x00, 0x30, 0x01, 0x80, 0x04, 0x2F, 0x27, 0x7F,
  0xFC, 0x36, 0x00, 0xE0, 0x0D, 0x80, 0xC6, 0x0E, 0x38, 0x60, 0x80, 0x00,
  0xC0, 0x00, 0x30, 0x00, 0x0C, 0x00, 0x03, 0x00, 0x00, 0xC0, 0x00, 0x30,
  0x00, 0x0C, 0x00, 0x03, 0x00, 0xFF, 0xFF, 0xFF, 0xFF, 0xF0, 0x0C, 0x00,
  0x03, 0x00, 0x00, 0xC0, 0x00, 0x30, 0x00, 0x0C, 0x00, 0x03, 0x00, 0x00,
  0xC0, 0x00, 0x30, 0x00, 0x0C, 0x00, 0x73, 0xDE, 0xF3, 0x39, 0x8C, 0xC4,
  0x00, 0xFF, 0xFF, 0xFF, 0xFF, 0xF0, 0x6F, 0xF7, 0x00, 0x30, 0x07, 0x00,
  0x60, 0x06, 0x00, 0x60, 0x0E, 0x00, 0xC0, 0x0C, 0x01, 0xC0, 0x18, 0x01,
  0x80, 0x18, 0x03, 0x80, 0x30, 0x03, 0x00, 0x70, 0x06, 0x00, 0x60, 0x06,
  0x00, 0xE0, 0x0C, 0x00, 0xC0, 0x1C, 0x01, 0x80, 0x18, 0x01, 0x80, 0x30,
  0x03, 0x00, 0x30, 0x07, 0x00, 0x60, 0x06, 0x00, 0xE0, 0x0C, 0x00, 0x00,
  0xF0, 0x00, 0xFF, 0xC0, 0x7F, 0xFC, 0x1F, 0x03, 0xC3, 0xC0, 0x3C, 0xF0,
  0x03, 0x9C, 0x00, 0x7F, 0x80, 0x0F, 0xF0, 0x00, 0xFC, 0x00, 0x1F, 0x80,
  0x03, 0xF0, 0x00, 0x7E, 0x00, 0x0F, 0xC0, 0x01, 0xF8, 0x00, 0x3F, 0x00,
  0x07, 0xE0, 0x00, 0xFC, 0x00, 0x1F, 0x80, 0x03, 0xF0, 0x00, 0x7F, 0x00,
  0x1F, 0xE0, 0x03, 0x9C, 0x00, 0x73, 0xC0, 0x1E, 0x3C, 0x07, 0x87, 0xC1,
  0xE0, 0x7F, 0xF8, 0x03, 0xFE, 0x00, 0x03, 0xC0, 0x3F, 0x01, 0xFC, 0x1F,
  0x70, 0xF1, 0xC3, 0x07, 0x00, 0x1C, 0x00, 0x70, 0x01, 0xC0, 0x07, 0x00,
  0x1C, 0x00, 0x70, 0x01, 0xC0, 0x07, 0x00, 0x1C, 0x00, 0x70, 0x01, 0xC0,
  0x07, 0x00, 0x1C, 0x00, 0x70, 0x01, 0xC0, 0x07, 0x00, 0x1C, 0x00, 0x70,
  0x01, 0xC1, 0xFF, 0xF7, 0xFF, 0xC0, 0x03, 0xE0, 0x1F, 0xFF, 0x0F, 0xFF,
  0xE3, 0x80, 0x7C, 0xE0, 0x0F, 0x30, 0x01, 0xEC, 0x00, 0x7B, 0x00, 0x1E,
  0x00, 0x07, 0x80, 0x01, 0xE0, 0x00, 0x70, 0x00, 0x3C, 0x00, 0x0E, 0x00,
  0x07, 0x80, 0x03, 0xC0, 0x00, 0xE0, 0x00, 0x78, 0x00, 0x3C, 0x00, 0x1E,
  0x00, 0x0F, 0x00, 0x07, 0x80, 0x03, 0xC0, 0x01, 0xE0, 0x00, 0xF0, 0x00,
  0xF8, 0x00, 0x3F, 0xFF, 0xFF, 0xFF, 0xFF, 0xFF, 0xFF, 0x01, 0xE0, 0x1F,
  0xFF, 0x0F, 0xFF, 0xF3, 0x80, 0x3C, 0xE0, 0x07, 0x98, 0x00, 0xE6, 0x00,
  0x39, 0x80, 0x0E, 0x00, 0x03, 0x80, 0x01, 0xE0, 0x00, 0x70, 0x00, 0x3C,
  0x0F, 0xFC, 0x03, 0xFC, 0x00, 0xFF, 0xE0, 0x00, 0x7C, 0x00, 0x07, 0x80,
  0x00, 0xE0, 0x00, 0x3C, 0x00, 0x0F, 0x00, 0x03, 0xC0, 0x00, 0xF0, 0x00,
  0x38, 0x00, 0x1E, 0xC0, 0x0F, 0xBE, 0x0F, 0xCF, 0xFF, 0xE0, 0x7F, 0xE0,
  0x00, 0x03, 0x00, 0x00, 0x1F, 0x00, 0x00, 0xFC, 0x00, 0x07, 0xF0, 0x00,
  0x1F, 0xC0, 0x00, 0xEF, 0x00, 0x07, 0xBC, 0x00, 0x1C, 0xF0, 0x00, 0xE3,
  0xC0, 0x07, 0x0F, 0x00, 0x3C, 0x3C, 0x00, 0xE0, 0xF0, 0x07, 0x03, 0xC0,
  0x3C, 0x0F, 0x00, 0xE0, 0x3C, 0x07, 0x00, 0xF0, 0x38, 0x03, 0xC1, 0xE0,
  0x0F, 0x0F, 0x00, 0x3C, 0x1F, 0xFF, 0xFF, 0x7F, 0xFF, 0xFC, 0x00, 0x0F,
  0x00, 0x00, 0x3C, 0x00, 0x00, 0xF0, 0x00, 0x03, 0xC0, 0x00, 0x0F, 0x00,
  0x00, 0x3C, 0x00, 0x00, 0xF0, 0x3F, 0xFF, 0x1F, 0xFF, 0x8E, 0x00, 0x07,
  0x00, 0x03, 0x80, 0x01, 0xC0, 0x00, 0xE0, 0x00, 0x70, 0x00, 0x38, 0x00,
  0x1C, 0x00, 0x0E, 0x00, 0x0F, 0xFE, 0x07, 0xFF, 0xC0, 0x03, 0xF0, 0x00,
  0x3C, 0x00, 0x0F, 0x00, 0x07, 0x80, 0x01, 0xC0, 0x00, 0xE0, 0x00, 0x70,
  0x00, 0x78, 0x00, 0x3C, 0x00, 0x3D, 0x80, 0x3E, 0xF8, 0x7E, 0x7F, 0xFE,
  0x0F, 0xFC, 0x00, 0x00, 0x0F, 0x00, 0x1F, 0xF0, 0x0F, 0xFE, 0x03, 0xE0,
  0x00, 0xF0, 0x00, 0x3C, 0x00, 0x0F, 0x00, 0x01, 0xC0, 0x00, 0x38, 0x00,
  0x0F, 0x00, 0x01, 0xC0, 0x00, 0x38, 0x00, 0x07, 0x3F, 0xE1, 0xFF, 0xFF,
  0x3F, 0x81, 0xF7, 0xC0, 0x1E, 0xF0, 0x01, 0xFE, 0x00, 0x1F, 0xC0, 0x03,
  0xB8, 0x00, 0x77, 0x00, 0x0E, 0xE0, 0x01, 0xDE, 0x00, 0x79, 0xC0, 0x0E,
  0x3C, 0x03, 0xC3, 0xE1, 0xF0, 0x3F, 0xFC, 0x01, 0xFE, 0x00, 0xFF, 0xFF,
  0xFF, 0xFF, 0xFE, 0x00, 0x3F, 0x00, 0x0E, 0xC0, 0x07, 0xB0, 0x01, 0xC0,
  0x00, 0x70, 0x00, 0x3C, 0x00, 0x0E, 0x00, 0x07, 0x80, 0x01, 0xC0, 0x00,
  0xF0, 0x00, 0x3C, 0x00, 0x0E, 0x00, 0x07, 0x80, 0x01, 0xC0, 0x00, 0xF0,
  0x00, 0x38, 0x00, 0x1E, 0x00, 0x07, 0x80, 0x01, 0xC0, 0x00, 0xF0, 0x00,
  0x38, 0x00, 0x1E, 0x00, 0x07, 0x00, 0x03, 0xC0, 0x00, 0xF0, 0x00, 0x00,
  0xF0, 0x00, 0xFF, 0xC0, 0x7F, 0xFE, 0x1E, 0x03, 0xE3, 0x80, 0x1C, 0xF0,
  0x03, 0xDC, 0x00, 0x3B, 0x80, 0x07, 0x70, 0x01, 0xEF, 0x00, 0x38, 0xF0,
  0x0F, 0x0F, 0x03, 0xC0, 0xFF, 0xE0, 0x07, 0xF0, 0x01, 0xFF, 0x80, 0xF0,
  0xFC, 0x38, 0x07, 0xCF, 0x00, 0x39, 0xC0, 0x07, 0xB8, 0x00, 0x7F, 0x00,
  0x0F, 0xE0, 0x01, 0xDC, 0x00, 0x7B, 0x80, 0x0E, 0x78, 0x03, 0xC7, 0xC1,
  0xF0, 0x7F, 0xFC, 0x03, 0xFE, 0x00, 0x01, 0xE0, 0x01, 0xFF, 0x80, 0xFF,
  0xF8, 0x3E, 0x07, 0x87, 0x80, 0x79, 0xE0, 0x07, 0x38, 0x00, 0xF7, 0x00,
  0x0E, 0xE0, 0x01, 0xDC, 0x00, 0x3B, 0x80, 0x07, 0xF0, 0x00, 0xFF, 0x00,
  0x1E, 0xF0, 0x0F, 0xDF, 0x8F, 0xF8, 0xFF, 0xEE, 0x07, 0xE1, 0xC0, 0x00,
  0x38, 0x00, 0x07, 0x00, 0x01, 0xE0, 0x00, 0x38, 0x00, 0x0F, 0x00, 0x01,
  0xC0, 0x00, 0x78, 0x00, 0x3E, 0x04, 0x1F, 0x80, 0xFF, 0xC0, 0x3F, 0xE0,
  0x00, 0x6F, 0xF7, 0x00, 0x00, 0x00, 0x00, 0x00, 0x6F, 0xF7, 0x39, 0xE7,
  0xCE, 0x00, 0x00, 0x00, 0x00, 0x00, 0x00, 0x00, 0x03, 0x1E, 0x78, 0xE3,
  0x8C, 0x31, 0x8C, 0x10, 0x00, 0x00, 0x80, 0x01, 0xC0, 0x03, 0xE0, 0x07,
  0xC0, 0x1F, 0x80, 0x3F, 0x00, 0x7E, 0x00, 0xFC, 0x00, 0xF8, 0x00, 0x78,
  0x00, 0x3F, 0x00, 0x07, 0xE0, 0x00, 0x7E, 0x00, 0x0F, 0xC0, 0x01, 0xF8,
  0x00, 0x3F, 0x00, 0x07, 0x80, 0x00, 0x40, 0xFF, 0xFF, 0xFF, 0xFF, 0xF0,
  0x00, 0x00, 0x00, 0x00, 0x00, 0x00, 0x00, 0x00, 0x00, 0x00, 0x00, 0x00,
  0x00, 0xFF, 0xFF, 0xFF, 0xFF, 0xF0, 0xC0, 0x00, 0x78, 0x00, 0x3F, 0x80,
  0x07, 0xF0, 0x00, 0x7E, 0x00, 0x0F, 0xE0, 0x00, 0xFC, 0x00, 0x1F, 0x00,
  0x0F, 0x80, 0x1F, 0x80, 0x3E, 0x00, 0xFC, 0x01, 0xF8, 0x03, 0xE0, 0x03,
  0xC0, 0x01, 0x80, 0x00, 0x1F, 0x07, 0xFF, 0x3F, 0xFD, 0x01, 0xE0, 0x07,
  0x80, 0x3C, 0x01, 0xE0, 0x0E, 0x00, 0x70, 0x07, 0x00, 0x70, 0x07, 0x00,
  0xF0, 0x07, 0x00, 0x70, 0x03, 0x80, 0x38, 0x00, 0xC0, 0x06, 0x00, 0x00,
  0x00, 0x00, 0x00, 0x00, 0x00, 0x00, 0x00, 0x1C, 0x00, 0xE0, 0x0F, 0x80,
  0x38, 0x00, 0x00, 0x7F, 0xF0, 0x00, 0x0F, 0xFF, 0xE0, 0x01, 0xF0, 0x07,
  0xC0, 0x1E, 0x00, 0x0F, 0x01, 0xC0, 0x00, 0x3C, 0x1C, 0x00, 0x00, 0xF0,
  0xE0, 0x3E, 0x03, 0x8E, 0x0F, 0xFC, 0x0E, 0x70, 0x60, 0xE0, 0x73, 0x00,
  0x03, 0x83, 0xB8, 0x00, 0x1C, 0x0D, 0xC0, 0x00, 0xE0, 0x7E, 0x00, 0x07,
  0x03, 0xF0, 0x07, 0xF8, 0x1F, 0x01, 0xFF, 0xC0, 0xF8, 0x1C, 0x0E, 0x07,
  0xE0, 0xE0, 0x70, 0x37, 0x06, 0x03, 0x81, 0xB8, 0x38, 0x1C, 0x1D, 0xC1,
  0xC1, 0x60, 0xC6, 0x0F, 0xFB, 0x9E, 0x38, 0x3F, 0x0F, 0xC0, 0xC0, 0x00,
  0x00, 0x07, 0x00, 0x00, 0x00, 0x1C, 0x00, 0x00, 0x00, 0x70, 0x00, 0x00,
  0x01, 0xE0, 0x08, 0x00, 0x07, 0xFF, 0xE0, 0x00, 0x0F, 0xFC, 0x00, 0x00,
  0x00, 0x0F, 0x00, 0x00, 0x00, 0xF0, 0x00, 0x00, 0x1F, 0x80, 0x00, 0x01,
  0xF8, 0x00, 0x00, 0x1B, 0x80, 0x00, 0x03, 0x9C, 0x00, 0x00, 0x39, 0xC0,
  0x00, 0x03, 0x1E, 0x00, 0x00, 0x70, 0xE0, 0x00, 0x06, 0x0E, 0x00, 0x00,
  0xE0, 0xF0, 0x00, 0x0E, 0x07, 0x00, 0x00, 0xC0, 0x70, 0x00, 0x1C, 0x07,
  0x80, 0x01, 0xC0, 0x38, 0x00, 0x18, 0x03, 0x80, 0x03, 0x80, 0x3C, 0x00,
  0x3F, 0xFF, 0xC0, 0x07, 0xFF, 0xFC, 0x00, 0x70, 0x01, 0xE0, 0x07, 0x00,
  0x0E, 0x00, 0xE0, 0x00, 0xE0, 0x0E, 0x00, 0x0F, 0x00, 0xE0, 0x00, 0x70,
  0x1C, 0x00, 0x07, 0x8F, 0xFC, 0x07, 0xFF, 0xFF, 0xC0, 0x7F, 0xF0, 0xFF,
  0xFF, 0x07, 0xFF, 0xFE, 0x07, 0x80, 0xF8, 0x3C, 0x03, 0xC1, 0xE0, 0x0E,
  0x0F, 0x00, 0x78, 0x78, 0x03, 0xC3, 0xC0, 0x1E, 0x1E, 0x00, 0xE0, 0xF0,
  0x07, 0x07, 0x80, 0x70, 0x3C, 0x0F, 0x01, 0xFF, 0xE0, 0x0F, 0xFF, 0xC0,
  0x78, 0x0F, 0x03, 0xC0, 0x1C, 0x1E, 0x00, 0x70, 0xF0, 0x03, 0x87, 0x80,
  0x1E, 0x3C, 0x00, 0xF1, 0xE0, 0x07, 0x8F, 0x00, 0x3C, 0x78, 0x03, 0xC3,
  0xC0, 0x3E, 0x1E, 0x07, 0xE7, 0xFF, 0xFE, 0x3F, 0xFF, 0x80, 0x00, 0x1C,
  0x00, 0x0F, 0xFF, 0x01, 0xFF, 0xFE, 0x1F, 0x00, 0xF1, 0xF0, 0x03, 0x8F,
  0x00, 0x1C, 0xF0, 0x00, 0x67, 0x00, 0x03, 0x78, 0x00, 0x03, 0x80, 0x00,
  0x1C, 0x00, 0x00, 0xE0, 0x00, 0x0F, 0x00, 0x00, 0x78, 0x00, 0x03, 0xC0,
  0x00, 0x1E, 0x00, 0x00, 0xF0, 0x00, 0x03, 0x80, 0x00, 0x1C, 0x00, 0x00,
  0xF0, 0x00, 0x07, 0x80, 0x00, 0x1E, 0x00, 0x00, 0xF0, 0x00, 0x03, 0xC0,
  0x03, 0x1F, 0x00, 0x78, 0x7F, 0x1F, 0x80, 0xFF, 0xF0, 0x03, 0xFE, 0x00,
  0xFF, 0xFF, 0x80, 0xFF, 0xFF, 0xE0, 0x1E, 0x03, 0xF0, 0x1E, 0x00, 0xF8,
  0x1E, 0x00, 0x3C, 0x1E, 0x00, 0x3C, 0x1E, 0x00, 0x1E, 0x1E, 0x00, 0x1E,
  0x1E, 0x00, 0x0E, 0x1E, 0x00, 0x0F, 0x1E, 0x00, 0x0F, 0x1E, 0x00, 0x0F,
  0x1E, 0x00, 0x0F, 0x1E, 0x00, 0x0F, 0x1E, 0x00, 0x0F, 0x1E, 0x00, 0x0F,
  0x1E, 0x00, 0x0F, 0x1E, 0x00, 0x0E, 0x1E, 0x00, 0x0E, 0x1E, 0x00, 0x1E,
  0x1E, 0x00, 0x1C, 0x1E, 0x00, 0x3C, 0x1E, 0x00, 0x78, 0x1E, 0x00, 0xF0,
  0x1E, 0x0F, 0xE0, 0xFF, 0xFF, 0x80, 0xFF, 0xFE, 0x00, 0xFF, 0xFF, 0xEF,
  0xFF, 0xFE, 0x1E, 0x00, 0x61, 0xE0, 0x06, 0x1E, 0x00, 0x61, 0xE0, 0x06,
  0x1E, 0x00, 0x01, 0xE0, 0x00, 0x1E, 0x00, 0x01, 0xE0, 0x00, 0x1E, 0x00,
  0x01, 0xE0, 0x00, 0x1F, 0xFF, 0x01, 0xFF, 0xF0, 0x1E, 0x00, 0x01, 0xE0,
  0x00, 0x1E, 0x00, 0x01, 0xE0, 0x00, 0x1E, 0x00, 0x01, 0xE0, 0x00, 0x1E,
  0x00, 0x01, 0xE0, 0x03, 0x1E, 0x00, 0x71, 0xE0, 0x07, 0x1E, 0x00, 0x7F,
  0xFF, 0xFF, 0xFF, 0xFF, 0xF0, 0xFF, 0xFF, 0xFF, 0xFF, 0xFC, 0x78, 0x03,
  0x8F, 0x00, 0x31, 0xE0, 0x06, 0x3C, 0x00, 0xC7, 0x80, 0x00, 0xF0, 0x00,
  0x1E, 0x00, 0x03, 0xC0, 0x00, 0x78, 0x00, 0x0F, 0x00, 0x01, 0xFF, 0xF0,
  0x3F, 0xFE, 0x07, 0xFF, 0xC0, 0xF0, 0x00, 0x1E, 0x00, 0x03, 0xC0, 0x00,
  0x78, 0x00, 0x0F, 0x00, 0x01, 0xE0, 0x00, 0x3C, 0x00, 0x07, 0x80, 0x00,
  0xF0, 0x00, 0x1E, 0x00, 0x1F, 0xFC, 0x03, 0xFF, 0x80, 0x00, 0x00, 0x0E,
  0x00, 0x00, 0x7F, 0xFC, 0x00, 0x3F, 0xFF, 0xC0, 0x3F, 0x00, 0xF0, 0x1F,
  0x00, 0x0C, 0x07, 0x80, 0x03, 0x03, 0xC0, 0x00, 0xC0, 0xE0, 0x00, 0x30,
  0x78, 0x00, 0x00, 0x1C, 0x00, 0x00, 0x07, 0x00, 0x00, 0x01, 0xC0, 0x00,
  0x00, 0xF0, 0x00, 0x00, 0x3C, 0x00, 0x00, 0x0F, 0x00, 0x00, 0x03, 0xC0,
  0x03, 0xFF, 0xF0, 0x00, 0xFF, 0xDC, 0x00, 0x07, 0x07, 0x00, 0x01, 0xC1,
  0xC0, 0x00, 0x70, 0x78, 0x00, 0x1C, 0x0E, 0x00, 0x07, 0x03, 0xC0, 0x01,
  0xC0, 0x78, 0x00, 0x70, 0x1F, 0x00, 0x1C, 0x03, 0xF8, 0x3F, 0x00, 0x3F,
  0xFF, 0xC0, 0x03, 0xFF, 0x80, 0xFF, 0xC0, 0x7F, 0xFF, 0xF0, 0x0F, 0xFC,
  0x78, 0x00, 0x1C, 0x0F, 0x00, 0x03, 0x81, 0xE0, 0x00, 0x70, 0x3C, 0x00,
  0x0E, 0x07, 0x80, 0x01, 0xC0, 0xF0, 0x00, 0x38, 0x1E, 0x00, 0x07, 0x03,
  0xC0, 0x00, 0xE0, 0x78, 0x00, 0x1C, 0x0F, 0x00, 0x03, 0x81, 0xFF, 0xFF,
  0xF0, 0x3F, 0xFF, 0xFE, 0x07, 0x80, 0x01, 0xC0, 0xF0, 0x00, 0x38, 0x1E,
  0x00, 0x07, 0x03, 0xC0, 0x00, 0xE0, 0x78, 0x00, 0x1C, 0x0F, 0x00, 0x03,
  0x81, 0xE0, 0x00, 0x70, 0x3C, 0x00, 0x0E, 0x07, 0x80, 0x01, 0xC0, 0xF0,
  0x00, 0x38, 0x1E, 0x00, 0x07, 0x1F, 0xF8, 0x0F, 0xFF, 0xFF, 0x01, 0xFF,
  0x80, 0xFF, 0xFF, 0xE1, 0xE0, 0x78, 0x1E, 0x07, 0x81, 0xE0, 0x78, 0x1E,
  0x07, 0x81, 0xE0, 0x78, 0x1E, 0x07, 0x81, 0xE0, 0x78, 0x1E, 0x07, 0x81,
  0xE0, 0x78, 0x1E, 0x07, 0x81, 0xE0, 0x78, 0x1E, 0x3F, 0xFF, 0xFC, 0x3F,
  0xF9, 0xFF, 0x80, 0xE0, 0x07, 0x00, 0x38, 0x01, 0xC0, 0x0E, 0x00, 0x70,
  0x03, 0x80, 0x1C, 0x00, 0xE0, 0x07, 0x00, 0x38, 0x01, 0xC0, 0x0E, 0x00,
  0x70, 0x03, 0x80, 0x1C, 0x00, 0xE0, 0x07, 0x00, 0x38, 0x01, 0xC0, 0x0E,
  0x00, 0x70, 0x03, 0x80, 0x1C, 0x00, 0xE0, 0x07, 0x00, 0x78, 0x07, 0x83,
  0xFC, 0x1F, 0xC0, 0xF0, 0x00, 0xFF, 0xC3, 0xFF, 0x7F, 0xC1, 0xFF, 0x07,
  0x80, 0x1C, 0x03, 0xC0, 0x1E, 0x01, 0xE0, 0x0E, 0x00, 0xF0, 0x0E, 0x00,
  0x78, 0x07, 0x00, 0x3C, 0x07, 0x00, 0x1E, 0x07, 0x00, 0x0F, 0x03, 0x80,
  0x07, 0x83, 0x80, 0x03, 0xC1, 0xC0, 0x01, 0xFF, 0xC0, 0x00, 0xFF, 0xE0,
  0x00, 0x78, 0x78, 0x00, 0x3C, 0x1E, 0x00, 0x1E, 0x07, 0x00, 0x0F, 0x01,
  0xC0, 0x07, 0x80, 0xF0, 0x03, 0xC0, 0x38, 0x01, 0xE0, 0x0E, 0x00, 0xF0,
  0x07, 0x80, 0x78, 0x01, 0xE0, 0x3C, 0x00, 0x70, 0x1E, 0x00, 0x3C, 0x7F,
  0xE0, 0xFF, 0xFF, 0xF0, 0x7F, 0xE0, 0xFF, 0xC0, 0x1F, 0xF8, 0x00, 0x78,
  0x00, 0x0F, 0x00, 0x01, 0xE0, 0x00, 0x3C, 0x00, 0x07, 0x80, 0x00, 0xF0,
  0x00, 0x1E, 0x00, 0x03, 0xC0, 0x00, 0x78, 0x00, 0x0F, 0x00, 0x01, 0xE0,
  0x00, 0x3C, 0x00, 0x07, 0x80, 0x00, 0xF0, 0x00, 0x1E, 0x00, 0x03, 0xC0,
  0x00, 0x78, 0x00, 0x0F, 0x00, 0x01, 0xE0, 0x06, 0x3C, 0x01, 0xC7, 0x80,
  0x38, 0xF0, 0x07, 0x1E, 0x00, 0xFF, 0xFF, 0xFF, 0xFF, 0xFF, 0x80, 0xFF,
  0x00, 0x00, 0xFF, 0xFE, 0x00, 0x03, 0xF8, 0x7E, 0x00, 0x07, 0xC0, 0xFC,
  0x00, 0x1F, 0x81, 0xFC, 0x00, 0x37, 0x03, 0xB8, 0x00, 0xEE, 0x07, 0x78,
  0x01, 0x9C, 0x0E, 0x70, 0x07, 0x38, 0x1C, 0xF0, 0x0C, 0x70, 0x38, 0xE0,
  0x38, 0xE0, 0x71, 0xE0, 0x61, 0xC0, 0xE1, 0xC1, 0xC3, 0x81, 0xC3, 0xC3,
  0x07, 0x03, 0x83, 0x8E, 0x0E, 0x07, 0x07, 0xB8, 0x1C, 0x0E, 0x07, 0x70,
  0x38, 0x1C, 0x0F, 0xC0, 0x70, 0x38, 0x0F, 0x80, 0xE0, 0x70, 0x1E, 0x01,
  0xC0, 0xE0, 0x18, 0x03, 0x81, 0xC0, 0x00, 0x07, 0x03, 0x80, 0x00, 0x0E,
  0x07, 0x00, 0x00, 0x1C, 0x0E, 0x00, 0x00, 0x38, 0x1C, 0x00, 0x00, 0x71,
  0xFF, 0x00, 0x0F, 0xFF, 0xFE, 0x00, 0x1F, 0xF8, 0xFF, 0x00, 0x3F, 0xFF,
  0xF0, 0x03, 0xFE, 0x1F, 0x80, 0x07, 0x01, 0xFC, 0x00, 0x70, 0x1F, 0xC0,
  0x07, 0x01, 0xDE, 0x00, 0x70, 0x1C, 0xE0, 0x07, 0x01, 0xCF, 0x00, 0x70,
  0x1C, 0x78, 0x07, 0x01, 0xC3, 0x80, 0x70, 0x1C, 0x3C, 0x07, 0x01, 0xC1,
  0xE0, 0x70, 0x1C, 0x1E, 0x07, 0x01, 0xC0, 0xF0, 0x70, 0x1C, 0x07, 0x07,
  0x01, 0xC0, 0x78, 0x70, 0x1C, 0x03, 0xC7, 0x01, 0xC0, 0x1C, 0x70, 0x1C,
  0x01, 0xE7, 0x01, 0xC0, 0x0F, 0x70, 0x1C, 0x00, 0x77, 0x01, 0xC0, 0x07,
  0xF0, 0x1C, 0x00, 0x3F, 0x01, 0xC0, 0x03, 0xF0, 0x1C, 0x00, 0x1F, 0x0F,
  0xF8, 0x00, 0xF0, 0xFF, 0x80, 0x0F, 0x00, 0x00, 0x3E, 0x00, 0x00, 0xFF,
  0xE0, 0x00, 0xFF, 0xFC, 0x01, 0xF0, 0x1F, 0x01, 0xF0, 0x03, 0xC0, 0xF0,
  0x00, 0xF0, 0xF0, 0x00, 0x38, 0x70, 0x00, 0x1E, 0x78, 0x00, 0x07, 0x38,
  0x00, 0x03, 0x9C, 0x00, 0x01, 0xEE, 0x00, 0x00, 0xFF, 0x00, 0x00, 0x7F,
  0x80, 0x00, 0x3F, 0xC0, 0x00, 0x1F, 0xE0, 0x00, 0x0F, 0xF0, 0x00, 0x07,
  0xB8, 0x00, 0x03, 0xDC, 0x00, 0x01, 0xCE, 0x00, 0x00, 0xE7, 0x80, 0x00,
  0xF1, 0xC0, 0x00, 0x70, 0xF0, 0x00, 0x78, 0x3C, 0x00, 0x78, 0x1F, 0x00,
  0x78, 0x07, 0xE0, 0xF8, 0x00, 0xFF, 0xF8, 0x00, 0x3F, 0xF0, 0x00, 0xFF,
  0xFF, 0x0F, 0xFF, 0xF8, 0x1E, 0x07, 0xC1, 0xE0, 0x1E, 0x1E, 0x00, 0xE1,
  0xE0, 0x0F, 0x1E, 0x00, 0xF1, 0xE0, 0x07, 0x1E, 0x00, 0x71, 0xE0, 0x0F,
  0x1E, 0x00, 0xE1, 0xE0, 0x0E, 0x1E, 0x01, 0xE1, 0xE0, 0x7C, 0x1F, 0xFF,
  0x81, 0xFF, 0xE0, 0x1F, 0xC0, 0x01, 0xE0, 0x00, 0x1E, 0x00, 0x01, 0xE0,
  0x00, 0x1E, 0x00, 0x01, 0xE0, 0x00, 0x1E, 0x00, 0x01, 0xE0, 0x00, 0x1E,
  0x00, 0x0F, 0xFE, 0x00, 0xFF, 0xE0, 0x00, 0x00, 0x1E, 0x00, 0x00, 0x07,
  0xFF, 0x80, 0x00, 0x3F, 0xFF, 0x00, 0x03, 0xE0, 0x3E, 0x00, 0x1F, 0x00,
  0x3C, 0x00, 0x78, 0x00, 0x78, 0x03, 0xC0, 0x00, 0xF0, 0x0E, 0x00, 0x03,
  0xC0, 0x78, 0x00, 0x07, 0x01, 0xC0, 0x00, 0x1E, 0x07, 0x00, 0x00, 0x78,
  0x1C, 0x00, 0x00, 0xE0, 0xF0, 0x00, 0x03, 0x83, 0xC0, 0x00, 0x0E, 0x0F,
  0x00, 0x00, 0x38, 0x3C, 0x00, 0x00, 0xE0, 0xF0, 0x00, 0x03, 0x81, 0xC0,
  0x00, 0x1E, 0x07, 0x00, 0x00, 0x78, 0x1C, 0x00, 0x01, 0xC0, 0x78, 0x00,
  0x07, 0x00, 0xE0, 0x00, 0x3C, 0x03, 0xC0, 0x01, 0xE0, 0x07, 0x80, 0x07,
  0x00, 0x1F, 0x00, 0x7C, 0x00, 0x3F, 0x07, 0xE0, 0x00, 0x3F, 0xFE, 0x00,
  0x00, 0x3F, 0xE0, 0x00, 0x00, 0x0F, 0x00, 0x00, 0x00, 0x1F, 0x00, 0x00,
  0x00, 0x1E, 0x00, 0x00, 0x00, 0x1F, 0x06, 0x00, 0x00, 0x3F, 0xFC, 0x00,
  0x00, 0x3F, 0xC0, 0x00, 0x00, 0x3C, 0x00, 0xFF, 0xFF, 0x01, 0xFF, 0xFF,
  0x80, 0x78, 0x0F, 0x80, 0xF0, 0x07, 0x01, 0xE0, 0x0F, 0x03, 0xC0, 0x0E,
  0x07, 0x80, 0x1C, 0x0F, 0x00, 0x38, 0x1E, 0x00, 0x70, 0x3C, 0x01, 0xE0,
  0x78, 0x03, 0x80, 0xF0, 0x0F, 0x01, 0xE1, 0xFC, 0x03, 0xFF, 0xE0, 0x07,
  0xFF, 0x00, 0x0F, 0x07, 0x00, 0x1E, 0x07, 0x00, 0x3C, 0x07, 0x00, 0x78,
  0x0E, 0x00, 0xF0, 0x0E, 0x01, 0xE0, 0x1C, 0x03, 0xC0, 0x1C, 0x07, 0x80,
  0x38, 0x0F, 0x00, 0x38, 0x1E, 0x00, 0x71, 0xFF, 0xC0, 0xFF, 0xFF, 0x80,
  0xF8, 0x01, 0xE0, 0x03, 0xFF, 0xC3, 0xFF, 0xF9, 0xF0, 0x0E, 0x70, 0x03,
  0xBC, 0x00, 0x6E, 0x00, 0x1B, 0x80, 0x06, 0xE0, 0x00, 0x3C, 0x00, 0x07,
  0x80, 0x01, 0xF8, 0x00, 0x3F, 0x80, 0x07, 0xFC, 0x00, 0x7F, 0xC0, 0x01,
  0xFC, 0x00, 0x1F, 0x80, 0x01, 0xE0, 0x00, 0x3C, 0x00, 0x07, 0xC0, 0x01,
  0xF0, 0x00, 0x7C, 0x00, 0x3F, 0x00, 0x0E, 0xC0, 0x07, 0xBE, 0x07, 0xCF,
  0xFF, 0xE0, 0xFF, 0xE0, 0xFF, 0xFF, 0xFF, 0xFF, 0xFF, 0xF8, 0x1C, 0x0F,
  0x80, 0xE0, 0x7C, 0x07, 0x01, 0xE0, 0x38, 0x0C, 0x01, 0xC0, 0x00, 0x0E,
  0x00, 0x00, 0x70, 0x00, 0x03, 0x80, 0x00, 0x1C, 0x00, 0x00, 0xE0, 0x00,
  0x07, 0x00, 0x00, 0x38, 0x00, 0x01, 0xC0, 0x00, 0x0E, 0x00, 0x00, 0x70,
  0x00, 0x03, 0x80, 0x00, 0x1C, 0x00, 0x00, 0xE0, 0x00, 0x07, 0x00, 0x00,
  0x38, 0x00, 0x01, 0xC0, 0x00, 0x0E, 0x00, 0x00, 0x70, 0x00, 0x3F, 0xF8,
  0x01, 0xFF, 0xC0, 0xFF, 0xC0, 0x7F, 0xFF, 0xF0, 0x0F, 0xFC, 0x78, 0x00,
  0x1C, 0x0F, 0x00, 0x03, 0x81, 0xE0, 0x00, 0x70, 0x3C, 0x00, 0x0E, 0x07,
  0x80, 0x01, 0xC0, 0xF0, 0x00, 0x38, 0x1E, 0x00, 0x07, 0x03, 0xC0, 0x00,
  0xE0, 0x78, 0x00, 0x1C, 0x0F, 0x00, 0x03, 0x81, 0xE0, 0x00, 0x70, 0x3C,
  0x00, 0x0E, 0x07, 0x80, 0x01, 0xC0, 0xF0, 0x00, 0x38, 0x1E, 0x00, 0x07,
  0x03, 0xC0, 0x00, 0xE0, 0x38, 0x00, 0x1C, 0x07, 0x00, 0x07, 0x80, 0xE0,
  0x00, 0xE0, 0x1C, 0x00, 0x1C, 0x03, 0xC0, 0x07, 0x80, 0x3C, 0x01, 0xE0,
  0x03, 0xE0, 0xF8, 0x00, 0x3F, 0xFE, 0x00, 0x03, 0xFF, 0x80, 0x00, 0xFF,
  0xE0, 0x7F, 0xFF, 0xF8, 0x0F, 0xF8, 0x78, 0x00, 0x1C, 0x07, 0x00, 0x07,
  0x00, 0xF0, 0x00, 0xE0, 0x1E, 0x00, 0x1C, 0x01, 0xC0, 0x07, 0x00, 0x3C,
  0x00, 0xE0, 0x07, 0x80, 0x1C, 0x00, 0x70, 0x07, 0x00, 0x0F, 0x00, 0xE0,
  0x01, 0xE0, 0x1C, 0x00, 0x1C, 0x07, 0x00, 0x03, 0x80, 0xE0, 0x00, 0x78,
  0x18, 0x00, 0x07, 0x07, 0x00, 0x00, 0xE0, 0xE0, 0x00, 0x1E, 0x18, 0x00,
  0x01, 0xC7, 0x00, 0x00, 0x38, 0xE0, 0x00, 0x07, 0x98, 0x00, 0x00, 0x77,
  0x00, 0x00, 0x0E, 0xE0, 0x00, 0x01, 0xF8, 0x00, 0x00, 0x1F, 0x00, 0x00,
  0x03, 0xE0, 0x00, 0x00, 0x78, 0x00, 0x00, 0xFF, 0xC0, 0x1C, 0x03, 0xFF,
  0xFF, 0x80, 0x3C, 0x03, 0xFE, 0x0E, 0x00, 0x3E, 0x00, 0x38, 0x0E, 0x00,
  0x3E, 0x00, 0x30, 0x0E, 0x00, 0x7E, 0x00, 0x70, 0x0F, 0x00, 0x7E, 0x00,
  0x70, 0x07, 0x00, 0x67, 0x00, 0x70, 0x07, 0x00, 0xE7, 0x00, 0xE0, 0x07,
  0x00, 0xE7, 0x00, 0xE0, 0x07, 0x80, 0xE7, 0x80, 0xE0, 0x03, 0x80, 0xC3,
  0x80, 0xC0, 0x03, 0x81, 0xC3, 0x81, 0xC0, 0x03, 0x81, 0xC3, 0x81, 0xC0,
  0x03, 0xC1, 0x81, 0xC1, 0xC0, 0x01, 0xC3, 0x81, 0xC1, 0x80, 0x01, 0xC3,
  0x81, 0xC3, 0x80, 0x01, 0xC3, 0x00, 0xE3, 0x80, 0x01, 0xE7, 0x00, 0xE3,
  0x00, 0x00, 0xE7, 0x00, 0xE7, 0x00, 0x00, 0xE6, 0x00, 0xE7, 0x00, 0x00,
  0xE6, 0x00, 0x77, 0x00, 0x00, 0x7E, 0x00, 0x76, 0x00, 0x00, 0x7C, 0x00,
  0x7E, 0x00, 0x00, 0x7C, 0x00, 0x3E, 0x00, 0x00, 0x7C, 0x00, 0x3C, 0x00,
  0x00, 0x3C, 0x00, 0x3C, 0x00, 0x00, 0x38, 0x00, 0x3C, 0x00, 0xFF, 0xC0,
  0xFF, 0xFF, 0xE0, 0x7F, 0x83, 0x80, 0x07, 0x01, 0xE0, 0x07, 0x00, 0x78,
  0x07, 0x00, 0x1C, 0x03, 0x80, 0x0F, 0x03, 0x80, 0x03, 0xC3, 0x80, 0x00,
  0xE1, 0x80, 0x00, 0x79, 0xC0, 0x00, 0x1F, 0xC0, 0x00, 0x07, 0xC0, 0x00,
  0x03, 0xE0, 0x00, 0x00, 0xF0, 0x00, 0x00, 0xFC, 0x00, 0x00, 0xEE, 0x00,
  0x00, 0x67, 0x80, 0x00, 0x71, 0xE0, 0x00, 0x70, 0x70, 0x00, 0x70, 0x3C,
  0x00, 0x38, 0x0F, 0x00, 0x38, 0x03, 0x80, 0x38, 0x01, 0xE0, 0x1C, 0x00,
  0x78, 0x1C, 0x00, 0x1C, 0x7F, 0xC0, 0xFF, 0xFF, 0xE0, 0x7F, 0xE0, 0xFF,
  0xC1, 0xFF, 0xFF, 0xC0, 0xFF, 0x87, 0x80, 0x07, 0x01, 0xC0, 0x07, 0x00,
  0xF0, 0x03, 0x80, 0x38, 0x03, 0x80, 0x1E, 0x01, 0xC0, 0x07, 0x01, 0xC0,
  0x01, 0xC0, 0xE0, 0x00, 0xE0, 0xE0, 0x00, 0x38, 0x70, 0x00, 0x1C, 0x70,
  0x00, 0x07, 0x30, 0x00, 0x03, 0xB8, 0x00, 0x00, 0xF8, 0x00, 0x00, 0x7C,
  0x00, 0x00, 0x1C, 0x00, 0x00, 0x0E, 0x00, 0x00, 0x07, 0x00, 0x00, 0x03,
  0x80, 0x00, 0x01, 0xC0, 0x00, 0x00, 0xE0, 0x00, 0x00, 0x70, 0x00, 0x00,
  0x38, 0x00, 0x00, 0x1C, 0x00, 0x00, 0xFF, 0xE0, 0x00, 0x7F, 0xF0, 0x00,
  0x7F, 0xFF, 0xF7, 0xFF, 0xFF, 0x60, 0x00, 0xE6, 0x00, 0x1E, 0x60, 0x03,
  0xC6, 0x00, 0x38, 0x00, 0x07, 0x80, 0x00, 0xF0, 0x00, 0x1E, 0x00, 0x01,
  0xC0, 0x00, 0x3C, 0x00, 0x07, 0x80, 0x00, 0x70, 0x00, 0x0F, 0x00, 0x01,
  0xE0, 0x00, 0x3C, 0x00, 0x03, 0x80, 0x00, 0x78, 0x00, 0x0F, 0x00, 0x00,
  0xE0, 0x00, 0x1E, 0x00, 0x33, 0xC0, 0x03, 0x78, 0x00, 0x37, 0x00, 0x03,
  0xF0, 0x00, 0x7F, 0xFF, 0xFF, 0xFF, 0xFF, 0xF0, 0xFF, 0xFF, 0xF8, 0x1C,
  0x0E, 0x07, 0x03, 0x81, 0xC0, 0xE0, 0x70, 0x38, 0x1C, 0x0E, 0x07, 0x03,
  0x81, 0xC0, 0xE0, 0x70, 0x38, 0x1C, 0x0E, 0x07, 0x03, 0x81, 0xC0, 0xE0,
  0x70, 0x38, 0x1C, 0x0E, 0x07, 0x03, 0x81, 0xC0, 0xE0, 0x70, 0x38, 0x1F,
  0xFF, 0xF8, 0xE0, 0x06, 0x00, 0x60, 0x07, 0x00, 0x30, 0x03, 0x00, 0x30,
  0x03, 0x80, 0x18, 0x01, 0x80, 0x1C, 0x00, 0xC0, 0x0C, 0x00, 0xE0, 0x0E,
  0x00, 0x60, 0x06, 0x00, 0x70, 0x03, 0x00, 0x30, 0x03, 0x80, 0x38, 0x01,
  0x80, 0x18, 0x01, 0xC0, 0x0C, 0x00, 0xC0, 0x0E, 0x00, 0xE0, 0x06, 0x00,
  0x60, 0x07, 0x00, 0x30, 0x03, 0xFF, 0xFF, 0x07, 0x07, 0x07, 0x07, 0x07,
  0x07, 0x07, 0x07, 0x07, 0x07, 0x07, 0x07, 0x07, 0x07, 0x07, 0x07, 0x07,
  0x07, 0x07, 0x07, 0x07, 0x07, 0x07, 0x07, 0x07, 0x07, 0x07, 0x07, 0x07,
  0x07, 0x07, 0x07, 0x07, 0xFF, 0xFF, 0x01, 0xC0, 0x00, 0xF0, 0x00, 0xF8,
  0x00, 0x6E, 0x00, 0x77, 0x00, 0x31, 0xC0, 0x38, 0x60, 0x38, 0x38, 0x1C,
  0x0C, 0x1C, 0x07, 0x0E, 0x01, 0xCE, 0x00, 0xEF, 0x00, 0x38, 0xFF, 0xFF,
  0xFF, 0xFF, 0xFC, 0x40, 0x60, 0xF0, 0x78, 0x3C, 0x0F, 0x07, 0x01, 0x07,
  0xF0, 0x0F, 0xFF, 0x81, 0xF9, 0xF8, 0x38, 0x07, 0x07, 0x00, 0xE0, 0xE0,
  0x1E, 0x00, 0x03, 0xC0, 0x00, 0x78, 0x00, 0x0F, 0x00, 0x01, 0xE0, 0x7F,
  0xFC, 0x3F, 0xFF, 0x87, 0x00, 0xF1, 0xE0, 0x1E, 0x38, 0x03, 0xC7, 0x00,
  0x78, 0xE0, 0x0F, 0x1E, 0x03, 0xE1, 0xE1, 0xDC, 0x3F, 0xF3, 0xF3, 0xF8,
  0x7E, 0xFE, 0x00, 0x07, 0xF0, 0x00, 0x07, 0x80, 0x00, 0x3C, 0x00, 0x01,
  0xE0, 0x00, 0x0F, 0x00, 0x00, 0x78, 0x00, 0x03, 0xC0, 0x00, 0x1E, 0x00,
  0x00, 0xF1, 0xF8, 0x07, 0xBF, 0xE0, 0x3F, 0xCF, 0x81, 0xF0, 0x1E, 0x0F,
  0x00, 0x78, 0x78, 0x03, 0xC3, 0xC0, 0x0E, 0x1E, 0x00, 0x78, 0xF0, 0x03,
  0xC7, 0x80, 0x0E, 0x3C, 0x00, 0x71, 0xE0, 0x03, 0x8F, 0x00, 0x3C, 0x78,
  0x01, 0xE3, 0xC0, 0x0E, 0x1E, 0x00, 0x70, 0xF0, 0x07, 0x87, 0x80, 0x78,
  0x3C, 0x0F, 0x81, 0xFF, 0xF8, 0x0F, 0xFF, 0x00, 0x03, 0xF8, 0x07, 0xFF,
  0x87, 0xC3, 0xC7, 0x80, 0xE7, 0x80, 0x33, 0x80, 0x1B, 0xC0, 0x01, 0xC0,
  0x00, 0xE0, 0x00, 0x70, 0x00, 0x38, 0x00, 0x1C, 0x00, 0x0E, 0x00, 0x07,
  0x00, 0x03, 0xC0, 0x01, 0xE0, 0x00, 0x78, 0x00, 0x3C, 0x01, 0x8F, 0x83,
  0xE3, 0xFF, 0xC0, 0x7F, 0x80, 0x00, 0x1F, 0x80, 0x01, 0xF8, 0x00, 0x03,
  0x80, 0x00, 0x38, 0x00, 0x03, 0x80, 0x00, 0x38, 0x00, 0x03, 0x80, 0x00,
  0x38, 0x00, 0x03, 0x80, 0x3F, 0xF8, 0x0F, 0xFF, 0x81, 0xF0, 0xF8, 0x3C,
  0x03, 0x87, 0x80, 0x38, 0x70, 0x03, 0x8F, 0x00, 0x38, 0xE0, 0x03, 0x8E,
  0x00, 0x38, 0xE0, 0x03, 0x8E, 0x00, 0x38, 0xE0, 0x03, 0x8E, 0x00, 0x38,
  0xE0, 0x03, 0x8F, 0x00, 0x38, 0xF0, 0x03, 0x87, 0x80, 0x38, 0x78, 0x07,
  0x83, 0xE1, 0xF8, 0x1F, 0xF9, 0xF0, 0xFE, 0x1F, 0x03, 0xF8, 0x03, 0xFF,
  0x01, 0xF3, 0xF0, 0xF0, 0x3C, 0x78, 0x07, 0x9C, 0x00, 0xEF, 0x00, 0x3B,
  0x80, 0x0E, 0xE0, 0x03, 0xFF, 0xFF, 0xEF, 0xFF, 0xFB, 0x80, 0x00, 0xE0,
  0x00, 0x38, 0x00, 0x0F, 0x00, 0x01, 0xC0, 0x00, 0x78, 0x00, 0x1F, 0x00,
  0x63, 0xE0, 0xF8, 0x7F, 0xFC, 0x07, 0xF8, 0x00, 0x01, 0xFE, 0x0F, 0xFC,
  0x1E, 0x00, 0x70, 0x00, 0xE0, 0x01, 0xC0, 0x03, 0x80, 0x07, 0x00, 0x0E,
  0x00, 0x1F, 0xE3, 0xFF, 0xC7, 0xFF, 0x80, 0xE0, 0x01, 0xC0, 0x03, 0x80,
  0x07, 0x00, 0x0E, 0x00, 0x1C, 0x00, 0x38, 0x00, 0x70, 0x00, 0xE0, 0x01,
  0xC0, 0x03, 0x80, 0x07, 0x00, 0x0E, 0x00, 0x1C, 0x00, 0x38, 0x00, 0x70,
  0x07, 0xFC, 0x0F, 0xF8, 0x00, 0x03, 0xF8, 0x20, 0xFF, 0xFE, 0x1E, 0x0F,
  0xE3, 0xC0, 0x78, 0x38, 0x03, 0x87, 0x00, 0x3C, 0x70, 0x01, 0xC7, 0x00,
  0x1C, 0x70, 0x03, 0xC7, 0x80, 0x38, 0x38, 0x03, 0x83, 0xC0, 0xF0, 0x1F,
  0xFE, 0x00, 0xFF, 0xC0, 0x0C, 0x40, 0x01, 0xC0, 0x00, 0x18, 0x00, 0x03,
  0x80, 0x00, 0x3F, 0xFE, 0x01, 0xFF, 0xFC, 0x1F, 0xFF, 0xE3, 0x80, 0x1E,
  0x70, 0x00, 0xFE, 0x00, 0x07, 0xE0, 0x00, 0x7E, 0x00, 0x0E, 0xF0, 0x00,
  0xE7, 0xC0, 0x3C, 0x3F, 0xFF, 0x81, 0xFF, 0xE0, 0xFC, 0x00, 0x01, 0xF8,
  0x00, 0x00, 0x70, 0x00, 0x00, 0xE0, 0x00, 0x01, 0xC0, 0x00, 0x03, 0x80,
  0x00, 0x07, 0x00, 0x00, 0x0E, 0x00, 0x00, 0x1C, 0x00, 0x00, 0x38, 0x3E,
  0x00, 0x73, 0xFF, 0x00, 0xEF, 0xBF, 0x01, 0xF8, 0x1E, 0x03, 0xC0, 0x1C,
  0x07, 0x00, 0x3C, 0x0E, 0x00, 0x78, 0x1C, 0x00, 0xF0, 0x38, 0x01, 0xE0,
  0x70, 0x03, 0xC0, 0xE0, 0x07, 0x81, 0xC0, 0x0F, 0x03, 0x80, 0x1E, 0x07,
  0x00, 0x3C, 0x0E, 0x00, 0x78, 0x1C, 0x00, 0xF0, 0x38, 0x01, 0xE0, 0x70,
  0x03, 0xC0, 0xE0, 0x07, 0x8F, 0xF8, 0x3F, 0xFF, 0xF0, 0x7F, 0xC0, 0x1E,
  0x07, 0x81, 0xE0, 0x70, 0x00, 0x00, 0x00, 0x00, 0x00, 0xFE, 0x3F, 0x83,
  0xE0, 0x38, 0x0E, 0x03, 0x80, 0xE0, 0x38, 0x0E, 0x03, 0x80, 0xE0, 0x38,
  0x0E, 0x03, 0x80, 0xE0, 0x38, 0x0E, 0x03, 0x80, 0xE3, 0xFF, 0xFF, 0xC0,
  0x07, 0x83, 0xC1, 0xE0, 0x70, 0x00, 0x00, 0x00, 0x00, 0x1F, 0x8F, 0xC1,
  0xE0, 0x70, 0x38, 0x1C, 0x0E, 0x07, 0x03, 0x81, 0xC0, 0xE0, 0x70, 0x38,
  0x1C, 0x0E, 0x07, 0x03, 0x81, 0xC0, 0xE0, 0x70, 0x38, 0x1C, 0x0E, 0x07,
  0x03, 0x81, 0xC1, 0xE1, 0xE7, 0xE7, 0xE0, 0xFC, 0x00, 0x07, 0xE0, 0x00,
  0x07, 0x00, 0x00, 0x38, 0x00, 0x01, 0xC0, 0x00, 0x0E, 0x00, 0x00, 0x70,
  0x00, 0x03, 0x80, 0x00, 0x1C, 0x00, 0x00, 0xE0, 0xFF, 0x87, 0x07, 0xFC,
  0x38, 0x07, 0x01, 0xC0, 0x70, 0x0E, 0x03, 0x80, 0x70, 0x38, 0x03, 0x81,
  0xC0, 0x1C, 0x1C, 0x00, 0xFF, 0xC0, 0x07, 0xFE, 0x00, 0x3F, 0xF8, 0x01,
  0xC1, 0xC0, 0x0E, 0x0F, 0x00, 0x70, 0x38, 0x03, 0x80, 0xE0, 0x1C, 0x07,
  0x00, 0xE0, 0x1C, 0x07, 0x00, 0xF0, 0x38, 0x03, 0x8F, 0xF8, 0x1F, 0xFF,
  0xC0, 0x7C, 0xFC, 0x7E, 0x07, 0x03, 0x81, 0xC0, 0xE0, 0x70, 0x38, 0x1C,
  0x0E, 0x07, 0x03, 0x81, 0xC0, 0xE0, 0x70, 0x38, 0x1C, 0x0E, 0x07, 0x03,
  0x81, 0xC0, 0xE0, 0x70, 0x38, 0x1C, 0x0E, 0x07, 0x03, 0x8F, 0xFF, 0xFC,
  0xFC, 0x1F, 0x80, 0xFC, 0x0F, 0xC7, 0xFC, 0x3F, 0xE0, 0x3D, 0xF7, 0xEF,
  0xBF, 0x00, 0xF8, 0x1F, 0xC0, 0xF0, 0x0F, 0x00, 0xF8, 0x07, 0x00, 0xE0,
  0x0F, 0x00, 0x78, 0x0E, 0x00, 0x70, 0x07, 0x80, 0xE0, 0x07, 0x00, 0x38,
  0x0E, 0x00, 0x70, 0x03, 0x80, 0xE0, 0x07, 0x00, 0x38, 0x0E, 0x00, 0x70,
  0x03, 0x80, 0xE0, 0x07, 0x00, 0x38, 0x0E, 0x00, 0x70, 0x03, 0x80, 0xE0,
  0x07, 0x00, 0x38, 0x0E, 0x00, 0x70, 0x03, 0x80, 0xE0, 0x07, 0x00, 0x38,
  0x0E, 0x00, 0x70, 0x03, 0x80, 0xE0, 0x07, 0x00, 0x38, 0x0E, 0x00, 0x70,
  0x03, 0x8F, 0xFC, 0x3F, 0xE1, 0xFF, 0xFF, 0xC3, 0xFE, 0x1F, 0xF0, 0xFC,
  0x1F, 0x81, 0xF8, 0xFF, 0x80, 0xF7, 0xDF, 0x80, 0x7C, 0x07, 0x80, 0xF0,
  0x0F, 0x01, 0xC0, 0x0E, 0x03, 0x80, 0x1C, 0x07, 0x00, 0x38, 0x0E, 0x00,
  0x70, 0x1C, 0x00, 0xE0, 0x38, 0x01, 0xC0, 0x70, 0x03, 0x80, 0xE0, 0x07,
  0x01, 0xC0, 0x0E, 0x03, 0x80, 0x1C, 0x07, 0x00, 0x38, 0x0E, 0x00, 0x70,
  0x1C, 0x00, 0xE0, 0x38, 0x01, 0xC7, 0xFE, 0x1F, 0xFF, 0xFC, 0x3F, 0xE0,
  0x03, 0xF8, 0x01, 0xFF, 0xC0, 0x7C, 0x7C, 0x1E, 0x03, 0xC7, 0x80, 0x3C,
  0xE0, 0x03, 0xBC, 0x00, 0x77, 0x00, 0x0E, 0xE0, 0x01, 0xFC, 0x00, 0x3F,
  0x80, 0x07, 0xF0, 0x00, 0xFE, 0x00, 0x1F, 0xC0, 0x03, 0xBC, 0x00, 0x77,
  0x80, 0x1E, 0x70, 0x03, 0x8F, 0x00, 0xF0, 0xF0, 0x3C, 0x0F, 0xFF, 0x00,
  0x7F, 0x80, 0xFC, 0x3E, 0x0F, 0xCF, 0xF8, 0x3D, 0xE7, 0xC1, 0xF0, 0x1E,
  0x1E, 0x00, 0xE1, 0xC0, 0x0F, 0x1C, 0x00, 0x71, 0xC0, 0x07, 0x1C, 0x00,
  0x71, 0xC0, 0x07, 0x1C, 0x00, 0x71, 0xC0, 0x07, 0x1C, 0x00, 0x71, 0xC0,
  0x07, 0x1C, 0x00, 0x71, 0xC0, 0x0F, 0x1C, 0x00, 0xE1, 0xC0, 0x1E, 0x1E,
  0x07, 0xC1, 0xFF, 0xF8, 0x1F, 0xFE, 0x01, 0xC0, 0x00, 0x1C, 0x00, 0x01,
  0xC0, 0x00, 0x1C, 0x00, 0x01, 0xC0, 0x00, 0x1C, 0x00, 0x01, 0xC0, 0x00,
  0xFF, 0xC0, 0x0F, 0xFC, 0x00, 0x01, 0xFF, 0x00, 0xFF, 0xF8, 0x1F, 0x0F,
  0x83, 0xC0, 0x38, 0x78, 0x03, 0x87, 0x00, 0x38, 0xF0, 0x03, 0x8E, 0x00,
  0x38, 0xE0, 0x03, 0x8E, 0x00, 0x38, 0xE0, 0x03, 0x8E, 0x00, 0x38, 0xE0,
  0x03, 0x8E, 0x00, 0x38, 0xF0, 0x03, 0x8F, 0x00, 0x38, 0x78, 0x03, 0x87,
  0x80, 0x78, 0x3E, 0x1F, 0x81, 0xFF, 0xB8, 0x0F, 0xE3, 0x80, 0x00, 0x38,
  0x00, 0x03, 0x80, 0x00, 0x38, 0x00, 0x03, 0x80, 0x00, 0x38, 0x00, 0x03,
  0x80, 0x00, 0x38, 0x00, 0x3F, 0xF0, 0x03, 0xFF, 0xFC, 0x3F, 0xFC, 0x7F,
  0x3D, 0xFF, 0x0F, 0x87, 0x0F, 0x07, 0x0E, 0x07, 0x0E, 0x00, 0x0E, 0x00,
  0x0E, 0x00, 0x0E, 0x00, 0x0E, 0x00, 0x0E, 0x00, 0x0E, 0x00, 0x0E, 0x00,
  0x0E, 0x00, 0x0E, 0x00, 0x0E, 0x00, 0x0E, 0x00, 0x0E, 0x00, 0xFF, 0xC0,
  0xFF, 0xC0, 0x0F, 0xF0, 0x7F, 0xF9, 0xF0, 0xF3, 0x80, 0x6F, 0x00, 0xDC,
  0x00, 0x3C, 0x00, 0x3C, 0x00, 0x7E, 0x00, 0x7F, 0x80, 0x3F, 0xC0, 0x1F,
  0xC0, 0x07, 0xC0, 0x03, 0xC0, 0x03, 0xE0, 0x07, 0xE0, 0x0F, 0xC0, 0x3B,
  0x80, 0xF7, 0xFF, 0xCF, 0xFE, 0x00, 0x0C, 0x00, 0xE0, 0x07, 0x00, 0x38,
  0x01, 0xC0, 0x3F, 0xFB, 0xFF, 0xDF, 0xFE, 0x1C, 0x00, 0xE0, 0x07, 0x00,
  0x38, 0x01, 0xC0, 0x0E, 0x00, 0x70, 0x03, 0x80, 0x1C, 0x00, 0xE0, 0x07,
  0x00, 0x38, 0x01, 0xC0, 0x0E, 0x00, 0x70, 0x03, 0xC2, 0x0F, 0xF8, 0x3F,
  0x00, 0xFC, 0x07, 0xE3, 0xF0, 0x1F, 0x87, 0xC0, 0x1E, 0x07, 0x00, 0x38,
  0x1C, 0x00, 0xE0, 0x70, 0x03, 0x81, 0xC0, 0x0E, 0x07, 0x00, 0x38, 0x1C,
  0x00, 0xE0, 0x70, 0x03, 0x81, 0xC0, 0x0E, 0x07, 0x00, 0x38, 0x1C, 0x00,
  0xE0, 0x70, 0x03, 0x81, 0xC0, 0x0E, 0x07, 0x00, 0x38, 0x1C, 0x01, 0xE0,
  0x78, 0x0F, 0x81, 0xF0, 0xF6, 0x03, 0xFF, 0x1F, 0x07, 0xF8, 0x7C, 0xFF,
  0x07, 0xFF, 0xF8, 0x3F, 0xCE, 0x00, 0x38, 0x78, 0x03, 0x81, 0xC0, 0x1C,
  0x0E, 0x00, 0xC0, 0x78, 0x0E, 0x01, 0xC0, 0x70, 0x0E, 0x03, 0x00, 0x70,
  0x38, 0x01, 0xC1, 0xC0, 0x0E, 0x0C, 0x00, 0x70, 0xE0, 0x01, 0xC7, 0x00,
  0x0E, 0x30, 0x00, 0x73, 0x80, 0x01, 0xDC, 0x00, 0x0E, 0xC0, 0x00, 0x7E,
  0x00, 0x01, 0xE0, 0x00, 0x0F, 0x00, 0x00, 0xFF, 0x03, 0xC0, 0xFF, 0xFF,
  0x03, 0xC0, 0xFF, 0x38, 0x03, 0xC0, 0x38, 0x38, 0x07, 0xC0, 0x38, 0x1C,
  0x06, 0xE0, 0x38, 0x1C, 0x06, 0xE0, 0x30, 0x1C, 0x0E, 0xE0, 0x70, 0x1C,
  0x0E, 0x60, 0x70, 0x0E, 0x0C, 0x70, 0x60, 0x0E, 0x0C, 0x70, 0x60, 0x0E,
  0x1C, 0x30, 0xE0, 0x06, 0x18, 0x38, 0xE0, 0x07, 0x18, 0x38, 0xC0, 0x07,
  0x38, 0x38, 0xC0, 0x07, 0x38, 0x19, 0xC0, 0x03, 0x30, 0x1D, 0xC0, 0x03,
  0xB0, 0x1D, 0x80, 0x03, 0xF0, 0x1D, 0x80, 0x03, 0xE0, 0x0F, 0x80, 0x01,
  0xE0, 0x0F, 0x00, 0x01, 0xE0, 0x0F, 0x00, 0x7F, 0x80, 0xFB, 0xFC, 0x07,
  0xC7, 0x80, 0x70, 0x1E, 0x07, 0x00, 0x70, 0x38, 0x03, 0xC3, 0x80, 0x0F,
  0x38, 0x00, 0x39, 0x80, 0x00, 0xFC, 0x00, 0x07, 0xC0, 0x00, 0x1C, 0x00,
  0x01, 0xF0, 0x00, 0x0F, 0xC0, 0x00, 0xEE, 0x00, 0x0E, 0x38, 0x00, 0xE1,
  0xE0, 0x07, 0x07, 0x80, 0x70, 0x1C, 0x07, 0x00, 0xF1, 0xF8, 0x1F, 0xFF,
  0x80, 0xFF, 0x80, 0xFF, 0x07, 0xFF, 0xF8, 0x3F, 0xCE, 0x00, 0x38, 0x78,
  0x03, 0x81, 0xC0, 0x1C, 0x0E, 0x00, 0xC0, 0x38, 0x0E, 0x01, 0xC0, 0x70,
  0x0E, 0x03, 0x00, 0x38, 0x38, 0x01, 0xC1, 0xC0, 0x0E, 0x0C, 0x00, 0x38,
  0xE0, 0x01, 0xC7, 0x00, 0x06, 0x30, 0x00, 0x3B, 0x80, 0x01, 0xD8, 0x00,
  0x06, 0xC0, 0x00, 0x3E, 0x00, 0x00, 0xE0, 0x00, 0x07, 0x00, 0x00, 0x38,
  0x00, 0x03, 0x80, 0x00, 0x1C, 0x00, 0x00, 0xC0, 0x00, 0x0E, 0x00, 0x00,
  0xE0, 0x00, 0x0F, 0x00, 0x07, 0xF0, 0x00, 0x3F, 0x00, 0x00, 0xFF, 0xFF,
  0xFF, 0xFF, 0xFF, 0xFE, 0x00, 0xEC, 0x03, 0x80, 0x0F, 0x00, 0x3C, 0x00,
  0x70, 0x01, 0xC0, 0x07, 0x80, 0x0E, 0x00, 0x38, 0x00, 0xF0, 0x01, 0xC0,
  0x07, 0x00, 0x1E, 0x03, 0x78, 0x06, 0xE0, 0x0F, 0x80, 0x1F, 0xFF, 0xFF,
  0xFF, 0xE0, 0x03, 0xE0, 0xFC, 0x3C, 0x07, 0x00, 0xE0, 0x1C, 0x03, 0x80,
  0x70, 0x0E, 0x01, 0xC0, 0x38, 0x07, 0x00, 0xE0, 0x1C, 0x03, 0x80, 0xE0,
  0x1C, 0x1F, 0x03, 0xC0, 0x7E, 0x01, 0xC0, 0x18, 0x03, 0x80, 0x70, 0x0E,
  0x01, 0xC0, 0x38, 0x07, 0x00, 0xE0, 0x1C, 0x03, 0x80, 0x70, 0x0E, 0x01,
  0xC0, 0x3C, 0x03, 0xF0, 0x3E, 0xFF, 0xFF, 0xFF, 0xFF, 0xFF, 0xFF, 0xFF,
  0xFF, 0xFF, 0xFF, 0xFF, 0xFF, 0xFF, 0x80, 0xF8, 0x1F, 0x80, 0x38, 0x07,
  0x00, 0x60, 0x0C, 0x01, 0x80, 0x30, 0x06, 0x00, 0xC0, 0x18, 0x03, 0x00,
  0x60, 0x0C, 0x01, 0xC0, 0x38, 0x07, 0x80, 0x7C, 0x07, 0x81, 0xF0, 0x70,
  0x0E, 0x01, 0xC0, 0x30, 0x06, 0x00, 0xC0, 0x18, 0x03, 0x00, 0x60, 0x0C,
  0x01, 0x80, 0x30, 0x0E, 0x01, 0xC0, 0x78, 0x7E, 0x0F, 0x80, 0x04, 0x00,
  0x03, 0xF0, 0x04, 0xFF, 0x81, 0xB0, 0x7F, 0xEC, 0x03, 0xFC, 0x00, 0x0E,
  0x00, 0xFF, 0xFF, 0xFF, 0xFF, 0xFE, 0x07, 0xFB, 0xFC, 0x07, 0xC0, 0x7F,
  0xFF, 0xC3, 0xFC, 0xBF, 0xCB, 0xFC, 0x07, 0xFF, 0xFC, 0x07, 0xFB, 0xFF,
  0xB7, 0xC3, 0x7F, 0xF7, 0xC0, 0x7F, 0xFF, 0xC8, 0x7C, 0xB7, 0xCF, 0x7C,
  0x07, 0xFF, 0xFF, 0xFF, 0xFF, 0xFC, 0x07, 0xCF, 0x7C, 0xF7, 0xC0, 0x7F,
  0xFF, 0xC0, 0x7F, 0x9F, 0xE7, 0xFC, 0x07, 0xFF, 0xFF, 0xFF, 0xFF, 0xF0,
  0xFF, 0xFF, 0xFF, 0xFF, 0xFE, 0x07, 0xFB, 0xFC, 0x07, 0xC0, 0x7F, 0xFF,
  0xC3, 0xFC, 0xBF, 0xCB, 0xFC, 0x07, 0xFF, 0xFC, 0x07, 0xFB, 0xFF, 0xB7,
  0xC3, 0x7F, 0xF7, 0xC0, 0x7F, 0xFF, 0xC8, 0x7C, 0xB7, 0xCF, 0x7C, 0x07,
  0xFF, 0xFF, 0xFF, 0xFF, 0xFC, 0x07, 0xCF, 0x7C, 0xF7, 0xC0, 0x7F, 0xFF,
  0xC0, 0x7F, 0x9F, 0xE7, 0xFC, 0x07, 0xFF, 0xFF, 0xFF, 0xFF, 0xF0, 0xFF,
  0xFF, 0xFF, 0xFF, 0xFE, 0x07, 0xFB, 0xFC, 0x07, 0xC0, 0x7F, 0xFF, 0xC3,
  0xFC, 0xBF, 0xCB, 0xFC, 0x07, 0xFF, 0xFC, 0x07, 0xFB, 0xFF, 0xB7, 0xC3,
  0x7F, 0xF7, 0xC0, 0x7F, 0xFF, 0xC8, 0x7C, 0xB7, 0xCF, 0x7C, 0x07, 0xFF,
  0xFF, 0xFF, 0xFF, 0xFC, 0x07, 0xCF, 0x7C, 0xF7, 0xC0, 0x7F, 0xFF, 0xC0,
  0x7F, 0x9F, 0xE7, 0xFC, 0x07, 0xFF, 0xFF, 0xFF, 0xFF, 0xF0, 0xFF, 0xFF,
  0xFF, 0xFF, 0xFE, 0x07, 0xFB, 0xFC, 0x07, 0xC0, 0x7F, 0xFF, 0xC3, 0xFC,
  0xBF, 0xCB, 0xFC, 0x07, 0xFF, 0xFC, 0x07, 0xFB, 0xFF, 0xB7, 0xC3, 0x7F,
  0xF7, 0xC0, 0x7F, 0xFF, 0xC8, 0x7C, 0xB7, 0xCF, 0x7C, 0x07, 0xFF, 0xFF,
  0xFF, 0xFF, 0xFC, 0x07, 0xCF, 0x7C, 0xF7, 0xC0, 0x7F, 0xFF, 0xC0, 0x7F,
  0x9F, 0xE7, 0xFC, 0x07, 0xFF, 0xFF, 0xFF, 0xFF, 0xF0, 0xFF, 0xFF, 0xFF,
  0xFF, 0xFE, 0x07, 0xFB, 0xFC, 0x07, 0xC0, 0x7F, 0xFF, 0xC3, 0xFC, 0xBF,
  0xCB, 0xFC, 0x07, 0xFF, 0xFC, 0x07, 0xFB, 0xFF, 0xB7, 0xC3, 0x7F, 0xF7,
  0xC0, 0x7F, 0xFF, 0xC8, 0x7C, 0xB7, 0xCF, 0x7C, 0x07, 0xFF, 0xFF, 0xFF,
  0xFF, 0xFC, 0x07, 0xCF, 0x7C, 0xF7, 0xC0, 0x7F, 0xFF, 0xC0, 0x7F, 0x9F,
  0xE7, 0xFC, 0x07, 0xFF, 0xFF, 0xFF, 0xFF, 0xF0, 0xFF, 0xFF, 0xFF, 0xFF,
  0xFE, 0x07, 0xFB, 0xFC, 0x07, 0xC0, 0x7F, 0xFF, 0xC3, 0xFC, 0xBF, 0xCB,
  0xFC, 0x07, 0xFF, 0xFC, 0x07, 0xFB, 0xFF, 0xB7, 0xC3, 0x7F, 0xF7, 0xC0,
  0x7F, 0xFF, 0xC8, 0x7C, 0xB7, 0xCF, 0x7C, 0x07, 0xFF, 0xFF, 0xFF, 0xFF,
  0xFC, 0x07, 0xCF, 0x7C, 0xF7, 0xC0, 0x7F, 0xFF, 0xC0, 0x7F, 0x9F, 0xE7,
  0xFC, 0x07, 0xFF, 0xFF, 0xFF, 0xFF, 0xF0, 0xFF, 0xFF, 0xFF, 0xFF, 0xFE,
  0x07, 0xFB, 0xFC, 0x07, 0xC0, 0x7F, 0xFF, 0xC3, 0xFC, 0xBF, 0xCB, 0xFC,
  0x07, 0xFF, 0xFC, 0x07, 0xFB, 0xFF, 0xB7, 0xC3, 0x7F, 0xF7, 0xC0, 0x7F,
  0xFF, 0xC8, 0x7C, 0xB7, 0xCF, 0x7C, 0x07, 0xFF, 0xFF, 0xFF, 0xFF, 0xFC,
  0x07, 0xCF, 0x7C, 0xF7, 0xC0, 0x7F, 0xFF, 0xC0, 0x7F, 0x9F, 0xE7, 0xFC,
  0x07, 0xFF, 0xFF, 0xFF, 0xFF, 0xF0, 0xFF, 0xFF, 0xFF, 0xFF, 0xFE, 0x07,
  0xFB, 0xFC, 0x07, 0xC0, 0x7F, 0xFF, 0xC3, 0xFC, 0xBF, 0xCB, 0xFC, 0x07,
  0xFF, 0xFC, 0x07, 0xFB, 0xFF, 0xB7, 0xC3, 0x7F, 0xF7, 0xC0, 0x7F, 0xFF,
  0xC8, 0x7C, 0xB7, 0xCF, 0x7C, 0x07, 0xFF, 0xFF, 0xFF, 0xFF, 0xFC, 0x07,
  0xCF, 0x7C, 0xF7, 0xC0, 0x7F, 0xFF, 0xC0, 0x7F, 0x9F, 0xE7, 0xFC, 0x07,
  0xFF, 0xFF, 0xFF, 0xFF, 0xF0, 0xFF, 0xFF, 0xFF, 0xFF, 0xFE, 0x07, 0xFB,
  0xFC, 0x07, 0xC0, 0x7F, 0xFF, 0xC3, 0xFC, 0xBF, 0xCB, 0xFC, 0x07, 0xFF,
  0xFC, 0x07, 0xFB, 0xFF, 0xB7, 0xC3, 0x7F, 0xF7, 0xC0, 0x7F, 0xFF, 0xC8,
  0x7C, 0xB7, 0xCF, 0x7C, 0x07, 0xFF, 0xFF, 0xFF, 0xFF, 0xFC, 0x07, 0xCF,
  0x7C, 0xF7, 0xC0, 0x7F, 0xFF, 0xC0, 0x7F, 0x9F, 0xE7, 0xFC, 0x07, 0xFF,
  0xFF, 0xFF, 0xFF, 0xF0, 0xFF, 0xFF, 0xFF, 0xFF, 0xFE, 0x07, 0xFB, 0xFC,
  0x07, 0xC0, 0x7F, 0xFF, 0xC3, 0xFC, 0xBF, 0xCB, 0xFC, 0x07, 0xFF, 0xFC,
  0x07, 0xFB, 0xFF, 0xB7, 0xC3, 0x7F, 0xF7, 0xC0, 0x7F, 0xFF, 0xC8, 0x7C,
  0xB7, 0xCF, 0x7C, 0x07, 0xFF, 0xFF, 0xFF, 0xFF, 0xFC, 0x07, 0xCF, 0x7C,
  0xF7, 0xC0, 0x7F, 0xFF, 0xC0, 0x7F, 0x9F, 0xE7, 0xFC, 0x07, 0xFF, 0xFF,
  0xFF, 0xFF, 0xF0, 0xFF, 0xFF, 0xFF, 0xFF, 0xFE, 0x07, 0xFB, 0xFC, 0x07,
  0xC0, 0x7F, 0xFF, 0xC3, 0xFC, 0xBF, 0xCB, 0xFC, 0x07, 0xFF, 0xFC, 0x07,
  0xFB, 0xFF, 0xB7, 0xC3, 0x7F, 0xF7, 0xC0, 0x7F, 0xFF, 0xC8, 0x7C, 0xB7,
  0xCF, 0x7C, 0x07, 0xFF, 0xFF, 0xFF, 0xFF, 0xFC, 0x07, 0xCF, 0x7C, 0xF7,
  0xC0, 0x7F, 0xFF, 0xC0, 0x7F, 0x9F, 0xE7, 0xFC, 0x07, 0xFF, 0xFF, 0xFF,
  0xFF, 0xF0, 0xFF, 0xFF, 0xFF, 0xFF, 0xFE, 0x07, 0xFB, 0xFC, 0x07, 0xC0,
  0x7F, 0xFF, 0xC3, 0xFC, 0xBF, 0xCB, 0xFC, 0x07, 0xFF, 0xFC, 0x07, 0xFB,
  0xFF, 0xB7, 0xC3, 0x7F, 0xF7, 0xC0, 0x7F, 0xFF, 0xC8, 0x7C, 0xB7, 0xCF,
  0x7C, 0x07, 0xFF, 0xFF, 0xFF, 0xFF, 0xFC, 0x07, 0xCF, 0x7C, 0xF7, 0xC0,
  0x7F, 0xFF, 0xC0, 0x7F, 0x9F, 0xE7, 0xFC, 0x07, 0xFF, 0xFF, 0xFF, 0xFF,
  0xF0, 0xFF, 0xFF, 0xFF, 0xFF, 0xFE, 0x07, 0xFB, 0xFC, 0x07, 0xC0, 0x7F,
  0xFF, 0xC3, 0xFC, 0xBF, 0xCB, 0xFC, 0x07, 0xFF, 0xFC, 0x07, 0xFB, 0xFF,
  0xB7, 0xC3, 0x7F, 0xF7, 0xC0, 0x7F, 0xFF, 0xC8, 0x7C, 0xB7, 0xCF, 0x7C,
  0x07, 0xFF, 0xFF, 0xFF, 0xFF, 0xFC, 0x07, 0xCF, 0x7C, 0xF7, 0xC0, 0x7F,
  0xFF, 0xC0, 0x7F, 0x9F, 0xE7, 0xFC, 0x07, 0xFF, 0xFF, 0xFF, 0xFF, 0xF0,
  0xFF, 0xFF, 0xFF, 0xFF, 0xFE, 0x07, 0xFB, 0xFC, 0x07, 0xC0, 0x7F, 0xFF,
  0xC3, 0xFC, 0xBF, 0xCB, 0xFC, 0x07, 0xFF, 0xFC, 0x07, 0xFB, 0xFF, 0xB7,
  0xC3, 0x7F, 0xF7, 0xC0, 0x7F, 0xFF, 0xC8, 0x7C, 0xB7, 0xCF, 0x7C, 0x07,
  0xFF, 0xFF, 0xFF, 0xFF, 0xFC, 0x07, 0xCF, 0x7C, 0xF7, 0xC0, 0x7F, 0xFF,
  0xC0, 0x7F, 0x9F, 0xE7, 0xFC, 0x07, 0xFF, 0xFF, 0xFF, 0xFF, 0xF0, 0xFF,
  0xFF, 0xFF, 0xFF, 0xFE, 0x07, 0xFB, 0xFC, 0x07, 0xC0, 0x7F, 0xFF, 0xC3,
  0xFC, 0xBF, 0xCB, 0xFC, 0x07, 0xFF, 0xFC, 0x07, 0xFB, 0xFF, 0xB7, 0xC3,
  0x7F, 0xF7, 0xC0, 0x7F, 0xFF, 0xC8, 0x7C, 0xB7, 0xCF, 0x7C, 0x07, 0xFF,
  0xFF, 0xFF, 0xFF, 0xFC, 0x07, 0xCF, 0x7C, 0xF7, 0xC0, 0x7F, 0xFF, 0xC0,
  0x7F, 0x9F, 0xE7, 0xFC, 0x07, 0xFF, 0xFF, 0xFF, 0xFF, 0xF0, 0xFF, 0xFF,
  0xFF, 0xFF, 0xFE, 0x07, 0xFB, 0xFC, 0x07, 0xC0, 0x7F, 0xFF, 0xC3, 0xFC,
  0xBF, 0xCB, 0xFC, 0x07, 0xFF, 0xFC, 0x07, 0xFB, 0xFF, 0xB7, 0xC3, 0x7F,
  0xF7, 0xC0, 0x7F, 0xFF, 0xC8, 0x7C, 0xB7, 0xCF, 0x7C, 0x07, 0xFF, 0xFF,
  0xFF, 0xFF, 0xFC, 0x07, 0xCF, 0x7C, 0xF7, 0xC0, 0x7F, 0xFF, 0xC0, 0x7F,
  0x9F, 0xE7, 0xFC, 0x07, 0xFF, 0xFF, 0xFF, 0xFF, 0xF0, 0xFF, 0xFF, 0xFF,
  0xFF, 0xFE, 0x07, 0xFB, 0xFC, 0x07, 0xC0, 0x7F, 0xFF, 0xC3, 0xFC, 0xBF,
  0xCB, 0xFC, 0x07, 0xFF, 0xFC, 0x07, 0xFB, 0xFF, 0xB7, 0xC3, 0x7F, 0xF7,
  0xC0, 0x7F, 0xFF, 0xC8, 0x7C, 0xB7, 0xCF, 0x7C, 0x07, 0xFF, 0xFF, 0xFF,
  0xFF, 0xFC, 0x07, 0xCF, 0x7C, 0xF7, 0xC0, 0x7F, 0xFF, 0xC0, 0x7F, 0x9F,
  0xE7, 0xFC, 0x07, 0xFF, 0xFF, 0xFF, 0xFF, 0xF0, 0xFF, 0xFF, 0xFF, 0xFF,
  0xFE, 0x07, 0xFB, 0xFC, 0x07, 0xC0, 0x7F, 0xFF, 0xC3, 0xFC, 0xBF, 0xCB,
  0xFC, 0x07, 0xFF, 0xFC, 0x07, 0xFB, 0xFF, 0xB7, 0xC3, 0x7F, 0xF7, 0xC0,
  0x7F, 0xFF, 0xC8, 0x7C, 0xB7, 0xCF, 0x7C, 0x07, 0xFF, 0xFF, 0xFF, 0xFF,
  0xFC, 0x07, 0xCF, 0x7C, 0xF7, 0xC0, 0x7F, 0xFF, 0xC0, 0x7F, 0x9F, 0xE7,
  0xFC, 0x07, 0xFF, 0xFF, 0xFF, 0xFF, 0xF0, 0xFF, 0xFF, 0xFF, 0xFF, 0xFE,
  0x07, 0xFB, 0xFC, 0x07, 0xC0, 0x7F, 0xFF, 0xC3, 0xFC, 0xBF, 0xCB, 0xFC,
  0x07, 0xFF, 0xFC, 0x07, 0xFB, 0xFF, 0xB7, 0xC3, 0x7F, 0xF7, 0xC0, 0x7F,
  0xFF, 0xC8, 0x7C, 0xB7, 0xCF, 0x7C, 0x07, 0xFF, 0xFF, 0xFF, 0xFF, 0xFC,
  0x07, 0xCF, 0x7C, 0xF7, 0xC0, 0x7F, 0xFF, 0xC0, 0x7F, 0x9F, 0xE7, 0xFC,
  0x07, 0xFF, 0xFF, 0xFF, 0xFF, 0xF0, 0xFF, 0xFF, 0xFF, 0xFF, 0xFE, 0x07,
  0xFB, 0xFC, 0x07, 0xC0, 0x7F, 0xFF, 0xC3, 0xFC, 0xBF, 0xCB, 0xFC, 0x07,
  0xFF, 0xFC, 0x07, 0xFB, 0xFF, 0xB7, 0xC3, 0x7F, 0xF7, 0xC0, 0x7F, 0xFF,
  0xC8, 0x7C, 0xB7, 0xCF, 0x7C, 0x07, 0xFF, 0xFF, 0xFF, 0xFF, 0xFC, 0x07,
  0xCF, 0x7C, 0xF7, 0xC0, 0x7F, 0xFF, 0xC0, 0x7F, 0x9F, 0xE7, 0xFC, 0x07,
  0xFF, 0xFF, 0xFF, 0xFF, 0xF0, 0xFF, 0xFF, 0xFF, 0xFF, 0xFE, 0x07, 0xFB,
  0xFC, 0x07, 0xC0, 0x7F, 0xFF, 0xC3, 0xFC, 0xBF, 0xCB, 0xFC, 0x07, 0xFF,
  0xFC, 0x07, 0xFB, 0xFF, 0xB7, 0xC3, 0x7F, 0xF7, 0xC0, 0x7F, 0xFF, 0xC8,
  0x7C, 0xB7, 0xCF, 0x7C, 0x07, 0xFF, 0xFF, 0xFF, 0xFF, 0xFC, 0x07, 0xCF,
  0x7C, 0xF7, 0xC0, 0x7F, 0xFF, 0xC0, 0x7F, 0x9F, 0xE7, 0xFC, 0x07, 0xFF,
  0xFF, 0xFF, 0xFF, 0xF0, 0xFF, 0xFF, 0xFF, 0xFF, 0xFE, 0x07, 0xFB, 0xFC,
  0x07, 0xC0, 0x7F, 0xFF, 0xC3, 0xFC, 0xBF, 0xCB, 0xFC, 0x07, 0xFF, 0xFC,
  0x07, 0xFB, 0xFF, 0xB7, 0xC3, 0x7F, 0xF7, 0xC0, 0x7F, 0xFF, 0xC8, 0x7C,
  0xB7, 0xCF, 0x7C, 0x07, 0xFF, 0xFF, 0xFF, 0xFF, 0xFC, 0x07, 0xCF, 0x7C,
  0xF7, 0xC0, 0x7F, 0xFF, 0xC0, 0x7F, 0x9F, 0xE7, 0xFC, 0x07, 0xFF, 0xFF,
  0xFF, 0xFF, 0xF0, 0xFF, 0xFF, 0xFF, 0xFF, 0xFE, 0x07, 0xFB, 0xFC, 0x07,
  0xC0, 0x7F, 0xFF, 0xC3, 0xFC, 0xBF, 0xCB, 0xFC, 0x07, 0xFF, 0xFC, 0x07,
  0xFB, 0xFF, 0xB7, 0xC3, 0x7F, 0xF7, 0xC0, 0x7F, 0xFF, 0xC8, 0x7C, 0xB7,
  0xCF, 0x7C, 0x07, 0xFF, 0xFF, 0xFF, 0xFF, 0xFC, 0x07, 0xCF, 0x7C, 0xF7,
  0xC0, 0x7F, 0xFF, 0xC0, 0x7F, 0x9F, 0xE7, 0xFC, 0x07, 0xFF, 0xFF, 0xFF,
  0xFF, 0xF0, 0xFF, 0xFF, 0xFF, 0xFF, 0xFE, 0x07, 0xFB, 0xFC, 0x07, 0xC0,
  0x7F, 0xFF, 0xC3, 0xFC, 0xBF, 0xCB, 0xFC, 0x07, 0xFF, 0xFC, 0x07, 0xFB,
  0xFF, 0xB7, 0xC3, 0x7F, 0xF7, 0xC0, 0x7F, 0xFF, 0xC8, 0x7C, 0xB7, 0xCF,
  0x7C, 0x07, 0xFF, 0xFF, 0xFF, 0xFF, 0xFC, 0x07, 0xCF, 0x7C, 0xF7, 0xC0,
  0x7F, 0xFF, 0xC0, 0x7F, 0x9F, 0xE7, 0xFC, 0x07, 0xFF, 0xFF, 0xFF, 0xFF,
  0xF0, 0xFF, 0xFF, 0xFF, 0xFF, 0xFE, 0x07, 0xFB, 0xFC, 0x07, 0xC0, 0x7F,
  0xFF, 0xC3, 0xFC, 0xBF, 0xCB, 0xFC, 0x07, 0xFF, 0xFC, 0x07, 0xFB, 0xFF,
  0xB7, 0xC3, 0x7F, 0xF7, 0xC0, 0x7F, 0xFF, 0xC8, 0x7C, 0xB7, 0xCF, 0x7C,
  0x07, 0xFF, 0xFF, 0xFF, 0xFF, 0xFC, 0x07, 0xCF, 0x7C, 0xF7, 0xC0, 0x7F,
  0xFF, 0xC0, 0x7F, 0x9F, 0xE7, 0xFC, 0x07, 0xFF, 0xFF, 0xFF, 0xFF, 0xF0,
  0xFF, 0xFF, 0xFF, 0xFF, 0xFE, 0x07, 0xFB, 0xFC, 0x07, 0xC0, 0x7F, 0xFF,
  0xC3, 0xFC, 0xBF, 0xCB, 0xFC, 0x07, 0xFF, 0xFC, 0x07, 0xFB, 0xFF, 0xB7,
  0xC3, 0x7F, 0xF7, 0xC0, 0x7F, 0xFF, 0xC8, 0x7C, 0xB7, 0xCF, 0x7C, 0x07,
  0xFF, 0xFF, 0xFF, 0xFF, 0xFC, 0x07, 0xCF, 0x7C, 0xF7, 0xC0, 0x7F, 0xFF,
  0xC0, 0x7F, 0x9F, 0xE7, 0xFC, 0x07, 0xFF, 0xFF, 0xFF, 0xFF, 0xF0, 0xFF,
  0xFF, 0xFF, 0xFF, 0xFE, 0x07, 0xFB, 0xFC, 0x07, 0xC0, 0x7F, 0xFF, 0xC3,
  0xFC, 0xBF, 0xCB, 0xFC, 0x07, 0xFF, 0xFC, 0x07, 0xFB, 0xFF, 0xB7, 0xC3,
  0x7F, 0xF7, 0xC0, 0x7F, 0xFF, 0xC8, 0x7C, 0xB7, 0xCF, 0x7C, 0x07, 0xFF,
  0xFF, 0xFF, 0xFF, 0xFC, 0x07, 0xCF, 0x7C, 0xF7, 0xC0, 0x7F, 0xFF, 0xC0,
  0x7F, 0x9F, 0xE7, 0xFC, 0x07, 0xFF, 0xFF, 0xFF, 0xFF, 0xF0, 0xFF, 0xFF,
  0xFF, 0xFF, 0xFE, 0x07, 0xFB, 0xFC, 0x07, 0xC0, 0x7F, 0xFF, 0xC3, 0xFC,
  0xBF, 0xCB, 0xFC, 0x07, 0xFF, 0xFC, 0x07, 0xFB, 0xFF, 0xB7, 0xC3, 0x7F,
  0xF7, 0xC0, 0x7F, 0xFF, 0xC8, 0x7C, 0xB7, 0xCF, 0x7C, 0x07, 0xFF, 0xFF,
  0xFF, 0xFF, 0xFC, 0x07, 0xCF, 0x7C, 0xF7, 0xC0, 0x7F, 0xFF, 0xC0, 0x7F,
  0x9F, 0xE7, 0xFC, 0x07, 0xFF, 0xFF, 0xFF, 0xFF, 0xF0, 0xFF, 0xFF, 0xFF,
  0xFF, 0xFE, 0x07, 0xFB, 0xFC, 0x07, 0xC0, 0x7F, 0xFF, 0xC3, 0xFC, 0xBF,
  0xCB, 0xFC, 0x07, 0xFF, 0xFC, 0x07, 0xFB, 0xFF, 0xB7, 0xC3, 0x7F, 0xF7,
  0xC0, 0x7F, 0xFF, 0xC8, 0x7C, 0xB7, 0xCF, 0x7C, 0x07, 0xFF, 0xFF, 0xFF,
  0xFF, 0xFC, 0x07, 0xCF, 0x7C, 0xF7, 0xC0, 0x7F, 0xFF, 0xC0, 0x7F, 0x9F,
  0xE7, 0xFC, 0x07, 0xFF, 0xFF, 0xFF, 0xFF, 0xF0, 0xFF, 0xFF, 0xFF, 0xFF,
  0xFE, 0x07, 0xFB, 0xFC, 0x07, 0xC0, 0x7F, 0xFF, 0xC3, 0xFC, 0xBF, 0xCB,
  0xFC, 0x07, 0xFF, 0xFC, 0x07, 0xFB, 0xFF, 0xB7, 0xC3, 0x7F, 0xF7, 0xC0,
  0x7F, 0xFF, 0xC8, 0x7C, 0xB7, 0xCF, 0x7C, 0x07, 0xFF, 0xFF, 0xFF, 0xFF,
  0xFC, 0x07, 0xCF, 0x7C, 0xF7, 0xC0, 0x7F, 0xFF, 0xC0, 0x7F, 0x9F, 0xE7,
  0xFC, 0x07, 0xFF, 0xFF, 0xFF, 0xFF, 0xF0, 0xFF, 0xFF, 0xFF, 0xFF, 0xFE,
  0x07, 0xFB, 0xFC, 0x07, 0xC0, 0x7F, 0xFF, 0xC3, 0xFC, 0xBF, 0xCB, 0xFC,
  0x07, 0xFF, 0xFC, 0x07, 0xFB, 0xFF, 0xB7, 0xC3, 0x7F, 0xF7, 0xC0, 0x7F,
  0xFF, 0xC8, 0x7C, 0xB7, 0xCF, 0x7C, 0x07, 0xFF, 0xFF, 0xFF, 0xFF, 0xFC,
  0x07, 0xCF, 0x7C, 0xF7, 0xC0, 0x7F, 0xFF, 0xC0, 0x7F, 0x9F, 0xE7, 0xFC,
  0x07, 0xFF, 0xFF, 0xFF, 0xFF, 0xF0, 0xFF, 0xFF, 0xFF, 0xFF, 0xFE, 0x07,
  0xFB, 0xFC, 0x07, 0xC0, 0x7F, 0xFF, 0xC3, 0xFC, 0xBF, 0xCB, 0xFC, 0x07,
  0xFF, 0xFC, 0x07, 0xFB, 0xFF, 0xB7, 0xC3, 0x7F, 0xF7, 0xC0, 0x7F, 0xFF,
  0xC8, 0x7C, 0xB7, 0xCF, 0x7C, 0x07, 0xFF, 0xFF, 0xFF, 0xFF, 0xFC, 0x07,
  0xCF, 0x7C, 0xF7, 0xC0, 0x7F, 0xFF, 0xC0, 0x7F, 0x9F, 0xE7, 0xFC, 0x07,
  0xFF, 0xFF, 0xFF, 0xFF, 0xF0, 0xFF, 0xFF, 0xFF, 0xFF, 0xFE, 0x07, 0xFB,
  0xFC, 0x07, 0xC0, 0x7F, 0xFF, 0xC3, 0xFC, 0xBF, 0xCB, 0xFC, 0x07, 0xFF,
  0xFC, 0x07, 0xFB, 0xFF, 0xB7, 0xC3, 0x7F, 0xF7, 0xC0, 0x7F, 0xFF, 0xC8,
  0x7C, 0xB7, 0xCF, 0x7C, 0x07, 0xFF, 0xFF, 0xFF, 0xFF, 0xFC, 0x07, 0xCF,
  0x7C, 0xF7, 0xC0, 0x7F, 0xFF, 0xC0, 0x7F, 0x9F, 0xE7, 0xFC, 0x07, 0xFF,
  0xFF, 0xFF, 0xFF, 0xF0, 0x00, 0x77, 0xDC, 0xC0, 0x00, 0x00, 0x03, 0x9C,
  0xE7, 0x39, 0xCE, 0x73, 0x9C, 0xE7, 0x39, 0xCE, 0x73, 0x9C, 0x00, 0xC0,
  0x00, 0x60, 0x00, 0x30, 0x00, 0x18, 0x00, 0x0C, 0x00, 0x0F, 0xC0, 0x3F,
  0xF8, 0x3E, 0x3E, 0x3C, 0x07, 0x3C, 0x03, 0x9C, 0x00, 0xDE, 0x00, 0x0E,
  0x00, 0x07, 0x00, 0x03, 0x80, 0x01, 0xC0, 0x00, 0xE0, 0x00, 0x70, 0x00,
  0x38, 0x00, 0x0E, 0x00, 0x07, 0x80, 0x11, 0xE0, 0x3C, 0x7C, 0xFC, 0x1F,
  0xF8, 0x03, 0xE0, 0x00, 0x60, 0x00, 0x30, 0x00, 0x18, 0x00, 0x0C, 0x00,
  0x06, 0x00, 0x00, 0x3C, 0x00, 0x3F, 0xFE, 0x07, 0xFF, 0xE0, 0xF8, 0x06,
  0x0F, 0x00, 0x60, 0xE0, 0x06, 0x0E, 0x00, 0x61, 0xE0, 0x00, 0x0E, 0x00,
  0x00, 0xE0, 0x00, 0x0E, 0x00, 0x00, 0xE0, 0x00, 0x0E, 0x00, 0x0F, 0xFF,
  0xC0, 0xFF, 0xFC, 0x00, 0xF0, 0x00, 0x0F, 0x00, 0x00, 0x70, 0x00, 0x07,
  0x00, 0x00, 0x70, 0x00, 0x07, 0x00, 0x00, 0x70, 0x03, 0x07, 0x00, 0x30,
  0xE0, 0x07, 0x0E, 0x00, 0x71, 0xC0, 0x07, 0xFF, 0xFF, 0xFF, 0xFF, 0xFF,
  0x60, 0x00, 0xFC, 0x38, 0x77, 0xFF, 0xF8, 0xFC, 0xFC, 0x1C, 0x0E, 0x06,
  0x01, 0xC3, 0x80, 0x70, 0xE0, 0x1C, 0x38, 0x03, 0x0E, 0x01, 0xC3, 0x80,
  0x70, 0x70, 0x18, 0x1E, 0x0E, 0x0F, 0xFF, 0xE7, 0x3F, 0x3F, 0x80, 0x07,
  0x40, 0x00, 0x80, 0xFF, 0xC1, 0xFF, 0xFF, 0x81, 0xFF, 0x1C, 0x00, 0x38,
  0x0E, 0x00, 0x38, 0x0E, 0x00, 0x70, 0x07, 0x00, 0x70, 0x07, 0x00, 0xE0,
  0x03, 0x80, 0xE0, 0x03, 0x81, 0xC0, 0x01, 0xC1, 0xC0, 0x01, 0xC3, 0x80,
  0x00, 0xE3, 0x80, 0x00, 0xE7, 0x00, 0x00, 0x77, 0x00, 0x0F, 0xFF, 0xF0,
  0x0F, 0xFF, 0xF0, 0x00, 0x00, 0x00, 0x00, 0x00, 0x00, 0x00, 0x00, 0x00,
  0x0F, 0xFF, 0xF0, 0x0F, 0xFF, 0xF0, 0x00, 0x3C, 0x00, 0x00, 0x3C, 0x00,
  0x00, 0x3C, 0x00, 0x00, 0x3C, 0x00, 0x01, 0xFF, 0x80, 0x01, 0xFF, 0x80,
  0xFF, 0xFF, 0xFF, 0xFF, 0xFF, 0xC0, 0x00, 0x01, 0xFF, 0xFF, 0xFF, 0xFF,
  0xFF, 0x80, 0x01, 0xC0, 0x3F, 0xF8, 0xF9, 0xF3, 0xC0, 0xE7, 0x00, 0xCE,
  0x01, 0x9C, 0x00, 0x38, 0x00, 0x78, 0x00, 0x78, 0x00, 0x78, 0x00, 0xFC,
  0x07, 0x3E, 0x0C, 0x3E, 0x38, 0x1E, 0x60, 0x1E, 0xC0, 0x1F, 0xC0, 0x1F,
  0x80, 0x3F, 0x80, 0x77, 0xC0, 0xC7, 0xC3, 0x83, 0xEE, 0x01, 0xF8, 0x01,
  0xF0, 0x00, 0xF0, 0x00, 0xE0, 0x00, 0xE0, 0x01, 0xD8, 0x03, 0xB0, 0x07,
  0x70, 0x1C, 0xE0, 0xF9, 0xFF, 0xC1, 0xFE, 0x00, 0xE0, 0xEF, 0x0F, 0xF0,
  0xE6, 0x06, 0x00, 0x07, 0x80, 0x00, 0x03, 0xFF, 0xC0, 0x00, 0x7C, 0x1F,
  0x80, 0x0F, 0x00, 0x1E, 0x00, 0xE0, 0x00, 0x38, 0x0E, 0x00, 0x00, 0xE0,
  0xE0, 0x00, 0x03, 0x86, 0x01, 0xFC, 0x0C, 0x70, 0x3F, 0xF0, 0x73, 0x03,
  0x81, 0x81, 0x98, 0x18, 0x0C, 0x0D, 0xC1, 0xC0, 0x60, 0x7E, 0x0E, 0x00,
  0x03, 0xE0, 0x60, 0x00, 0x1F, 0x03, 0x00, 0x00, 0x78, 0x1C, 0x00, 0x03,
  0xE0, 0xE0, 0x00, 0x3F, 0x07, 0x00, 0x01, 0x98, 0x1C, 0x04, 0x0C, 0xC0,
  0xF0, 0xE0, 0xE7, 0x03, 0xFE, 0x06, 0x18, 0x03, 0xC0, 0x70, 0xE0, 0x00,
  0x03, 0x03, 0x80, 0x00, 0x70, 0x0E, 0x00, 0x07, 0x00, 0x3C, 0x00, 0xF0,
  0x00, 0x7F, 0xFE, 0x00, 0x00, 0xFF, 0xC0, 0x00, 0x07, 0x03, 0xFF, 0x86,
  0x0E, 0x18, 0x1C, 0x40, 0x70, 0x01, 0xC0, 0x07, 0x07, 0xFC, 0x7F, 0xF3,
  0x81, 0xCC, 0x07, 0x30, 0x1C, 0xE0, 0xF3, 0xCE, 0xC7, 0xF3, 0xC6, 0x08,
  0x00, 0x00, 0x00, 0x00, 0x00, 0x3F, 0xFF, 0xFF, 0xFC, 0x02, 0x04, 0x0E,
  0x0C, 0x38, 0x30, 0x60, 0xE1, 0xC3, 0x87, 0x0E, 0x1C, 0x3C, 0x70, 0x70,
  0xE0, 0xC1, 0xE1, 0xC1, 0xC1, 0xC1, 0xC3, 0x81, 0xC3, 0x81, 0x83, 0x81,
  0x83, 0x83, 0x83, 0x02, 0x04, 0xFF, 0xFF, 0xFF, 0xFF, 0xFC, 0x00, 0x03,
  0x80, 0x00, 0x70, 0x00, 0x0E, 0x00, 0x01, 0xC0, 0x00, 0x38, 0x00, 0x07,
  0x00, 0x00, 0xE0, 0x00, 0x1C, 0x00, 0x03, 0x80, 0xFF, 0xFF, 0xFF, 0xFF,
  0xFE, 0x07, 0xFB, 0xFC, 0x07, 0xC0, 0x7F, 0xFF, 0xC3, 0xFC, 0xBF, 0xCB,
  0xFC, 0x07, 0xFF, 0xFC, 0x07, 0xFB, 0xFF, 0xB7, 0xC3, 0x7F, 0xF7, 0xC0,
  0x7F, 0xFF, 0xC8, 0x7C, 0xB7, 0xCF, 0x7C, 0x07, 0xFF, 0xFF, 0xFF, 0xFF,
  0xFC, 0x07, 0xCF, 0x7C, 0xF7, 0xC0, 0x7F, 0xFF, 0xC0, 0x7F, 0x9F, 0xE7,
  0xFC, 0x07, 0xFF, 0xFF, 0xFF, 0xFF, 0xF0, 0x00, 0xFF, 0x00, 0x07, 0xCF,
  0x80, 0x38, 0x01, 0xC0, 0xE0, 0x01, 0xC3, 0x80, 0x01, 0x86, 0x7F, 0xE1,
  0x98, 0x30, 0xC1, 0x30, 0x60, 0xC3, 0x40, 0xC1, 0x87, 0x81, 0x86, 0x0F,
  0x03, 0xF8, 0x0E, 0x07, 0xE0, 0x1C, 0x0C, 0x60, 0x78, 0x18, 0x60, 0xD0,
  0x30, 0xC1, 0xB0, 0x60, 0xC2, 0x63, 0xF1, 0xCC, 0x60, 0x00, 0x30, 0x60,
  0x00, 0xE0, 0xE0, 0x03, 0x80, 0x70, 0x1C, 0x00, 0x7F, 0xE0, 0x00, 0x04,
  0x00, 0x00, 0xFF, 0xFF, 0xFF, 0xFF, 0x80, 0x0E, 0x03, 0xFC, 0x70, 0xEE,
  0x06, 0xC0, 0x6C, 0x07, 0xC0, 0x7C, 0x06, 0xE0, 0x67, 0x0E, 0x3F, 0xC0,
  0xF0, 0x01, 0xC0, 0x00, 0xE0, 0x00, 0x70, 0x00, 0x38, 0x00, 0x1C, 0x00,
  0x0E, 0x00, 0x07, 0x00, 0x03, 0x80, 0xFF, 0xFF, 0xFF, 0xFF, 0xC0, 0x70,
  0x00, 0x38, 0x00, 0x1C, 0x00, 0x0E, 0x00, 0x07, 0x00, 0x03, 0x80, 0x01,
  0xC0, 0x00, 0xE0, 0x00, 0x00, 0x00, 0x00, 0x00, 0x00, 0x07, 0xFF, 0xFF,
  0xFF, 0xFE, 0x1F, 0x1F, 0xFB, 0x87, 0xA0, 0x74, 0x0E, 0x01, 0xC0, 0x38,
  0x06, 0x01, 0xC0, 0x70, 0x1C, 0x07, 0x01, 0xC0, 0x70, 0x1C, 0x07, 0xFF,
  0xFF, 0xE0, 0x1F, 0x07, 0xFC, 0x61, 0xE6, 0x0E, 0x40, 0x60, 0x0E, 0x00,
  0xE0, 0x3C, 0x1F, 0x80, 0x1E, 0x00, 0xE0, 0x07, 0x00, 0x70, 0x06, 0x40,
  0xEF, 0xFC, 0x7F, 0x80, 0x02, 0x06, 0x0F, 0x1F, 0x3C, 0xF0, 0xE0, 0x80,
  0xFC, 0x07, 0xE1, 0xF8, 0x0F, 0xC0, 0xF0, 0x07, 0x80, 0xE0, 0x07, 0x01,
  0xC0, 0x0E, 0x03, 0x80, 0x1C, 0x07, 0x00, 0x38, 0x0E, 0x00, 0x70, 0x1C,
  0x00, 0xE0, 0x38, 0x01, 0xC0, 0x70, 0x03, 0x80, 0xE0, 0x07, 0x01, 0xC0,
  0x0E, 0x03, 0x80, 0x1C, 0x07, 0x00, 0x38, 0x0E, 0x00, 0x70, 0x1C, 0x00,
  0xE0, 0x3C, 0x07, 0xC0, 0x7C, 0x3D, 0x80, 0xFF, 0xF3, 0xF1, 0xBF, 0x87,
  0xE3, 0x00, 0x00, 0x07, 0x00, 0x00, 0x0E, 0x00, 0x00, 0x1C, 0x00, 0x00,
  0x38, 0x00, 0x00, 0x70, 0x00, 0x00, 0xE0, 0x00, 0x01, 0xC0, 0x00, 0x03,
  0x80, 0x00, 0x00, 0x0F, 0xFF, 0xE7, 0xFF, 0xF9, 0xFE, 0x1C, 0x3F, 0xC3,
  0x8F, 0xF8, 0x71, 0xFF, 0x0E, 0x3F, 0xE1, 0xC7, 0xFC, 0x38, 0xFF, 0x87,
  0x0F, 0xF0, 0xE1, 0xFE, 0x1C, 0x1F, 0xC3, 0x83, 0xF8, 0x70, 0x1F, 0x0E,
  0x00, 0x61, 0xC0, 0x0C, 0x38, 0x01, 0x87, 0x00, 0x30, 0xE0, 0x06, 0x1C,
  0x00, 0xC3, 0x80, 0x18, 0x70, 0x03, 0x0E, 0x00, 0x61, 0xC0, 0x0C, 0x38,
  0x01, 0x87, 0x00, 0x30, 0xE0, 0x06, 0x1C, 0x00, 0xC3, 0x80, 0x18, 0x70,
  0x03, 0x0E, 0x00, 0x61, 0xC0, 0x1C, 0x38, 0x1F, 0x87, 0x03, 0xF0, 0xE0,
  0x6F, 0xF7, 0x38, 0x1C, 0x0F, 0x07, 0xE0, 0x70, 0x1C, 0x0C, 0xFE, 0xFE,
  0x00, 0x0C, 0x0E, 0x1F, 0x1D, 0x88, 0xC0, 0x60, 0x30, 0x18, 0x0C, 0x06,
  0x03, 0x01, 0x80, 0xC0, 0x60, 0x30, 0xFF, 0xFF, 0x80, 0x03, 0x80, 0x3F,
  0xE0, 0xF1, 0xE3, 0x80, 0xE7, 0x01, 0xCC, 0x01, 0xB8, 0x03, 0xF0, 0x07,
  0xE0, 0x0F, 0xC0, 0x1F, 0x80, 0x33, 0x00, 0xE7, 0x03, 0x87, 0x8F, 0x07,
  0xF8, 0x01, 0xC0, 0x00, 0x00, 0x00, 0x00, 0x00, 0x03, 0xFF, 0xE7, 0xFF,
  0xC0, 0x40, 0x41, 0xC1, 0x81, 0xC3, 0x81, 0xC3, 0x83, 0x83, 0x83, 0x83,
  0x83, 0x87, 0x03, 0x87, 0x07, 0x06, 0x0E, 0x1C, 0x38, 0x70, 0xE1, 0xE3,
  0x83, 0x86, 0x0E, 0x1C, 0x38, 0x70, 0x60, 0x40, 0x40, 0x06, 0x00, 0x03,
  0x80, 0x38, 0x00, 0x1C, 0x03, 0xE0, 0x00, 0x60, 0x3D, 0x80, 0x03, 0x80,
  0x46, 0x00, 0x0C, 0x00, 0x18, 0x00, 0x70, 0x00, 0x60, 0x03, 0x80, 0x01,
  0x80, 0x0C, 0x00, 0x06, 0x00, 0x70, 0x00, 0x18, 0x03, 0x80, 0x00, 0x60,
  0x0E, 0x00, 0x01, 0x80, 0x70, 0x3C, 0x06, 0x01, 0x81, 0xF0, 0x18, 0x0E,
  0x07, 0xC0, 0x60, 0x70, 0x37, 0x0F, 0xF1, 0x81, 0x9C, 0x7F, 0xCE, 0x06,
  0x70, 0x00, 0x30, 0x31, 0xC0, 0x01, 0xC1, 0x87, 0x00, 0x0E, 0x06, 0x1C,
  0x00, 0x30, 0x30, 0x70, 0x01, 0xC1, 0x81, 0xC0, 0x06, 0x07, 0xFF, 0xC0,
  0x38, 0x1F, 0xFF, 0x01, 0xC0, 0x00, 0x70, 0x06, 0x00, 0x01, 0xC0, 0x38,
  0x00, 0x07, 0x01, 0xC0, 0x00, 0x1C, 0x0C, 0x00, 0x07, 0x00, 0xE0, 0x00,
  0x70, 0x1F, 0x00, 0x03, 0x81, 0xD8, 0x00, 0x38, 0x0C, 0xC0, 0x01, 0x80,
  0x06, 0x00, 0x1C, 0x00, 0x30, 0x01, 0xC0, 0x01, 0x80, 0x0C, 0x00, 0x0C,
  0x00, 0xE0, 0x00, 0x60, 0x06, 0x00, 0x03, 0x00, 0x70, 0x00, 0x18, 0x07,
  0x0F, 0x80, 0xC0, 0x33, 0xFF, 0x06, 0x03, 0x9C, 0x3C, 0x30, 0x18, 0x40,
  0xEF, 0xF1, 0xC2, 0x07, 0x7F, 0x9C, 0x00, 0x38, 0x00, 0xC0, 0x01, 0xC0,
  0x0E, 0x00, 0x0C, 0x00, 0x60, 0x00, 0xE0, 0x07, 0x00, 0x0E, 0x00, 0x70,
  0x00, 0xE0, 0x03, 0x00, 0x0E, 0x00, 0x38, 0x00, 0xE0, 0x03, 0x80, 0x0E,
  0x00, 0x18, 0x00, 0xE0, 0x01, 0xC0, 0x0F, 0xFE, 0x1C, 0x00, 0x7F, 0xF0,
  0x1F, 0x00, 0x00, 0xC0, 0x7F, 0xC0, 0x01, 0xC0, 0x61, 0xE0, 0x03, 0x80,
  0x60, 0xE0, 0x03, 0x00, 0x40, 0x60, 0x07, 0x00, 0x00, 0xE0, 0x0E, 0x00,
  0x00, 0xE0, 0x0C, 0x00, 0x03, 0xC0, 0x1C, 0x00, 0x1F, 0x80, 0x18, 0x00,
  0x01, 0xE0, 0x38, 0x00, 0x00, 0xE0, 0x70, 0x00, 0x00, 0x70, 0x60, 0x38,
  0x00, 0x70, 0xE0, 0x78, 0x00, 0x60, 0xC0, 0xF8, 0x40, 0xE1, 0xC0, 0xF8,
  0xFF, 0xC3, 0x81, 0xB8, 0x7F, 0x83, 0x03, 0x38, 0x00, 0x07, 0x03, 0x38,
  0x00, 0x06, 0x06, 0x38, 0x00, 0x0E, 0x0C, 0x38, 0x00, 0x1C, 0x1C, 0x38,
  0x00, 0x18, 0x18, 0x38, 0x00, 0x38, 0x3F, 0xFF, 0x00, 0x70, 0x1F, 0xFF,
  0x00, 0x70, 0x00, 0x38, 0x00, 0xE0, 0x00, 0x38, 0x00, 0xC0, 0x00, 0x38,
  0x01, 0xC0, 0x00, 0x38, 0x01, 0xC0, 0x1E, 0x00, 0xF8, 0x03, 0x80, 0x00,
  0x00, 0x00, 0x00, 0x00, 0x00, 0x00, 0x00, 0x06, 0x00, 0x30, 0x01, 0x80,
  0x0C, 0x00, 0xE0, 0x0F, 0x00, 0xF0, 0x0F, 0x00, 0xF0, 0x0E, 0x00, 0xF0,
  0x07, 0x00, 0x78, 0x03, 0xC0, 0x1E, 0x00, 0x70, 0x03, 0xF3, 0xCF, 0xFE,
  0x1F, 0xC0, 0x00, 0x10, 0x00, 0x00, 0x03, 0x80, 0x00, 0x00, 0x7E, 0x00,
  0x00, 0x01, 0xF8, 0x00, 0x00, 0x07, 0xC0, 0x00, 0x00, 0x1E, 0x00, 0x00,
  0x00, 0x40, 0x00, 0x00, 0x00, 0x00, 0x00, 0x00, 0x00, 0x00, 0x00, 0xF0,
  0x00, 0x00, 0x0F, 0x00, 0x00, 0x01, 0xF8, 0x00, 0x00, 0x1F, 0x80, 0x00,
  0x01, 0xB8, 0x00, 0x00, 0x39, 0xC0, 0x00, 0x03, 0x9C, 0x00, 0x00, 0x31,
  0xE0, 0x00, 0x07, 0x0E, 0x00, 0x00, 0x60, 0xE0, 0x00, 0x0E, 0x0F, 0x00,
  0x00, 0xE0, 0x70, 0x00, 0x0C, 0x07, 0x00, 0x01, 0xC0, 0x78, 0x00, 0x1C,
  0x03, 0x80, 0x01, 0x80, 0x38, 0x00, 0x38, 0x03, 0xC0, 0x03, 0xFF, 0xFC,
  0x00, 0x7F, 0xFF, 0xC0, 0x07, 0x00, 0x1E, 0x00, 0x70, 0x00, 0xE0, 0x0E,
  0x00, 0x0E, 0x00, 0xE0, 0x00, 0xF0, 0x0E, 0x00, 0x07, 0x01, 0xC0, 0x00,
  0x78, 0xFF, 0xC0, 0x7F, 0xFF, 0xFC, 0x07, 0xFF, 0x00, 0x00, 0x40, 0x00,
  0x00, 0x1C, 0x00, 0x00, 0x03, 0xE0, 0x00, 0x00, 0xFC, 0x00, 0x00, 0x3E,
  0x00, 0x00, 0x03, 0x80, 0x00, 0x00, 0x20, 0x00, 0x00, 0x00, 0x00, 0x00,
  0x00, 0x00, 0x00, 0x00, 0x00, 0xF0, 0x00, 0x00, 0x0F, 0x00, 0x00, 0x01,
  0xF8, 0x00, 0x00, 0x1F, 0x80, 0x00, 0x01, 0xB8, 0x00, 0x00, 0x39, 0xC0,
  0x00, 0x03, 0x9C, 0x00, 0x00, 0x31, 0xE0, 0x00, 0x07, 0x0E, 0x00, 0x00,
  0x60, 0xE0, 0x00, 0x0E, 0x0F, 0x00, 0x00, 0xE0, 0x70, 0x00, 0x0C, 0x07,
  0x00, 0x01, 0xC0, 0x78, 0x00, 0x1C, 0x03, 0x80, 0x01, 0x80, 0x38, 0x00,
  0x38, 0x03, 0xC0, 0x03, 0xFF, 0xFC, 0x00, 0x7F, 0xFF, 0xC0, 0x07, 0x00,
  0x1E, 0x00, 0x70, 0x00, 0xE0, 0x0E, 0x00, 0x0E, 0x00, 0xE0, 0x00, 0xF0,
  0x0E, 0x00, 0x07, 0x01, 0xC0, 0x00, 0x78, 0xFF, 0xC0, 0x7F, 0xFF, 0xFC,
  0x07, 0xFF, 0x00, 0x0F, 0x00, 0x00, 0x01, 0xF8, 0x00, 0x00, 0x3F, 0xC0,
  0x00, 0x07, 0x0E, 0x00, 0x00, 0xE0, 0x78, 0x00, 0x08, 0x01, 0x00, 0x00,
  0x00, 0x00, 0x00, 0x00, 0x00, 0x00, 0x00, 0x0F, 0x00, 0x00, 0x00, 0xF0,
  0x00, 0x00, 0x1F, 0x80, 0x00, 0x01, 0xF8, 0x00, 0x00, 0x1B, 0x80, 0x00,
  0x03, 0x9C, 0x00, 0x00, 0x39, 0xC0, 0x00, 0x03, 0x1E, 0x00, 0x00, 0x70,
  0xE0, 0x00, 0x06, 0x0E, 0x00, 0x00, 0xE0, 0xF0, 0x00, 0x0E, 0x07, 0x00,
  0x00, 0xC0, 0x70, 0x00, 0x1C, 0x07, 0x80, 0x01, 0xC0, 0x38, 0x00, 0x18,
  0x03, 0x80, 0x03, 0x80, 0x3C, 0x00, 0x3F, 0xFF, 0xC0, 0x07, 0xFF, 0xFC,
  0x00, 0x70, 0x01, 0xE0, 0x07, 0x00, 0x0E, 0x00, 0xE0, 0x00, 0xE0, 0x0E,
  0x00, 0x0F, 0x00, 0xE0, 0x00, 0x70, 0x1C, 0x00, 0x07, 0x8F, 0xFC, 0x07,
  0xFF, 0xFF, 0xC0, 0x7F, 0xF0, 0x00, 0x7C, 0x38, 0x00, 0x0F, 0xFF, 0x00,
  0x00, 0xC7, 0xE0, 0x00, 0x08, 0x08, 0x00, 0x00, 0x00, 0x00, 0x00, 0x00,
  0x00, 0x00, 0x00, 0x00, 0x00, 0x00, 0x00, 0xF0, 0x00, 0x00, 0x0F, 0x00,
  0x00, 0x01, 0xF8, 0x00, 0x00, 0x1F, 0x80, 0x00, 0x01, 0xB8, 0x00, 0x00,
  0x39, 0xC0, 0x00, 0x03, 0x9C, 0x00, 0x00, 0x31, 0xE0, 0x00, 0x07, 0x0E,
  0x00, 0x00, 0x60, 0xE0, 0x00, 0x0E, 0x0F, 0x00, 0x00, 0xE0, 0x70, 0x00,
  0x0C, 0x07, 0x00, 0x01, 0xC0, 0x78, 0x00, 0x1C, 0x03, 0x80, 0x01, 0x80,
  0x38, 0x00, 0x38, 0x03, 0xC0, 0x03, 0xFF, 0xFC, 0x00, 0x7F, 0xFF, 0xC0,
  0x07, 0x00, 0x1E, 0x00, 0x70, 0x00, 0xE0, 0x0E, 0x00, 0x0E, 0x00, 0xE0,
  0x00, 0xF0, 0x0E, 0x00, 0x07, 0x01, 0xC0, 0x00, 0x78, 0xFF, 0xC0, 0x7F,
  0xFF, 0xFC, 0x07, 0xFF, 0x00, 0x70, 0xF0, 0x00, 0x0F, 0x0F, 0x00, 0x00,
  0xF0, 0xF0, 0x00, 0x06, 0x06, 0x00, 0x00, 0x00, 0x00, 0x00, 0x00, 0x00,
  0x00, 0x00, 0x00, 0x00, 0x00, 0x00, 0xF0, 0x00, 0x00, 0x0F, 0x00, 0x00,
  0x01, 0xF8, 0x00, 0x00, 0x1F, 0x80, 0x00, 0x01, 0xB8, 0x00, 0x00, 0x39,
  0xC0, 0x00, 0x03, 0x9C, 0x00, 0x00, 0x31, 0xE0, 0x00, 0x07, 0x0E, 0x00,
  0x00, 0x60, 0xE0, 0x00, 0x0E, 0x0F, 0x00, 0x00, 0xE0, 0x70, 0x00, 0x0C,
  0x07, 0x00, 0x01, 0xC0, 0x78, 0x00, 0x1C, 0x03, 0x80, 0x01, 0x80, 0x38,
  0x00, 0x38, 0x03, 0xC0, 0x03, 0xFF, 0xFC, 0x00, 0x7F, 0xFF, 0xC0, 0x07,
  0x00, 0x1E, 0x00, 0x70, 0x00, 0xE0, 0x0E, 0x00, 0x0E, 0x00, 0xE0, 0x00,
  0xF0, 0x0E, 0x00, 0x07, 0x01, 0xC0, 0x00, 0x78, 0xFF, 0xC0, 0x7F, 0xFF,
  0xFC, 0x07, 0xFF, 0x00, 0x0F, 0x00, 0x00, 0x01, 0xF8, 0x00, 0x00, 0x30,
  0xC0, 0x00, 0x03, 0x0C, 0x00, 0x00, 0x30, 0xC0, 0x00, 0x03, 0x0C, 0x00,
  0x00, 0x1F, 0x80, 0x00, 0x00, 0x60, 0x00, 0x00, 0x00, 0x00, 0x00, 0x00,
  0xF0, 0x00, 0x00, 0x0F, 0x00, 0x00, 0x01, 0xF8, 0x00, 0x00, 0x1F, 0x80,
  0x00, 0x01, 0xB8, 0x00, 0x00, 0x39, 0xC0, 0x00, 0x03, 0x9C, 0x00, 0x00,
  0x31, 0xE0, 0x00, 0x07, 0x0E, 0x00, 0x00, 0x60, 0xE0, 0x00, 0x0E, 0x0F,
  0x00, 0x00, 0xE0, 0x70, 0x00, 0x0C, 0x07, 0x00, 0x01, 0xC0, 0x78, 0x00,
  0x1C, 0x03, 0x80, 0x01, 0x80, 0x38, 0x00, 0x38, 0x03, 0xC0, 0x03, 0xFF,
  0xFC, 0x00, 0x7F, 0xFF, 0xC0, 0x07, 0x00, 0x1E, 0x00, 0x70, 0x00, 0xE0,
  0x0E, 0x00, 0x0E, 0x00, 0xE0, 0x00, 0xF0, 0x0E, 0x00, 0x07, 0x01, 0xC0,
  0x00, 0x78, 0xFF, 0xC0, 0x7F, 0xFF, 0xFC, 0x07, 0xFF, 0x00, 0x1F, 0xFF,
  0xFF, 0xC0, 0x07, 0xFF, 0xFF, 0xF0, 0x00, 0x3B, 0x80, 0x1C, 0x00, 0x0E,
  0xE0, 0x03, 0x00, 0x07, 0x38, 0x00, 0xC0, 0x01, 0xCE, 0x00, 0x30, 0x00,
  0xE3, 0x80, 0x00, 0x00, 0x38, 0xE0, 0x00, 0x00, 0x1C, 0x38, 0x00, 0x00,
  0x07, 0x0E, 0x00, 0x00, 0x03, 0x83, 0x80, 0x00, 0x00, 0xE0, 0xE0, 0x00,
  0x00, 0x70, 0x3F, 0xFE, 0x00, 0x1C, 0x0F, 0xFF, 0x80, 0x0E, 0x03, 0x80,
  0x00, 0x03, 0x80, 0xE0, 0x00, 0x01, 0xFF, 0xF8, 0x00, 0x00, 0x7F, 0xFE,
  0x00, 0x00, 0x3F, 0xFF, 0x80, 0x00, 0x0E, 0x00, 0xE0, 0x00, 0x07, 0x00,
  0x38, 0x00, 0x01, 0xC0, 0x0E, 0x00, 0x30, 0xE0, 0x03, 0x80, 0x0C, 0x38,
  0x00, 0xE0, 0x03, 0x1C, 0x00, 0x38, 0x00, 0xFF, 0xF0, 0x7F, 0xFF, 0xFF,
  0xFC, 0x1F, 0xFF, 0xFC, 0x00, 0x1C, 0x00, 0x0F, 0xFF, 0x01, 0xFF, 0xFE,
  0x1F, 0x00, 0xF1, 0xF0, 0x03, 0x8F, 0x00, 0x1C, 0xF0, 0x00, 0x67, 0x00,
  0x03, 0x78, 0x00, 0x03, 0x80, 0x00, 0x1C, 0x00, 0x00, 0xE0, 0x00, 0x0F,
  0x00, 0x00, 0x78, 0x00, 0x03, 0xC0, 0x00, 0x1E, 0x00, 0x00, 0xF0, 0x00,
  0x03, 0x80, 0x00, 0x1C, 0x00, 0x00, 0xF0, 0x00, 0x07, 0x80, 0x00, 0x1E,
  0x00, 0x00, 0xF0, 0x00, 0x03, 0xC0, 0x03, 0x1F, 0x00, 0x78, 0x7F, 0x1F,
  0x80, 0xFF, 0xF0, 0x03, 0xFE, 0x00, 0x01, 0x80, 0x00, 0x0C, 0x00, 0x00,
  0x70, 0x00, 0x03, 0xE0, 0x00, 0x03, 0x80, 0x00, 0x1C, 0x00, 0x00, 0xE0,
  0x00, 0xFE, 0x00, 0x07, 0xE0, 0x00, 0x01, 0x00, 0x00, 0x1C, 0x00, 0x03,
  0xE0, 0x00, 0x1F, 0x80, 0x00, 0x7E, 0x00, 0x00, 0xE0, 0x00, 0x02, 0x00,
  0x00, 0x00, 0x00, 0x00, 0x0F, 0xFF, 0xFE, 0xFF, 0xFF, 0xE1, 0xE0, 0x06,
  0x1E, 0x00, 0x61, 0xE0, 0x06, 0x1E, 0x00, 0x61, 0xE0, 0x00, 0x1E, 0x00,
  0x01, 0xE0, 0x00, 0x1E, 0x00, 0x01, 0xE0, 0x00, 0x1E, 0x00, 0x01, 0xFF,
  0xF0, 0x1F, 0xFF, 0x01, 0xE0, 0x00, 0x1E, 0x00, 0x01, 0xE0, 0x00, 0x1E,
  0x00, 0x01, 0xE0, 0x00, 0x1E, 0x00, 0x01, 0xE0, 0x00, 0x1E, 0x00, 0x31,
  0xE0, 0x07, 0x1E, 0x00, 0x71, 0xE0, 0x07, 0xFF, 0xFF, 0xFF, 0xFF, 0xFF,
  0x00, 0x04, 0x00, 0x00, 0xE0, 0x00, 0x3E, 0x00, 0x0F, 0xC0, 0x01, 0xF0,
  0x00, 0x3C, 0x00, 0x01, 0x00, 0x00, 0x00, 0x00, 0x00, 0x00, 0x0F, 0xFF,
  0xFE, 0xFF, 0xFF, 0xE1, 0xE0, 0x06, 0x1E, 0x00, 0x61, 0xE0, 0x06, 0x1E,
  0x00, 0x61, 0xE0, 0x00, 0x1E, 0x00, 0x01, 0xE0, 0x00, 0x1E, 0x00, 0x01,
  0xE0, 0x00, 0x1E, 0x00, 0x01, 0xFF, 0xF0, 0x1F, 0xFF, 0x01, 0xE0, 0x00,
  0x1E, 0x00, 0x01, 0xE0, 0x00, 0x1E, 0x00, 0x01, 0xE0, 0x00, 0x1E, 0x00,
  0x01, 0xE0, 0x00, 0x1E, 0x00, 0x31, 0xE0, 0x07, 0x1E, 0x00, 0x71, 0xE0,
  0x07, 0xFF, 0xFF, 0xFF, 0xFF, 0xFF, 0x00, 0x70, 0x00, 0x0F, 0xC0, 0x03,
  0xDE, 0x00, 0x78, 0xF0, 0x0E, 0x03, 0x80, 0x40, 0x10, 0x00, 0x00, 0x00,
  0x00, 0x00, 0xFF, 0xFF, 0xEF, 0xFF, 0xFE, 0x1E, 0x00, 0x61, 0xE0, 0x06,
  0x1E, 0x00, 0x61, 0xE0, 0x06, 0x1E, 0x00, 0x01, 0xE0, 0x00, 0x1E, 0x00,
  0x01, 0xE0, 0x00, 0x1E, 0x00, 0x01, 0xE0, 0x00, 0x1F, 0xFF, 0x01, 0xFF,
  0xF0, 0x1E, 0x00, 0x01, 0xE0, 0x00, 0x1E, 0x00, 0x01, 0xE0, 0x00, 0x1E,
  0x00, 0x01, 0xE0, 0x00, 0x1E, 0x00, 0x01, 0xE0, 0x03, 0x1E, 0x00, 0x71,
  0xE0, 0x07, 0x1E, 0x00, 0x7F, 0xFF, 0xFF, 0xFF, 0xFF, 0xF0, 0x07, 0x07,
  0x00, 0x78, 0x70, 0x07, 0x07, 0x00, 0x30, 0x60, 0x00, 0x00, 0x00, 0x00,
  0x00, 0x00, 0x00, 0x0F, 0xFF, 0xFE, 0xFF, 0xFF, 0xE1, 0xE0, 0x06, 0x1E,
  0x00, 0x61, 0xE0, 0x06, 0x1E, 0x00, 0x61, 0xE0, 0x00, 0x1E, 0x00, 0x01,
  0xE0, 0x00, 0x1E, 0x00, 0x01, 0xE0, 0x00, 0x1E, 0x00, 0x01, 0xFF, 0xF0,
  0x1F, 0xFF, 0x01, 0xE0, 0x00, 0x1E, 0x00, 0x01, 0xE0, 0x00, 0x1E, 0x00,
  0x01, 0xE0, 0x00, 0x1E, 0x00, 0x01, 0xE0, 0x00, 0x1E, 0x00, 0x31, 0xE0,
  0x07, 0x1E, 0x00, 0x71, 0xE0, 0x07, 0xFF, 0xFF, 0xFF, 0xFF, 0xFF, 0x40,
  0x1C, 0x0F, 0xC0, 0xF8, 0x0F, 0xC0, 0xE0, 0x08, 0x00, 0x00, 0x3F, 0xFF,
  0xF8, 0x78, 0x1E, 0x07, 0x81, 0xE0, 0x78, 0x1E, 0x07, 0x81, 0xE0, 0x78,
  0x1E, 0x07, 0x81, 0xE0, 0x78, 0x1E, 0x07, 0x81, 0xE0, 0x78, 0x1E, 0x07,
  0x81, 0xE0, 0x78, 0x1E, 0x07, 0x8F, 0xFF, 0xFF, 0x00, 0x80, 0xE0, 0xFC,
  0x7C, 0xFC, 0x1C, 0x04, 0x00, 0x00, 0x00, 0x3F, 0xFF, 0xF8, 0x78, 0x1E,
  0x07, 0x81, 0xE0, 0x78, 0x1E, 0x07, 0x81, 0xE0, 0x78, 0x1E, 0x07, 0x81,
  0xE0, 0x78, 0x1E, 0x07, 0x81, 0xE0, 0x78, 0x1E, 0x07, 0x81, 0xE0, 0x78,
  0x1E, 0x07, 0x8F, 0xFF, 0xFF, 0x07, 0x80, 0x7E, 0x07, 0x78, 0x70, 0xEE,
  0x03, 0xA0, 0x04, 0x00, 0x00, 0x00, 0x3F, 0xF1, 0xFF, 0x01, 0xE0, 0x0F,
  0x00, 0x78, 0x03, 0xC0, 0x1E, 0x00, 0xF0, 0x07, 0x80, 0x3C, 0x01, 0xE0,
  0x0F, 0x00, 0x78, 0x03, 0xC0, 0x1E, 0x00, 0xF0, 0x07, 0x80, 0x3C, 0x01,
  0xE0, 0x0F, 0x00, 0x78, 0x03, 0xC0, 0x1E, 0x00, 0xF0, 0x07, 0x81, 0xFF,
  0x8F, 0xFC, 0xF0, 0xEF, 0x0F, 0xF0, 0xF6, 0x06, 0x00, 0x00, 0x00, 0x00,
  0x07, 0xFE, 0x7F, 0xC0, 0xF0, 0x0F, 0x00, 0xF0, 0x0F, 0x00, 0xF0, 0x0F,
  0x00, 0xF0, 0x0F, 0x00, 0xF0, 0x0F, 0x00, 0xF0, 0x0F, 0x00, 0xF0, 0x0F,
  0x00, 0xF0, 0x0F, 0x00, 0xF0, 0x0F, 0x00, 0xF0, 0x0F, 0x00, 0xF0, 0x0F,
  0x00, 0xF0, 0x7F, 0xE7, 0xFE, 0xFF, 0xFF, 0x80, 0xFF, 0xFF, 0xE0, 0x1E,
  0x03, 0xF0, 0x1E, 0x00, 0xF8, 0x1E, 0x00, 0x3C, 0x1E, 0x00, 0x3C, 0x1E,
  0x00, 0x1E, 0x1E, 0x00, 0x1E, 0x1E, 0x00, 0x0E, 0x1E, 0x00, 0x0F, 0x1E,
  0x00, 0x0F, 0x1E, 0x00, 0x0F, 0xFF, 0xF8, 0x0F, 0xFF, 0xF8, 0x0F, 0x1E,
  0x00, 0x0F, 0x1E, 0x00, 0x0F, 0x1E, 0x00, 0x0F, 0x1E, 0x00, 0x0E, 0x1E,
  0x00, 0x0E, 0x1E, 0x00, 0x1E, 0x1E, 0x00, 0x1C, 0x1E, 0x00, 0x3C, 0x1E,
  0x00, 0x78, 0x1E, 0x00, 0xF0, 0x1E, 0x0F, 0xE0, 0xFF, 0xFF, 0x80, 0xFF,
  0xFE, 0x00, 0x00, 0x7C, 0x30, 0x00, 0x0F, 0xFF, 0x00, 0x00, 0xC7, 0xE0,
  0x00, 0x08, 0x08, 0x00, 0x00, 0x00, 0x00, 0x00, 0x00, 0x00, 0x00, 0x00,
  0x00, 0x00, 0x0F, 0xF0, 0x03, 0xFF, 0xFF, 0x00, 0x3F, 0xE1, 0xF8, 0x00,
  0x70, 0x1F, 0xC0, 0x07, 0x01, 0xFC, 0x00, 0x70, 0x1D, 0xE0, 0x07, 0x01,
  0xCE, 0x00, 0x70, 0x1C, 0xF0, 0x07, 0x01, 0xC7, 0x80, 0x70, 0x1C, 0x38,
  0x07, 0x01, 0xC3, 0xC0, 0x70, 0x1C, 0x1E, 0x07, 0x01, 0xC1, 0xE0, 0x70,
  0x1C, 0x0F, 0x07, 0x01, 0xC0, 0x70, 0x70, 0x1C, 0x07, 0x87, 0x01, 0xC0,
  0x3C, 0x70, 0x1C, 0x01, 0xC7, 0x01, 0xC0, 0x1E, 0x70, 0x1C, 0x00, 0xF7,
  0x01, 0xC0, 0x07, 0x70, 0x1C, 0x00, 0x7F, 0x01, 0xC0, 0x03, 0xF0, 0x1C,
  0x00, 0x3F, 0x01, 0xC0, 0x01, 0xF0, 0xFF, 0x80, 0x0F, 0x0F, 0xF8, 0x00,
  0xF0, 0x00, 0x40, 0x00, 0x00, 0x38, 0x00, 0x00, 0x3E, 0x00, 0x00, 0x0F,
  0xC0, 0x00, 0x00, 0xF8, 0x00, 0x00, 0x1C, 0x00, 0x00, 0x02, 0x00, 0x00,
  0x00, 0x00, 0x00, 0x3E, 0x00, 0x00, 0xFF, 0xE0, 0x00, 0xFF, 0xFC, 0x01,
  0xF0, 0x1F, 0x01, 0xF0, 0x03, 0xC0, 0xF0, 0x00, 0xF0, 0xF0, 0x00, 0x38,
  0x70, 0x00, 0x1E, 0x78, 0x00, 0x07, 0x38, 0x00, 0x03, 0x9C, 0x00, 0x01,
  0xEE, 0x00, 0x00, 0xFF, 0x00, 0x00, 0x7F, 0x80, 0x00, 0x3F, 0xC0, 0x00,
  0x1F, 0xE0, 0x00, 0x0F, 0xF0, 0x00, 0x07, 0xB8, 0x00, 0x03, 0xDC, 0x00,
  0x01, 0xCE, 0x00, 0x00, 0xE7, 0x80, 0x00, 0xF1, 0xC0, 0x00, 0x70, 0xF0,
  0x00, 0x78, 0x3C, 0x00, 0x78, 0x1F, 0x00, 0x78, 0x07, 0xE0, 0xF8, 0x00,
  0xFF, 0xF8, 0x00, 0x3F, 0xF0, 0x00, 0x00, 0x00, 0x80, 0x00, 0x01, 0xC0,
  0x00, 0x03, 0xF0, 0x00, 0x03, 0xE0, 0x00, 0x0F, 0xC0, 0x00, 0x03, 0x80,
  0x00, 0x01, 0x00, 0x00, 0x00, 0x00, 0x00, 0x00, 0x3E, 0x00, 0x00, 0xFF,
  0xE0, 0x00, 0xFF, 0xFC, 0x01, 0xF0, 0x1F, 0x01, 0xF0, 0x03, 0xC0, 0xF0,
  0x00, 0xF0, 0xF0, 0x00, 0x38, 0x70, 0x00, 0x1E, 0x78, 0x00, 0x07, 0x38,
  0x00, 0x03, 0x9C, 0x00, 0x01, 0xEE, 0x00, 0x00, 0xFF, 0x00, 0x00, 0x7F,
  0x80, 0x00, 0x3F, 0xC0, 0x00, 0x1F, 0xE0, 0x00, 0x0F, 0xF0, 0x00, 0x07,
  0xB8, 0x00, 0x03, 0xDC, 0x00, 0x01, 0xCE, 0x00, 0x00, 0xE7, 0x80, 0x00,
  0xF1, 0xC0, 0x00, 0x70, 0xF0, 0x00, 0x78, 0x3C, 0x00, 0x78, 0x1F, 0x00,
  0x78, 0x07, 0xE0, 0xF8, 0x00, 0xFF, 0xF8, 0x00, 0x3F, 0xF0, 0x00, 0x00,
  0x1E, 0x00, 0x00, 0x1F, 0x80, 0x00, 0x1D, 0xE0, 0x00, 0x3C, 0x38, 0x00,
  0x38, 0x0E, 0x00, 0x08, 0x02, 0x00, 0x00, 0x00, 0x00, 0x00, 0x7C, 0x00,
  0x01, 0xFF, 0xC0, 0x01, 0xFF, 0xF8, 0x03, 0xE0, 0x3E, 0x03, 0xE0, 0x07,
  0x81, 0xE0, 0x01, 0xE1, 0xE0, 0x00, 0x70, 0xE0, 0x00, 0x3C, 0xF0, 0x00,
  0x0E, 0x70, 0x00, 0x07, 0x38, 0x00, 0x03, 0xDC, 0x00, 0x01, 0xFE, 0x00,
  0x00, 0xFF, 0x00, 0x00, 0x7F, 0x80, 0x00, 0x3F, 0xC0, 0x00, 0x1F, 0xE0,
  0x00, 0x0F, 0x70, 0x00, 0x07, 0xB8, 0x00, 0x03, 0x9C, 0x00, 0x01, 0xCF,
  0x00, 0x01, 0xE3, 0x80, 0x00, 0xE1, 0xE0, 0x00, 0xF0, 0x78, 0x00, 0xF0,
  0x3E, 0x00, 0xF0, 0x0F, 0xC1, 0xF0, 0x01, 0xFF, 0xF0, 0x00, 0x7F, 0xE0,
  0x00, 0x00, 0xF8, 0x60, 0x00, 0xFF, 0xF0, 0x00, 0xE3, 0xF0, 0x00, 0x20,
  0x20, 0x00, 0x00, 0x00, 0x00, 0x00, 0x00, 0x00, 0x00, 0xF8, 0x00, 0x03,
  0xFF, 0x80, 0x03, 0xFF, 0xF0, 0x07, 0xC0, 0x7C, 0x07, 0xC0, 0x0F, 0x03,
  0xC0, 0x03, 0xC3, 0xC0, 0x00, 0xE1, 0xC0, 0x00, 0x79, 0xE0, 0x00, 0x1C,
  0xE0, 0x00, 0x0E, 0x70, 0x00, 0x07, 0xB8, 0x00, 0x03, 0xFC, 0x00, 0x01,
  0xFE, 0x00, 0x00, 0xFF, 0x00, 0x00, 0x7F, 0x80, 0x00, 0x3F, 0xC0, 0x00,
  0x1E, 0xE0, 0x00, 0x0F, 0x70, 0x00, 0x07, 0x38, 0x00, 0x03, 0x9E, 0x00,
  0x03, 0xC7, 0x00, 0x01, 0xC3, 0xC0, 0x01, 0xE0, 0xF0, 0x01, 0xE0, 0x7C,
  0x01, 0xE0, 0x1F, 0x83, 0xE0, 0x03, 0xFF, 0xE0, 0x00, 0xFF, 0xC0, 0x00,
  0x01, 0xC1, 0xC0, 0x00, 0xF0, 0xE0, 0x00, 0x78, 0x70, 0x00, 0x18, 0x38,
  0x00, 0x00, 0x00, 0x00, 0x00, 0x00, 0x00, 0x00, 0xF8, 0x00, 0x03, 0xFF,
  0x80, 0x03, 0xFF, 0xF0, 0x07, 0xC0, 0x7C, 0x07, 0xC0, 0x0F, 0x03, 0xC0,
  0x03, 0xC3, 0xC0, 0x00, 0xE1, 0xC0, 0x00, 0x79, 0xE0, 0x00, 0x1C, 0xE0,
  0x00, 0x0E, 0x70, 0x00, 0x07, 0xB8, 0x00, 0x03, 0xFC, 0x00, 0x01, 0xFE,
  0x00, 0x00, 0xFF, 0x00, 0x00, 0x7F, 0x80, 0x00, 0x3F, 0xC0, 0x00, 0x1E,
  0xE0, 0x00, 0x0F, 0x70, 0x00, 0x07, 0x38, 0x00, 0x03, 0x9E, 0x00, 0x03,
  0xC7, 0x00, 0x01, 0xC3, 0xC0, 0x01, 0xE0, 0xF0, 0x01, 0xE0, 0x7C, 0x01,
  0xE0, 0x1F, 0x83, 0xE0, 0x03, 0xFF, 0xE0, 0x00, 0xFF, 0xC0, 0x00, 0x60,
  0x06, 0xF0, 0x0F, 0x78, 0x1C, 0x3C, 0x38, 0x1E, 0x70, 0x0F, 0xE0, 0x07,
  0xC0, 0x03, 0xC0, 0x07, 0xE0, 0x0E, 0xF0, 0x1C, 0x78, 0x38, 0x3C, 0x70,
  0x1E, 0xE0, 0x0F, 0x40, 0x04, 0x00, 0x00, 0x07, 0x00, 0x00, 0x03, 0x00,
  0x07, 0x83, 0x80, 0x3F, 0xFB, 0x80, 0x3F, 0xFF, 0x80, 0x7C, 0x07, 0xC0,
  0x7C, 0x00, 0xF0, 0x3C, 0x00, 0xFC, 0x3C, 0x00, 0xEE, 0x1C, 0x00, 0x67,
  0x9E, 0x00, 0x61, 0xCE, 0x00, 0x70, 0xE7, 0x00, 0x30, 0x7B, 0x80, 0x30,
  0x3F, 0xC0, 0x18, 0x1F, 0xE0, 0x18, 0x0F, 0xF0, 0x1C, 0x07, 0xF8, 0x0C,
  0x03, 0xFC, 0x0C, 0x01, 0xEE, 0x0E, 0x00, 0xF7, 0x06, 0x00, 0x73, 0x86,
  0x00, 0x39, 0xE7, 0x00, 0x3C, 0x73, 0x00, 0x1C, 0x3F, 0x80, 0x1E, 0x0F,
  0x80, 0x1E, 0x07, 0xC0, 0x1E, 0x01, 0xF8, 0x3E, 0x00, 0xFF, 0xFE, 0x00,
  0xE7, 0xFC, 0x00, 0xE0, 0x00, 0x00, 0x60, 0x00, 0x00, 0x10, 0x00, 0x00,
  0x00, 0x00, 0x20, 0x00, 0x00, 0x07, 0x00, 0x00, 0x01, 0xF0, 0x00, 0x00,
  0x1F, 0x80, 0x00, 0x00, 0x7C, 0x00, 0x00, 0x03, 0x80, 0x00, 0x00, 0x10,
  0x00, 0x00, 0x00, 0x00, 0x00, 0x00, 0x00, 0x1F, 0xF8, 0x0F, 0xFF, 0xFE,
  0x01, 0xFF, 0x8F, 0x00, 0x03, 0x81, 0xE0, 0x00, 0x70, 0x3C, 0x00, 0x0E,
  0x07, 0x80, 0x01, 0xC0, 0xF0, 0x00, 0x38, 0x1E, 0x00, 0x07, 0x03, 0xC0,
  0x00, 0xE0, 0x78, 0x00, 0x1C, 0x0F, 0x00, 0x03, 0x81, 0xE0, 0x00, 0x70,
  0x3C, 0x00, 0x0E, 0x07, 0x80, 0x01, 0xC0, 0xF0, 0x00, 0x38, 0x1E, 0x00,
  0x07, 0x03, 0xC0, 0x00, 0xE0, 0x78, 0x00, 0x1C, 0x07, 0x00, 0x03, 0x80,
  0xE0, 0x00, 0xF0, 0x1C, 0x00, 0x1C, 0x03, 0x80, 0x03, 0x80, 0x78, 0x00,
  0xF0, 0x07, 0x80, 0x3C, 0x00, 0x7C, 0x1F, 0x00, 0x07, 0xFF, 0xC0, 0x00,
  0x7F, 0xF0, 0x00, 0x00, 0x00, 0x40, 0x00, 0x00, 0x38, 0x00, 0x00, 0x1F,
  0x80, 0x00, 0x07, 0xC0, 0x00, 0x07, 0xE0, 0x00, 0x00, 0x70, 0x00, 0x00,
  0x08, 0x00, 0x00, 0x00, 0x00, 0x00, 0x00, 0x00, 0x00, 0x1F, 0xF8, 0x0F,
  0xFF, 0xFE, 0x01, 0xFF, 0x8F, 0x00, 0x03, 0x81, 0xE0, 0x00, 0x70, 0x3C,
  0x00, 0x0E, 0x07, 0x80, 0x01, 0xC0, 0xF0, 0x00, 0x38, 0x1E, 0x00, 0x07,
  0x03, 0xC0, 0x00, 0xE0, 0x78, 0x00, 0x1C, 0x0F, 0x00, 0x03, 0x81, 0xE0,
  0x00, 0x70, 0x3C, 0x00, 0x0E, 0x07, 0x80, 0x01, 0xC0, 0xF0, 0x00, 0x38,
  0x1E, 0x00, 0x07, 0x03, 0xC0, 0x00, 0xE0, 0x78, 0x00, 0x1C, 0x07, 0x00,
  0x03, 0x80, 0xE0, 0x00, 0xF0, 0x1C, 0x00, 0x1C, 0x03, 0x80, 0x03, 0x80,
  0x78, 0x00, 0xF0, 0x07, 0x80, 0x3C, 0x00, 0x7C, 0x1F, 0x00, 0x07, 0xFF,
  0xC0, 0x00, 0x7F, 0xF0, 0x00, 0x00, 0x0E, 0x00, 0x00, 0x03, 0xF0, 0x00,
  0x00, 0xEF, 0x00, 0x00, 0x78, 0xF0, 0x00, 0x1C, 0x07, 0x00, 0x01, 0x00,
  0x40, 0x00, 0x00, 0x00, 0x00, 0x00, 0x00, 0x00, 0xFF, 0xC0, 0x7F, 0xFF,
  0xF0, 0x0F, 0xFC, 0x78, 0x00, 0x1C, 0x0F, 0x00, 0x03, 0x81, 0xE0, 0x00,
  0x70, 0x3C, 0x00, 0x0E, 0x07, 0x80, 0x01, 0xC0, 0xF0, 0x00, 0x38, 0x1E,
  0x00, 0x07, 0x03, 0xC0, 0x00, 0xE0, 0x78, 0x00, 0x1C, 0x0F, 0x00, 0x03,
  0x81, 0xE0, 0x00, 0x70, 0x3C, 0x00, 0x0E, 0x07, 0x80, 0x01, 0xC0, 0xF0,
  0x00, 0x38, 0x1E, 0x00, 0x07, 0x03, 0xC0, 0x00, 0xE0, 0x38, 0x00, 0x1C,
  0x07, 0x00, 0x07, 0x80, 0xE0, 0x00, 0xE0, 0x1C, 0x00, 0x1C, 0x03, 0xC0,
  0x07, 0x80, 0x3C, 0x01, 0xE0, 0x03, 0xE0, 0xF8, 0x00, 0x3F, 0xFE, 0x00,
  0x03, 0xFF, 0x80, 0x00, 0x00, 0xE0, 0xE0, 0x00, 0x1E, 0x1C, 0x00, 0x03,
  0xC3, 0x80, 0x00, 0x30, 0x70, 0x00, 0x00, 0x00, 0x00, 0x00, 0x00, 0x00,
  0x00, 0x00, 0x00, 0x07, 0xFE, 0x03, 0xFF, 0xFF, 0x80, 0x7F, 0xE3, 0xC0,
  0x00, 0xE0, 0x78, 0x00, 0x1C, 0x0F, 0x00, 0x03, 0x81, 0xE0, 0x00, 0x70,
  0x3C, 0x00, 0x0E, 0x07, 0x80, 0x01, 0xC0, 0xF0, 0x00, 0x38, 0x1E, 0x00,
  0x07, 0x03, 0xC0, 0x00, 0xE0, 0x78, 0x00, 0x1C, 0x0F, 0x00, 0x03, 0x81,
  0xE0, 0x00, 0x70, 0x3C, 0x00, 0x0E, 0x07, 0x80, 0x01, 0xC0, 0xF0, 0x00,
  0x38, 0x1E, 0x00, 0x07, 0x01, 0xC0, 0x00, 0xE0, 0x38, 0x00, 0x3C, 0x07,
  0x00, 0x07, 0x00, 0xE0, 0x00, 0xE0, 0x1E, 0x00, 0x3C, 0x01, 0xE0, 0x0F,
  0x00, 0x1F, 0x07, 0xC0, 0x01, 0xFF, 0xF0, 0x00, 0x1F, 0xFC, 0x00, 0x00,
  0x01, 0x00, 0x00, 0x01, 0xC0, 0x00, 0x03, 0xE0, 0x00, 0x03, 0xE0, 0x00,
  0x07, 0xC0, 0x00, 0x07, 0x80, 0x00, 0x01, 0x00, 0x00, 0x00, 0x00, 0x00,
  0x00, 0x00, 0x00, 0x7F, 0xE0, 0xFF, 0xFF, 0xE0, 0x7F, 0xC3, 0xC0, 0x03,
  0x80, 0xE0, 0x03, 0x80, 0x78, 0x01, 0xC0, 0x1C, 0x01, 0xC0, 0x0F, 0x00,
  0xE0, 0x03, 0x80, 0xE0, 0x00, 0xE0, 0x70, 0x00, 0x70, 0x70, 0x00, 0x1C,
  0x38, 0x00, 0x0E, 0x38, 0x00, 0x03, 0x98, 0x00, 0x01, 0xDC, 0x00, 0x00,
  0x7C, 0x00, 0x00, 0x3E, 0x00, 0x00, 0x0E, 0x00, 0x00, 0x07, 0x00, 0x00,
  0x03, 0x80, 0x00, 0x01, 0xC0, 0x00, 0x00, 0xE0, 0x00, 0x00, 0x70, 0x00,
  0x00, 0x38, 0x00, 0x00, 0x1C, 0x00, 0x00, 0x0E, 0x00, 0x00, 0x7F, 0xF0,
  0x00, 0x3F, 0xF8, 0x00, 0xFF, 0xC0, 0x1F, 0xF0, 0x00, 0x78, 0x00, 0x0F,
  0x00, 0x01, 0xE0, 0x00, 0x3F, 0xF0, 0x07, 0xFF, 0xC0, 0xFF, 0xFE, 0x1E,
  0x03, 0xC3, 0xC0, 0x3C, 0x78, 0x03, 0x8F, 0x00, 0x71, 0xE0, 0x0E, 0x3C,
  0x01, 0xC7, 0x80, 0x38, 0xF0, 0x07, 0x1E, 0x01, 0xE3, 0xC0, 0x78, 0x78,
  0x7E, 0x0F, 0xFF, 0x81, 0xFF, 0xC0, 0x3C, 0x00, 0x07, 0x80, 0x00, 0xF0,
  0x00, 0x1E, 0x00, 0x1F, 0xFC, 0x03, 0xFF, 0x80, 0x00, 0x00, 0xFF, 0x80,
  0x03, 0xFF, 0xE0, 0x07, 0x81, 0xF0, 0x0F, 0x00, 0x70, 0x0E, 0x00, 0x70,
  0x0E, 0x00, 0x78, 0x0E, 0x00, 0x70, 0x0E, 0x00, 0x70, 0x0E, 0x00, 0xF0,
  0x0E, 0x01, 0xC0, 0xFE, 0x07, 0x80, 0xFE, 0x0E, 0x00, 0x0E, 0x1C, 0x00,
  0x0E, 0x1C, 0x00, 0x0E, 0x1C, 0x00, 0x0E, 0x1E, 0x00, 0x0E, 0x0F, 0x00,
  0x0E, 0x07, 0xC0, 0x0E, 0x03, 0xF0, 0x0E, 0x00, 0xFC, 0x0E, 0x00, 0x3E,
  0x0E, 0x00, 0x1E, 0x0E, 0x00, 0x0F, 0x0E, 0x00, 0x07, 0x0E, 0x18, 0x07,
  0x0E, 0x18, 0x07, 0x0E, 0x18, 0x0E, 0x0E, 0x18, 0x1E, 0x7E, 0x1F, 0xFC,
  0x7E, 0x1F, 0xF0, 0x04, 0x00, 0x00, 0xC0, 0x00, 0x3C, 0x00, 0x03, 0xE0,
  0x00, 0x1E, 0x00, 0x01, 0xE0, 0x00, 0x0E, 0x00, 0x00, 0x80, 0x00, 0x00,
  0x00, 0x00, 0x00, 0x00, 0x00, 0x03, 0xF8, 0x07, 0xFF, 0xC0, 0xFC, 0xFC,
  0x1C, 0x03, 0x83, 0x80, 0x70, 0x70, 0x0F, 0x00, 0x01, 0xE0, 0x00, 0x3C,
  0x00, 0x07, 0x80, 0x00, 0xF0, 0x3F, 0xFE, 0x1F, 0xFF, 0xC3, 0x80, 0x78,
  0xF0, 0x0F, 0x1C, 0x01, 0xE3, 0x80, 0x3C, 0x70, 0x07, 0x8F, 0x01, 0xF0,
  0xF0, 0xEE, 0x1F, 0xF9, 0xF9, 0xFC, 0x3F, 0x00, 0x08, 0x00, 0x03, 0x00,
  0x00, 0xF0, 0x00, 0x7C, 0x00, 0x1E, 0x00, 0x07, 0x80, 0x01, 0xC0, 0x00,
  0x10, 0x00, 0x00, 0x00, 0x00, 0x00, 0x00, 0x00, 0x00, 0x03, 0xF8, 0x07,
  0xFF, 0xC0, 0xFC, 0xFC, 0x1C, 0x03, 0x83, 0x80, 0x70, 0x70, 0x0F, 0x00,
  0x01, 0xE0, 0x00, 0x3C, 0x00, 0x07, 0x80, 0x00, 0xF0, 0x3F, 0xFE, 0x1F,
  0xFF, 0xC3, 0x80, 0x78, 0xF0, 0x0F, 0x1C, 0x01, 0xE3, 0x80, 0x3C, 0x70,
  0x07, 0x8F, 0x01, 0xF0, 0xF0, 0xEE, 0x1F, 0xF9, 0xF9, 0xFC, 0x3F, 0x01,
  0xC0, 0x00, 0x7C, 0x00, 0x1F, 0xC0, 0x07, 0x1C, 0x01, 0xC1, 0xC0, 0x70,
  0x0C, 0x00, 0x00, 0x00, 0x00, 0x00, 0x00, 0x00, 0x00, 0x00, 0x00, 0x1F,
  0xC0, 0x3F, 0xFE, 0x07, 0xE7, 0xE0, 0xE0, 0x1C, 0x1C, 0x03, 0x83, 0x80,
  0x78, 0x00, 0x0F, 0x00, 0x01, 0xE0, 0x00, 0x3C, 0x00, 0x07, 0x81, 0xFF,
  0xF0, 0xFF, 0xFE, 0x1C, 0x03, 0xC7, 0x80, 0x78, 0xE0, 0x0F, 0x1C, 0x01,
  0xE3, 0x80, 0x3C, 0x78, 0x0F, 0x87, 0x87, 0x70, 0xFF, 0xCF, 0xCF, 0xE1,
  0xF8, 0x06, 0x04, 0x03, 0xF0, 0xC0, 0x7F, 0xF0, 0x18, 0x7E, 0x01, 0x01,
  0x00, 0x00, 0x00, 0x00, 0x00, 0x00, 0x00, 0x00, 0x00, 0x00, 0x00, 0xFE,
  0x01, 0xFF, 0xF0, 0x3F, 0x3F, 0x07, 0x00, 0xE0, 0xE0, 0x1C, 0x1C, 0x03,
  0xC0, 0x00, 0x78, 0x00, 0x0F, 0x00, 0x01, 0xE0, 0x00, 0x3C, 0x0F, 0xFF,
  0x87, 0xFF, 0xF0, 0xE0, 0x1E, 0x3C, 0x03, 0xC7, 0x00, 0x78, 0xE0, 0x0F,
  0x1C, 0x01, 0xE3, 0xC0, 0x7C, 0x3C, 0x3B, 0x87, 0xFE, 0x7E, 0x7F, 0x0F,
  0xC0, 0x1C, 0x1C, 0x03, 0xC3, 0x80, 0x70, 0x70, 0x06, 0x0C, 0x00, 0x00,
  0x00, 0x00, 0x00, 0x00, 0x00, 0x00, 0x00, 0x00, 0x07, 0xF0, 0x0F, 0xFF,
  0x81, 0xF9, 0xF8, 0x38, 0x07, 0x07, 0x00, 0xE0, 0xE0, 0x1E, 0x00, 0x03,
  0xC0, 0x00, 0x78, 0x00, 0x0F, 0x00, 0x01, 0xE0, 0x7F, 0xFC, 0x3F, 0xFF,
  0x87, 0x00, 0xF1, 0xE0, 0x1E, 0x38, 0x03, 0xC7, 0x00, 0x78, 0xE0, 0x0F,
  0x1E, 0x03, 0xE1, 0xE1, 0xDC, 0x3F, 0xF3, 0xF3, 0xF8, 0x7E, 0x01, 0xC0,
  0x00, 0xFE, 0x00, 0x18, 0xC0, 0x07, 0x0C, 0x00, 0xE1, 0x80, 0x0C, 0x60,
  0x01, 0xFC, 0x00, 0x0E, 0x00, 0x00, 0x00, 0x00, 0x00, 0x00, 0x00, 0x00,
  0x03, 0xF8, 0x07, 0xFF, 0xC0, 0xFC, 0xFC, 0x1C, 0x03, 0x83, 0x80, 0x70,
  0x70, 0x0F, 0x00, 0x01, 0xE0, 0x00, 0x3C, 0x00, 0x07, 0x80, 0x00, 0xF0,
  0x3F, 0xFE, 0x1F, 0xFF, 0xC3, 0x80, 0x78, 0xF0, 0x0F, 0x1C, 0x01, 0xE3,
  0x80, 0x3C, 0x70, 0x07, 0x8F, 0x01, 0xF0, 0xF0, 0xEE, 0x1F, 0xF9, 0xF9,
  0xFC, 0x3F, 0x0F, 0xF0, 0x1F, 0x81, 0xFF, 0xE1, 0xFF, 0x87, 0xC3, 0xCF,
  0x1F, 0x1C, 0x03, 0x70, 0x1E, 0x70, 0x0F, 0x80, 0x39, 0x80, 0x3E, 0x00,
  0xF0, 0x00, 0x70, 0x01, 0xC0, 0x01, 0xC0, 0x07, 0x00, 0x07, 0x00, 0x1C,
  0x0F, 0xFF, 0xFF, 0xF3, 0xFF, 0xFF, 0xFF, 0xDF, 0xFF, 0xFF, 0xFF, 0x70,
  0x07, 0x00, 0x03, 0x80, 0x1C, 0x00, 0x0E, 0x00, 0x70, 0x00, 0x38, 0x01,
  0xE0, 0x00, 0xE0, 0x07, 0x80, 0x03, 0xC0, 0x7F, 0x00, 0x67, 0x83, 0x9F,
  0x07, 0xDF, 0xFC, 0x3F, 0xFC, 0x1F, 0xC0, 0x7F, 0xC0, 0x03, 0xF8, 0x07,
  0xFF, 0x87, 0xC3, 0xC7, 0x80, 0xE7, 0x80, 0x33, 0x80, 0x1B, 0xC0, 0x01,
  0xC0, 0x00, 0xE0, 0x00, 0x70, 0x00, 0x38, 0x00, 0x1C, 0x00, 0x0E, 0x00,
  0x07, 0x00, 0x03, 0xC0, 0x01, 0xE0, 0x00, 0x78, 0x00, 0x3C, 0x01, 0x8F,
  0x83, 0xE3, 0xFF, 0xC0, 0x7F, 0x80, 0x06, 0x00, 0x03, 0x00, 0x03, 0xC0,
  0x01, 0xF8, 0x00, 0x0E, 0x00, 0x07, 0x00, 0x03, 0x80, 0x3F, 0x80, 0x1F,
  0x80, 0x02, 0x00, 0x00, 0xC0, 0x00, 0x78, 0x00, 0x0F, 0x00, 0x01, 0xF0,
  0x00, 0x1E, 0x00, 0x03, 0xC0, 0x00, 0x20, 0x00, 0x00, 0x00, 0x00, 0x00,
  0x00, 0x00, 0x0F, 0xE0, 0x0F, 0xFC, 0x07, 0xCF, 0xC3, 0xC0, 0xF1, 0xE0,
  0x1E, 0x70, 0x03, 0xBC, 0x00, 0xEE, 0x00, 0x3B, 0x80, 0x0F, 0xFF, 0xFF,
  0xBF, 0xFF, 0xEE, 0x00, 0x03, 0x80, 0x00, 0xE0, 0x00, 0x3C, 0x00, 0x07,
  0x00, 0x01, 0xE0, 0x00, 0x7C, 0x01, 0x8F, 0x83, 0xE1, 0xFF, 0xF0, 0x1F,
  0xE0, 0x00, 0x08, 0x00, 0x03, 0x00, 0x03, 0xE0, 0x01, 0xF0, 0x00, 0xF0,
  0x00, 0xF0, 0x00, 0x38, 0x00, 0x08, 0x00, 0x00, 0x00, 0x00, 0x00, 0x00,
  0x00, 0x00, 0x0F, 0xE0, 0x0F, 0xFC, 0x07, 0xCF, 0xC3, 0xC0, 0xF1, 0xE0,
  0x1E, 0x70, 0x03, 0xBC, 0x00, 0xEE, 0x00, 0x3B, 0x80, 0x0F, 0xFF, 0xFF,
  0xBF, 0xFF, 0xEE, 0x00, 0x03, 0x80, 0x00, 0xE0, 0x00, 0x3C, 0x00, 0x07,
  0x00, 0x01, 0xE0, 0x00, 0x7C, 0x01, 0x8F, 0x83, 0xE1, 0xFF, 0xF0, 0x1F,
  0xE0, 0x00, 0xE0, 0x00, 0x7C, 0x00, 0x3F, 0x80, 0x1C, 0xF0, 0x1E, 0x0E,
  0x06, 0x01, 0xC0, 0x00, 0x00, 0x00, 0x00, 0x00, 0x00, 0x00, 0x00, 0x00,
  0x3F, 0x80, 0x3F, 0xF0, 0x1F, 0x3F, 0x0F, 0x03, 0xC7, 0x80, 0x79, 0xC0,
  0x0E, 0xF0, 0x03, 0xB8, 0x00, 0xEE, 0x00, 0x3F, 0xFF, 0xFE, 0xFF, 0xFF,
  0xB8, 0x00, 0x0E, 0x00, 0x03, 0x80, 0x00, 0xF0, 0x00, 0x1C, 0x00, 0x07,
  0x80, 0x01, 0xF0, 0x06, 0x3E, 0x0F, 0x87, 0xFF, 0xC0, 0x7F, 0x80, 0x0E,
  0x0E, 0x07, 0x87, 0x81, 0xE1, 0xE0, 0x30, 0x30, 0x00, 0x00, 0x00, 0x00,
  0x00, 0x00, 0x00, 0x00, 0x00, 0x03, 0xF8, 0x03, 0xFF, 0x01, 0xF3, 0xF0,
  0xF0, 0x3C, 0x78, 0x07, 0x9C, 0x00, 0xEF, 0x00, 0x3B, 0x80, 0x0E, 0xE0,
  0x03, 0xFF, 0xFF, 0xEF, 0xFF, 0xFB, 0x80, 0x00, 0xE0, 0x00, 0x38, 0x00,
  0x0F, 0x00, 0x01, 0xC0, 0x00, 0x78, 0x00, 0x1F, 0x00, 0x63, 0xE0, 0xF8,
  0x7F, 0xFC, 0x07, 0xF8, 0x00, 0x40, 0x18, 0x0F, 0x01, 0xE0, 0x3E, 0x03,
  0xC0, 0x38, 0x04, 0x00, 0x00, 0x00, 0x03, 0xF8, 0xFE, 0x0F, 0x80, 0xE0,
  0x38, 0x0E, 0x03, 0x80, 0xE0, 0x38, 0x0E, 0x03, 0x80, 0xE0, 0x38, 0x0E,
  0x03, 0x80, 0xE0, 0x38, 0x0E, 0x03, 0x8F, 0xFF, 0xFF, 0x00, 0x80, 0x60,
  0x3C, 0x1E, 0x1F, 0x0F, 0x07, 0x80, 0x80, 0x00, 0x00, 0x00, 0x03, 0xF8,
  0xFE, 0x0F, 0x80, 0xE0, 0x38, 0x0E, 0x03, 0x80, 0xE0, 0x38, 0x0E, 0x03,
  0x80, 0xE0, 0x38, 0x0E, 0x03, 0x80, 0xE0, 0x38, 0x0E, 0x03, 0x8F, 0xFF,
  0xFF, 0x0E, 0x00, 0xF0, 0x1F, 0x83, 0x9C, 0x70, 0xEE, 0x07, 0x00, 0x00,
  0x00, 0x00, 0x00, 0x00, 0x7F, 0x07, 0xF0, 0x1F, 0x00, 0x70, 0x07, 0x00,
  0x70, 0x07, 0x00, 0x70, 0x07, 0x00, 0x70, 0x07, 0x00, 0x70, 0x07, 0x00,
  0x70, 0x07, 0x00, 0x70, 0x07, 0x00, 0x70, 0x07, 0x07, 0xFE, 0x7F, 0xE0,
  0x60, 0xFE, 0x1F, 0xC3, 0xB0, 0x60, 0x00, 0x00, 0x00, 0x00, 0x00, 0x7F,
  0x0F, 0xE0, 0x7C, 0x03, 0x80, 0x70, 0x0E, 0x01, 0xC0, 0x38, 0x07, 0x00,
  0xE0, 0x1C, 0x03, 0x80, 0x70, 0x0E, 0x01, 0xC0, 0x38, 0x07, 0x00, 0xE0,
  0x1C, 0x3F, 0xF7, 0xFE, 0x1F, 0x83, 0x03, 0xFD, 0xE0, 0x07, 0xF0, 0x00,
  0x3E, 0x00, 0x0F, 0xC0, 0x07, 0x1C, 0x00, 0xC1, 0xC0, 0x00, 0x38, 0x00,
  0x03, 0x80, 0x00, 0x70, 0x0F, 0xC7, 0x07, 0xFE, 0xE1, 0xE0, 0xFC, 0x70,
  0x0F, 0x9E, 0x00, 0xF3, 0x80, 0x0F, 0xF0, 0x01, 0xFC, 0x00, 0x3F, 0x80,
  0x07, 0xF0, 0x00, 0xFE, 0x00, 0x1D, 0xC0, 0x03, 0xB8, 0x00, 0x77, 0x00,
  0x0E, 0xF0, 0x03, 0xCE, 0x00, 0x71, 0xE0, 0x1C, 0x1E, 0x07, 0x81, 0xFF,
  0xE0, 0x1F, 0xF0, 0x00, 0x00, 0xE0, 0x40, 0x03, 0xE1, 0x80, 0x0F, 0xFF,
  0x00, 0x30, 0x7C, 0x00, 0x20, 0x20, 0x00, 0x00, 0x00, 0x00, 0x00, 0x00,
  0x00, 0x00, 0x00, 0x00, 0x00, 0x01, 0xF8, 0x3F, 0x03, 0xF1, 0xFF, 0x01,
  0xEF, 0xBF, 0x00, 0xF8, 0x0F, 0x01, 0xE0, 0x1E, 0x03, 0x80, 0x1C, 0x07,
  0x00, 0x38, 0x0E, 0x00, 0x70, 0x1C, 0x00, 0xE0, 0x38, 0x01, 0xC0, 0x70,
  0x03, 0x80, 0xE0, 0x07, 0x01, 0xC0, 0x0E, 0x03, 0x80, 0x1C, 0x07, 0x00,
  0x38, 0x0E, 0x00, 0x70, 0x1C, 0x00, 0xE0, 0x38, 0x01, 0xC0, 0x70, 0x03,
  0x8F, 0xFC, 0x3F, 0xFF, 0xF8, 0x7F, 0xC0, 0x02, 0x00, 0x00, 0x60, 0x00,
  0x1E, 0x00, 0x01, 0xE0, 0x00, 0x1F, 0x00, 0x00, 0xF0, 0x00, 0x07, 0x00,
  0x00, 0x40, 0x00, 0x00, 0x00, 0x00, 0x00, 0x00, 0x00, 0x01, 0xFC, 0x00,
  0xFF, 0xE0, 0x3E, 0x3E, 0x0F, 0x01, 0xE3, 0xC0, 0x1E, 0x70, 0x01, 0xDE,
  0x00, 0x3B, 0x80, 0x07, 0x70, 0x00, 0xFE, 0x00, 0x1F, 0xC0, 0x03, 0xF8,
  0x00, 0x7F, 0x00, 0x0F, 0xE0, 0x01, 0xDE, 0x00, 0x3B, 0xC0, 0x0F, 0x38,
  0x01, 0xC7, 0x80, 0x78, 0x78, 0x1E, 0x07, 0xFF, 0x80, 0x3F, 0xC0, 0x00,
  0x08, 0x00, 0x01, 0x80, 0x00, 0xF8, 0x00, 0x3E, 0x00, 0x0F, 0x00, 0x03,
  0xC0, 0x00, 0xE0, 0x00, 0x08, 0x00, 0x00, 0x00, 0x00, 0x00, 0x00, 0x00,
  0x00, 0x01, 0xFC, 0x00, 0xFF, 0xE0, 0x3E, 0x3E, 0x0F, 0x01, 0xE3, 0xC0,
  0x1E, 0x70, 0x01, 0xDE, 0x00, 0x3B, 0x80, 0x07, 0x70, 0x00, 0xFE, 0x00,
  0x1F, 0xC0, 0x03, 0xF8, 0x00, 0x7F, 0x00, 0x0F, 0xE0, 0x01, 0xDE, 0x00,
  0x3B, 0xC0, 0x0F, 0x38, 0x01, 0xC7, 0x80, 0x78, 0x78, 0x1E, 0x07, 0xFF,
  0x80, 0x3F, 0xC0, 0x00, 0xE0, 0x00, 0x3E, 0x00, 0x0F, 0xE0, 0x03, 0x8E,
  0x00, 0xE0, 0xE0, 0x30, 0x0E, 0x00, 0x00, 0x00, 0x00, 0x00, 0x00, 0x00,
  0x00, 0x00, 0x00, 0x0F, 0xE0, 0x07, 0xFF, 0x01, 0xF1, 0xF0, 0x78, 0x0F,
  0x1E, 0x00, 0xF3, 0x80, 0x0E, 0xF0, 0x01, 0xDC, 0x00, 0x3B, 0x80, 0x07,
  0xF0, 0x00, 0xFE, 0x00, 0x1F, 0xC0, 0x03, 0xF8, 0x00, 0x7F, 0x00, 0x0E,
  0xF0, 0x01, 0xDE, 0x00, 0x79, 0xC0, 0x0E, 0x3C, 0x03, 0xC3, 0xC0, 0xF0,
  0x3F, 0xFC, 0x01, 0xFE, 0x00, 0x07, 0x02, 0x01, 0xF8, 0xE0, 0x7F, 0xF8,
  0x0C, 0x3E, 0x00, 0x80, 0x80, 0x00, 0x00, 0x00, 0x00, 0x00, 0x00, 0x00,
  0x00, 0x00, 0x00, 0x7F, 0x00, 0x3F, 0xF8, 0x0F, 0x8F, 0x83, 0xC0, 0x78,
  0xF0, 0x07, 0x9C, 0x00, 0x77, 0x80, 0x0E, 0xE0, 0x01, 0xDC, 0x00, 0x3F,
  0x80, 0x07, 0xF0, 0x00, 0xFE, 0x00, 0x1F, 0xC0, 0x03, 0xF8, 0x00, 0x77,
  0x80, 0x0E, 0xF0, 0x03, 0xCE, 0x00, 0x71, 0xE0, 0x1E, 0x1E, 0x07, 0x81,
  0xFF, 0xE0, 0x0F, 0xF0, 0x00, 0x0E, 0x0E, 0x01, 0xC3, 0xC0, 0x38, 0x78,
  0x06, 0x06, 0x00, 0x00, 0x00, 0x00, 0x00, 0x00, 0x00, 0x00, 0x00, 0x00,
  0x03, 0xF8, 0x01, 0xFF, 0xC0, 0x7C, 0x7C, 0x1E, 0x03, 0xC7, 0x80, 0x3C,
  0xE0, 0x03, 0xBC, 0x00, 0x77, 0x00, 0x0E, 0xE0, 0x01, 0xFC, 0x00, 0x3F,
  0x80, 0x07, 0xF0, 0x00, 0xFE, 0x00, 0x1F, 0xC0, 0x03, 0xBC, 0x00, 0x77,
  0x80, 0x1E, 0x70, 0x03, 0x8F, 0x00, 0xF0, 0xF0, 0x3C, 0x0F, 0xFF, 0x00,
  0x7F, 0x80, 0x00, 0xC0, 0x00, 0x78, 0x00, 0x1E, 0x00, 0x07, 0x00, 0x00,
  0x00, 0x00, 0x00, 0x00, 0x00, 0x00, 0x00, 0x00, 0xFF, 0xFF, 0xFF, 0xFF,
  0xF0, 0x00, 0x00, 0x00, 0x00, 0x00, 0x00, 0x00, 0x00, 0x00, 0x0C, 0x00,
  0x07, 0x80, 0x01, 0xE0, 0x00, 0x70, 0x00, 0x00, 0x00, 0x80, 0x00, 0x18,
  0x00, 0x07, 0x01, 0xFC, 0xC0, 0xFF, 0xF0, 0x3E, 0x3E, 0x0F, 0x01, 0xE3,
  0xC0, 0x7E, 0x70, 0x0D, 0xCE, 0x03, 0x3B, 0xC0, 0xC7, 0xF0, 0x18, 0xFE,
  0x06, 0x1F, 0xC0, 0xC3, 0xF8, 0x30, 0x7F, 0x0C, 0x0F, 0xE1, 0x81, 0xDE,
  0x60, 0x39, 0xC8, 0x07, 0x3B, 0x01, 0xC7, 0xC0, 0x78, 0x7C, 0x1E, 0x07,
  0xFF, 0x81, 0xFF, 0xC0, 0x30, 0x00, 0x0C, 0x00, 0x01, 0x80, 0x00, 0x00,
  0x00, 0x80, 0x00, 0x06, 0x00, 0x00, 0x3E, 0x00, 0x00, 0x7C, 0x00, 0x00,
  0x78, 0x00, 0x00, 0xF0, 0x00, 0x00, 0xE0, 0x00, 0x01, 0x00, 0x00, 0x00,
  0x00, 0x00, 0x00, 0x00, 0x00, 0x00, 0x3F, 0x01, 0xF8, 0xFC, 0x07, 0xE1,
  0xF0, 0x07, 0x81, 0xC0, 0x0E, 0x07, 0x00, 0x38, 0x1C, 0x00, 0xE0, 0x70,
  0x03, 0x81, 0xC0, 0x0E, 0x07, 0x00, 0x38, 0x1C, 0x00, 0xE0, 0x70, 0x03,
  0x81, 0xC0, 0x0E, 0x07, 0x00, 0x38, 0x1C, 0x00, 0xE0, 0x70, 0x03, 0x81,
  0xC0, 0x0E, 0x07, 0x00, 0x78, 0x1E, 0x03, 0xE0, 0x7C, 0x3D, 0x80, 0xFF,
  0xC7, 0xC1, 0xFE, 0x1F, 0x00, 0x02, 0x00, 0x00, 0x18, 0x00, 0x00, 0xF0,
  0x00, 0x07, 0x80, 0x00, 0x7C, 0x00, 0x03, 0xC0, 0x00, 0x1C, 0x00, 0x00,
  0x20, 0x00, 0x00, 0x00, 0x00, 0x00, 0x00, 0x00, 0x00, 0x00, 0x3F, 0x01,
  0xF8, 0xFC, 0x07, 0xE1, 0xF0, 0x07, 0x81, 0xC0, 0x0E, 0x07, 0x00, 0x38,
  0x1C, 0x00, 0xE0, 0x70, 0x03, 0x81, 0xC0, 0x0E, 0x07, 0x00, 0x38, 0x1C,
  0x00, 0xE0, 0x70, 0x03, 0x81, 0xC0, 0x0E, 0x07, 0x00, 0x38, 0x1C, 0x00,
  0xE0, 0x70, 0x03, 0x81, 0xC0, 0x0E, 0x07, 0x00, 0x78, 0x1E, 0x03, 0xE0,
  0x7C, 0x3D, 0x80, 0xFF, 0xC7, 0xC1, 0xFE, 0x1F, 0x00, 0x70, 0x00, 0x03,
  0xE0, 0x00, 0x1F, 0xC0, 0x00, 0xF3, 0x80, 0x07, 0x07, 0x80, 0x38, 0x06,
  0x00, 0x00, 0x00, 0x00, 0x00, 0x00, 0x00, 0x00, 0x00, 0x00, 0x00, 0x0F,
  0xC0, 0x7E, 0x3F, 0x01, 0xF8, 0x7C, 0x01, 0xE0, 0x70, 0x03, 0x81, 0xC0,
  0x0E, 0x07, 0x00, 0x38, 0x1C, 0x00, 0xE0, 0x70, 0x03, 0x81, 0xC0, 0x0E,
  0x07, 0x00, 0x38, 0x1C, 0x00, 0xE0, 0x70, 0x03, 0x81, 0xC0, 0x0E, 0x07,
  0x00, 0x38, 0x1C, 0x00, 0xE0, 0x70, 0x03, 0x81, 0xC0, 0x1E, 0x07, 0x80,
  0xF8, 0x1F, 0x0F, 0x60, 0x3F, 0xF1, 0xF0, 0x7F, 0x87, 0xC0, 0x07, 0x07,
  0x00, 0x1E, 0x1C, 0x00, 0x78, 0x70, 0x00, 0xC0, 0xC0, 0x00, 0x00, 0x00,
  0x00, 0x00, 0x00, 0x00, 0x00, 0x00, 0x00, 0x00, 0xFC, 0x07, 0xE3, 0xF0,
  0x1F, 0x87, 0xC0, 0x1E, 0x07, 0x00, 0x38, 0x1C, 0x00, 0xE0, 0x70, 0x03,
  0x81, 0xC0, 0x0E, 0x07, 0x00, 0x38, 0x1C, 0x00, 0xE0, 0x70, 0x03, 0x81,
  0xC0, 0x0E, 0x07, 0x00, 0x38, 0x1C, 0x00, 0xE0, 0x70, 0x03, 0x81, 0xC0,
  0x0E, 0x07, 0x00, 0x38, 0x1C, 0x01, 0xE0, 0x78, 0x0F, 0x81, 0xF0, 0xF6,
  0x03, 0xFF, 0x1F, 0x07, 0xF8, 0x7C, 0x00, 0x04, 0x00, 0x00, 0x30, 0x00,
  0x07, 0xC0, 0x00, 0x7C, 0x00, 0x07, 0x80, 0x00, 0x78, 0x00, 0x07, 0x00,
  0x00, 0x10, 0x00, 0x00, 0x00, 0x00, 0x00, 0x00, 0x00, 0x00, 0x01, 0xFE,
  0x0F, 0xFF, 0xF0, 0x7F, 0x9C, 0x00, 0x70, 0xF0, 0x07, 0x03, 0x80, 0x38,
  0x1C, 0x01, 0x80, 0x70, 0x1C, 0x03, 0x80, 0xE0, 0x1C, 0x06, 0x00, 0x70,
  0x70, 0x03, 0x83, 0x80, 0x1C, 0x18, 0x00, 0x71, 0xC0, 0x03, 0x8E, 0x00,
  0x0C, 0x60, 0x00, 0x77, 0x00, 0x03, 0xB0, 0x00, 0x0D, 0x80, 0x00, 0x7C,
  0x00, 0x01, 0xC0, 0x00, 0x0E, 0x00, 0x00, 0x70, 0x00, 0x07, 0x00, 0x00,
  0x38, 0x00, 0x01, 0x80, 0x00, 0x1C, 0x00, 0x01, 0xC0, 0x00, 0x1E, 0x00,
  0x0F, 0xE0, 0x00, 0x7E, 0x00, 0x00, 0xFE, 0x00, 0x07, 0xF0, 0x00, 0x03,
  0x80, 0x00, 0x1C, 0x00, 0x00, 0xE0, 0x00, 0x07, 0x00, 0x00, 0x38, 0x00,
  0x01, 0xC0, 0x00, 0x0E, 0x00, 0x00, 0x71, 0xF8, 0x03, 0xBF, 0xF0, 0x1F,
  0xCF, 0xC0, 0xF0, 0x1E, 0x07, 0x00, 0x78, 0x38, 0x01, 0xC1, 0xC0, 0x0E,
  0x0E, 0x00, 0x78, 0x70, 0x03, 0xC3, 0x80, 0x0E, 0x1C, 0x00, 0x70, 0xE0,
  0x03, 0x87, 0x00, 0x3C, 0x38, 0x01, 0xE1, 0xC0, 0x0E, 0x0E, 0x00, 0x70,
  0x70, 0x07, 0x83, 0x80, 0x78, 0x1C, 0x07, 0x80, 0xFF, 0xF8, 0x07, 0xFF,
  0x00, 0x38, 0x00, 0x01, 0xC0, 0x00, 0x0E, 0x00, 0x00, 0x70, 0x00, 0x03,
  0x80, 0x00, 0x1C, 0x00, 0x00, 0xE0, 0x00, 0x7F, 0xE0, 0x03, 0xFF, 0x00,
  0x00, 0x07, 0x07, 0x00, 0x38, 0x78, 0x01, 0xC3, 0xC0, 0x0C, 0x0C, 0x00,
  0x00, 0x00, 0x00, 0x00, 0x00, 0x00, 0x00, 0x00, 0x00, 0x00, 0xFF, 0x07,
  0xFF, 0xF8, 0x3F, 0xCE, 0x00, 0x38, 0x78, 0x03, 0x81, 0xC0, 0x1C, 0x0E,
  0x00, 0xC0, 0x38, 0x0E, 0x01, 0xC0, 0x70, 0x0E, 0x03, 0x00, 0x38, 0x38,
  0x01, 0xC1, 0xC0, 0x0E, 0x0C, 0x00, 0x38, 0xE0, 0x01, 0xC7, 0x00, 0x06,
  0x30, 0x00, 0x3B, 0x80, 0x01, 0xD8, 0x00, 0x06, 0xC0, 0x00, 0x3E, 0x00,
  0x00, 0xE0, 0x00, 0x07, 0x00, 0x00, 0x38, 0x00, 0x03, 0x80, 0x00, 0x1C,
  0x00, 0x00, 0xC0, 0x00, 0x0E, 0x00, 0x00, 0xE0, 0x00, 0x0F, 0x00, 0x07,
  0xF0, 0x00, 0x3F, 0x00, 0x00 };

const GFXglyph Bitter_20pt8bGlyphs[] PROGMEM = {
  {     0,   1,   1,   8,    0,    0 }, // 0x20 ' '
  {     1,   5,  27,  13,    4,  -26 }, // 0x21 '!'
  {    18,   9,   9,  15,    3,  -29 }, // 0x22 '"'
  {    29,  22,  27,  26,    2,  -26 }, // 0x23 '#'
  {   104,  18,  37,  24,    3,  -31 }, // 0x24 '$'
  {   188,  29,  28,  33,    2,  -27 }, // 0x25 '%'
  {   290,  22,  28,  27,    3,  -27 }, // 0x26 '&'
  {   367,   3,   9,   9,    3,  -29 }, // 0x27 '''
  {   371,   9,  39,  12,    2,  -33 }, // 0x28 '('
  {   415,   9,  39,  12,    1,  -33 }, // 0x29 ')'
  {   459,  13,  12,  19,    3,  -29 }, // 0x2A '*'
  {   479,  18,  19,  22,    2,  -22 }, // 0x2B '+'
  {   522,   5,  10,   9,    2,   -3 }, // 0x2C ','
  {   529,  12,   3,  18,    3,  -12 }, // 0x2D '-'
  {   534,   4,   4,   8,    2,   -3 }, // 0x2E '.'
  {   536,  12,  34,  12,    0,  -30 }, // 0x2F '/'
  {   587,  19,  28,  25,    3,  -27 }, // 0x30 '0'
  {   654,  14,  27,  16,    1,  -26 }, // 0x31 '1'
  {   702,  18,  28,  21,    2,  -27 }, // 0x32 '2'
  {   765,  18,  28,  22,    2,  -27 }, // 0x33 '3'
  {   828,  22,  28,  23,    0,  -27 }, // 0x34 '4'
  {   905,  17,  27,  21,    2,  -26 }, // 0x35 '5'
  {   963,  19,  28,  23,    2,  -27 }, // 0x36 '6'
  {  1030,  18,  27,  20,    1,  -26 }, // 0x37 '7'
  {  1091,  19,  28,  24,    2,  -27 }, // 0x38 '8'
  {  1158,  19,  28,  23,    2,  -27 }, // 0x39 '9'
  {  1225,   4,  18,   8,    2,  -17 }, // 0x3A ':'
  {  1234,   6,  24,   9,    1,  -17 }, // 0x3B ';'
  {  1252,  17,  18,  22,    2,  -22 }, // 0x3C '<'
  {  1291,  18,  10,  22,    2,  -18 }, // 0x3D '='
  {  1314,  17,  16,  22,    3,  -21 }, // 0x3E '>'
  {  1348,  13,  28,  16,    2,  -27 }, // 0x3F '?'
  {  1394,  29,  29,  34,    3,  -24 }, // 0x40 '@'
  {  1500,  28,  27,  28,    0,  -26 }, // 0x41 'A'
  {  1595,  21,  27,  25,    2,  -26 }, // 0x42 'B'
  {  1666,  21,  28,  25,    2,  -27 }, // 0x43 'C'
  {  1740,  24,  27,  28,    2,  -26 }, // 0x44 'D'
  {  1821,  20,  27,  24,    2,  -26 }, // 0x45 'E'
  {  1889,  19,  27,  22,    2,  -26 }, // 0x46 'F'
  {  1954,  26,  28,  29,    2,  -27 }, // 0x47 'G'
  {  2045,  27,  27,  31,    2,  -26 }, // 0x48 'H'
  {  2137,  10,  27,  14,    2,  -26 }, // 0x49 'I'
  {  2171,  13,  33,  13,   -1,  -26 }, // 0x4A 'J'
  {  2225,  25,  27,  28,    2,  -26 }, // 0x4B 'K'
  {  2310,  19,  27,  22,    2,  -26 }, // 0x4C 'L'
  {  2375,  31,  27,  35,    2,  -26 }, // 0x4D 'M'
  {  2480,  28,  27,  31,    2,  -26 }, // 0x4E 'N'
  {  2575,  25,  28,  29,    2,  -27 }, // 0x4F 'O'
  {  2663,  20,  27,  23,    2,  -26 }, // 0x50 'P'
  {  2731,  30,  35,  30,    2,  -27 }, // 0x51 'Q'
  {  2863,  23,  27,  26,    2,  -26 }, // 0x52 'R'
  {  2941,  18,  28,  24,    3,  -27 }, // 0x53 'S'
  {  3004,  21,  27,  23,    1,  -26 }, // 0x54 'T'
  {  3075,  27,  27,  29,    1,  -26 }, // 0x55 'U'
  {  3167,  27,  27,  27,    0,  -26 }, // 0x56 'V'
  {  3259,  40,  27,  40,    0,  -26 }, // 0x57 'W'
  {  3394,  25,  27,  27,    1,  -26 }, // 0x58 'X'
  {  3479,  25,  27,  25,    0,  -26 }, // 0x59 'Y'
  {  3564,  20,  27,  24,    2,  -26 }, // 0x5A 'Z'
  {  3632,   9,  37,  13,    4,  -32 }, // 0x5B '['
  {  3674,  12,  34,  13,    0,  -30 }, // 0x5C '\'
  {  3725,   8,  37,  13,    1,  -32 }, // 0x5D ']'
  {  3762,  17,  13,  21,    2,  -33 }, // 0x5E '^'
  {  3790,  19,   2,  19,    0,    4 }, // 0x5F '_'
  {  3795,   8,   8,  12,    2,  -31 }, // 0x60 '`'
  {  3803,  19,  21,  21,    2,  -20 }, // 0x61 'a'
  {  3853,  21,  30,  23,    0,  -29 }, // 0x62 'b'
  {  3932,  17,  21,  20,    2,  -20 }, // 0x63 'c'
  {  3977,  20,  30,  23,    2,  -29 }, // 0x64 'd'
  {  4052,  18,  21,  21,    2,  -20 }, // 0x65 'e'
  {  4100,  15,  30,  14,    1,  -29 }, // 0x66 'f'
  {  4157,  20,  30,  22,    1,  -20 }, // 0x67 'g'
  {  4232,  23,  30,  24,    1,  -29 }, // 0x68 'h'
  {  4319,  10,  29,  12,    1,  -28 }, // 0x69 'i'
  {  4356,   9,  38,  11,   -2,  -28 }, // 0x6A 'j'
  {  4399,  21,  30,  22,    1,  -29 }, // 0x6B 'k'
  {  4478,   9,  30,  11,    1,  -29 }, // 0x6C 'l'
  {  4512,  36,  21,  37,    1,  -20 }, // 0x6D 'm'
  {  4607,  23,  21,  25,    1,  -20 }, // 0x6E 'n'
  {  4668,  19,  21,  23,    2,  -20 }, // 0x6F 'o'
  {  4718,  20,  30,  23,    1,  -20 }, // 0x70 'p'
  {  4793,  20,  30,  23,    2,  -20 }, // 0x71 'q'
  {  4868,  16,  21,  17,    1,  -20 }, // 0x72 'r'
  {  4910,  15,  21,  19,    2,  -20 }, // 0x73 's'
  {  4950,  13,  26,  14,    1,  -25 }, // 0x74 't'
  {  4993,  22,  21,  24,    1,  -20 }, // 0x75 'u'
  {  5051,  21,  21,  21,    0,  -20 }, // 0x76 'v'
  {  5107,  32,  21,  31,    0,  -20 }, // 0x77 'w'
  {  5191,  21,  21,  22,    0,  -20 }, // 0x78 'x'
  {  5247,  21,  30,  21,    0,  -20 }, // 0x79 'y'
  {  5326,  15,  21,  19,    2,  -20 }, // 0x7A 'z'
  {  5366,  11,  37,  13,    1,  -32 }, // 0x7B '{'
  {  5417,   3,  35,  13,    5,  -30 }, // 0x7C '|'
  {  5431,  11,  37,  13,    1,  -32 }, // 0x7D '}'
  {  5482,  19,   6,  24,    2,  -16 }, // 0x7E '~'
  {  5497,  12,  39,  20,    4,  -29 }, // 0x7F 
  {  5556,  12,  39,  20,    4,  -29 }, // 0x80 
  {  5615,  12,  39,  20,    4,  -29 }, // 0x81 
  {  5674,  12,  39,  20,    4,  -29 }, // 0x82 
  {  5733,  12,  39,  20,    4,  -29 }, // 0x83 
  {  5792,  12,  39,  20,    4,  -29 }, // 0x84 
  {  5851,  12,  39,  20,    4,  -29 }, // 0x85 
  {  5910,  12,  39,  20,    4,  -29 }, // 0x86 
  {  5969,  12,  39,  20,    4,  -29 }, // 0x87 
  {  6028,  12,  39,  20,    4,  -29 }, // 0x88 
  {  6087,  12,  39,  20,    4,  -29 }, // 0x89 
  {  6146,  12,  39,  20,    4,  -29 }, // 0x8A 
  {  6205,  12,  39,  20,    4,  -29 }, // 0x8B 
  {  6264,  12,  39,  20,    4,  -29 }, // 0x8C 
  {  6323,  12,  39,  20,    4,  -29 }, // 0x8D 
  {  6382,  12,  39,  20,    4,  -29 }, // 0x8E 
  {  6441,  12,  39,  20,    4,  -29 }, // 0x8F 
  {  6500,  12,  39,  20,    4,  -29 }, // 0x90 
  {  6559,  12,  39,  20,    4,  -29 }, // 0x91 
  {  6618,  12,  39,  20,    4,  -29 }, // 0x92 
  {  6677,  12,  39,  20,    4,  -29 }, // 0x93 
  {  6736,  12,  39,  20,    4,  -29 }, // 0x94 
  {  6795,  12,  39,  20,    4,  -29 }, // 0x95 
  {  6854,  12,  39,  20,    4,  -29 }, // 0x96 
  {  6913,  12,  39,  20,    4,  -29 }, // 0x97 
  {  6972,  12,  39,  20,    4,  -29 }, // 0x98 
  {  7031,  12,  39,  20,    4,  -29 }, // 0x99 
  {  7090,  12,  39,  20,    4,  -29 }, // 0x9A 
  {  7149,  12,  39,  20,    4,  -29 }, // 0x9B 
  {  7208,  12,  39,  20,    4,  -29 }, // 0x9C 
  {  7267,  12,  39,  20,    4,  -29 }, // 0x9D 
  {  7326,  12,  39,  20,    4,  -29 }, // 0x9E 
  {  7385,  12,  39,  20,    4,  -29 }, // 0x9F 
  {  7444,   1,   1,   8,    0,    0 }, // 0xA0 
  {  7445,   5,  27,  13,    4,  -18 }, // 0xA1 '¡'
  {  7462,  17,  30,  22,    3,  -28 }, // 0xA2 '¢'
  {  7526,  20,  28,  27,    3,  -27 }, // 0xA3 '£'
  {  7596,  18,  17,  26,    4,  -19 }, // 0xA4 '¤'
  {  7635,  24,  27,  28,    2,  -26 }, // 0xA5 '¥'
  {  7716,   3,  35,  13,    5,  -30 }, // 0xA6 '¦'
  {  7730,  15,  35,  22,    4,  -27 }, // 0xA7 '§'
  {  7796,  12,   4,  18,    3,  -28 }, // 0xA8 '¨'
  {  7802,  29,  28,  35,    3,  -27 }, // 0xA9 '©'
  {  7904,  14,  21,  17,    2,  -27 }, // 0xAA 'ª'
  {  7941,  15,  17,  20,    2,  -18 }, // 0xAB '«'
  {  7973,  19,  11,  24,    2,  -14 }, // 0xAC '¬'
  {  8000,  12,  39,  20,    4,  -29 }, // 0xAD '­'
  {  8059,  23,  23,  30,    3,  -28 }, // 0xAE '®'
  {  8126,  11,   3,  17,    3,  -28 }, // 0xAF '¯'
  {  8131,  12,  12,  17,    2,  -28 }, // 0xB0 '°'
  {  8149,  17,  23,  23,    3,  -24 }, // 0xB1 '±'
  {  8198,  11,  17,  14,    1,  -30 }, // 0xB2 '²'
  {  8222,  12,  17,  14,    1,  -30 }, // 0xB3 '³'
  {  8248,   8,   8,  13,    3,  -31 }, // 0xB4 '´'
  {  8256,  23,  30,  26,    1,  -20 }, // 0xB5 'µ'
  {  8343,  19,  34,  23,    2,  -26 }, // 0xB6 '¶'
  {  8424,   4,   4,   8,    2,  -14 }, // 0xB7 '·'
  {  8426,   9,   9,  13,    2,    1 }, // 0xB8 '¸'
  {  8437,   9,  17,  11,    1,  -30 }, // 0xB9 '¹'
  {  8457,  15,  21,  19,    2,  -27 }, // 0xBA 'º'
  {  8497,  15,  17,  20,    2,  -18 }, // 0xBB '»'
  {  8529,  30,  28,  33,    1,  -27 }, // 0xBC '¼'
  {  8634,  29,  28,  34,    2,  -27 }, // 0xBD '½'
  {  8736,  32,  28,  34,    1,  -27 }, // 0xBE '¾'
  {  8848,  13,  28,  16,    1,  -20 }, // 0xBF '¿'
  {  8894,  28,  36,  28,    0,  -35 }, // 0xC0 'À'
  {  9020,  28,  36,  28,    0,  -35 }, // 0xC1 'Á'
  {  9146,  28,  35,  28,    0,  -34 }, // 0xC2 'Â'
  {  9269,  28,  34,  28,    0,  -33 }, // 0xC3 'Ã'
  {  9388,  28,  34,  28,    0,  -33 }, // 0xC4 'Ä'
  {  9507,  28,  36,  28,    0,  -35 }, // 0xC5 'Å'
  {  9633,  34,  27,  37,    0,  -26 }, // 0xC6 'Æ'
  {  9748,  21,  37,  25,    2,  -27 }, // 0xC7 'Ç'
  {  9846,  20,  36,  24,    2,  -35 }, // 0xC8 'È'
  {  9936,  20,  36,  24,    2,  -35 }, // 0xC9 'É'
  { 10026,  20,  35,  24,    2,  -34 }, // 0xCA 'Ê'
  { 10114,  20,  34,  24,    2,  -33 }, // 0xCB 'Ë'
  { 10199,  10,  36,  14,    2,  -35 }, // 0xCC 'Ì'
  { 10244,  10,  36,  14,    2,  -35 }, // 0xCD 'Í'
  { 10289,  13,  35,  14,    0,  -34 }, // 0xCE 'Î'
  { 10346,  12,  34,  14,    1,  -33 }, // 0xCF 'Ï'
  { 10397,  24,  27,  28,    2,  -26 }, // 0xD0 'Ð'
  { 10478,  28,  34,  31,    2,  -33 }, // 0xD1 'Ñ'
  { 10597,  25,  36,  29,    2,  -35 }, // 0xD2 'Ò'
  { 10710,  25,  36,  29,    2,  -35 }, // 0xD3 'Ó'
  { 10823,  25,  35,  29,    2,  -34 }, // 0xD4 'Ô'
  { 10933,  25,  34,  29,    2,  -33 }, // 0xD5 'Õ'
  { 11040,  25,  34,  29,    2,  -33 }, // 0xD6 'Ö'
  { 11147,  16,  15,  20,    2,  -20 }, // 0xD7 '×'
  { 11177,  25,  33,  29,    2,  -29 }, // 0xD8 'Ø'
  { 11281,  27,  36,  29,    1,  -35 }, // 0xD9 'Ù'
  { 11403,  27,  36,  29,    1,  -35 }, // 0xDA 'Ú'
  { 11525,  27,  35,  29,    1,  -34 }, // 0xDB 'Û'
  { 11644,  27,  34,  29,    1,  -33 }, // 0xDC 'Ü'
  { 11759,  25,  36,  25,    0,  -35 }, // 0xDD 'Ý'
  { 11872,  19,  27,  23,    2,  -26 }, // 0xDE 'Þ'
  { 11937,  24,  30,  26,    1,  -29 }, // 0xDF 'ß'
  { 12027,  19,  32,  21,    2,  -31 }, // 0xE0 'à'
  { 12103,  19,  32,  21,    2,  -31 }, // 0xE1 'á'
  { 12179,  19,  31,  21,    2,  -30 }, // 0xE2 'â'
  { 12253,  19,  30,  21,    2,  -29 }, // 0xE3 'ã'
  { 12325,  19,  29,  21,    2,  -28 }, // 0xE4 'ä'
  { 12394,  19,  32,  21,    2,  -31 }, // 0xE5 'å'
  { 12470,  30,  21,  34,    2,  -20 }, // 0xE6 'æ'
  { 12549,  17,  30,  20,    2,  -20 }, // 0xE7 'ç'
  { 12613,  18,  32,  21,    2,  -31 }, // 0xE8 'è'
  { 12685,  18,  32,  21,    2,  -31 }, // 0xE9 'é'
  { 12757,  18,  31,  21,    2,  -30 }, // 0xEA 'ê'
  { 12827,  18,  29,  21,    2,  -28 }, // 0xEB 'ë'
  { 12893,  10,  32,  12,    1,  -31 }, // 0xEC 'ì'
  { 12933,  10,  32,  12,    1,  -31 }, // 0xED 'í'
  { 12973,  12,  31,  12,    0,  -30 }, // 0xEE 'î'
  { 13020,  11,  29,  12,    0,  -28 }, // 0xEF 'ï'
  { 13060,  19,  30,  23,    2,  -29 }, // 0xF0 'ð'
  { 13132,  23,  30,  25,    1,  -29 }, // 0xF1 'ñ'
  { 13219,  19,  32,  23,    2,  -31 }, // 0xF2 'ò'
  { 13295,  19,  32,  23,    2,  -31 }, // 0xF3 'ó'
  { 13371,  19,  31,  23,    2,  -30 }, // 0xF4 'ô'
  { 13445,  19,  30,  23,    2,  -29 }, // 0xF5 'õ'
  { 13517,  19,  29,  23,    2,  -28 }, // 0xF6 'ö'
  { 13586,  18,  18,  22,    2,  -22 }, // 0xF7 '÷'
  { 13627,  19,  27,  23,    2,  -23 }, // 0xF8 'ø'
  { 13692,  22,  32,  24,    1,  -31 }, // 0xF9 'ù'
  { 13780,  22,  32,  24,    1,  -31 }, // 0xFA 'ú'
  { 13868,  22,  31,  24,    1,  -30 }, // 0xFB 'û'
  { 13954,  22,  29,  24,    1,  -28 }, // 0xFC 'ü'
  { 14034,  21,  41,  21,    0,  -31 }, // 0xFD 'ý'
  { 14142,  21,  39,  23,    0,  -29 }, // 0xFE 'þ'
  { 14245,  21,  38,  21,    0,  -28 } }; // 0xFF 'ÿ'

const GFXfont Bitter_20pt8b PROGMEM = {
  (uint8_t  *)Bitter_20pt8bBitmaps,
  (GFXglyph *)Bitter_20pt8bGlyphs,
  0x20, 0xFF, 47 };

// Approx. 15920 bytes
