const uint8_t Bitter_22pt8bBitmaps[] PROGMEM = {
  0x00, 0xFF, 0xFF, 0xFF, 0xFF, 0x77, 0x77, 0x77, 0x77, 0x77, 0x77, 0x00,
  0x00, 0x00, 0xFF, 0xFF, 0xF1, 0xFC, 0x7F, 0x1D, 0x87, 0x61, 0xD8, 0x76,
  0x1D, 0x87, 0x61, 0xD8, 0x70, 0x00, 0xE0, 0x38, 0x00, 0x60, 0x1C, 0x00,
  0x70, 0x0E, 0x00, 0x38, 0x07, 0x00, 0x1C, 0x03, 0x80, 0x0E, 0x01, 0x80,
  0x07, 0x01, 0xC0, 0x03, 0x80, 0xE0, 0x3F, 0xFF, 0xFF, 0x9F, 0xFF, 0xFF,
  0xC0, 0xE0, 0x1C, 0x00, 0x70, 0x0E, 0x00, 0x38, 0x06, 0x00, 0x1C, 0x07,
  0x00, 0x0E, 0x03, 0x80, 0x07, 0x01, 0xC0, 0x07, 0x00, 0xE0, 0x03, 0x80,
  0x70, 0x01, 0xC0, 0x38, 0x1F, 0xFF, 0xFF, 0xCF, 0xFF, 0xFF, 0xE7, 0xFF,
  0xFF, 0xF0, 0x1C, 0x07, 0x00, 0x1C, 0x03, 0x80, 0x0E, 0x01, 0xC0, 0x07,
  0x00, 0xE0, 0x03, 0x80, 0x60, 0x01, 0xC0, 0x70, 0x00, 0xE0, 0x38, 0x00,
  0x70, 0x1C, 0x00, 0x00, 0xE0, 0x00, 0x1C, 0x00, 0x03, 0x80, 0x00, 0x70,
  0x00, 0x0E, 0x00, 0x01, 0xC0, 0x00, 0x7F, 0x00, 0x7F, 0xFE, 0x3F, 0xFF,
  0xEF, 0x80, 0x3D, 0xE0, 0x03, 0xF8, 0x00, 0x6F, 0x00, 0x0D, 0xC0, 0x01,
  0xBC, 0x00, 0x37, 0x80, 0x00, 0xF8, 0x00, 0x0F, 0x80, 0x00, 0xFC, 0x00,
  0x0F, 0xF8, 0x00, 0xFF, 0xC0, 0x03, 0xFE, 0x00, 0x0F, 0xE0, 0x00, 0x3E,
  0x00, 0x03, 0xE0, 0x00, 0x3C, 0x00, 0x03, 0xE0, 0x00, 0x7C, 0x00, 0x0F,
  0x80, 0x01, 0xF0, 0x00, 0x7F, 0x00, 0x1E, 0xF0, 0x0F, 0xDF, 0xFF, 0xF1,
  0xFF, 0xF8, 0x03, 0xF8, 0x00, 0x0E, 0x00, 0x01, 0xC0, 0x00, 0x38, 0x00,
  0x07, 0x00, 0x00, 0xE0, 0x00, 0x1C, 0x00, 0x1F, 0xE0, 0x01, 0xE0, 0x7F,
  0xE0, 0x03, 0x81, 0xC0, 0xE0, 0x0E, 0x07, 0x01, 0xC0, 0x38, 0x0E, 0x01,
  0x80, 0x70, 0x18, 0x03, 0x81, 0xC0, 0x30, 0x07, 0x07, 0x00, 0x60, 0x0E,
  0x0E, 0x00, 0xC0, 0x1C, 0x38, 0x01, 0x80, 0x30, 0xE0, 0x03, 0x80, 0xE1,
  0xC0, 0x07, 0x01, 0xC7, 0x00, 0x07, 0x87, 0x1C, 0x00, 0x07, 0xFC, 0x38,
  0x00, 0x03, 0xE0, 0xE0, 0x00, 0x00, 0x03, 0x83, 0xF0, 0x00, 0x07, 0x1F,
  0xF8, 0x00, 0x1C, 0x78, 0x70, 0x00, 0x70, 0xC0, 0x70, 0x00, 0xE3, 0x80,
  0x60, 0x03, 0x87, 0x00, 0xE0, 0x0E, 0x0C, 0x01, 0xC0, 0x1C, 0x18, 0x03,
  0x80, 0x70, 0x30, 0x07, 0x00, 0xC0, 0x60, 0x0E, 0x03, 0x80, 0xE0, 0x18,
  0x0E, 0x01, 0xC0, 0x70, 0x1C, 0x01, 0xC1, 0xC0, 0x70, 0x03, 0xFF, 0x81,
  0xC0, 0x01, 0xFC, 0x00, 0x07, 0xFF, 0x80, 0x1F, 0xFF, 0xE0, 0x3F, 0x03,
  0xE0, 0x7C, 0x00, 0xE0, 0x78, 0x00, 0xE0, 0x70, 0x00, 0xE0, 0x70, 0x00,
  0xE0, 0x70, 0x00, 0x00, 0x70, 0x00, 0x00, 0x70, 0x00, 0x00, 0x78, 0x00,
  0x00, 0x3C, 0x00, 0x00, 0x1F, 0x80, 0x00, 0x07, 0xFF, 0xFF, 0x07, 0xFF,
  0xFF, 0x1F, 0x80, 0x70, 0x3C, 0x00, 0x70, 0x78, 0x00, 0x70, 0xF0, 0x00,
  0x70, 0xF0, 0x00, 0x70, 0xE0, 0x00, 0x70, 0xE0, 0x00, 0x70, 0xE0, 0x00,
  0x70, 0xF0, 0x00, 0x70, 0xF0, 0x00, 0xF0, 0xF8, 0x00, 0xE0, 0x7C, 0x03,
  0xE0, 0x3F, 0xDF, 0xC0, 0x1F, 0xFF, 0x80, 0x07, 0xFE, 0x00, 0xFF, 0xF6,
  0x66, 0x66, 0x66, 0x00, 0xC0, 0x3C, 0x0E, 0x03, 0xC0, 0x70, 0x1E, 0x03,
  0x80, 0xF0, 0x1C, 0x07, 0x80, 0xE0, 0x1C, 0x03, 0x80, 0xF0, 0x1C, 0x03,
  0x80, 0x70, 0x0E, 0x03, 0xC0, 0x78, 0x0F, 0x01, 0xE0, 0x3C, 0x07, 0x80,
  0x70, 0x0E, 0x01, 0xC0, 0x38, 0x07, 0x80, 0x70, 0x0E, 0x01, 0xE0, 0x1C,
  0x03, 0x80, 0x78, 0x07, 0x00, 0xF0, 0x0E, 0x00, 0xE0, 0x1E, 0x01, 0xE0,
  0x10, 0x60, 0x38, 0x07, 0x01, 0xE0, 0x38, 0x07, 0x01, 0xE0, 0x38, 0x0E,
  0x03, 0xC0, 0x70, 0x1C, 0x07, 0x80, 0xE0, 0x38, 0x0E, 0x03, 0xC0, 0xF0,
  0x3C, 0x07, 0x01, 0xC0, 0x70, 0x1C, 0x0F, 0x03, 0xC0, 0xF0, 0x38, 0x0E,
  0x03, 0x81, 0xE0, 0x70, 0x1C, 0x0F, 0x03, 0x80, 0xE0, 0x70, 0x1C, 0x0E,
  0x07, 0x81, 0xC0, 0xE0, 0x18, 0x00, 0x03, 0x00, 0x0C, 0x00, 0x30, 0x00,
  0xC0, 0x63, 0x0F, 0xFD, 0xF3, 0xEF, 0x80, 0xA0, 0x07, 0xC0, 0x3B, 0x00,
  0xC6, 0x06, 0x1C, 0x38, 0x30, 0x00, 0x70, 0x00, 0x07, 0x00, 0x00, 0x70,
  0x00, 0x07, 0x00, 0x00, 0x70, 0x00, 0x07, 0x00, 0x00, 0x70, 0x00, 0x07,
  0x00, 0x00, 0x70, 0x0F, 0xFF, 0xFF, 0xFF, 0xFF, 0xF0, 0x07, 0x00, 0x00,
  0x70, 0x00, 0x07, 0x00, 0x00, 0x70, 0x00, 0x07, 0x00, 0x00, 0x70, 0x00,
  0x07, 0x00, 0x00, 0x70, 0x00, 0x07, 0x00, 0x7B, 0xDE, 0xF3, 0x9C, 0xCC,
  0xE6, 0x00, 0xFF, 0xFF, 0xFF, 0xFF, 0xF0, 0x77, 0xFE, 0xE0, 0x00, 0x1C,
  0x00, 0x60, 0x03, 0x80, 0x0E, 0x00, 0x30, 0x00, 0xC0, 0x07, 0x00, 0x18,
  0x00, 0x60, 0x03, 0x80, 0x0E, 0x00, 0x30, 0x00, 0xC0, 0x07, 0x00, 0x18,
  0x00, 0x60, 0x03, 0x80, 0x0E, 0x00, 0x30, 0x00, 0xC0, 0x07, 0x00, 0x18,
  0x00, 0x60, 0x03, 0x80, 0x0E, 0x00, 0x30, 0x01, 0xC0, 0x07, 0x00, 0x18,
  0x00, 0x60, 0x03, 0x80, 0x0E, 0x00, 0x30, 0x01, 0xC0, 0x07, 0x00, 0x18,
  0x00, 0x60, 0x03, 0x80, 0x00, 0x03, 0xFF, 0x00, 0x1F, 0xFF, 0x01, 0xFC,
  0xFE, 0x07, 0x80, 0x78, 0x3C, 0x00, 0xF1, 0xE0, 0x01, 0xC7, 0x80, 0x07,
  0x9C, 0x00, 0x1E, 0x70, 0x00, 0x3B, 0xC0, 0x00, 0xEF, 0x00, 0x03, 0xFC,
  0x00, 0x0F, 0xF0, 0x00, 0x3F, 0xC0, 0x00, 0xFF, 0x00, 0x03, 0xFC, 0x00,
  0x0F, 0xF0, 0x00, 0x3F, 0xC0, 0x00, 0xFF, 0x00, 0x03, 0xBC, 0x00, 0x0E,
  0xF0, 0x00, 0x3B, 0xC0, 0x01, 0xE7, 0x00, 0x07, 0x9E, 0x00, 0x1C, 0x78,
  0x00, 0xF0, 0xF0, 0x07, 0xC3, 0xE0, 0x3E, 0x07, 0xF3, 0xF0, 0x0F, 0xFF,
  0x80, 0x0F, 0xF8, 0x00, 0x01, 0xE0, 0x07, 0xE0, 0x0F, 0xE0, 0x3F, 0xE0,
  0x7D, 0xE0, 0xF1, 0xE0, 0xC1, 0xE0, 0x01, 0xE0, 0x01, 0xE0, 0x01, 0xE0,
  0x01, 0xE0, 0x01, 0xE0, 0x01, 0xE0, 0x01, 0xE0, 0x01, 0xE0, 0x01, 0xE0,
  0x01, 0xE0, 0x01, 0xE0, 0x01, 0xE0, 0x01, 0xE0, 0x01, 0xE0, 0x01, 0xE0,
  0x01, 0xE0, 0x01, 0xE0, 0x01, 0xE0, 0x01, 0xE0, 0x01, 0xE0, 0x03, 0xF0,
  0x7F, 0xFF, 0x7F, 0xFF, 0x3F, 0xFE, 0x0F, 0xFF, 0xF0, 0xFC, 0x1F, 0x8E,
  0x00, 0x7C, 0xE0, 0x03, 0xCE, 0x00, 0x1E, 0xE0, 0x01, 0xEE, 0x00, 0x1E,
  0x00, 0x01, 0xE0, 0x00, 0x1C, 0x00, 0x03, 0xC0, 0x00, 0x3C, 0x00, 0x07,
  0x80, 0x00, 0x78, 0x00, 0x0F, 0x00, 0x01, 0xE0, 0x00, 0x1E, 0x00, 0x03,
  0xC0, 0x00, 0x78, 0x00, 0x0F, 0x00, 0x01, 0xE0, 0x00, 0x3C, 0x00, 0x07,
  0x80, 0x00, 0xF0, 0x00, 0x3E, 0x00, 0x07, 0xC0, 0x00, 0xF8, 0x00, 0x0F,
  0xFF, 0xFF, 0xFF, 0xFF, 0xFF, 0xFF, 0xFF, 0x1F, 0xFE, 0x07, 0xFF, 0xF8,
  0x7C, 0x0F, 0xC6, 0x00, 0x3C, 0x60, 0x01, 0xE6, 0x00, 0x1E, 0x60, 0x01,
  0xE6, 0x00, 0x1E, 0x00, 0x01, 0xE0, 0x00, 0x1E, 0x00, 0x01, 0xC0, 0x00,
  0x3C, 0x00, 0x0F, 0x80, 0x7F, 0xE0, 0x07, 0xFE, 0x00, 0x7F, 0xF8, 0x00,
  0x07, 0xC0, 0x00, 0x1E, 0x00, 0x01, 0xE0, 0x00, 0x0F, 0x00, 0x00, 0xF0,
  0x00, 0x0F, 0x00, 0x00, 0xF0, 0x00, 0x0F, 0x00, 0x01, 0xE8, 0x00, 0x1E,
  0xE0, 0x07, 0xCF, 0xF7, 0xF8, 0x7F, 0xFF, 0x01, 0xFF, 0xC0, 0x00, 0x02,
  0x00, 0x00, 0x0F, 0x80, 0x00, 0x1F, 0x00, 0x00, 0x7E, 0x00, 0x01, 0xFC,
  0x00, 0x03, 0xB8, 0x00, 0x0E, 0x70, 0x00, 0x3C, 0xE0, 0x00, 0xF1, 0xC0,
  0x01, 0xC3, 0x80, 0x07, 0x87, 0x00, 0x1E, 0x0E, 0x00, 0x38, 0x1C, 0x00,
  0xE0, 0x38, 0x03, 0xC0, 0x70, 0x0F, 0x00, 0xE0, 0x1C, 0x01, 0xC0, 0x78,
  0x03, 0x81, 0xE0, 0x07, 0x03, 0x80, 0x0E, 0x0E, 0x00, 0x1C, 0x1F, 0xFF,
  0xFF, 0xFF, 0xFF, 0xFF, 0x80, 0x00, 0xE0, 0x00, 0x01, 0xC0, 0x00, 0x03,
  0x80, 0x00, 0x07, 0x00, 0x00, 0x0E, 0x00, 0x00, 0x1C, 0x00, 0x00, 0x38,
  0x00, 0x00, 0x70, 0x00, 0x3F, 0xFF, 0xC7, 0xFF, 0xF8, 0xFF, 0xFF, 0x1E,
  0x00, 0x03, 0xC0, 0x00, 0x78, 0x00, 0x0F, 0x00, 0x01, 0xE0, 0x00, 0x3C,
  0x00, 0x07, 0x00, 0x00, 0xE0, 0x00, 0x1C, 0x00, 0x03, 0xFF, 0x00, 0x7F,
  0xFC, 0x0F, 0xFF, 0xC0, 0x00, 0xFC, 0x00, 0x07, 0xC0, 0x00, 0x7C, 0x00,
  0x07, 0x80, 0x00, 0xF0, 0x00, 0x1E, 0x00, 0x03, 0xC0, 0x00, 0x78, 0x00,
  0x0F, 0x00, 0x03, 0xC0, 0x00, 0x79, 0x80, 0x3E, 0x7F, 0xFF, 0x8F, 0xFF,
  0xE0, 0x3F, 0xF0, 0x00, 0x00, 0x7F, 0xC0, 0x1F, 0xFC, 0x07, 0xF8, 0xC0,
  0xF8, 0x00, 0x1F, 0x00, 0x03, 0xC0, 0x00, 0x3C, 0x00, 0x07, 0x80, 0x00,
  0x78, 0x00, 0x07, 0x00, 0x00, 0xF0, 0x00, 0x0F, 0x00, 0x00, 0xF0, 0xFE,
  0x0E, 0x7F, 0xF8, 0xFF, 0xFF, 0xCF, 0xC0, 0x3E, 0xF0, 0x01, 0xFE, 0x00,
  0x0F, 0xE0, 0x00, 0xFE, 0x00, 0x07, 0xE0, 0x00, 0x7F, 0x00, 0x07, 0xF0,
  0x00, 0x7F, 0x00, 0x0F, 0x78, 0x00, 0xF7, 0x80, 0x1E, 0x3E, 0x03, 0xE1,
  0xF9, 0xFC, 0x0F, 0xFF, 0x80, 0x3F, 0xE0, 0xFF, 0xFF, 0xFF, 0xFF, 0xFF,
  0xFF, 0xFF, 0xFE, 0x00, 0x0E, 0xE0, 0x01, 0xEE, 0x00, 0x1E, 0xC0, 0x03,
  0xC0, 0x00, 0x3C, 0x00, 0x03, 0x80, 0x00, 0x78, 0x00, 0x07, 0x00, 0x00,
  0xF0, 0x00, 0x0F, 0x00, 0x01, 0xE0, 0x00, 0x1E, 0x00, 0x01, 0xC0, 0x00,
  0x3C, 0x00, 0x03, 0x80, 0x00, 0x78, 0x00, 0x07, 0x80, 0x00, 0xF0, 0x00,
  0x0F, 0x00, 0x00, 0xE0, 0x00, 0x1E, 0x00, 0x01, 0xE0, 0x00, 0x3C, 0x00,
  0x03, 0xC0, 0x00, 0x78, 0x00, 0x07, 0x80, 0x00, 0xF0, 0x00, 0x07, 0xFE,
  0x01, 0xFF, 0xF8, 0x3F, 0x0F, 0xC7, 0xC0, 0x1E, 0x78, 0x00, 0xE7, 0x00,
  0x0F, 0xF0, 0x00, 0xFF, 0x00, 0x0F, 0xF0, 0x00, 0xF7, 0x00, 0x0E, 0x78,
  0x01, 0xE3, 0xE0, 0x3C, 0x1F, 0x8F, 0x80, 0xFF, 0xE0, 0x03, 0xFC, 0x00,
  0xF3, 0xF0, 0x3C, 0x0F, 0xC7, 0x80, 0x3E, 0x70, 0x01, 0xEF, 0x00, 0x0F,
  0xE0, 0x00, 0xFE, 0x00, 0x07, 0xE0, 0x00, 0x7E, 0x00, 0x0F, 0xF0, 0x00,
  0xFF, 0x00, 0x1E, 0x78, 0x03, 0xC3, 0xF0, 0xFC, 0x1F, 0xFF, 0x00, 0x7F,
  0xC0, 0x07, 0xFE, 0x00, 0xFF, 0xF8, 0x0F, 0xE7, 0xF0, 0x78, 0x07, 0x87,
  0x80, 0x1E, 0x78, 0x00, 0x73, 0xC0, 0x03, 0xDE, 0x00, 0x1E, 0xE0, 0x00,
  0x77, 0x00, 0x03, 0xBC, 0x00, 0x1F, 0xE0, 0x00, 0xFF, 0x00, 0x07, 0xBC,
  0x00, 0x7D, 0xF0, 0x0F, 0xE7, 0xFF, 0xFF, 0x1F, 0xFE, 0x70, 0x1F, 0x83,
  0x80, 0x00, 0x3C, 0x00, 0x01, 0xE0, 0x00, 0x0F, 0x00, 0x00, 0x70, 0x00,
  0x07, 0x80, 0x00, 0x78, 0x00, 0x03, 0xC0, 0x00, 0x3C, 0x00, 0x07, 0xC0,
  0x73, 0xFC, 0x03, 0xFF, 0xC0, 0x1F, 0xF8, 0x00, 0x77, 0xFE, 0xE0, 0x00,
  0x00, 0x00, 0x00, 0x00, 0x00, 0x00, 0x77, 0xFE, 0xE0, 0x3C, 0xF3, 0xCF,
  0x00, 0x00, 0x00, 0x00, 0x00, 0x00, 0x00, 0x00, 0x00, 0x39, 0xF7, 0xCF,
  0x38, 0xE3, 0x9C, 0x63, 0x00, 0x00, 0x00, 0x60, 0x00, 0x3C, 0x00, 0x1F,
  0x80, 0x0F, 0xC0, 0x07, 0xE0, 0x03, 0xF0, 0x01, 0xF8, 0x00, 0xF8, 0x00,
  0xFC, 0x00, 0x1E, 0x00, 0x03, 0xE0, 0x00, 0x3F, 0x00, 0x01, 0xFC, 0x00,
  0x0F, 0xE0, 0x00, 0x3F, 0x00, 0x01, 0xF8, 0x00, 0x0F, 0xC0, 0x00, 0x7C,
  0x00, 0x03, 0x80, 0xFF, 0xFF, 0xFF, 0xFF, 0xFF, 0x00, 0x00, 0x00, 0x00,
  0x00, 0x00, 0x00, 0x00, 0x00, 0x00, 0x00, 0x00, 0x00, 0x00, 0x00, 0xFF,
  0xFF, 0xFF, 0xFF, 0xFF, 0x60, 0x00, 0x1F, 0x00, 0x03, 0xF8, 0x00, 0x1F,
  0xE0, 0x00, 0x7F, 0x00, 0x03, 0xFC, 0x00, 0x0F, 0xE0, 0x00, 0x7F, 0x00,
  0x01, 0xE0, 0x00, 0xFC, 0x00, 0x7E, 0x00, 0x7F, 0x00, 0x3F, 0x00, 0x1F,
  0x80, 0x1F, 0xC0, 0x07, 0xC0, 0x00, 0xE0, 0x00, 0x10, 0x00, 0x00, 0x02,
  0x01, 0xFF, 0x8F, 0xFF, 0xB8, 0x3E, 0x00, 0x3C, 0x00, 0xF0, 0x01, 0xC0,
  0x0F, 0x00, 0x3C, 0x00, 0xE0, 0x07, 0x80, 0x3C, 0x01, 0xE0, 0x0F, 0x00,
  0x78, 0x03, 0xC0, 0x1E, 0x00, 0x70, 0x01, 0xC0, 0x07, 0x00, 0x1C, 0x00,
  0x00, 0x00, 0x00, 0x00, 0x00, 0x00, 0x00, 0x00, 0x00, 0x00, 0x07, 0x80,
  0x1E, 0x00, 0x78, 0x01, 0xE0, 0x00, 0x00, 0x0F, 0xF0, 0x00, 0x00, 0x7F,
  0xFF, 0x00, 0x01, 0xFE, 0x7F, 0x80, 0x03, 0xC0, 0x03, 0xE0, 0x07, 0x80,
  0x00, 0xF0, 0x0E, 0x00, 0x00, 0x78, 0x1C, 0x00, 0x00, 0x38, 0x3C, 0x01,
  0xC0, 0x1C, 0x38, 0x1F, 0xF0, 0x1E, 0x70, 0x3E, 0xF8, 0x0E, 0x70, 0x20,
  0x1C, 0x0E, 0x70, 0x00, 0x1C, 0x0E, 0x60, 0x00, 0x1C, 0x07, 0xE0, 0x00,
  0x1C, 0x07, 0xE0, 0x00, 0x1C, 0x07, 0xE0, 0x0F, 0xFC, 0x07, 0xE0, 0x3F,
  0xFC, 0x07, 0xE0, 0x78, 0x1C, 0x07, 0xE0, 0x70, 0x1C, 0x07, 0xE0, 0x70,
  0x1C, 0x06, 0xE0, 0x70, 0x1C, 0x0E, 0x70, 0x70, 0x3C, 0x0E, 0x70, 0x78,
  0x6E, 0x1C, 0x70, 0x3F, 0xCF, 0xF8, 0x38, 0x1F, 0x03, 0xF0, 0x38, 0x00,
  0x00, 0x00, 0x1C, 0x00, 0x00, 0x00, 0x1E, 0x00, 0x00, 0x00, 0x0F, 0x00,
  0x00, 0x00, 0x07, 0xC0, 0x0C, 0x00, 0x01, 0xFF, 0xFC, 0x00, 0x00, 0xFF,
  0xF8, 0x00, 0x00, 0x07, 0x00, 0x00, 0x00, 0x03, 0xC0, 0x00, 0x00, 0x1F,
  0x00, 0x00, 0x00, 0x7C, 0x00, 0x00, 0x03, 0xF8, 0x00, 0x00, 0x0E, 0xE0,
  0x00, 0x00, 0x3B, 0x80, 0x00, 0x01, 0xCF, 0x00, 0x00, 0x07, 0x1C, 0x00,
  0x00, 0x18, 0x70, 0x00, 0x00, 0xE1, 0xE0, 0x00, 0x03, 0x83, 0x80, 0x00,
  0x1C, 0x0E, 0x00, 0x00, 0x70, 0x3C, 0x00, 0x01, 0xC0, 0x70, 0x00, 0x0E,
  0x01, 0xC0, 0x00, 0x38, 0x07, 0x80, 0x00, 0xE0, 0x0E, 0x00, 0x07, 0x00,
  0x3C, 0x00, 0x1C, 0x00, 0xF0, 0x00, 0xFF, 0xFF, 0xC0, 0x03, 0xFF, 0xFF,
  0x80, 0x0F, 0xFF, 0xFE, 0x00, 0x78, 0x00, 0x78, 0x01, 0xC0, 0x00, 0xF0,
  0x07, 0x00, 0x03, 0xC0, 0x38, 0x00, 0x0F, 0x00, 0xE0, 0x00, 0x1E, 0x07,
  0x80, 0x00, 0xF8, 0xFF, 0xE0, 0x1F, 0xFF, 0xFF, 0x80, 0x7F, 0xF0, 0xFF,
  0xFF, 0x81, 0xFF, 0xFF, 0xC0, 0x7F, 0xFF, 0xC0, 0x70, 0x07, 0xC0, 0xE0,
  0x07, 0x81, 0xC0, 0x07, 0x83, 0x80, 0x0F, 0x07, 0x00, 0x1E, 0x0E, 0x00,
  0x3C, 0x1C, 0x00, 0x78, 0x38, 0x00, 0xE0, 0x70, 0x03, 0xC0, 0xE0, 0x1F,
  0x01, 0xFF, 0xF8, 0x03, 0xFF, 0xC0, 0x07, 0xFF, 0xF0, 0x0E, 0x00, 0xF8,
  0x1C, 0x00, 0x78, 0x38, 0x00, 0x70, 0x70, 0x00, 0xF0, 0xE0, 0x01, 0xE1,
  0xC0, 0x03, 0xC3, 0x80, 0x07, 0x87, 0x00, 0x0F, 0x0E, 0x00, 0x1E, 0x1C,
  0x00, 0x78, 0x38, 0x01, 0xF0, 0xFF, 0xFF, 0xCF, 0xFF, 0xFE, 0x1F, 0xFF,
  0xF0, 0x00, 0x00, 0xFF, 0xE0, 0x07, 0xFF, 0xF8, 0x3F, 0xCF, 0xF0, 0xFC,
  0x00, 0xE1, 0xE0, 0x01, 0xC7, 0x80, 0x03, 0x9E, 0x00, 0x03, 0x3C, 0x00,
  0x06, 0x70, 0x00, 0x01, 0xE0, 0x00, 0x03, 0xC0, 0x00, 0x07, 0x80, 0x00,
  0x0F, 0x00, 0x00, 0x1C, 0x00, 0x00, 0x38, 0x00, 0x00, 0x70, 0x00, 0x00,
  0xE0, 0x00, 0x01, 0xE0, 0x00, 0x03, 0xC0, 0x00, 0x07, 0x80, 0x00, 0x0F,
  0x00, 0x00, 0x1F, 0x00, 0x00, 0x1E, 0x00, 0x00, 0x3E, 0x00, 0x00, 0x3C,
  0x00, 0x04, 0x7C, 0x00, 0x3C, 0x7E, 0x01, 0xF0, 0x7F, 0xFF, 0xC0, 0x3F,
  0xFE, 0x00, 0x3F, 0xF0, 0x00, 0xFF, 0xFF, 0x80, 0x3F, 0xFF, 0xFC, 0x01,
  0xFF, 0xFF, 0x80, 0x38, 0x01, 0xF8, 0x0E, 0x00, 0x1E, 0x03, 0x80, 0x03,
  0xC0, 0xE0, 0x00, 0x78, 0x38, 0x00, 0x1E, 0x0E, 0x00, 0x03, 0xC3, 0x80,
  0x00, 0xF0, 0xE0, 0x00, 0x3C, 0x38, 0x00, 0x0F, 0x0E, 0x00, 0x03, 0xC3,
  0x80, 0x00, 0x70, 0xE0, 0x00, 0x1C, 0x38, 0x00, 0x07, 0x0E, 0x00, 0x01,
  0xC3, 0x80, 0x00, 0xF0, 0xE0, 0x00, 0x3C, 0x38, 0x00, 0x0F, 0x0E, 0x00,
  0x03, 0xC3, 0x80, 0x01, 0xE0, 0xE0, 0x00, 0x78, 0x38, 0x00, 0x3C, 0x0E,
  0x00, 0x0F, 0x03, 0x80, 0x0F, 0x80, 0xE0, 0x07, 0xC0, 0x7F, 0xFF, 0xE0,
  0xFF, 0xFF, 0xE0, 0x3F, 0xFF, 0xC0, 0x00, 0xFF, 0xFF, 0xFB, 0xFF, 0xFF,
  0xE1, 0xFF, 0xFF, 0x83, 0x80, 0x06, 0x0E, 0x00, 0x18, 0x38, 0x00, 0x60,
  0xE0, 0x01, 0x83, 0x80, 0x00, 0x0E, 0x00, 0x00, 0x38, 0x00, 0x00, 0xE0,
  0x00, 0x03, 0x80, 0x00, 0x0E, 0x00, 0x00, 0x3F, 0xFF, 0x00, 0xFF, 0xFC,
  0x03, 0xFF, 0xF0, 0x0E, 0x00, 0x00, 0x38, 0x00, 0x00, 0xE0, 0x00, 0x03,
  0x80, 0x00, 0x0E, 0x00, 0x00, 0x38, 0x00, 0x00, 0xE0, 0x00, 0x03, 0x80,
  0x03, 0x0E, 0x00, 0x1C, 0x38, 0x00, 0x70, 0xE0, 0x01, 0xC7, 0xFF, 0xFF,
  0xFF, 0xFF, 0xFF, 0xFF, 0xFF, 0xF0, 0xFF, 0xFF, 0xFF, 0xFF, 0xFF, 0xC7,
  0xFF, 0xFE, 0x1C, 0x00, 0x70, 0xE0, 0x03, 0x87, 0x00, 0x0C, 0x38, 0x00,
  0x61, 0xC0, 0x00, 0x0E, 0x00, 0x00, 0x70, 0x00, 0x03, 0x80, 0x00, 0x1C,
  0x00, 0x00, 0xE0, 0x00, 0x07, 0x00, 0x00, 0x3F, 0xFF, 0x01, 0xFF, 0xF8,
  0x0E, 0x00, 0x00, 0x70, 0x00, 0x03, 0x80, 0x00, 0x1C, 0x00, 0x00, 0xE0,
  0x00, 0x07, 0x00, 0x00, 0x38, 0x00, 0x01, 0xC0, 0x00, 0x0E, 0x00, 0x00,
  0x70, 0x00, 0x03, 0x80, 0x00, 0x3E, 0x00, 0x0F, 0xFF, 0x00, 0x7F, 0xF8,
  0x00, 0x00, 0xFF, 0xF0, 0x00, 0x7F, 0xFF, 0xC0, 0x1F, 0xE7, 0xFC, 0x07,
  0xC0, 0x07, 0x81, 0xE0, 0x00, 0x70, 0x78, 0x00, 0x0E, 0x1F, 0x00, 0x01,
  0xC3, 0xC0, 0x00, 0x38, 0x78, 0x00, 0x00, 0x1E, 0x00, 0x00, 0x03, 0xC0,
  0x00, 0x00, 0x78, 0x00, 0x00, 0x0F, 0x00, 0x00, 0x01, 0xC0, 0x00, 0x00,
  0x38, 0x00, 0x00, 0x07, 0x00, 0x00, 0x00, 0xE0, 0x00, 0x7F, 0xFC, 0x00,
  0x0F, 0xFF, 0xC0, 0x00, 0x3C, 0x78, 0x00, 0x07, 0x8F, 0x00, 0x00, 0xF1,
  0xE0, 0x00, 0x1E, 0x1E, 0x00, 0x03, 0xC3, 0xC0, 0x00, 0x78, 0x3C, 0x00,
  0x0F, 0x07, 0xC0, 0x01, 0xE0, 0x7E, 0x00, 0x3C, 0x07, 0xFD, 0xFF, 0x80,
  0x3F, 0xFF, 0xE0, 0x01, 0xFF, 0xC0, 0x00, 0xFF, 0xE0, 0x1F, 0xFF, 0xFF,
  0x80, 0x7F, 0xF1, 0xF0, 0x00, 0x3E, 0x03, 0x80, 0x00, 0x70, 0x0E, 0x00,
  0x01, 0xC0, 0x38, 0x00, 0x07, 0x00, 0xE0, 0x00, 0x1C, 0x03, 0x80, 0x00,
  0x70, 0x0E, 0x00, 0x01, 0xC0, 0x38, 0x00, 0x07, 0x00, 0xE0, 0x00, 0x1C,
  0x03, 0x80, 0x00, 0x70, 0x0E, 0x00, 0x01, 0xC0, 0x3F, 0xFF, 0xFF, 0x00,
  0xFF, 0xFF, 0xFC, 0x03, 0xFF, 0xFF, 0xF0, 0x0E, 0x00, 0x01, 0xC0, 0x38,
  0x00, 0x07, 0x00, 0xE0, 0x00, 0x1C, 0x03, 0x80, 0x00, 0x70, 0x0E, 0x00,
  0x01, 0xC0, 0x38, 0x00, 0x07, 0x00, 0xE0, 0x00, 0x1C, 0x03, 0x80, 0x00,
  0x70, 0x0E, 0x00, 0x01, 0xC0, 0x38, 0x00, 0x07, 0x00, 0xE0, 0x00, 0x1C,
  0x07, 0xC0, 0x00, 0xF8, 0xFF, 0xE0, 0x1F, 0xFF, 0xFF, 0x80, 0x7F, 0xF0,
  0xFF, 0xFF, 0xFC, 0x7C, 0x07, 0x00, 0xE0, 0x1C, 0x03, 0x80, 0x70, 0x0E,
  0x01, 0xC0, 0x38, 0x07, 0x00, 0xE0, 0x1C, 0x03, 0x80, 0x70, 0x0E, 0x01,
  0xC0, 0x38, 0x07, 0x00, 0xE0, 0x1C, 0x03, 0x80, 0x70, 0x0E, 0x01, 0xC0,
  0x38, 0x0F, 0x8F, 0xFF, 0xFF, 0xC0, 0x3F, 0xFC, 0xFF, 0xF0, 0x3E, 0x00,
  0xF0, 0x03, 0xC0, 0x0F, 0x00, 0x3C, 0x00, 0xF0, 0x03, 0xC0, 0x0F, 0x00,
  0x3C, 0x00, 0xF0, 0x03, 0xC0, 0x0F, 0x00, 0x3C, 0x00, 0xF0, 0x03, 0xC0,
  0x0F, 0x00, 0x3C, 0x00, 0xF0, 0x03, 0xC0, 0x0F, 0x00, 0x3C, 0x00, 0xF0,
  0x03, 0xC0, 0x0F, 0x00, 0x3C, 0x00, 0xF0, 0x03, 0xC0, 0x0F, 0x00, 0x3C,
  0x00, 0xE0, 0x07, 0x82, 0xFE, 0x0F, 0xF0, 0x3F, 0x00, 0xFF, 0xE0, 0xFF,
  0xCF, 0xFE, 0x0F, 0xFC, 0x1F, 0x00, 0x1E, 0x00, 0xE0, 0x01, 0xC0, 0x0E,
  0x00, 0x38, 0x00, 0xE0, 0x07, 0x80, 0x0E, 0x00, 0x70, 0x00, 0xE0, 0x0F,
  0x00, 0x0E, 0x00, 0xE0, 0x00, 0xE0, 0x1C, 0x00, 0x0E, 0x03, 0xC0, 0x00,
  0xE0, 0x38, 0x00, 0x0E, 0x07, 0x00, 0x00, 0xFF, 0xF0, 0x00, 0x0F, 0xFE,
  0x00, 0x00, 0xFF, 0xF0, 0x00, 0x0E, 0x07, 0x80, 0x00, 0xE0, 0x3C, 0x00,
  0x0E, 0x03, 0xC0, 0x00, 0xE0, 0x1E, 0x00, 0x0E, 0x00, 0xF0, 0x00, 0xE0,
  0x0F, 0x00, 0x0E, 0x00, 0x78, 0x00, 0xE0, 0x03, 0xC0, 0x0E, 0x00, 0x3C,
  0x00, 0xE0, 0x01, 0xE0, 0x0E, 0x00, 0x0F, 0x01, 0xF0, 0x00, 0xF8, 0xFF,
  0xE0, 0x7F, 0xFF, 0xFE, 0x07, 0xFF, 0xFF, 0xF0, 0x07, 0xFF, 0x80, 0x07,
  0xC0, 0x00, 0x1C, 0x00, 0x00, 0xE0, 0x00, 0x07, 0x00, 0x00, 0x38, 0x00,
  0x01, 0xC0, 0x00, 0x0E, 0x00, 0x00, 0x70, 0x00, 0x03, 0x80, 0x00, 0x1C,
  0x00, 0x00, 0xE0, 0x00, 0x07, 0x00, 0x00, 0x38, 0x00, 0x01, 0xC0, 0x00,
  0x0E, 0x00, 0x00, 0x70, 0x00, 0x03, 0x80, 0x00, 0x1C, 0x00, 0x00, 0xE0,
  0x00, 0x07, 0x00, 0x00, 0x38, 0x00, 0xE1, 0xC0, 0x07, 0x0E, 0x00, 0x38,
  0x70, 0x01, 0xC3, 0x80, 0x0E, 0x3F, 0xFF, 0xFF, 0xFF, 0xFF, 0xFF, 0xFF,
  0xFC, 0xFF, 0x00, 0x00, 0x3F, 0xFF, 0xE0, 0x00, 0x0F, 0xF1, 0xF8, 0x00,
  0x07, 0xE0, 0x3F, 0x00, 0x01, 0xF8, 0x0F, 0xC0, 0x00, 0xFE, 0x03, 0xF8,
  0x00, 0x3F, 0x80, 0xEE, 0x00, 0x1D, 0xE0, 0x3B, 0xC0, 0x07, 0x78, 0x0E,
  0x70, 0x03, 0x9E, 0x03, 0x9E, 0x00, 0xE7, 0x80, 0xE3, 0x80, 0x71, 0xE0,
  0x38, 0xF0, 0x1C, 0x78, 0x0E, 0x1C, 0x0E, 0x1E, 0x03, 0x87, 0x83, 0x87,
  0x80, 0xE0, 0xE1, 0xC1, 0xE0, 0x38, 0x3C, 0x70, 0x78, 0x0E, 0x07, 0x38,
  0x1E, 0x03, 0x81, 0xEE, 0x07, 0x80, 0xE0, 0x3F, 0x01, 0xE0, 0x38, 0x0F,
  0xC0, 0x78, 0x0E, 0x01, 0xE0, 0x1E, 0x03, 0x80, 0x70, 0x07, 0x80, 0xE0,
  0x00, 0x01, 0xE0, 0x38, 0x00, 0x00, 0x78, 0x0E, 0x00, 0x00, 0x1E, 0x03,
  0x80, 0x00, 0x07, 0x80, 0xE0, 0x00, 0x01, 0xE0, 0x78, 0x00, 0x00, 0x78,
  0xFF, 0xE0, 0x00, 0xFF, 0xFF, 0xF8, 0x00, 0x3F, 0xF0, 0xFF, 0x00, 0x0F,
  0xFF, 0xFF, 0x00, 0x1F, 0xFC, 0x7F, 0x00, 0x07, 0x80, 0x7E, 0x00, 0x07,
  0x00, 0xFE, 0x00, 0x0E, 0x01, 0xFE, 0x00, 0x1C, 0x03, 0xBC, 0x00, 0x38,
  0x07, 0x3C, 0x00, 0x70, 0x0E, 0x78, 0x00, 0xE0, 0x1C, 0x78, 0x01, 0xC0,
  0x38, 0x78, 0x03, 0x80, 0x70, 0xF0, 0x07, 0x00, 0xE0, 0xF0, 0x0E, 0x01,
  0xC1, 0xF0, 0x1C, 0x03, 0x81, 0xE0, 0x38, 0x07, 0x01, 0xE0, 0x70, 0x0E,
  0x03, 0xC0, 0xE0, 0x1C, 0x03, 0xC1, 0xC0, 0x38, 0x03, 0xC3, 0x80, 0x70,
  0x07, 0x87, 0x00, 0xE0, 0x07, 0x8E, 0x01, 0xC0, 0x07, 0x9C, 0x03, 0x80,
  0x0F, 0x38, 0x07, 0x00, 0x0F, 0x70, 0x0E, 0x00, 0x1F, 0xE0, 0x1C, 0x00,
  0x1F, 0xC0, 0x38, 0x00, 0x1F, 0x80, 0xF0, 0x00, 0x3F, 0x0F, 0xFE, 0x00,
  0x3E, 0x1F, 0xFC, 0x00, 0x3C, 0x00, 0x00, 0xFF, 0xE0, 0x00, 0x7F, 0xFF,
  0x00, 0x1F, 0xCF, 0xF0, 0x07, 0xC0, 0x1F, 0x01, 0xE0, 0x01, 0xF0, 0x78,
  0x00, 0x1E, 0x1E, 0x00, 0x01, 0xE3, 0xC0, 0x00, 0x3C, 0x70, 0x00, 0x03,
  0xDE, 0x00, 0x00, 0x7B, 0xC0, 0x00, 0x0F, 0x78, 0x00, 0x01, 0xEE, 0x00,
  0x00, 0x1D, 0xC0, 0x00, 0x03, 0xB8, 0x00, 0x00, 0x7F, 0x00, 0x00, 0x0E,
  0xE0, 0x00, 0x01, 0xDC, 0x00, 0x00, 0x3B, 0xC0, 0x00, 0x0F, 0x78, 0x00,
  0x01, 0xEF, 0x00, 0x00, 0x3D, 0xE0, 0x00, 0x07, 0x1E, 0x00, 0x01, 0xE3,
  0xC0, 0x00, 0x38, 0x3C, 0x00, 0x0F, 0x07, 0xC0, 0x03, 0xC0, 0x7C, 0x01,
  0xF0, 0x07, 0xF9, 0xFC, 0x00, 0x3F, 0xFF, 0x00, 0x01, 0xFF, 0x80, 0x00,
  0xFF, 0xFF, 0x03, 0xFF, 0xFF, 0x81, 0xFF, 0xFF, 0x03, 0x80, 0x3E, 0x0E,
  0x00, 0x78, 0x38, 0x00, 0xF0, 0xE0, 0x03, 0xC3, 0x80, 0x0F, 0x0E, 0x00,
  0x3C, 0x38, 0x00, 0xF0, 0xE0, 0x03, 0xC3, 0x80, 0x0F, 0x0E, 0x00, 0x38,
  0x38, 0x01, 0xE0, 0xE0, 0x0F, 0x03, 0x81, 0xF8, 0x0F, 0xFF, 0xC0, 0x3F,
  0xFC, 0x00, 0xFE, 0x00, 0x03, 0x80, 0x00, 0x0E, 0x00, 0x00, 0x38, 0x00,
  0x00, 0xE0, 0x00, 0x03, 0x80, 0x00, 0x0E, 0x00, 0x00, 0x38, 0x00, 0x00,
  0xE0, 0x00, 0x07, 0xC0, 0x00, 0xFF, 0xF0, 0x03, 0xFF, 0xC0, 0x00, 0x00,
  0xFF, 0xE0, 0x00, 0x03, 0xFF, 0xF8, 0x00, 0x07, 0xF1, 0xFC, 0x00, 0x0F,
  0x80, 0x3E, 0x00, 0x1E, 0x00, 0x1F, 0x00, 0x3C, 0x00, 0x0F, 0x80, 0x78,
  0x00, 0x07, 0x80, 0x78, 0x00, 0x03, 0xC0, 0x70, 0x00, 0x03, 0xC0, 0xF0,
  0x00, 0x03, 0xC0, 0xF0, 0x00, 0x01, 0xE0, 0xF0, 0x00, 0x01, 0xE0, 0xF0,
  0x00, 0x01, 0xE0, 0xE0, 0x00, 0x01, 0xE0, 0xE0, 0x00, 0x01, 0xE0, 0xE0,
  0x00, 0x01, 0xE0, 0xE0, 0x00, 0x01, 0xE0, 0xE0, 0x00, 0x01, 0xE0, 0xF0,
  0x00, 0x01, 0xE0, 0xF0, 0x00, 0x01, 0xC0, 0xF0, 0x00, 0x03, 0xC0, 0xF0,
  0x00, 0x03, 0xC0, 0x78, 0x00, 0x07, 0x80, 0x78, 0x00, 0x07, 0x80, 0x3C,
  0x00, 0x0F, 0x00, 0x3E, 0x00, 0x1E, 0x00, 0x1F, 0x00, 0x3E, 0x00, 0x0F,
  0xF3, 0xF8, 0x00, 0x03, 0xFF, 0xF0, 0x00, 0x00, 0xFF, 0xC0, 0x00, 0x00,
  0x0F, 0x80, 0x00, 0x00, 0x03, 0xC0, 0x00, 0x00, 0x01, 0xF0, 0x00, 0x00,
  0x00, 0x7C, 0x06, 0x00, 0x00, 0x1F, 0xBF, 0x00, 0x00, 0x0F, 0xFE, 0x00,
  0x00, 0x03, 0xF8, 0x00, 0x00, 0x00, 0x40, 0xFF, 0xFF, 0x80, 0x7F, 0xFF,
  0xF0, 0x07, 0xFF, 0xFC, 0x01, 0xC0, 0x1F, 0x00, 0xE0, 0x03, 0xC0, 0x70,
  0x01, 0xE0, 0x38, 0x00, 0x70, 0x1C, 0x00, 0x38, 0x0E, 0x00, 0x1C, 0x07,
  0x00, 0x0E, 0x03, 0x80, 0x0F, 0x01, 0xC0, 0x07, 0x80, 0xE0, 0x07, 0x80,
  0x70, 0x0F, 0x80, 0x3F, 0xFF, 0x80, 0x1F, 0xFF, 0x00, 0x0F, 0xFF, 0x00,
  0x07, 0x03, 0xC0, 0x03, 0x80, 0xF0, 0x01, 0xC0, 0x3C, 0x00, 0xE0, 0x0E,
  0x00, 0x70, 0x07, 0x80, 0x38, 0x01, 0xC0, 0x1C, 0x00, 0xF0, 0x0E, 0x00,
  0x38, 0x07, 0x00, 0x1E, 0x03, 0x80, 0x07, 0x03, 0xE0, 0x03, 0xCF, 0xFF,
  0x01, 0xFF, 0xFF, 0x80, 0x7C, 0x07, 0xFF, 0x81, 0xFF, 0xFE, 0x3F, 0x07,
  0xE7, 0xC0, 0x0E, 0x78, 0x00, 0xE7, 0x00, 0x0E, 0xF0, 0x00, 0xEF, 0x00,
  0x06, 0xF0, 0x00, 0x07, 0x00, 0x00, 0x78, 0x00, 0x07, 0xE0, 0x00, 0x3F,
  0x80, 0x01, 0xFF, 0x00, 0x07, 0xFE, 0x00, 0x1F, 0xF8, 0x00, 0x3F, 0xC0,
  0x00, 0x7E, 0x00, 0x01, 0xE0, 0x00, 0x0F, 0x00, 0x00, 0xF0, 0x00, 0x0F,
  0xE0, 0x00, 0xFE, 0x00, 0x0F, 0xE0, 0x00, 0xFE, 0x00, 0x1E, 0xE0, 0x03,
  0xCF, 0xE1, 0xFC, 0xFF, 0xFF, 0x01, 0xFF, 0xC0, 0xFF, 0xFF, 0xFF, 0xFF,
  0xFF, 0xFF, 0xFF, 0xFF, 0xFF, 0x01, 0xC0, 0x7E, 0x03, 0x80, 0xFC, 0x07,
  0x00, 0xF0, 0x0E, 0x01, 0x80, 0x1C, 0x00, 0x00, 0x38, 0x00, 0x00, 0x70,
  0x00, 0x00, 0xE0, 0x00, 0x01, 0xC0, 0x00, 0x03, 0x80, 0x00, 0x07, 0x00,
  0x00, 0x0E, 0x00, 0x00, 0x1C, 0x00, 0x00, 0x38, 0x00, 0x00, 0x70, 0x00,
  0x00, 0xE0, 0x00, 0x01, 0xC0, 0x00, 0x03, 0x80, 0x00, 0x07, 0x00, 0x00,
  0x0E, 0x00, 0x00, 0x1C, 0x00, 0x00, 0x38, 0x00, 0x00, 0x70, 0x00, 0x00,
  0xE0, 0x00, 0x03, 0xE0, 0x00, 0x3F, 0xFC, 0x00, 0x7F, 0xF8, 0x00, 0xFF,
  0xE0, 0x1F, 0xFF, 0xFF, 0x80, 0x7F, 0xF1, 0xF0, 0x00, 0x3E, 0x03, 0x80,
  0x00, 0x70, 0x0E, 0x00, 0x01, 0xC0, 0x38, 0x00, 0x07, 0x00, 0xE0, 0x00,
  0x1C, 0x03, 0x80, 0x00, 0x70, 0x0E, 0x00, 0x01, 0xC0, 0x38, 0x00, 0x07,
  0x00, 0xE0, 0x00, 0x1C, 0x03, 0x80, 0x00, 0x70, 0x0E, 0x00, 0x01, 0xC0,
  0x38, 0x00, 0x07, 0x00, 0xE0, 0x00, 0x1C, 0x03, 0x80, 0x00, 0x70, 0x0E,
  0x00, 0x01, 0xC0, 0x38, 0x00, 0x07, 0x00, 0xE0, 0x00, 0x1C, 0x03, 0x80,
  0x00, 0x70, 0x0F, 0x00, 0x01, 0xC0, 0x3C, 0x00, 0x07, 0x00, 0xF0, 0x00,
  0x3C, 0x03, 0xC0, 0x00, 0xF0, 0x07, 0x00, 0x03, 0x80, 0x1E, 0x00, 0x1E,
  0x00, 0x3C, 0x00, 0xF0, 0x00, 0xFE, 0x1F, 0x80, 0x00, 0xFF, 0xFC, 0x00,
  0x01, 0xFF, 0xC0, 0x00, 0xFF, 0xF0, 0x1F, 0xFF, 0xFF, 0xC0, 0x7F, 0xF1,
  0xF0, 0x00, 0x3C, 0x03, 0xC0, 0x00, 0x70, 0x0F, 0x00, 0x03, 0xC0, 0x1E,
  0x00, 0x0E, 0x00, 0x78, 0x00, 0x38, 0x01, 0xE0, 0x01, 0xC0, 0x03, 0x80,
  0x07, 0x00, 0x0F, 0x00, 0x1C, 0x00, 0x3C, 0x00, 0xE0, 0x00, 0x70, 0x03,
  0x80, 0x01, 0xE0, 0x0E, 0x00, 0x07, 0x80, 0x70, 0x00, 0x0E, 0x01, 0xC0,
  0x00, 0x3C, 0x07, 0x00, 0x00, 0xF0, 0x38, 0x00, 0x01, 0xC0, 0xE0, 0x00,
  0x07, 0x83, 0x80, 0x00, 0x1E, 0x1C, 0x00, 0x00, 0x38, 0x70, 0x00, 0x00,
  0xF1, 0xC0, 0x00, 0x03, 0xCE, 0x00, 0x00, 0x07, 0x38, 0x00, 0x00, 0x1F,
  0xE0, 0x00, 0x00, 0x7F, 0x00, 0x00, 0x00, 0xFC, 0x00, 0x00, 0x03, 0xE0,
  0x00, 0x00, 0x0F, 0x80, 0x00, 0x00, 0x1E, 0x00, 0x00, 0xFF, 0xE0, 0x07,
  0x00, 0x7F, 0xFF, 0xFE, 0x00, 0xF0, 0x07, 0xFF, 0x1F, 0x00, 0x0F, 0x80,
  0x07, 0x80, 0xF0, 0x00, 0xF8, 0x00, 0x70, 0x0F, 0x00, 0x1F, 0x80, 0x07,
  0x00, 0x70, 0x01, 0xF8, 0x00, 0x70, 0x07, 0x00, 0x1F, 0xC0, 0x0E, 0x00,
  0x78, 0x03, 0x9C, 0x00, 0xE0, 0x07, 0x80, 0x39, 0xC0, 0x0E, 0x00, 0x38,
  0x03, 0x9E, 0x01, 0xC0, 0x03, 0x80, 0x70, 0xE0, 0x1C, 0x00, 0x3C, 0x07,
  0x0E, 0x01, 0xC0, 0x03, 0xC0, 0x70, 0xE0, 0x1C, 0x00, 0x1C, 0x07, 0x0F,
  0x03, 0x80, 0x01, 0xC0, 0xE0, 0x70, 0x38, 0x00, 0x1E, 0x0E, 0x07, 0x03,
  0x80, 0x01, 0xE0, 0xE0, 0x78, 0x38, 0x00, 0x0E, 0x1C, 0x03, 0x87, 0x00,
  0x00, 0xE1, 0xC0, 0x38, 0x70, 0x00, 0x0F, 0x1C, 0x03, 0x87, 0x00, 0x00,
  0xF3, 0x80, 0x3C, 0xE0, 0x00, 0x07, 0x38, 0x01, 0xCE, 0x00, 0x00, 0x73,
  0x80, 0x1C, 0xE0, 0x00, 0x07, 0xB0, 0x01, 0xEE, 0x00, 0x00, 0x3F, 0x00,
  0x0F, 0xC0, 0x00, 0x03, 0xF0, 0x00, 0xFC, 0x00, 0x00, 0x3F, 0x00, 0x0F,
  0xC0, 0x00, 0x03, 0xE0, 0x00, 0x78, 0x00, 0x00, 0x1E, 0x00, 0x07, 0x80,
  0x00, 0x01, 0xE0, 0x00, 0x78, 0x00, 0xFF, 0xF0, 0x7F, 0xFF, 0xFF, 0x07,
  0xFF, 0x0F, 0x00, 0x0F, 0x80, 0xF8, 0x00, 0xF0, 0x07, 0x80, 0x0E, 0x00,
  0x3C, 0x01, 0xC0, 0x03, 0xE0, 0x38, 0x00, 0x1E, 0x03, 0x80, 0x00, 0xF0,
  0x70, 0x00, 0x07, 0x8E, 0x00, 0x00, 0x78, 0xE0, 0x00, 0x03, 0xDC, 0x00,
  0x00, 0x1F, 0x80, 0x00, 0x01, 0xF8, 0x00, 0x00, 0x0F, 0x00, 0x00, 0x01,
  0xF8, 0x00, 0x00, 0x1F, 0x80, 0x00, 0x03, 0xBC, 0x00, 0x00, 0x79, 0xE0,
  0x00, 0x07, 0x0F, 0x00, 0x00, 0xE0, 0xF0, 0x00, 0x1C, 0x07, 0x80, 0x01,
  0xC0, 0x3C, 0x00, 0x38, 0x03, 0xC0, 0x07, 0x00, 0x1E, 0x00, 0x70, 0x00,
  0xF0, 0x0E, 0x00, 0x0F, 0x01, 0xE0, 0x00, 0xF8, 0xFF, 0xC0, 0x7F, 0xFF,
  0xFC, 0x07, 0xFF, 0xFF, 0xE0, 0x7F, 0xFF, 0xFC, 0x0F, 0xFC, 0x78, 0x00,
  0x3C, 0x07, 0x80, 0x07, 0x80, 0x70, 0x00, 0xE0, 0x0F, 0x00, 0x3C, 0x00,
  0xE0, 0x07, 0x00, 0x1E, 0x01, 0xE0, 0x01, 0xC0, 0x38, 0x00, 0x3C, 0x0E,
  0x00, 0x03, 0x81, 0xC0, 0x00, 0x78, 0x70, 0x00, 0x07, 0x0E, 0x00, 0x00,
  0xF3, 0x80, 0x00, 0x0E, 0x70, 0x00, 0x01, 0xFC, 0x00, 0x00, 0x1F, 0x80,
  0x00, 0x03, 0xE0, 0x00, 0x00, 0x3C, 0x00, 0x00, 0x07, 0x80, 0x00, 0x00,
  0xF0, 0x00, 0x00, 0x1E, 0x00, 0x00, 0x03, 0xC0, 0x00, 0x00, 0x78, 0x00,
  0x00, 0x0F, 0x00, 0x00, 0x01, 0xE0, 0x00, 0x00, 0x3C, 0x00, 0x00, 0x0F,
  0x80, 0x00, 0x0F, 0xFE, 0x00, 0x01, 0xFF, 0xC0, 0x00, 0x7F, 0xFF, 0xFD,
  0xFF, 0xFF, 0xF7, 0xFF, 0xFF, 0xDC, 0x00, 0x1E, 0x70, 0x00, 0x79, 0x80,
  0x03, 0xC6, 0x00, 0x1E, 0x00, 0x00, 0xF0, 0x00, 0x03, 0xC0, 0x00, 0x1E,
  0x00, 0x00, 0xF0, 0x00, 0x07, 0xC0, 0x00, 0x1E, 0x00, 0x00, 0xF0, 0x00,
  0x07, 0x80, 0x00, 0x1E, 0x00, 0x00, 0xF0, 0x00, 0x07, 0x80, 0x00, 0x3E,
  0x00, 0x00, 0xF0, 0x00, 0x07, 0x80, 0x00, 0x3C, 0x00, 0x00, 0xF0, 0x00,
  0x07, 0x80, 0x03, 0x3C, 0x00, 0x0D, 0xF0, 0x00, 0x37, 0x80, 0x00, 0xFF,
  0xFF, 0xFF, 0xFF, 0xFF, 0xFF, 0xFF, 0xFF, 0xF0, 0xF0, 0x7F, 0xFF, 0xFC,
  0x0E, 0x07, 0x03, 0x81, 0xC0, 0xE0, 0x70, 0x38, 0x1C, 0x0E, 0x07, 0x03,
  0x81, 0xC0, 0xE0, 0x70, 0x38, 0x1C, 0x0E, 0x07, 0x03, 0x81, 0xC0, 0xE0,
  0x70, 0x38, 0x1C, 0x0E, 0x07, 0x03, 0x81, 0xC0, 0xE0, 0x70, 0x38, 0x1C,
  0x0E, 0x07, 0x03, 0x81, 0xFF, 0xFF, 0x80, 0xE0, 0x03, 0x80, 0x06, 0x00,
  0x1C, 0x00, 0x70, 0x00, 0xC0, 0x03, 0x00, 0x0E, 0x00, 0x38, 0x00, 0x60,
  0x01, 0xC0, 0x07, 0x00, 0x0C, 0x00, 0x30, 0x00, 0xE0, 0x03, 0x80, 0x06,
  0x00, 0x1C, 0x00, 0x70, 0x00, 0xC0, 0x03, 0x80, 0x0E, 0x00, 0x18, 0x00,
  0x60, 0x01, 0xC0, 0x07, 0x00, 0x0C, 0x00, 0x38, 0x00, 0xE0, 0x01, 0x80,
  0x06, 0x00, 0x1C, 0x00, 0x70, 0x00, 0xC0, 0x03, 0x80, 0x0E, 0x00, 0x18,
  0x00, 0x70, 0x03, 0xFF, 0xFF, 0xE0, 0x70, 0x38, 0x1C, 0x0E, 0x07, 0x03,
  0x81, 0xC0, 0xE0, 0x70, 0x38, 0x1C, 0x0E, 0x07, 0x03, 0x81, 0xC0, 0xE0,
  0x70, 0x38, 0x1C, 0x0E, 0x07, 0x03, 0x81, 0xC0, 0xE0, 0x70, 0x38, 0x1C,
  0x0E, 0x07, 0x03, 0x81, 0xC0, 0xE0, 0x70, 0x38, 0x1C, 0x0F, 0xFF, 0xFF,
  0x80, 0x00, 0xE0, 0x00, 0x1E, 0x00, 0x07, 0xE0, 0x01, 0xDC, 0x00, 0x39,
  0xC0, 0x0E, 0x38, 0x01, 0xC3, 0x80, 0x70, 0x70, 0x0E, 0x07, 0x03, 0x80,
  0xE0, 0x70, 0x0E, 0x1C, 0x01, 0xE7, 0x80, 0x1D, 0xE0, 0x03, 0xC0, 0xFF,
  0xFF, 0xFF, 0xFF, 0xFF, 0xC0, 0x40, 0x30, 0x3C, 0x0F, 0x83, 0xE0, 0x78,
  0x1E, 0x03, 0x07, 0xFC, 0x03, 0xFF, 0xF8, 0x1F, 0xFF, 0xC0, 0x60, 0x0F,
  0x03, 0x00, 0x78, 0x18, 0x01, 0xC0, 0xC0, 0x0E, 0x00, 0x00, 0x70, 0x00,
  0x03, 0x80, 0x00, 0x1C, 0x00, 0x00, 0xE0, 0x3F, 0xFF, 0x03, 0xFF, 0xF8,
  0x3C, 0x01, 0xC1, 0xC0, 0x0E, 0x1E, 0x00, 0x70, 0xF0, 0x03, 0x87, 0x80,
  0x1C, 0x3C, 0x01, 0xE0, 0xE0, 0x3F, 0x07, 0xC7, 0xBC, 0x1F, 0xF8, 0xFC,
  0x7F, 0x07, 0xE0, 0xFE, 0x00, 0x01, 0xFC, 0x00, 0x00, 0x78, 0x00, 0x00,
  0x70, 0x00, 0x00, 0xE0, 0x00, 0x01, 0xC0, 0x00, 0x03, 0x80, 0x00, 0x07,
  0x00, 0x00, 0x0E, 0x00, 0x00, 0x1C, 0x00, 0x00, 0x38, 0x7E, 0x00, 0x73,
  0xFF, 0x00, 0xEF, 0xFF, 0x01, 0xF8, 0x1F, 0x03, 0xC0, 0x1E, 0x07, 0x00,
  0x1E, 0x0E, 0x00, 0x3C, 0x1C, 0x00, 0x38, 0x38, 0x00, 0x78, 0x70, 0x00,
  0xF0, 0xE0, 0x01, 0xE1, 0xC0, 0x03, 0xC3, 0x80, 0x07, 0x87, 0x00, 0x0F,
  0x0E, 0x00, 0x1E, 0x1C, 0x00, 0x38, 0x38, 0x00, 0xF0, 0x70, 0x01, 0xE0,
  0xE0, 0x07, 0x81, 0xC0, 0x1F, 0x03, 0xC0, 0xFC, 0x07, 0xFF, 0xE0, 0x0F,
  0xFF, 0x00, 0x01, 0xFE, 0x00, 0xFF, 0xF8, 0x3F, 0x3F, 0x0F, 0x00, 0xE3,
  0xC0, 0x1C, 0xF0, 0x03, 0x9E, 0x00, 0x77, 0x80, 0x00, 0xF0, 0x00, 0x1E,
  0x00, 0x03, 0xC0, 0x00, 0x78, 0x00, 0x0F, 0x00, 0x01, 0xE0, 0x00, 0x3C,
  0x00, 0x07, 0x80, 0x00, 0x70, 0x00, 0x0F, 0x00, 0x01, 0xF0, 0x01, 0x1F,
  0x00, 0xE1, 0xF8, 0xFE, 0x1F, 0xFE, 0x00, 0xFF, 0x00, 0x00, 0x0F, 0xE0,
  0x00, 0x1F, 0xC0, 0x00, 0x07, 0x80, 0x00, 0x07, 0x00, 0x00, 0x0E, 0x00,
  0x00, 0x1C, 0x00, 0x00, 0x38, 0x00, 0x00, 0x70, 0x00, 0x00, 0xE0, 0x00,
  0x01, 0xC0, 0x07, 0xFF, 0x80, 0x3F, 0xFF, 0x00, 0xFC, 0xFE, 0x03, 0xC0,
  0x1C, 0x0F, 0x00, 0x38, 0x3C, 0x00, 0x70, 0x78, 0x00, 0xE0, 0xE0, 0x01,
  0xC3, 0xC0, 0x03, 0x87, 0x80, 0x07, 0x0F, 0x00, 0x0E, 0x1E, 0x00, 0x1C,
  0x3C, 0x00, 0x38, 0x78, 0x00, 0x70, 0xF0, 0x00, 0xE1, 0xE0, 0x01, 0xC1,
  0xC0, 0x03, 0x83, 0xC0, 0x07, 0x07, 0x80, 0x1E, 0x07, 0x80, 0x7C, 0x07,
  0xC3, 0xBC, 0x07, 0xFE, 0x7F, 0x07, 0xF0, 0xFE, 0x01, 0xFC, 0x00, 0xFF,
  0xE0, 0x3F, 0xFE, 0x0F, 0x01, 0xE3, 0xC0, 0x1C, 0xF0, 0x03, 0xDE, 0x00,
  0x3B, 0x80, 0x07, 0xF0, 0x00, 0xFF, 0xFF, 0xFF, 0xFF, 0xFF, 0xFF, 0xFF,
  0xFF, 0x00, 0x01, 0xE0, 0x00, 0x3C, 0x00, 0x07, 0x80, 0x00, 0x70, 0x00,
  0x0F, 0x00, 0x01, 0xF0, 0x01, 0x1F, 0x00, 0x71, 0xF8, 0x7E, 0x1F, 0xFF,
  0x00, 0xFF, 0x80, 0x03, 0xFE, 0x0F, 0xFC, 0x3E, 0x08, 0x78, 0x01, 0xE0,
  0x03, 0xC0, 0x07, 0x80, 0x0E, 0x00, 0x1C, 0x00, 0x38, 0x00, 0x7F, 0xE7,
  0xFF, 0x8F, 0xFF, 0x03, 0x80, 0x07, 0x00, 0x0E, 0x00, 0x1C, 0x00, 0x38,
  0x00, 0x70, 0x00, 0xE0, 0x01, 0xC0, 0x03, 0x80, 0x07, 0x00, 0x0E, 0x00,
  0x1C, 0x00, 0x38, 0x00, 0x70, 0x00, 0xE0, 0x01, 0xC0, 0x03, 0x80, 0x07,
  0x80, 0x7F, 0xF0, 0xFF, 0xE0, 0x03, 0xFE, 0x18, 0x3F, 0xFF, 0xE1, 0xF8,
  0xFF, 0x8F, 0x80, 0x70, 0x3C, 0x01, 0xE0, 0xE0, 0x03, 0x87, 0x80, 0x0F,
  0x1E, 0x00, 0x3C, 0x78, 0x00, 0xF1, 0xE0, 0x03, 0x83, 0x80, 0x0E, 0x0F,
  0x00, 0x78, 0x1E, 0x03, 0xC0, 0x7F, 0xFE, 0x00, 0x7F, 0xF0, 0x03, 0xFE,
  0x00, 0x0C, 0x00, 0x00, 0x70, 0x00, 0x01, 0xC0, 0x00, 0x07, 0x00, 0x00,
  0x1F, 0xFF, 0xC0, 0x7F, 0xFF, 0xC0, 0xFF, 0xFF, 0x8E, 0x00, 0x1E, 0x70,
  0x00, 0x3D, 0xC0, 0x00, 0xFE, 0x00, 0x03, 0xF8, 0x00, 0x0F, 0xF0, 0x00,
  0x39, 0xE0, 0x01, 0xE7, 0xF0, 0x7F, 0x0F, 0xFF, 0xF8, 0x0F, 0xFF, 0x00,
  0xFE, 0x00, 0x00, 0x7F, 0x00, 0x00, 0x07, 0x80, 0x00, 0x03, 0xC0, 0x00,
  0x01, 0xE0, 0x00, 0x00, 0xF0, 0x00, 0x00, 0x78, 0x00, 0x00, 0x3C, 0x00,
  0x00, 0x1E, 0x00, 0x00, 0x0F, 0x00, 0x00, 0x07, 0x83, 0xF0, 0x03, 0xCF,
  0xFE, 0x01, 0xEF, 0xFF, 0x80, 0xFE, 0x03, 0xC0, 0x7E, 0x00, 0xE0, 0x3C,
  0x00, 0x78, 0x1E, 0x00, 0x3C, 0x0F, 0x00, 0x1E, 0x07, 0x80, 0x0F, 0x03,
  0xC0, 0x07, 0x81, 0xE0, 0x03, 0xC0, 0xF0, 0x01, 0xE0, 0x78, 0x00, 0xF0,
  0x3C, 0x00, 0x78, 0x1E, 0x00, 0x3C, 0x0F, 0x00, 0x1E, 0x07, 0x80, 0x0F,
  0x03, 0xC0, 0x07, 0x81, 0xE0, 0x03, 0xC0, 0xF0, 0x01, 0xE0, 0x78, 0x00,
  0xF1, 0xFF, 0x83, 0xFF, 0xFF, 0xC1, 0xFF, 0x80, 0x1C, 0x0F, 0x83, 0xE0,
  0x70, 0x00, 0x00, 0x00, 0x00, 0x00, 0x00, 0x3F, 0x0F, 0xC1, 0xF0, 0x1C,
  0x07, 0x01, 0xC0, 0x70, 0x1C, 0x07, 0x01, 0xC0, 0x70, 0x1C, 0x07, 0x01,
  0xC0, 0x70, 0x1C, 0x07, 0x01, 0xC0, 0x70, 0x1C, 0x07, 0x8F, 0xFF, 0xFF,
  0x03, 0xC0, 0xF0, 0x7C, 0x0F, 0x00, 0x00, 0x00, 0x00, 0x00, 0x00, 0x07,
  0xF1, 0xFC, 0x3F, 0x03, 0xC0, 0xF0, 0x3C, 0x0F, 0x03, 0xC0, 0xF0, 0x3C,
  0x0F, 0x03, 0xC0, 0xF0, 0x3C, 0x0F, 0x03, 0xC0, 0xF0, 0x3C, 0x0F, 0x03,
  0xC0, 0xF0, 0x3C, 0x0F, 0x03, 0xC0, 0xF0, 0x3C, 0x0F, 0x03, 0xC0, 0xE0,
  0x78, 0x7E, 0xFF, 0x3F, 0x00, 0xFE, 0x00, 0x01, 0xFC, 0x00, 0x00, 0x78,
  0x00, 0x00, 0xF0, 0x00, 0x01, 0xE0, 0x00, 0x03, 0xC0, 0x00, 0x07, 0x80,
  0x00, 0x0F, 0x00, 0x00, 0x1E, 0x00, 0x00, 0x3C, 0x00, 0x00, 0x78, 0x1F,
  0xF0, 0xF0, 0x3F, 0xE1, 0xE0, 0x3E, 0x03, 0xC0, 0x38, 0x07, 0x80, 0xF0,
  0x0F, 0x01, 0xC0, 0x1E, 0x07, 0x00, 0x3C, 0x0E, 0x00, 0x78, 0x38, 0x00,
  0xFF, 0xF0, 0x01, 0xFF, 0xC0, 0x03, 0xFF, 0xC0, 0x07, 0x83, 0xC0, 0x0F,
  0x03, 0x80, 0x1E, 0x07, 0x80, 0x3C, 0x07, 0x00, 0x78, 0x0F, 0x00, 0xF0,
  0x0E, 0x01, 0xE0, 0x1E, 0x03, 0xC0, 0x1E, 0x07, 0x80, 0x3C, 0x7F, 0xE0,
  0x3F, 0xFF, 0xC0, 0x3E, 0xFE, 0x3F, 0x81, 0xE0, 0x78, 0x1E, 0x07, 0x81,
  0xE0, 0x78, 0x1E, 0x07, 0x81, 0xE0, 0x78, 0x1E, 0x07, 0x81, 0xE0, 0x78,
  0x1E, 0x07, 0x81, 0xE0, 0x78, 0x1E, 0x07, 0x81, 0xE0, 0x78, 0x1E, 0x07,
  0x81, 0xE0, 0x78, 0x1E, 0x07, 0x81, 0xE3, 0xFF, 0xFF, 0xC0, 0xFC, 0x1F,
  0x80, 0x3F, 0x03, 0xF1, 0xFF, 0x87, 0xFE, 0x07, 0xDF, 0xFF, 0x3F, 0xFC,
  0x07, 0xF0, 0x3D, 0xC0, 0xF0, 0x1F, 0x00, 0x7C, 0x01, 0xE0, 0x78, 0x01,
  0xE0, 0x07, 0x81, 0xC0, 0x07, 0x80, 0x1E, 0x07, 0x00, 0x1E, 0x00, 0x38,
  0x1C, 0x00, 0x78, 0x00, 0xE0, 0x70, 0x01, 0xE0, 0x03, 0x81, 0xC0, 0x07,
  0x80, 0x0E, 0x07, 0x00, 0x1E, 0x00, 0x38, 0x1C, 0x00, 0x78, 0x00, 0xE0,
  0x70, 0x01, 0xE0, 0x03, 0x81, 0xC0, 0x07, 0x80, 0x0E, 0x07, 0x00, 0x1E,
  0x00, 0x38, 0x1C, 0x00, 0x78, 0x00, 0xE0, 0x70, 0x01, 0xE0, 0x03, 0x81,
  0xC0, 0x07, 0x80, 0x0E, 0x07, 0x00, 0x1E, 0x00, 0x38, 0x1E, 0x00, 0x78,
  0x01, 0xE3, 0xFF, 0x0F, 0xFC, 0x3F, 0xFF, 0xFC, 0x3F, 0xF0, 0xFF, 0xC0,
  0xFC, 0x1F, 0xC0, 0x7E, 0x3F, 0xF0, 0x1F, 0x3F, 0xFC, 0x03, 0xF8, 0x1F,
  0x01, 0xF0, 0x07, 0x80, 0xF0, 0x03, 0xC0, 0x70, 0x00, 0xE0, 0x38, 0x00,
  0x70, 0x1C, 0x00, 0x38, 0x0E, 0x00, 0x1C, 0x07, 0x00, 0x0E, 0x03, 0x80,
  0x07, 0x01, 0xC0, 0x03, 0x80, 0xE0, 0x01, 0xC0, 0x70, 0x00, 0xE0, 0x38,
  0x00, 0x70, 0x1C, 0x00, 0x38, 0x0E, 0x00, 0x1C, 0x07, 0x00, 0x0E, 0x03,
  0x80, 0x07, 0x01, 0xE0, 0x07, 0xC7, 0xFE, 0x1F, 0xFF, 0xFF, 0x0F, 0xFE,
  0x01, 0xFE, 0x00, 0x3F, 0xFC, 0x07, 0xF7, 0xF0, 0x3C, 0x07, 0xC3, 0xC0,
  0x1E, 0x3C, 0x00, 0x79, 0xE0, 0x03, 0xCE, 0x00, 0x0E, 0xF0, 0x00, 0x7F,
  0x80, 0x03, 0xFC, 0x00, 0x1F, 0xE0, 0x00, 0xFF, 0x00, 0x07, 0xF8, 0x00,
  0x3F, 0xC0, 0x01, 0xDE, 0x00, 0x0E, 0x70, 0x00, 0xF3, 0xC0, 0x07, 0x9E,
  0x00, 0x78, 0x78, 0x07, 0x81, 0xF0, 0xF8, 0x07, 0xFF, 0x80, 0x1F, 0xF8,
  0x00, 0xFC, 0x1F, 0x81, 0xF8, 0xFF, 0xC1, 0xF7, 0xFF, 0xC0, 0x7C, 0x07,
  0xC0, 0xF0, 0x07, 0x81, 0xC0, 0x07, 0x83, 0x80, 0x0F, 0x07, 0x00, 0x1E,
  0x0E, 0x00, 0x1C, 0x1C, 0x00, 0x3C, 0x38, 0x00, 0x78, 0x70, 0x00, 0xF0,
  0xE0, 0x01, 0xE1, 0xC0, 0x03, 0x83, 0x80, 0x07, 0x07, 0x00, 0x0E, 0x0E,
  0x00, 0x3C, 0x1C, 0x00, 0x70, 0x38, 0x01, 0xE0, 0x70, 0x07, 0x80, 0xF0,
  0x3E, 0x01, 0xFF, 0xF8, 0x03, 0xFF, 0xC0, 0x07, 0x00, 0x00, 0x0E, 0x00,
  0x00, 0x1C, 0x00, 0x00, 0x38, 0x00, 0x00, 0x70, 0x00, 0x00, 0xE0, 0x00,
  0x01, 0xC0, 0x00, 0x07, 0xC0, 0x00, 0x7F, 0xF0, 0x00, 0xFF, 0xE0, 0x00,
  0x01, 0xFF, 0x80, 0x0F, 0xFF, 0xC0, 0x3F, 0x3F, 0x80, 0xF0, 0x07, 0x03,
  0xC0, 0x0E, 0x0F, 0x00, 0x1C, 0x1E, 0x00, 0x38, 0x38, 0x00, 0x70, 0xF0,
  0x00, 0xE1, 0xE0, 0x01, 0xC3, 0xC0, 0x03, 0x87, 0x80, 0x07, 0x0F, 0x00,
  0x0E, 0x1E, 0x00, 0x1C, 0x3C, 0x00, 0x38, 0x78, 0x00, 0x70, 0x70, 0x00,
  0xE0, 0xF0, 0x01, 0xC1, 0xE0, 0x07, 0x81, 0xE0, 0x1F, 0x01, 0xF0, 0xFE,
  0x03, 0xFF, 0x9C, 0x01, 0xFE, 0x38, 0x00, 0x00, 0x70, 0x00, 0x00, 0xE0,
  0x00, 0x01, 0xC0, 0x00, 0x03, 0x80, 0x00, 0x07, 0x00, 0x00, 0x0E, 0x00,
  0x00, 0x1C, 0x00, 0x00, 0xFE, 0x00, 0x07, 0xFF, 0x00, 0x0F, 0xFE, 0xFC,
  0x3F, 0xFC, 0x7F, 0x7D, 0xFF, 0x1F, 0xC3, 0x1F, 0x03, 0x1E, 0x03, 0x1C,
  0x00, 0x1C, 0x00, 0x1C, 0x00, 0x1C, 0x00, 0x1C, 0x00, 0x1C, 0x00, 0x1C,
  0x00, 0x1C, 0x00, 0x1C, 0x00, 0x1C, 0x00, 0x1C, 0x00, 0x1C, 0x00, 0x1C,
  0x00, 0x1C, 0x00, 0x1E, 0x00, 0xFF, 0xE0, 0xFF, 0xE0, 0x07, 0xFC, 0x1F,
  0xFF, 0x3E, 0x1F, 0x78, 0x07, 0x70, 0x07, 0x70, 0x06, 0x70, 0x00, 0x70,
  0x00, 0x7C, 0x00, 0x3F, 0x00, 0x1F, 0xE0, 0x0F, 0xFC, 0x01, 0xFE, 0x00,
  0x3F, 0x00, 0x0F, 0x00, 0x07, 0x00, 0x07, 0x60, 0x07, 0x60, 0x07, 0x60,
  0x0F, 0xF0, 0x3E, 0xFF, 0xFC, 0x7F, 0xF0, 0x1E, 0x00, 0x78, 0x01, 0xE0,
  0x07, 0x80, 0x1E, 0x01, 0xFF, 0xEF, 0xFF, 0xBF, 0xFE, 0x1E, 0x00, 0x78,
  0x01, 0xE0, 0x07, 0x80, 0x1E, 0x00, 0x78, 0x01, 0xE0, 0x07, 0x80, 0x1E,
  0x00, 0x78, 0x01, 0xE0, 0x07, 0x80, 0x1E, 0x00, 0x78, 0x01, 0xE0, 0x07,
  0x80, 0x0E, 0x00, 0x3C, 0x70, 0xFF, 0xC1, 0xFC, 0xFE, 0x03, 0xF8, 0x7F,
  0x01, 0xFC, 0x1F, 0x80, 0x3E, 0x03, 0xC0, 0x07, 0x01, 0xE0, 0x03, 0x80,
  0xF0, 0x01, 0xC0, 0x78, 0x00, 0xE0, 0x3C, 0x00, 0x70, 0x1E, 0x00, 0x38,
  0x0F, 0x00, 0x1C, 0x07, 0x80, 0x0E, 0x03, 0xC0, 0x07, 0x01, 0xE0, 0x03,
  0x80, 0xF0, 0x01, 0xC0, 0x78, 0x00, 0xE0, 0x3C, 0x00, 0x70, 0x1E, 0x00,
  0x38, 0x0F, 0x00, 0x1C, 0x07, 0x80, 0x1E, 0x01, 0xE0, 0x3F, 0x00, 0xFC,
  0xFB, 0xC0, 0x3F, 0xF9, 0xFC, 0x0F, 0xF0, 0xFE, 0xFF, 0x83, 0xFF, 0xFF,
  0x07, 0xFD, 0xF0, 0x03, 0xE0, 0xE0, 0x03, 0x81, 0xC0, 0x07, 0x03, 0xC0,
  0x1C, 0x03, 0x80, 0x38, 0x07, 0x00, 0x70, 0x0F, 0x01, 0xC0, 0x0E, 0x03,
  0x80, 0x1C, 0x07, 0x00, 0x3C, 0x1C, 0x00, 0x38, 0x38, 0x00, 0x70, 0x70,
  0x00, 0xE1, 0xC0, 0x01, 0xE3, 0x80, 0x01, 0xC6, 0x00, 0x03, 0x9C, 0x00,
  0x07, 0xB8, 0x00, 0x07, 0x60, 0x00, 0x0F, 0xC0, 0x00, 0x1F, 0x80, 0x00,
  0x1E, 0x00, 0x00, 0xFF, 0x81, 0xE0, 0x3F, 0xFF, 0xF0, 0x3E, 0x07, 0xFD,
  0xF0, 0x07, 0xC0, 0x3C, 0x0E, 0x00, 0xF8, 0x03, 0x81, 0xC0, 0x3F, 0x00,
  0x70, 0x38, 0x07, 0x70, 0x1C, 0x07, 0x80, 0xEE, 0x03, 0x80, 0x70, 0x19,
  0xC0, 0x70, 0x0E, 0x07, 0x1C, 0x0C, 0x01, 0xC0, 0xE3, 0x83, 0x80, 0x3C,
  0x18, 0x70, 0x70, 0x03, 0x87, 0x0E, 0x0E, 0x00, 0x70, 0xE0, 0xE1, 0x80,
  0x0E, 0x18, 0x1C, 0x70, 0x00, 0xE3, 0x03, 0x8E, 0x00, 0x1C, 0xE0, 0x71,
  0x80, 0x03, 0x9C, 0x07, 0x30, 0x00, 0x73, 0x00, 0xEE, 0x00, 0x07, 0xE0,
  0x1D, 0xC0, 0x00, 0xFC, 0x01, 0xB0, 0x00, 0x1F, 0x00, 0x3E, 0x00, 0x03,
  0xE0, 0x07, 0xC0, 0x00, 0x3C, 0x00, 0xF8, 0x00, 0x7F, 0xC0, 0x3E, 0xFF,
  0x80, 0xFC, 0xF8, 0x03, 0xC0, 0x78, 0x07, 0x00, 0x78, 0x1C, 0x00, 0x70,
  0x78, 0x00, 0xF0, 0xE0, 0x00, 0xF3, 0x80, 0x00, 0xFF, 0x00, 0x00, 0xFC,
  0x00, 0x01, 0xF0, 0x00, 0x01, 0xE0, 0x00, 0x07, 0xC0, 0x00, 0x1F, 0xC0,
  0x00, 0x3B, 0xC0, 0x00, 0xE3, 0x80, 0x03, 0xC7, 0x80, 0x07, 0x07, 0x80,
  0x1C, 0x07, 0x80, 0x78, 0x0F, 0x00, 0xE0, 0x0F, 0x1F, 0x80, 0x7F, 0xFF,
  0x00, 0xFF, 0x80, 0xFF, 0x83, 0xFF, 0xFF, 0x07, 0xFD, 0xF0, 0x03, 0xE0,
  0xE0, 0x03, 0x81, 0xC0, 0x07, 0x03, 0xC0, 0x1C, 0x03, 0x80, 0x38, 0x07,
  0x00, 0x70, 0x0F, 0x01, 0xC0, 0x0E, 0x03, 0x80, 0x1C, 0x07, 0x00, 0x1C,
  0x1C, 0x00, 0x38, 0x38, 0x00, 0x78, 0x60, 0x00, 0x71, 0xC0, 0x00, 0xE3,
  0x80, 0x00, 0xE6, 0x00, 0x01, 0xDC, 0x00, 0x03, 0xB8, 0x00, 0x03, 0xE0,
  0x00, 0x07, 0xC0, 0x00, 0x0F, 0x80, 0x00, 0x0E, 0x00, 0x00, 0x1C, 0x00,
  0x00, 0x70, 0x00, 0x00, 0xE0, 0x00, 0x01, 0xC0, 0x00, 0x07, 0x00, 0x00,
  0x1E, 0x00, 0x00, 0x78, 0x00, 0x01, 0xE0, 0x00, 0x3F, 0x80, 0x00, 0x7E,
  0x00, 0x00, 0xFF, 0xFF, 0xFF, 0xFF, 0xFF, 0xFF, 0xDC, 0x01, 0xEC, 0x01,
  0xE6, 0x00, 0xE0, 0x00, 0xF0, 0x00, 0xF0, 0x00, 0x70, 0x00, 0x78, 0x00,
  0x78, 0x00, 0x78, 0x00, 0x38, 0x00, 0x3C, 0x00, 0x3C, 0x00, 0x1C, 0x00,
  0x1E, 0x00, 0x1E, 0x00, 0xDE, 0x00, 0xEE, 0x00, 0x7F, 0x00, 0x3F, 0xFF,
  0xFF, 0xFF, 0xFE, 0x00, 0x30, 0x3F, 0x07, 0xF0, 0x70, 0x07, 0x00, 0xF0,
  0x0E, 0x00, 0xE0, 0x0E, 0x00, 0xE0, 0x0E, 0x00, 0xE0, 0x0E, 0x00, 0xE0,
  0x0E, 0x00, 0xE0, 0x0E, 0x00, 0xE0, 0x1E, 0x03, 0xC0, 0xF8, 0x0F, 0x80,
  0x3C, 0x00, 0xE0, 0x0E, 0x00, 0xE0, 0x0E, 0x00, 0xE0, 0x0E, 0x00, 0xE0,
  0x0E, 0x00, 0xE0, 0x0E, 0x00, 0xE0, 0x0E, 0x00, 0xE0, 0x0F, 0x00, 0x70,
  0x07, 0x80, 0x7F, 0x01, 0xF0, 0xFF, 0xFF, 0xFF, 0xFF, 0xFF, 0xFF, 0xFF,
  0xFF, 0xFF, 0xFC, 0xF0, 0x0F, 0xC0, 0xFE, 0x00, 0xF0, 0x07, 0x00, 0x70,
  0x07, 0x00, 0x70, 0x07, 0x00, 0x70, 0x07, 0x00, 0x70, 0x07, 0x00, 0x70,
  0x07, 0x00, 0x70, 0x07, 0x00, 0x78, 0x03, 0x80, 0x3E, 0x00, 0xF0, 0x1F,
  0x03, 0xC0, 0x38, 0x07, 0x80, 0x70, 0x07, 0x00, 0x70, 0x07, 0x00, 0x70,
  0x07, 0x00, 0x70, 0x07, 0x00, 0x70, 0x07, 0x00, 0x70, 0x07, 0x00, 0x70,
  0x0F, 0x0F, 0xE0, 0xFC, 0x00, 0x1F, 0x00, 0x03, 0xFF, 0x01, 0xDE, 0xFE,
  0x1D, 0x80, 0xFF, 0xC4, 0x01, 0xFC, 0x00, 0x03, 0x80, 0xFF, 0xFF, 0xFF,
  0xFF, 0xFF, 0xF8, 0x0F, 0xFD, 0xFF, 0xF7, 0xFE, 0x03, 0xFF, 0xFF, 0xFF,
  0xFF, 0x87, 0xFE, 0x5F, 0xF9, 0x7F, 0xE0, 0x3F, 0xFF, 0xFE, 0x03, 0xF8,
  0x0F, 0xFD, 0xFF, 0x86, 0xFE, 0x1B, 0xFF, 0xEF, 0xE0, 0x3F, 0xFF, 0xFE,
  0x43, 0xF9, 0x6F, 0xE7, 0xBF, 0x80, 0xFE, 0x03, 0xFF, 0xFF, 0xFF, 0xFF,
  0x80, 0xFE, 0x03, 0xF9, 0xEF, 0xE7, 0xBF, 0x80, 0xFF, 0xFF, 0xF8, 0x0F,
  0xE4, 0x3F, 0xE7, 0xFE, 0x3F, 0xF8, 0x0F, 0xFF, 0xFF, 0xFF, 0xFF, 0xFF,
  0xC0, 0xFF, 0xFF, 0xFF, 0xFF, 0xFF, 0xF8, 0x0F, 0xFD, 0xFF, 0xF7, 0xFE,
  0x03, 0xFF, 0xFF, 0xFF, 0xFF, 0x87, 0xFE, 0x5F, 0xF9, 0x7F, 0xE0, 0x3F,
  0xFF, 0xFE, 0x03, 0xF8, 0x0F, 0xFD, 0xFF, 0x86, 0xFE, 0x1B, 0xFF, 0xEF,
  0xE0, 0x3F, 0xFF, 0xFE, 0x43, 0xF9, 0x6F, 0xE7, 0xBF, 0x80, 0xFE, 0x03,
  0xFF, 0xFF, 0xFF, 0xFF, 0x80, 0xFE, 0x03, 0xF9, 0xEF, 0xE7, 0xBF, 0x80,
  0xFF, 0xFF, 0xF8, 0x0F, 0xE4, 0x3F, 0xE7, 0xFE, 0x3F, 0xF8, 0x0F, 0xFF,
  0xFF, 0xFF, 0xFF, 0xFF, 0xC0, 0xFF, 0xFF, 0xFF, 0xFF, 0xFF, 0xF8, 0x0F,
  0xFD, 0xFF, 0xF7, 0xFE, 0x03, 0xFF, 0xFF, 0xFF, 0xFF, 0x87, 0xFE, 0x5F,
  0xF9, 0x7F, 0xE0, 0x3F, 0xFF, 0xFE, 0x03, 0xF8, 0x0F, 0xFD, 0xFF, 0x86,
  0xFE, 0x1B, 0xFF, 0xEF, 0xE0, 0x3F, 0xFF, 0xFE, 0x43, 0xF9, 0x6F, 0xE7,
  0xBF, 0x80, 0xFE, 0x03, 0xFF, 0xFF, 0xFF, 0xFF, 0x80, 0xFE, 0x03, 0xF9,
  0xEF, 0xE7, 0xBF, 0x80, 0xFF, 0xFF, 0xF8, 0x0F, 0xE4, 0x3F, 0xE7, 0xFE,
  0x3F, 0xF8, 0x0F, 0xFF, 0xFF, 0xFF, 0xFF, 0xFF, 0xC0, 0xFF, 0xFF, 0xFF,
  0xFF, 0xFF, 0xF8, 0x0F, 0xFD, 0xFF, 0xF7, 0xFE, 0x03, 0xFF, 0xFF, 0xFF,
  0xFF, 0x87, 0xFE, 0x5F, 0xF9, 0x7F, 0xE0, 0x3F, 0xFF, 0xFE, 0x03, 0xF8,
  0x0F, 0xFD, 0xFF, 0x86, 0xFE, 0x1B, 0xFF, 0xEF, 0xE0, 0x3F, 0xFF, 0xFE,
  0x43, 0xF9, 0x6F, 0xE7, 0xBF, 0x80, 0xFE, 0x03, 0xFF, 0xFF, 0xFF, 0xFF,
  0x80, 0xFE, 0x03, 0xF9, 0xEF, 0xE7, 0xBF, 0x80, 0xFF, 0xFF, 0xF8, 0x0F,
  0xE4, 0x3F, 0xE7, 0xFE, 0x3F, 0xF8, 0x0F, 0xFF, 0xFF, 0xFF, 0xFF, 0xFF,
  0xC0, 0xFF, 0xFF, 0xFF, 0xFF, 0xFF, 0xF8, 0x0F, 0xFD, 0xFF, 0xF7, 0xFE,
  0x03, 0xFF, 0xFF, 0xFF, 0xFF, 0x87, 0xFE, 0x5F, 0xF9, 0x7F, 0xE0, 0x3F,
  0xFF, 0xFE, 0x03, 0xF8, 0x0F, 0xFD, 0xFF, 0x86, 0xFE, 0x1B, 0xFF, 0xEF,
  0xE0, 0x3F, 0xFF, 0xFE, 0x43, 0xF9, 0x6F, 0xE7, 0xBF, 0x80, 0xFE, 0x03,
  0xFF, 0xFF, 0xFF, 0xFF, 0x80, 0xFE, 0x03, 0xF9, 0xEF, 0xE7, 0xBF, 0x80,
  0xFF, 0xFF, 0xF8, 0x0F, 0xE4, 0x3F, 0xE7, 0xFE, 0x3F, 0xF8, 0x0F, 0xFF,
  0xFF, 0xFF, 0xFF, 0xFF, 0xC0, 0xFF, 0xFF, 0xFF, 0xFF, 0xFF, 0xF8, 0x0F,
  0xFD, 0xFF, 0xF7, 0xFE, 0x03, 0xFF, 0xFF, 0xFF, 0xFF, 0x87, 0xFE, 0x5F,
  0xF9, 0x7F, 0xE0, 0x3F, 0xFF, 0xFE, 0x03, 0xF8, 0x0F, 0xFD, 0xFF, 0x86,
  0xFE, 0x1B, 0xFF, 0xEF, 0xE0, 0x3F, 0xFF, 0xFE, 0x43, 0xF9, 0x6F, 0xE7,
  0xBF, 0x80, 0xFE, 0x03, 0xFF, 0xFF, 0xFF, 0xFF, 0x80, 0xFE, 0x03, 0xF9,
  0xEF, 0xE7, 0xBF, 0x80, 0xFF, 0xFF, 0xF8, 0x0F, 0xE4, 0x3F, 0xE7, 0xFE,
  0x3F, 0xF8, 0x0F, 0xFF, 0xFF, 0xFF, 0xFF, 0xFF, 0xC0, 0xFF, 0xFF, 0xFF,
  0xFF, 0xFF, 0xF8, 0x0F, 0xFD, 0xFF, 0xF7, 0xFE, 0x03, 0xFF, 0xFF, 0xFF,
  0xFF, 0x87, 0xFE, 0x5F, 0xF9, 0x7F, 0xE0, 0x3F, 0xFF, 0xFE, 0x03, 0xF8,
  0x0F, 0xFD, 0xFF, 0x86, 0xFE, 0x1B, 0xFF, 0xEF, 0xE0, 0x3F, 0xFF, 0xFE,
  0x43, 0xF9, 0x6F, 0xE7, 0xBF, 0x80, 0xFE, 0x03, 0xFF, 0xFF, 0xFF, 0xFF,
  0x80, 0xFE, 0x03, 0xF9, 0xEF, 0xE7, 0xBF, 0x80, 0xFF, 0xFF, 0xF8, 0x0F,
  0xE4, 0x3F, 0xE7, 0xFE, 0x3F, 0xF8, 0x0F, 0xFF, 0xFF, 0xFF, 0xFF, 0xFF,
  0xC0, 0xFF, 0xFF, 0xFF, 0xFF, 0xFF, 0xF8, 0x0F, 0xFD, 0xFF, 0xF7, 0xFE,
  0x03, 0xFF, 0xFF, 0xFF, 0xFF, 0x87, 0xFE, 0x5F, 0xF9, 0x7F, 0xE0, 0x3F,
  0xFF, 0xFE, 0x03, 0xF8, 0x0F, 0xFD, 0xFF, 0x86, 0xFE, 0x1B, 0xFF, 0xEF,
  0xE0, 0x3F, 0xFF, 0xFE, 0x43, 0xF9, 0x6F, 0xE7, 0xBF, 0x80, 0xFE, 0x03,
  0xFF, 0xFF, 0xFF, 0xFF, 0x80, 0xFE, 0x03, 0xF9, 0xEF, 0xE7, 0xBF, 0x80,
  0xFF, 0xFF, 0xF8, 0x0F, 0xE4, 0x3F, 0xE7, 0xFE, 0x3F, 0xF8, 0x0F, 0xFF,
  0xFF, 0xFF, 0xFF, 0xFF, 0xC0, 0xFF, 0xFF, 0xFF, 0xFF, 0xFF, 0xF8, 0x0F,
  0xFD, 0xFF, 0xF7, 0xFE, 0x03, 0xFF, 0xFF, 0xFF, 0xFF, 0x87, 0xFE, 0x5F,
  0xF9, 0x7F, 0xE0, 0x3F, 0xFF, 0xFE, 0x03, 0xF8, 0x0F, 0xFD, 0xFF, 0x86,
  0xFE, 0x1B, 0xFF, 0xEF, 0xE0, 0x3F, 0xFF, 0xFE, 0x43, 0xF9, 0x6F, 0xE7,
  0xBF, 0x80, 0xFE, 0x03, 0xFF, 0xFF, 0xFF, 0xFF, 0x80, 0xFE, 0x03, 0xF9,
  0xEF, 0xE7, 0xBF, 0x80, 0xFF, 0xFF, 0xF8, 0x0F, 0xE4, 0x3F, 0xE7, 0xFE,
  0x3F, 0xF8, 0x0F, 0xFF, 0xFF, 0xFF, 0xFF, 0xFF, 0xC0, 0xFF, 0xFF, 0xFF,
  0xFF, 0xFF, 0xF8, 0x0F, 0xFD, 0xFF, 0xF7, 0xFE, 0x03, 0xFF, 0xFF, 0xFF,
  0xFF, 0x87, 0xFE, 0x5F, 0xF9, 0x7F, 0xE0, 0x3F, 0xFF, 0xFE, 0x03, 0xF8,
  0x0F, 0xFD, 0xFF, 0x86, 0xFE, 0x1B, 0xFF, 0xEF, 0xE0, 0x3F, 0xFF, 0xFE,
  0x43, 0xF9, 0x6F, 0xE7, 0xBF, 0x80, 0xFE, 0x03, 0xFF, 0xFF, 0xFF, 0xFF,
  0x80, 0xFE, 0x03, 0xF9, 0xEF, 0xE7, 0xBF, 0x80, 0xFF, 0xFF, 0xF8, 0x0F,
  0xE4, 0x3F, 0xE7, 0xFE, 0x3F, 0xF8, 0x0F, 0xFF, 0xFF, 0xFF, 0xFF, 0xFF,
  0xC0, 0xFF, 0xFF, 0xFF, 0xFF, 0xFF, 0xF8, 0x0F, 0xFD, 0xFF, 0xF7, 0xFE,
  0x03, 0xFF, 0xFF, 0xFF, 0xFF, 0x87, 0xFE, 0x5F, 0xF9, 0x7F, 0xE0, 0x3F,
  0xFF, 0xFE, 0x03, 0xF8, 0x0F, 0xFD, 0xFF, 0x86, 0xFE, 0x1B, 0xFF, 0xEF,
  0xE0, 0x3F, 0xFF, 0xFE, 0x43, 0xF9, 0x6F, 0xE7, 0xBF, 0x80, 0xFE, 0x03,
  0xFF, 0xFF, 0xFF, 0xFF, 0x80, 0xFE, 0x03, 0xF9, 0xEF, 0xE7, 0xBF, 0x80,
  0xFF, 0xFF, 0xF8, 0x0F, 0xE4, 0x3F, 0xE7, 0xFE, 0x3F, 0xF8, 0x0F, 0xFF,
  0xFF, 0xFF, 0xFF, 0xFF, 0xC0, 0xFF, 0xFF, 0xFF, 0xFF, 0xFF, 0xF8, 0x0F,
  0xFD, 0xFF, 0xF7, 0xFE, 0x03, 0xFF, 0xFF, 0xFF, 0xFF, 0x87, 0xFE, 0x5F,
  0xF9, 0x7F, 0xE0, 0x3F, 0xFF, 0xFE, 0x03, 0xF8, 0x0F, 0xFD, 0xFF, 0x86,
  0xFE, 0x1B, 0xFF, 0xEF, 0xE0, 0x3F, 0xFF, 0xFE, 0x43, 0xF9, 0x6F, 0xE7,
  0xBF, 0x80, 0xFE, 0x03, 0xFF, 0xFF, 0xFF, 0xFF, 0x80, 0xFE, 0x03, 0xF9,
  0xEF, 0xE7, 0xBF, 0x80, 0xFF, 0xFF, 0xF8, 0x0F, 0xE4, 0x3F, 0xE7, 0xFE,
  0x3F, 0xF8, 0x0F, 0xFF, 0xFF, 0xFF, 0xFF, 0xFF, 0xC0, 0xFF, 0xFF, 0xFF,
  0xFF, 0xFF, 0xF8, 0x0F, 0xFD, 0xFF, 0xF7, 0xFE, 0x03, 0xFF, 0xFF, 0xFF,
  0xFF, 0x87, 0xFE, 0x5F, 0xF9, 0x7F, 0xE0, 0x3F, 0xFF, 0xFE, 0x03, 0xF8,
  0x0F, 0xFD, 0xFF, 0x86, 0xFE, 0x1B, 0xFF, 0xEF, 0xE0, 0x3F, 0xFF, 0xFE,
  0x43, 0xF9, 0x6F, 0xE7, 0xBF, 0x80, 0xFE, 0x03, 0xFF, 0xFF, 0xFF, 0xFF,
  0x80, 0xFE, 0x03, 0xF9, 0xEF, 0xE7, 0xBF, 0x80, 0xFF, 0xFF, 0xF8, 0x0F,
  0xE4, 0x3F, 0xE7, 0xFE, 0x3F, 0xF8, 0x0F, 0xFF, 0xFF, 0xFF, 0xFF, 0xFF,
  0xC0, 0xFF, 0xFF, 0xFF, 0xFF, 0xFF, 0xF8, 0x0F, 0xFD, 0xFF, 0xF7, 0xFE,
  0x03, 0xFF, 0xFF, 0xFF, 0xFF, 0x87, 0xFE, 0x5F, 0xF9, 0x7F, 0xE0, 0x3F,
  0xFF, 0xFE, 0x03, 0xF8, 0x0F, 0xFD, 0xFF, 0x86, 0xFE, 0x1B, 0xFF, 0xEF,
  0xE0, 0x3F, 0xFF, 0xFE, 0x43, 0xF9, 0x6F, 0xE7, 0xBF, 0x80, 0xFE, 0x03,
  0xFF, 0xFF, 0xFF, 0xFF, 0x80, 0xFE, 0x03, 0xF9, 0xEF, 0xE7, 0xBF, 0x80,
  0xFF, 0xFF, 0xF8, 0x0F, 0xE4, 0x3F, 0xE7, 0xFE, 0x3F, 0xF8, 0x0F, 0xFF,
  0xFF, 0xFF, 0xFF, 0xFF, 0xC0, 0xFF, 0xFF, 0xFF, 0xFF, 0xFF, 0xF8, 0x0F,
  0xFD, 0xFF, 0xF7, 0xFE, 0x03, 0xFF, 0xFF, 0xFF, 0xFF, 0x87, 0xFE, 0x5F,
  0xF9, 0x7F, 0xE0, 0x3F, 0xFF, 0xFE, 0x03, 0xF8, 0x0F, 0xFD, 0xFF, 0x86,
  0xFE, 0x1B, 0xFF, 0xEF, 0xE0, 0x3F, 0xFF, 0xFE, 0x43, 0xF9, 0x6F, 0xE7,
  0xBF, 0x80, 0xFE, 0x03, 0xFF, 0xFF, 0xFF, 0xFF, 0x80, 0xFE, 0x03, 0xF9,
  0xEF, 0xE7, 0xBF, 0x80, 0xFF, 0xFF, 0xF8, 0x0F, 0xE4, 0x3F, 0xE7, 0xFE,
  0x3F, 0xF8, 0x0F, 0xFF, 0xFF, 0xFF, 0xFF, 0xFF, 0xC0, 0xFF, 0xFF, 0xFF,
  0xFF, 0xFF, 0xF8, 0x0F, 0xFD, 0xFF, 0xF7, 0xFE, 0x03, 0xFF, 0xFF, 0xFF,
  0xFF, 0x87, 0xFE, 0x5F, 0xF9, 0x7F, 0xE0, 0x3F, 0xFF, 0xFE, 0x03, 0xF8,
  0x0F, 0xFD, 0xFF, 0x86, 0xFE, 0x1B, 0xFF, 0xEF, 0xE0, 0x3F, 0xFF, 0xFE,
  0x43, 0xF9, 0x6F, 0xE7, 0xBF, 0x80, 0xFE, 0x03, 0xFF, 0xFF, 0xFF, 0xFF,
  0x80, 0xFE, 0x03, 0xF9, 0xEF, 0xE7, 0xBF, 0x80, 0xFF, 0xFF, 0xF8, 0x0F,
  0xE4, 0x3F, 0xE7, 0xFE, 0x3F, 0xF8, 0x0F, 0xFF, 0xFF, 0xFF, 0xFF, 0xFF,
  0xC0, 0xFF, 0xFF, 0xFF, 0xFF, 0xFF, 0xF8, 0x0F, 0xFD, 0xFF, 0xF7, 0xFE,
  0x03, 0xFF, 0xFF, 0xFF, 0xFF, 0x87, 0xFE, 0x5F, 0xF9, 0x7F, 0xE0, 0x3F,
  0xFF, 0xFE, 0x03, 0xF8, 0x0F, 0xFD, 0xFF, 0x86, 0xFE, 0x1B, 0xFF, 0xEF,
  0xE0, 0x3F, 0xFF, 0xFE, 0x43, 0xF9, 0x6F, 0xE7, 0xBF, 0x80, 0xFE, 0x03,
  0xFF, 0xFF, 0xFF, 0xFF, 0x80, 0xFE, 0x03, 0xF9, 0xEF, 0xE7, 0xBF, 0x80,
  0xFF, 0xFF, 0xF8, 0x0F, 0xE4, 0x3F, 0xE7, 0xFE, 0x3F, 0xF8, 0x0F, 0xFF,
  0xFF, 0xFF, 0xFF, 0xFF, 0xC0, 0xFF, 0xFF, 0xFF, 0xFF, 0xFF, 0xF8, 0x0F,
  0xFD, 0xFF, 0xF7, 0xFE, 0x03, 0xFF, 0xFF, 0xFF, 0xFF, 0x87, 0xFE, 0x5F,
  0xF9, 0x7F, 0xE0, 0x3F, 0xFF, 0xFE, 0x03, 0xF8, 0x0F, 0xFD, 0xFF, 0x86,
  0xFE, 0x1B, 0xFF, 0xEF, 0xE0, 0x3F, 0xFF, 0xFE, 0x43, 0xF9, 0x6F, 0xE7,
  0xBF, 0x80, 0xFE, 0x03, 0xFF, 0xFF, 0xFF, 0xFF, 0x80, 0xFE, 0x03, 0xF9,
  0xEF, 0xE7, 0xBF, 0x80, 0xFF, 0xFF, 0xF8, 0x0F, 0xE4, 0x3F, 0xE7, 0xFE,
  0x3F, 0xF8, 0x0F, 0xFF, 0xFF, 0xFF, 0xFF, 0xFF, 0xC0, 0xFF, 0xFF, 0xFF,
  0xFF, 0xFF, 0xF8, 0x0F, 0xFD, 0xFF, 0xF7, 0xFE, 0x03, 0xFF, 0xFF, 0xFF,
  0xFF, 0x87, 0xFE, 0x5F, 0xF9, 0x7F, 0xE0, 0x3F, 0xFF, 0xFE, 0x03, 0xF8,
  0x0F, 0xFD, 0xFF, 0x86, 0xFE, 0x1B, 0xFF, 0xEF, 0xE0, 0x3F, 0xFF, 0xFE,
  0x43, 0xF9, 0x6F, 0xE7, 0xBF, 0x80, 0xFE, 0x03, 0xFF, 0xFF, 0xFF, 0xFF,
  0x80, 0xFE, 0x03, 0xF9, 0xEF, 0xE7, 0xBF, 0x80, 0xFF, 0xFF, 0xF8, 0x0F,
  0xE4, 0x3F, 0xE7, 0xFE, 0x3F, 0xF8, 0x0F, 0xFF, 0xFF, 0xFF, 0xFF, 0xFF,
  0xC0, 0xFF, 0xFF, 0xFF, 0xFF, 0xFF, 0xF8, 0x0F, 0xFD, 0xFF, 0xF7, 0xFE,
  0x03, 0xFF, 0xFF, 0xFF, 0xFF, 0x87, 0xFE, 0x5F, 0xF9, 0x7F, 0xE0, 0x3F,
  0xFF, 0xFE, 0x03, 0xF8, 0x0F, 0xFD, 0xFF, 0x86, 0xFE, 0x1B, 0xFF, 0xEF,
  0xE0, 0x3F, 0xFF, 0xFE, 0x43, 0xF9, 0x6F, 0xE7, 0xBF, 0x80, 0xFE, 0x03,
  0xFF, 0xFF, 0xFF, 0xFF, 0x80, 0xFE, 0x03, 0xF9, 0xEF, 0xE7, 0xBF, 0x80,
  0xFF, 0xFF, 0xF8, 0x0F, 0xE4, 0x3F, 0xE7, 0xFE, 0x3F, 0xF8, 0x0F, 0xFF,
  0xFF, 0xFF, 0xFF, 0xFF, 0xC0, 0xFF, 0xFF, 0xFF, 0xFF, 0xFF, 0xF8, 0x0F,
  0xFD, 0xFF, 0xF7, 0xFE, 0x03, 0xFF, 0xFF, 0xFF, 0xFF, 0x87, 0xFE, 0x5F,
  0xF9, 0x7F, 0xE0, 0x3F, 0xFF, 0xFE, 0x03, 0xF8, 0x0F, 0xFD, 0xFF, 0x86,
  0xFE, 0x1B, 0xFF, 0xEF, 0xE0, 0x3F, 0xFF, 0xFE, 0x43, 0xF9, 0x6F, 0xE7,
  0xBF, 0x80, 0xFE, 0x03, 0xFF, 0xFF, 0xFF, 0xFF, 0x80, 0xFE, 0x03, 0xF9,
  0xEF, 0xE7, 0xBF, 0x80, 0xFF, 0xFF, 0xF8, 0x0F, 0xE4, 0x3F, 0xE7, 0xFE,
  0x3F, 0xF8, 0x0F, 0xFF, 0xFF, 0xFF, 0xFF, 0xFF, 0xC0, 0xFF, 0xFF, 0xFF,
  0xFF, 0xFF, 0xF8, 0x0F, 0xFD, 0xFF, 0xF7, 0xFE, 0x03, 0xFF, 0xFF, 0xFF,
  0xFF, 0x87, 0xFE, 0x5F, 0xF9, 0x7F, 0xE0, 0x3F, 0xFF, 0xFE, 0x03, 0xF8,
  0x0F, 0xFD, 0xFF, 0x86, 0xFE, 0x1B, 0xFF, 0xEF, 0xE0, 0x3F, 0xFF, 0xFE,
  0x43, 0xF9, 0x6F, 0xE7, 0xBF, 0x80, 0xFE, 0x03, 0xFF, 0xFF, 0xFF, 0xFF,
  0x80, 0xFE, 0x03, 0xF9, 0xEF, 0xE7, 0xBF, 0x80, 0xFF, 0xFF, 0xF8, 0x0F,
  0xE4, 0x3F, 0xE7, 0xFE, 0x3F, 0xF8, 0x0F, 0xFF, 0xFF, 0xFF, 0xFF, 0xFF,
  0xC0, 0xFF, 0xFF, 0xFF, 0xFF, 0xFF, 0xF8, 0x0F, 0xFD, 0xFF, 0xF7, 0xFE,
  0x03, 0xFF, 0xFF, 0xFF, 0xFF, 0x87, 0xFE, 0x5F, 0xF9, 0x7F, 0xE0, 0x3F,
  0xFF, 0xFE, 0x03, 0xF8, 0x0F, 0xFD, 0xFF, 0x86, 0xFE, 0x1B, 0xFF, 0xEF,
  0xE0, 0x3F, 0xFF, 0xFE, 0x43, 0xF9, 0x6F, 0xE7, 0xBF, 0x80, 0xFE, 0x03,
  0xFF, 0xFF, 0xFF, 0xFF, 0x80, 0xFE, 0x03, 0xF9, 0xEF, 0xE7, 0xBF, 0x80,
  0xFF, 0xFF, 0xF8, 0x0F, 0xE4, 0x3F, 0xE7, 0xFE, 0x3F, 0xF8, 0x0F, 0xFF,
  0xFF, 0xFF, 0xFF, 0xFF, 0xC0, 0xFF, 0xFF, 0xFF, 0xFF, 0xFF, 0xF8, 0x0F,
  0xFD, 0xFF, 0xF7, 0xFE, 0x03, 0xFF, 0xFF, 0xFF, 0xFF, 0x87, 0xFE, 0x5F,
  0xF9, 0x7F, 0xE0, 0x3F, 0xFF, 0xFE, 0x03, 0xF8, 0x0F, 0xFD, 0xFF, 0x86,
  0xFE, 0x1B, 0xFF, 0xEF, 0xE0, 0x3F, 0xFF, 0xFE, 0x43, 0xF9, 0x6F, 0xE7,
  0xBF, 0x80, 0xFE, 0x03, 0xFF, 0xFF, 0xFF, 0xFF, 0x80, 0xFE, 0x03, 0xF9,
  0xEF, 0xE7, 0xBF, 0x80, 0xFF, 0xFF, 0xF8, 0x0F, 0xE4, 0x3F, 0xE7, 0xFE,
  0x3F, 0xF8, 0x0F, 0xFF, 0xFF, 0xFF, 0xFF, 0xFF, 0xC0, 0xFF, 0xFF, 0xFF,
  0xFF, 0xFF, 0xF8, 0x0F, 0xFD, 0xFF, 0xF7, 0xFE, 0x03, 0xFF, 0xFF, 0xFF,
  0xFF, 0x87, 0xFE, 0x5F, 0xF9, 0x7F, 0xE0, 0x3F, 0xFF, 0xFE, 0x03, 0xF8,
  0x0F, 0xFD, 0xFF, 0x86, 0xFE, 0x1B, 0xFF, 0xEF, 0xE0, 0x3F, 0xFF, 0xFE,
  0x43, 0xF9, 0x6F, 0xE7, 0xBF, 0x80, 0xFE, 0x03, 0xFF, 0xFF, 0xFF, 0xFF,
  0x80, 0xFE, 0x03, 0xF9, 0xEF, 0xE7, 0xBF, 0x80, 0xFF, 0xFF, 0xF8, 0x0F,
  0xE4, 0x3F, 0xE7, 0xFE, 0x3F, 0xF8, 0x0F, 0xFF, 0xFF, 0xFF, 0xFF, 0xFF,
  0xC0, 0xFF, 0xFF, 0xFF, 0xFF, 0xFF, 0xF8, 0x0F, 0xFD, 0xFF, 0xF7, 0xFE,
  0x03, 0xFF, 0xFF, 0xFF, 0xFF, 0x87, 0xFE, 0x5F, 0xF9, 0x7F, 0xE0, 0x3F,
  0xFF, 0xFE, 0x03, 0xF8, 0x0F, 0xFD, 0xFF, 0x86, 0xFE, 0x1B, 0xFF, 0xEF,
  0xE0, 0x3F, 0xFF, 0xFE, 0x43, 0xF9, 0x6F, 0xE7, 0xBF, 0x80, 0xFE, 0x03,
  0xFF, 0xFF, 0xFF, 0xFF, 0x80, 0xFE, 0x03, 0xF9, 0xEF, 0xE7, 0xBF, 0x80,
  0xFF, 0xFF, 0xF8, 0x0F, 0xE4, 0x3F, 0xE7, 0xFE, 0x3F, 0xF8, 0x0F, 0xFF,
  0xFF, 0xFF, 0xFF, 0xFF, 0xC0, 0xFF, 0xFF, 0xFF, 0xFF, 0xFF, 0xF8, 0x0F,
  0xFD, 0xFF, 0xF7, 0xFE, 0x03, 0xFF, 0xFF, 0xFF, 0xFF, 0x87, 0xFE, 0x5F,
  0xF9, 0x7F, 0xE0, 0x3F, 0xFF, 0xFE, 0x03, 0xF8, 0x0F, 0xFD, 0xFF, 0x86,
  0xFE, 0x1B, 0xFF, 0xEF, 0xE0, 0x3F, 0xFF, 0xFE, 0x43, 0xF9, 0x6F, 0xE7,
  0xBF, 0x80, 0xFE, 0x03, 0xFF, 0xFF, 0xFF, 0xFF, 0x80, 0xFE, 0x03, 0xF9,
  0xEF, 0xE7, 0xBF, 0x80, 0xFF, 0xFF, 0xF8, 0x0F, 0xE4, 0x3F, 0xE7, 0xFE,
  0x3F, 0xF8, 0x0F, 0xFF, 0xFF, 0xFF, 0xFF, 0xFF, 0xC0, 0xFF, 0xFF, 0xFF,
  0xFF, 0xFF, 0xF8, 0x0F, 0xFD, 0xFF, 0xF7, 0xFE, 0x03, 0xFF, 0xFF, 0xFF,
  0xFF, 0x87, 0xFE, 0x5F, 0xF9, 0x7F, 0xE0, 0x3F, 0xFF, 0xFE, 0x03, 0xF8,
  0x0F, 0xFD, 0xFF, 0x86, 0xFE, 0x1B, 0xFF, 0xEF, 0xE0, 0x3F, 0xFF, 0xFE,
  0x43, 0xF9, 0x6F, 0xE7, 0xBF, 0x80, 0xFE, 0x03, 0xFF, 0xFF, 0xFF, 0xFF,
  0x80, 0xFE, 0x03, 0xF9, 0xEF, 0xE7, 0xBF, 0x80, 0xFF, 0xFF, 0xF8, 0x0F,
  0xE4, 0x3F, 0xE7, 0xFE, 0x3F, 0xF8, 0x0F, 0xFF, 0xFF, 0xFF, 0xFF, 0xFF,
  0xC0, 0xFF, 0xFF, 0xFF, 0xFF, 0xFF, 0xF8, 0x0F, 0xFD, 0xFF, 0xF7, 0xFE,
  0x03, 0xFF, 0xFF, 0xFF, 0xFF, 0x87, 0xFE, 0x5F, 0xF9, 0x7F, 0xE0, 0x3F,
  0xFF, 0xFE, 0x03, 0xF8, 0x0F, 0xFD, 0xFF, 0x86, 0xFE, 0x1B, 0xFF, 0xEF,
  0xE0, 0x3F, 0xFF, 0xFE, 0x43, 0xF9, 0x6F, 0xE7, 0xBF, 0x80, 0xFE, 0x03,
  0xFF, 0xFF, 0xFF, 0xFF, 0x80, 0xFE, 0x03, 0xF9, 0xEF, 0xE7, 0xBF, 0x80,
  0xFF, 0xFF, 0xF8, 0x0F, 0xE4, 0x3F, 0xE7, 0xFE, 0x3F, 0xF8, 0x0F, 0xFF,
  0xFF, 0xFF, 0xFF, 0xFF, 0xC0, 0xFF, 0xFF, 0xFF, 0xFF, 0xFF, 0xF8, 0x0F,
  0xFD, 0xFF, 0xF7, 0xFE, 0x03, 0xFF, 0xFF, 0xFF, 0xFF, 0x87, 0xFE, 0x5F,
  0xF9, 0x7F, 0xE0, 0x3F, 0xFF, 0xFE, 0x03, 0xF8, 0x0F, 0xFD, 0xFF, 0x86,
  0xFE, 0x1B, 0xFF, 0xEF, 0xE0, 0x3F, 0xFF, 0xFE, 0x43, 0xF9, 0x6F, 0xE7,
  0xBF, 0x80, 0xFE, 0x03, 0xFF, 0xFF, 0xFF, 0xFF, 0x80, 0xFE, 0x03, 0xF9,
  0xEF, 0xE7, 0xBF, 0x80, 0xFF, 0xFF, 0xF8, 0x0F, 0xE4, 0x3F, 0xE7, 0xFE,
  0x3F, 0xF8, 0x0F, 0xFF, 0xFF, 0xFF, 0xFF, 0xFF, 0xC0, 0xFF, 0xFF, 0xFF,
  0xFF, 0xFF, 0xF8, 0x0F, 0xFD, 0xFF, 0xF7, 0xFE, 0x03, 0xFF, 0xFF, 0xFF,
  0xFF, 0x87, 0xFE, 0x5F, 0xF9, 0x7F, 0xE0, 0x3F, 0xFF, 0xFE, 0x03, 0xF8,
  0x0F, 0xFD, 0xFF, 0x86, 0xFE, 0x1B, 0xFF, 0xEF, 0xE0, 0x3F, 0xFF, 0xFE,
  0x43, 0xF9, 0x6F, 0xE7, 0xBF, 0x80, 0xFE, 0x03, 0xFF, 0xFF, 0xFF, 0xFF,
  0x80, 0xFE, 0x03, 0xF9, 0xEF, 0xE7, 0xBF, 0x80, 0xFF, 0xFF, 0xF8, 0x0F,
  0xE4, 0x3F, 0xE7, 0xFE, 0x3F, 0xF8, 0x0F, 0xFF, 0xFF, 0xFF, 0xFF, 0xFF,
  0xC0, 0xFF, 0xFF, 0xFF, 0xFF, 0xFF, 0xF8, 0x0F, 0xFD, 0xFF, 0xF7, 0xFE,
  0x03, 0xFF, 0xFF, 0xFF, 0xFF, 0x87, 0xFE, 0x5F, 0xF9, 0x7F, 0xE0, 0x3F,
  0xFF, 0xFE, 0x03, 0xF8, 0x0F, 0xFD, 0xFF, 0x86, 0xFE, 0x1B, 0xFF, 0xEF,
  0xE0, 0x3F, 0xFF, 0xFE, 0x43, 0xF9, 0x6F, 0xE7, 0xBF, 0x80, 0xFE, 0x03,
  0xFF, 0xFF, 0xFF, 0xFF, 0x80, 0xFE, 0x03, 0xF9, 0xEF, 0xE7, 0xBF, 0x80,
  0xFF, 0xFF, 0xF8, 0x0F, 0xE4, 0x3F, 0xE7, 0xFE, 0x3F, 0xF8, 0x0F, 0xFF,
  0xFF, 0xFF, 0xFF, 0xFF, 0xC0, 0xFF, 0xFF, 0xFF, 0xFF, 0xFF, 0xF8, 0x0F,
  0xFD, 0xFF, 0xF7, 0xFE, 0x03, 0xFF, 0xFF, 0xFF, 0xFF, 0x87, 0xFE, 0x5F,
  0xF9, 0x7F, 0xE0, 0x3F, 0xFF, 0xFE, 0x03, 0xF8, 0x0F, 0xFD, 0xFF, 0x86,
  0xFE, 0x1B, 0xFF, 0xEF, 0xE0, 0x3F, 0xFF, 0xFE, 0x43, 0xF9, 0x6F, 0xE7,
  0xBF, 0x80, 0xFE, 0x03, 0xFF, 0xFF, 0xFF, 0xFF, 0x80, 0xFE, 0x03, 0xF9,
  0xEF, 0xE7, 0xBF, 0x80, 0xFF, 0xFF, 0xF8, 0x0F, 0xE4, 0x3F, 0xE7, 0xFE,
  0x3F, 0xF8, 0x0F, 0xFF, 0xFF, 0xFF, 0xFF, 0xFF, 0xC0, 0x00, 0xFF, 0xFF,
  0x00, 0x00, 0x01, 0x77, 0x77, 0x77, 0x77, 0x77, 0x7F, 0xFF, 0xFF, 0xFF,
  0xFF, 0x00, 0x60, 0x00, 0x18, 0x00, 0x06, 0x00, 0x01, 0x80, 0x00, 0x60,
  0x00, 0x18, 0x00, 0x3F, 0xE0, 0x1F, 0xFF, 0x1F, 0x07, 0xCF, 0x80, 0x73,
  0x80, 0x1D, 0xE0, 0x07, 0x70, 0x01, 0xFC, 0x00, 0x0F, 0x00, 0x03, 0xC0,
  0x00, 0xF0, 0x00, 0x3C, 0x00, 0x0F, 0x00, 0x03, 0xC0, 0x00, 0x70, 0x00,
  0x1E, 0x00, 0x07, 0x80, 0x04, 0xF0, 0x03, 0x1F, 0x07, 0xC3, 0xFF, 0xE0,
  0x7F, 0xC0, 0x01, 0x80, 0x00, 0x60, 0x00, 0x18, 0x00, 0x06, 0x00, 0x01,
  0x80, 0x00, 0x60, 0x00, 0x00, 0xFF, 0xF8, 0x0F, 0xFF, 0xF0, 0x3E, 0x07,
  0xC1, 0xE0, 0x07, 0x07, 0x00, 0x18, 0x3C, 0x00, 0x60, 0xF0, 0x01, 0x83,
  0xC0, 0x00, 0x0F, 0x00, 0x00, 0x3C, 0x00, 0x00, 0xF0, 0x00, 0x03, 0xC0,
  0x00, 0x07, 0x00, 0x03, 0xFF, 0xFC, 0x0F, 0xFF, 0xF0, 0x01, 0xE0, 0x00,
  0x07, 0x80, 0x00, 0x1E, 0x00, 0x00, 0x78, 0x00, 0x01, 0xE0, 0x00, 0x07,
  0x80, 0x00, 0x1E, 0x00, 0x00, 0x78, 0x00, 0x01, 0xE0, 0x03, 0x07, 0x80,
  0x1C, 0x1C, 0x00, 0x70, 0x70, 0x01, 0xC7, 0xFF, 0xFF, 0xFF, 0xFF, 0xFF,
  0xFF, 0xFF, 0xF0, 0x20, 0x00, 0x03, 0x00, 0x01, 0xBC, 0x08, 0x1C, 0x77,
  0xFD, 0xC1, 0xFF, 0xFC, 0x07, 0x83, 0xC0, 0x38, 0x0F, 0x03, 0x80, 0x38,
  0x1C, 0x01, 0xC0, 0xE0, 0x0E, 0x07, 0x00, 0x70, 0x38, 0x03, 0x81, 0xC0,
  0x1C, 0x0E, 0x01, 0xC0, 0x38, 0x1E, 0x03, 0xFB, 0xF8, 0x3B, 0xFE, 0xE7,
  0x87, 0xC3, 0xD8, 0x00, 0x0C, 0x00, 0x00, 0x40, 0xFF, 0xE0, 0x7F, 0xFF,
  0xFC, 0x0F, 0xFC, 0x78, 0x00, 0x3C, 0x07, 0x00, 0x07, 0x00, 0xF0, 0x00,
  0xE0, 0x0E, 0x00, 0x38, 0x01, 0xE0, 0x07, 0x00, 0x1C, 0x01, 0xC0, 0x03,
  0xC0, 0x38, 0x00, 0x38, 0x0E, 0x00, 0x07, 0x81, 0xC0, 0x00, 0x70, 0x70,
  0x00, 0x0F, 0x0E, 0x00, 0x00, 0xE3, 0x80, 0x00, 0x1E, 0x70, 0x00, 0x01,
  0xDC, 0x00, 0x0F, 0xFF, 0xFE, 0x01, 0xFF, 0xFF, 0xC0, 0x00, 0x00, 0x00,
  0x00, 0x00, 0x00, 0x00, 0x00, 0x00, 0x00, 0x1F, 0xFF, 0xFC, 0x03, 0xFF,
  0xFF, 0x80, 0x00, 0x70, 0x00, 0x00, 0x0E, 0x00, 0x00, 0x01, 0xC0, 0x00,
  0x00, 0x38, 0x00, 0x00, 0x0F, 0x80, 0x00, 0x0F, 0xFE, 0x00, 0x01, 0xFF,
  0xC0, 0x00, 0xFF, 0xFF, 0xFF, 0xFF, 0x00, 0x00, 0xFF, 0xFF, 0xFF, 0xFC,
  0x07, 0xFE, 0x0F, 0xFF, 0x8F, 0x01, 0xCF, 0x00, 0xE7, 0x00, 0x73, 0x80,
  0x01, 0xC0, 0x00, 0xF0, 0x00, 0x38, 0x00, 0x1F, 0x00, 0x07, 0xC0, 0x01,
  0xF8, 0x01, 0xFF, 0x03, 0xCF, 0xC1, 0xC1, 0xF1, 0xC0, 0x3C, 0xE0, 0x0F,
  0x70, 0x03, 0xB8, 0x01, 0xFE, 0x00, 0x77, 0x80, 0x39, 0xE0, 0x38, 0x7C,
  0x1C, 0x1F, 0x9C, 0x03, 0xFC, 0x00, 0xFC, 0x00, 0x1F, 0x00, 0x07, 0xC0,
  0x01, 0xE0, 0x00, 0x70, 0x00, 0x3C, 0xC0, 0x1E, 0x60, 0x0E, 0x30, 0x07,
  0x18, 0x0F, 0x9F, 0xFF, 0x8F, 0xFF, 0x00, 0x7C, 0x00, 0x70, 0x7F, 0x83,
  0xFE, 0x1E, 0xE0, 0xF0, 0x00, 0x1F, 0xFC, 0x00, 0x00, 0xFF, 0xFF, 0x00,
  0x01, 0xE0, 0x07, 0xC0, 0x03, 0x80, 0x01, 0xE0, 0x0F, 0x00, 0x00, 0x70,
  0x0E, 0x00, 0x00, 0x38, 0x1C, 0x00, 0x00, 0x1C, 0x38, 0x07, 0xF8, 0x0C,
  0x30, 0x1F, 0xFC, 0x0E, 0x70, 0x1C, 0x0C, 0x06, 0x70, 0x38, 0x0C, 0x06,
  0x60, 0x30, 0x0C, 0x07, 0x60, 0x70, 0x00, 0x07, 0x60, 0x70, 0x00, 0x07,
  0xE0, 0x70, 0x00, 0x03, 0xE0, 0x70, 0x00, 0x07, 0x60, 0x70, 0x00, 0x07,
  0x60, 0x70, 0x00, 0x07, 0x60, 0x70, 0x00, 0x07, 0x70, 0x38, 0x04, 0x06,
  0x70, 0x3C, 0x0E, 0x0E, 0x30, 0x1F, 0xFC, 0x0C, 0x38, 0x07, 0xF0, 0x1C,
  0x1C, 0x00, 0x00, 0x18, 0x1C, 0x00, 0x00, 0x38, 0x0E, 0x00, 0x00, 0xF0,
  0x07, 0x80, 0x01, 0xE0, 0x03, 0xE0, 0x07, 0x80, 0x00, 0xFF, 0xFF, 0x00,
  0x00, 0x3F, 0xF8, 0x00, 0x3F, 0xE0, 0xFF, 0xE1, 0x80, 0xE3, 0x01, 0xC6,
  0x03, 0x80, 0x07, 0x00, 0x0E, 0x07, 0xFC, 0x7F, 0xF9, 0xE0, 0x73, 0x80,
  0xE7, 0x01, 0xCE, 0x03, 0x9C, 0x0F, 0x1F, 0xF7, 0x9F, 0x8F, 0x00, 0x00,
  0x00, 0x00, 0x00, 0x00, 0x00, 0x0F, 0xFF, 0xFF, 0xFF, 0xC0, 0x01, 0x01,
  0x01, 0xC1, 0xC1, 0xC1, 0xC1, 0xC0, 0xE0, 0xE0, 0xE0, 0xE0, 0xE0, 0xE0,
  0xF0, 0xF0, 0xF0, 0xF0, 0x70, 0x70, 0x38, 0x1C, 0x1C, 0x0F, 0x07, 0x03,
  0xC3, 0xC0, 0xE0, 0xE0, 0x38, 0x38, 0x0E, 0x0E, 0x03, 0x83, 0x81, 0x80,
  0x80, 0xFF, 0xFF, 0xFF, 0xFF, 0xFF, 0xC0, 0x00, 0x0E, 0x00, 0x00, 0x70,
  0x00, 0x03, 0x80, 0x00, 0x1C, 0x00, 0x00, 0xE0, 0x00, 0x07, 0x00, 0x00,
  0x38, 0x00, 0x01, 0xC0, 0x00, 0x0E, 0xFF, 0xFF, 0xFF, 0xFF, 0xFF, 0xF8,
  0x0F, 0xFD, 0xFF, 0xF7, 0xFE, 0x03, 0xFF, 0xFF, 0xFF, 0xFF, 0x87, 0xFE,
  0x5F, 0xF9, 0x7F, 0xE0, 0x3F, 0xFF, 0xFE, 0x03, 0xF8, 0x0F, 0xFD, 0xFF,
  0x86, 0xFE, 0x1B, 0xFF, 0xEF, 0xE0, 0x3F, 0xFF, 0xFE, 0x43, 0xF9, 0x6F,
  0xE7, 0xBF, 0x80, 0xFE, 0x03, 0xFF, 0xFF, 0xFF, 0xFF, 0x80, 0xFE, 0x03,
  0xF9, 0xEF, 0xE7, 0xBF, 0x80, 0xFF, 0xFF, 0xF8, 0x0F, 0xE4, 0x3F, 0xE7,
  0xFE, 0x3F, 0xF8, 0x0F, 0xFF, 0xFF, 0xFF, 0xFF, 0xFF, 0xC0, 0x00, 0xFF,
  0x00, 0x01, 0xFF, 0xF0, 0x03, 0xC0, 0x1C, 0x03, 0x80, 0x03, 0x83, 0x80,
  0x00, 0xC1, 0x9F, 0xF0, 0x31, 0x87, 0xFE, 0x0C, 0xC1, 0x83, 0x06, 0xC0,
  0xC1, 0xC3, 0x60, 0x60, 0xE0, 0xF0, 0x30, 0x60, 0x78, 0x19, 0xE0, 0x3C,
  0x0F, 0xC0, 0x1E, 0x06, 0x38, 0x0F, 0x03, 0x0C, 0x07, 0x81, 0x83, 0x03,
  0xC0, 0xC1, 0x83, 0x70, 0x60, 0x61, 0x98, 0xFC, 0x39, 0x8E, 0x00, 0x01,
  0xC3, 0x80, 0x01, 0xC0, 0xE0, 0x01, 0xC0, 0x3C, 0x03, 0xC0, 0x07, 0xFF,
  0x80, 0x00, 0x7E, 0x00, 0x00, 0xFF, 0xFF, 0xFC, 0x06, 0x00, 0xFF, 0x1F,
  0x7C, 0xE0, 0xEE, 0x03, 0xF0, 0x1F, 0x80, 0x7C, 0x03, 0xE0, 0x3B, 0x01,
  0x9C, 0x1C, 0x7F, 0xC1, 0xF8, 0x00, 0x00, 0xE0, 0x00, 0x0E, 0x00, 0x00,
  0xE0, 0x00, 0x0E, 0x00, 0x00, 0xE0, 0x00, 0x0E, 0x00, 0x00, 0xE0, 0x00,
  0x0E, 0x00, 0xFF, 0xFF, 0xFF, 0xFF, 0xFF, 0xFF, 0xFF, 0xF0, 0x0E, 0x00,
  0x00, 0xE0, 0x00, 0x0E, 0x00, 0x00, 0xE0, 0x00, 0x0E, 0x00, 0x00, 0xE0,
  0x00, 0x0E, 0x00, 0x00, 0xE0, 0x00, 0x00, 0x00, 0x00, 0x00, 0x00, 0x00,
  0x00, 0x00, 0x00, 0x0F, 0xFF, 0xFF, 0xFF, 0xFF, 0xF0, 0x02, 0x07, 0xFE,
  0x1F, 0xFC, 0xC1, 0xE6, 0x07, 0x30, 0x38, 0x01, 0xC0, 0x0E, 0x00, 0xE0,
  0x07, 0x00, 0x70, 0x07, 0x00, 0x70, 0x07, 0x00, 0x70, 0x07, 0x00, 0x70,
  0x07, 0xFF, 0xFF, 0xFE, 0x7F, 0xE3, 0xFF, 0x98, 0x1C, 0xC0, 0xE6, 0x03,
  0x80, 0x38, 0x01, 0xC0, 0x3C, 0x1F, 0x80, 0xFF, 0x00, 0x1C, 0x00, 0x70,
  0x03, 0x80, 0x1C, 0x01, 0xEC, 0x1E, 0xFF, 0xE1, 0xFE, 0x00, 0x01, 0x00,
  0xE0, 0x7C, 0x3E, 0x3E, 0x1F, 0x0F, 0x01, 0x00, 0xFE, 0x01, 0xF8, 0x7F,
  0x00, 0xFC, 0x1F, 0x80, 0x3E, 0x03, 0xC0, 0x07, 0x01, 0xE0, 0x03, 0x80,
  0xF0, 0x01, 0xC0, 0x78, 0x00, 0xE0, 0x3C, 0x00, 0x70, 0x1E, 0x00, 0x38,
  0x0F, 0x00, 0x1C, 0x07, 0x80, 0x0E, 0x03, 0xC0, 0x07, 0x01, 0xE0, 0x03,
  0x80, 0xF0, 0x01, 0xC0, 0x78, 0x00, 0xE0, 0x3C, 0x00, 0x70, 0x1E, 0x00,
  0x38, 0x0F, 0x00, 0x1C, 0x07, 0x80, 0x1E, 0x03, 0xE0, 0x3F, 0x01, 0xFC,
  0x7B, 0xC0, 0xFF, 0xF8, 0xFC, 0x77, 0xF0, 0x7E, 0x38, 0x00, 0x00, 0x1C,
  0x00, 0x00, 0x0E, 0x00, 0x00, 0x07, 0x00, 0x00, 0x03, 0xC0, 0x00, 0x01,
  0xE0, 0x00, 0x00, 0xF0, 0x00, 0x00, 0x78, 0x00, 0x00, 0x3C, 0x00, 0x00,
  0x1E, 0x00, 0x00, 0x00, 0x07, 0xFF, 0xF8, 0xFF, 0xFF, 0xCF, 0xFF, 0xF0,
  0xFF, 0xC3, 0x07, 0xFE, 0x18, 0x3F, 0xF0, 0xC3, 0xFF, 0x86, 0x1F, 0xFC,
  0x30, 0xFF, 0xE1, 0x87, 0xFF, 0x0C, 0x1F, 0xF8, 0x60, 0xFF, 0xC3, 0x03,
  0xFE, 0x18, 0x1F, 0xF0, 0xC0, 0x3F, 0x86, 0x00, 0x7C, 0x30, 0x00, 0xE1,
  0x80, 0x07, 0x0C, 0x00, 0x38, 0x60, 0x01, 0xC3, 0x00, 0x0E, 0x18, 0x00,
  0x70, 0xC0, 0x03, 0x86, 0x00, 0x1C, 0x30, 0x00, 0xE1, 0x80, 0x07, 0x0C,
  0x00, 0x38, 0x60, 0x01, 0xC3, 0x00, 0x0E, 0x18, 0x00, 0x70, 0xC0, 0x03,
  0x86, 0x00, 0x1C, 0x30, 0x00, 0xE1, 0x80, 0x07, 0x0C, 0x00, 0x38, 0x60,
  0x1F, 0xC3, 0x00, 0xFE, 0x18, 0x00, 0x77, 0xFE, 0xE0, 0x30, 0x18, 0x0C,
  0x07, 0xC0, 0xF0, 0x1C, 0x0F, 0x0E, 0xFF, 0x7E, 0x00, 0x0E, 0x0F, 0x87,
  0xE3, 0xB8, 0x8E, 0x03, 0x80, 0xE0, 0x38, 0x0E, 0x03, 0x80, 0xE0, 0x38,
  0x0E, 0x03, 0x80, 0xE0, 0x38, 0x7F, 0xDF, 0xF0, 0x07, 0xF8, 0x1F, 0xFC,
  0x3C, 0x1E, 0x78, 0x0E, 0x70, 0x07, 0x70, 0x07, 0xE0, 0x07, 0xE0, 0x07,
  0xE0, 0x07, 0xE0, 0x07, 0x70, 0x07, 0x70, 0x07, 0x70, 0x0E, 0x38, 0x1E,
  0x1F, 0xFC, 0x0F, 0xF0, 0x01, 0x80, 0x00, 0x00, 0x00, 0x00, 0x00, 0x00,
  0x7F, 0xFF, 0x7F, 0xFF, 0x40, 0x40, 0xC0, 0xC0, 0xE0, 0xE0, 0x70, 0x70,
  0x78, 0x38, 0x38, 0x3C, 0x1C, 0x1C, 0x0E, 0x0E, 0x0F, 0x0F, 0x07, 0x07,
  0x0F, 0x0F, 0x1E, 0x0E, 0x1C, 0x1C, 0x38, 0x38, 0x70, 0x78, 0x70, 0x70,
  0xE0, 0xE0, 0xC0, 0xC0, 0x0E, 0x00, 0x01, 0xC0, 0x3E, 0x00, 0x03, 0x80,
  0x7E, 0x00, 0x03, 0x00, 0xEE, 0x00, 0x07, 0x00, 0x8E, 0x00, 0x0E, 0x00,
  0x0E, 0x00, 0x0E, 0x00, 0x0E, 0x00, 0x1C, 0x00, 0x0E, 0x00, 0x18, 0x00,
  0x0E, 0x00, 0x38, 0x00, 0x0E, 0x00, 0x70, 0x00, 0x0E, 0x00, 0x70, 0x00,
  0x0E, 0x00, 0xE0, 0x40, 0x0E, 0x00, 0xC0, 0x78, 0x0E, 0x01, 0xC0, 0xF8,
  0x0E, 0x03, 0x80, 0xD8, 0x0E, 0x03, 0x81, 0x98, 0x7F, 0xC7, 0x03, 0x98,
  0x7F, 0xCE, 0x03, 0x18, 0x00, 0x0E, 0x06, 0x18, 0x00, 0x1C, 0x0E, 0x18,
  0x00, 0x1C, 0x0C, 0x18, 0x00, 0x38, 0x18, 0x18, 0x00, 0x70, 0x38, 0x18,
  0x00, 0x70, 0x30, 0x18, 0x00, 0xE0, 0x3F, 0xFF, 0x00, 0xC0, 0x3F, 0xFF,
  0x01, 0xC0, 0x00, 0x18, 0x03, 0x80, 0x00, 0x18, 0x03, 0x80, 0x00, 0x18,
  0x07, 0x00, 0x00, 0x18, 0x0E, 0x00, 0x01, 0xC0, 0x1F, 0x00, 0x01, 0xC0,
  0x1F, 0x80, 0x00, 0xE0, 0x1C, 0xC0, 0x00, 0xE0, 0x08, 0x60, 0x00, 0x60,
  0x00, 0x30, 0x00, 0x70, 0x00, 0x18, 0x00, 0x70, 0x00, 0x0C, 0x00, 0x38,
  0x00, 0x06, 0x00, 0x38, 0x00, 0x03, 0x00, 0x38, 0x00, 0x01, 0x80, 0x1C,
  0x00, 0x00, 0xC0, 0x1C, 0x0C, 0x00, 0x60, 0x0E, 0xFF, 0xC0, 0x30, 0x0E,
  0x7F, 0xF0, 0x18, 0x0E, 0x18, 0x3C, 0x0C, 0x07, 0x0C, 0x0E, 0x7F, 0xC7,
  0x04, 0x07, 0x3F, 0xE3, 0x00, 0x03, 0x80, 0x03, 0x80, 0x01, 0xC0, 0x03,
  0x80, 0x01, 0xC0, 0x01, 0xC0, 0x00, 0xE0, 0x01, 0xC0, 0x00, 0xE0, 0x00,
  0xC0, 0x00, 0xE0, 0x00, 0xE0, 0x00, 0xE0, 0x00, 0xE0, 0x00, 0xE0, 0x00,
  0x70, 0x00, 0xE0, 0x00, 0x70, 0x00, 0xE0, 0x00, 0x30, 0x00, 0xE0, 0x00,
  0x38, 0x00, 0xFF, 0xF8, 0x38, 0x00, 0x7F, 0xFC, 0x7F, 0xE0, 0x00, 0x38,
  0x0F, 0xFE, 0x00, 0x0E, 0x01, 0x81, 0xC0, 0x03, 0x80, 0x30, 0x38, 0x00,
  0x70, 0x06, 0x03, 0x80, 0x1C, 0x00, 0x00, 0xE0, 0x07, 0x00, 0x00, 0x1C,
  0x00, 0xE0, 0x00, 0x0F, 0x00, 0x38, 0x00, 0x1F, 0x80, 0x07, 0x00, 0x03,
  0xFC, 0x01, 0xC0, 0x00, 0x01, 0xC0, 0x70, 0x00, 0x00, 0x1C, 0x0E, 0x04,
  0x00, 0x03, 0x83, 0x80, 0xF0, 0x00, 0x70, 0x60, 0x3E, 0x00, 0x1E, 0x1C,
  0x0F, 0xC3, 0x07, 0x87, 0x01, 0xB8, 0xFF, 0xE0, 0xE0, 0x77, 0x07, 0xF8,
  0x38, 0x1C, 0xE0, 0x00, 0x06, 0x03, 0x1C, 0x00, 0x01, 0xC0, 0xC3, 0x80,
  0x00, 0x70, 0x38, 0x70, 0x00, 0x0E, 0x06, 0x0E, 0x00, 0x03, 0x81, 0x81,
  0xC0, 0x00, 0xE0, 0x70, 0x38, 0x00, 0x1C, 0x07, 0xFF, 0xE0, 0x07, 0x00,
  0xFF, 0xFC, 0x00, 0xE0, 0x00, 0x1C, 0x00, 0x38, 0x00, 0x03, 0x80, 0x0E,
  0x00, 0x00, 0x70, 0x03, 0xC0, 0x00, 0x0E, 0x00, 0x00, 0xE0, 0x03, 0xE0,
  0x07, 0xC0, 0x0F, 0x00, 0x04, 0x00, 0x00, 0x00, 0x00, 0x00, 0x00, 0x00,
  0x00, 0x00, 0x00, 0x01, 0x80, 0x03, 0x80, 0x07, 0x00, 0x1E, 0x00, 0x38,
  0x00, 0xF0, 0x03, 0xC0, 0x0F, 0x00, 0x3C, 0x00, 0xF0, 0x03, 0xC0, 0x0F,
  0x00, 0x1C, 0x00, 0x38, 0x00, 0xF0, 0x01, 0xE0, 0x01, 0xE0, 0x03, 0xE0,
  0x63, 0xFF, 0xC3, 0xFF, 0xC1, 0xF0, 0x00, 0x00, 0x0C, 0x00, 0x00, 0x00,
  0x78, 0x00, 0x00, 0x03, 0xF8, 0x00, 0x00, 0x03, 0xF8, 0x00, 0x00, 0x01,
  0xF8, 0x00, 0x00, 0x01, 0xC0, 0x00, 0x00, 0x01, 0x00, 0x00, 0x00, 0x00,
  0x00, 0x00, 0x00, 0x00, 0x00, 0x00, 0x0F, 0x00, 0x00, 0x00, 0x7C, 0x00,
  0x00, 0x01, 0xF0, 0x00, 0x00, 0x0F, 0xE0, 0x00, 0x00, 0x3B, 0x80, 0x00,
  0x00, 0xEE, 0x00, 0x00, 0x07, 0x3C, 0x00, 0x00, 0x1C, 0x70, 0x00, 0x00,
  0x61, 0xC0, 0x00, 0x03, 0x87, 0x80, 0x00, 0x0E, 0x0E, 0x00, 0x00, 0x70,
  0x38, 0x00, 0x01, 0xC0, 0xF0, 0x00, 0x07, 0x01, 0xC0, 0x00, 0x38, 0x07,
  0x00, 0x00, 0xE0, 0x1E, 0x00, 0x03, 0x80, 0x38, 0x00, 0x1C, 0x00, 0xF0,
  0x00, 0x70, 0x03, 0xC0, 0x03, 0xFF, 0xFF, 0x00, 0x0F, 0xFF, 0xFE, 0x00,
  0x3F, 0xFF, 0xF8, 0x01, 0xE0, 0x01, 0xE0, 0x07, 0x00, 0x03, 0xC0, 0x1C,
  0x00, 0x0F, 0x00, 0xE0, 0x00, 0x3C, 0x03, 0x80, 0x00, 0x78, 0x1E, 0x00,
  0x03, 0xE3, 0xFF, 0x80, 0x7F, 0xFF, 0xFE, 0x01, 0xFF, 0xC0, 0x00, 0x00,
  0x30, 0x00, 0x00, 0x03, 0xC0, 0x00, 0x00, 0x1F, 0x80, 0x00, 0x01, 0xF8,
  0x00, 0x00, 0x1F, 0x80, 0x00, 0x00, 0x70, 0x00, 0x00, 0x01, 0x00, 0x00,
  0x00, 0x00, 0x00, 0x00, 0x00, 0x00, 0x00, 0x00, 0x00, 0x0F, 0x00, 0x00,
  0x00, 0x7C, 0x00, 0x00, 0x01, 0xF0, 0x00, 0x00, 0x0F, 0xE0, 0x00, 0x00,
  0x3B, 0x80, 0x00, 0x00, 0xEE, 0x00, 0x00, 0x07, 0x3C, 0x00, 0x00, 0x1C,
  0x70, 0x00, 0x00, 0x61, 0xC0, 0x00, 0x03, 0x87, 0x80, 0x00, 0x0E, 0x0E,
  0x00, 0x00, 0x70, 0x38, 0x00, 0x01, 0xC0, 0xF0, 0x00, 0x07, 0x01, 0xC0,
  0x00, 0x38, 0x07, 0x00, 0x00, 0xE0, 0x1E, 0x00, 0x03, 0x80, 0x38, 0x00,
  0x1C, 0x00, 0xF0, 0x00, 0x70, 0x03, 0xC0, 0x03, 0xFF, 0xFF, 0x00, 0x0F,
  0xFF, 0xFE, 0x00, 0x3F, 0xFF, 0xF8, 0x01, 0xE0, 0x01, 0xE0, 0x07, 0x00,
  0x03, 0xC0, 0x1C, 0x00, 0x0F, 0x00, 0xE0, 0x00, 0x3C, 0x03, 0x80, 0x00,
  0x78, 0x1E, 0x00, 0x03, 0xE3, 0xFF, 0x80, 0x7F, 0xFF, 0xFE, 0x01, 0xFF,
  0xC0, 0x00, 0x03, 0x80, 0x00, 0x00, 0x1F, 0x00, 0x00, 0x00, 0xFE, 0x00,
  0x00, 0x07, 0xBC, 0x00, 0x00, 0x78, 0x3C, 0x00, 0x03, 0xC0, 0x78, 0x00,
  0x04, 0x00, 0x40, 0x00, 0x00, 0x00, 0x00, 0x00, 0x00, 0x00, 0x00, 0x00,
  0x0F, 0x00, 0x00, 0x00, 0x7C, 0x00, 0x00, 0x01, 0xF0, 0x00, 0x00, 0x0F,
  0xE0, 0x00, 0x00, 0x3B, 0x80, 0x00, 0x00, 0xEE, 0x00, 0x00, 0x07, 0x3C,
  0x00, 0x00, 0x1C, 0x70, 0x00, 0x00, 0x61, 0xC0, 0x00, 0x03, 0x87, 0x80,
  0x00, 0x0E, 0x0E, 0x00, 0x00, 0x70, 0x38, 0x00, 0x01, 0xC0, 0xF0, 0x00,
  0x07, 0x01, 0xC0, 0x00, 0x38, 0x07, 0x00, 0x00, 0xE0, 0x1E, 0x00, 0x03,
  0x80, 0x38, 0x00, 0x1C, 0x00, 0xF0, 0x00, 0x70, 0x03, 0xC0, 0x03, 0xFF,
  0xFF, 0x00, 0x0F, 0xFF, 0xFE, 0x00, 0x3F, 0xFF, 0xF8, 0x01, 0xE0, 0x01,
  0xE0, 0x07, 0x00, 0x03, 0xC0, 0x1C, 0x00, 0x0F, 0x00, 0xE0, 0x00, 0x3C,
  0x03, 0x80, 0x00, 0x78, 0x1E, 0x00, 0x03, 0xE3, 0xFF, 0x80, 0x7F, 0xFF,
  0xFE, 0x01, 0xFF, 0xC0, 0x00, 0x1C, 0x06, 0x00, 0x00, 0xFC, 0x30, 0x00,
  0x07, 0xFF, 0xC0, 0x00, 0x38, 0x7E, 0x00, 0x00, 0x40, 0x20, 0x00, 0x00,
  0x00, 0x00, 0x00, 0x00, 0x00, 0x00, 0x00, 0x00, 0x00, 0x00, 0x00, 0x03,
  0xC0, 0x00, 0x00, 0x1F, 0x00, 0x00, 0x00, 0x7C, 0x00, 0x00, 0x03, 0xF8,
  0x00, 0x00, 0x0E, 0xE0, 0x00, 0x00, 0x3B, 0x80, 0x00, 0x01, 0xCF, 0x00,
  0x00, 0x07, 0x1C, 0x00, 0x00, 0x18, 0x70, 0x00, 0x00, 0xE1, 0xE0, 0x00,
  0x03, 0x83, 0x80, 0x00, 0x1C, 0x0E, 0x00, 0x00, 0x70, 0x3C, 0x00, 0x01,
  0xC0, 0x70, 0x00, 0x0E, 0x01, 0xC0, 0x00, 0x38, 0x07, 0x80, 0x00, 0xE0,
  0x0E, 0x00, 0x07, 0x00, 0x3C, 0x00, 0x1C, 0x00, 0xF0, 0x00, 0xFF, 0xFF,
  0xC0, 0x03, 0xFF, 0xFF, 0x80, 0x0F, 0xFF, 0xFE, 0x00, 0x78, 0x00, 0x78,
  0x01, 0xC0, 0x00, 0xF0, 0x07, 0x00, 0x03, 0xC0, 0x38, 0x00, 0x0F, 0x00,
  0xE0, 0x00, 0x1E, 0x07, 0x80, 0x00, 0xF8, 0xFF, 0xE0, 0x1F, 0xFF, 0xFF,
  0x80, 0x7F, 0xF0, 0x00, 0x38, 0x38, 0x00, 0x01, 0xE0, 0xF0, 0x00, 0x07,
  0x83, 0xC0, 0x00, 0x0E, 0x0E, 0x00, 0x00, 0x00, 0x00, 0x00, 0x00, 0x00,
  0x00, 0x00, 0x00, 0x00, 0x00, 0x00, 0x00, 0xF0, 0x00, 0x00, 0x07, 0xC0,
  0x00, 0x00, 0x1F, 0x00, 0x00, 0x00, 0xFE, 0x00, 0x00, 0x03, 0xB8, 0x00,
  0x00, 0x0E, 0xE0, 0x00, 0x00, 0x73, 0xC0, 0x00, 0x01, 0xC7, 0x00, 0x00,
  0x06, 0x1C, 0x00, 0x00, 0x38, 0x78, 0x00, 0x00, 0xE0, 0xE0, 0x00, 0x07,
  0x03, 0x80, 0x00, 0x1C, 0x0F, 0x00, 0x00, 0x70, 0x1C, 0x00, 0x03, 0x80,
  0x70, 0x00, 0x0E, 0x01, 0xE0, 0x00, 0x38, 0x03, 0x80, 0x01, 0xC0, 0x0F,
  0x00, 0x07, 0x00, 0x3C, 0x00, 0x3F, 0xFF, 0xF0, 0x00, 0xFF, 0xFF, 0xE0,
  0x03, 0xFF, 0xFF, 0x80, 0x1E, 0x00, 0x1E, 0x00, 0x70, 0x00, 0x3C, 0x01,
  0xC0, 0x00, 0xF0, 0x0E, 0x00, 0x03, 0xC0, 0x38, 0x00, 0x07, 0x81, 0xE0,
  0x00, 0x3E, 0x3F, 0xF8, 0x07, 0xFF, 0xFF, 0xE0, 0x1F, 0xFC, 0x00, 0x07,
  0xC0, 0x00, 0x00, 0x3F, 0x80, 0x00, 0x01, 0xC7, 0x00, 0x00, 0x06, 0x0C,
  0x00, 0x00, 0x18, 0x30, 0x00, 0x00, 0x61, 0xC0, 0x00, 0x01, 0xEE, 0x00,
  0x00, 0x03, 0xF0, 0x00, 0x00, 0x00, 0x00, 0x00, 0x00, 0x00, 0x00, 0x00,
  0x00, 0x3C, 0x00, 0x00, 0x01, 0xF0, 0x00, 0x00, 0x07, 0xC0, 0x00, 0x00,
  0x3F, 0x80, 0x00, 0x00, 0xEE, 0x00, 0x00, 0x03, 0xB8, 0x00, 0x00, 0x1C,
  0xF0, 0x00, 0x00, 0x71, 0xC0, 0x00, 0x01, 0x87, 0x00, 0x00, 0x0E, 0x1E,
  0x00, 0x00, 0x38, 0x38, 0x00, 0x01, 0xC0, 0xE0, 0x00, 0x07, 0x03, 0xC0,
  0x00, 0x1C, 0x07, 0x00, 0x00, 0xE0, 0x1C, 0x00, 0x03, 0x80, 0x78, 0x00,
  0x0E, 0x00, 0xE0, 0x00, 0x70, 0x03, 0xC0, 0x01, 0xC0, 0x0F, 0x00, 0x0F,
  0xFF, 0xFC, 0x00, 0x3F, 0xFF, 0xF8, 0x00, 0xFF, 0xFF, 0xE0, 0x07, 0x80,
  0x07, 0x80, 0x1C, 0x00, 0x0F, 0x00, 0x70, 0x00, 0x3C, 0x03, 0x80, 0x00,
  0xF0, 0x0E, 0x00, 0x01, 0xE0, 0x78, 0x00, 0x0F, 0x8F, 0xFE, 0x01, 0xFF,
  0xFF, 0xF8, 0x07, 0xFF, 0x00, 0x0F, 0xFF, 0xFF, 0xF8, 0x00, 0x3F, 0xFF,
  0xFF, 0xE0, 0x00, 0x1F, 0xFF, 0xFF, 0x80, 0x00, 0x3B, 0xC0, 0x06, 0x00,
  0x01, 0xCF, 0x00, 0x18, 0x00, 0x0F, 0x3C, 0x00, 0x60, 0x00, 0x38, 0xF0,
  0x01, 0x80, 0x01, 0xE3, 0xC0, 0x00, 0x00, 0x07, 0x0F, 0x00, 0x00, 0x00,
  0x3C, 0x3C, 0x00, 0x00, 0x00, 0xE0, 0xF0, 0x00, 0x00, 0x07, 0x83, 0xC0,
  0x00, 0x00, 0x1C, 0x0F, 0x00, 0x00, 0x00, 0xF0, 0x3F, 0xFF, 0x00, 0x03,
  0x80, 0xFF, 0xFC, 0x00, 0x1E, 0x03, 0xFF, 0xF0, 0x00, 0x70, 0x0F, 0x00,
  0x00, 0x03, 0xC0, 0x3C, 0x00, 0x00, 0x0F, 0xFF, 0xF0, 0x00, 0x00, 0x7F,
  0xFF, 0xC0, 0x00, 0x01, 0xFF, 0xFF, 0x00, 0x00, 0x0F, 0x00, 0x3C, 0x00,
  0x00, 0x38, 0x00, 0xF0, 0x00, 0x01, 0xE0, 0x03, 0xC0, 0x03, 0x07, 0x00,
  0x0F, 0x00, 0x1C, 0x3C, 0x00, 0x3C, 0x00, 0x70, 0xE0, 0x00, 0xF0, 0x01,
  0xC7, 0x80, 0x07, 0xFF, 0xFF, 0xFF, 0xE0, 0xFF, 0xFF, 0xFF, 0xFF, 0x83,
  0xFF, 0xFF, 0xF0, 0x00, 0xFF, 0xE0, 0x07, 0xFF, 0xF8, 0x3F, 0xCF, 0xF0,
  0xFC, 0x00, 0xE1, 0xE0, 0x01, 0xC7, 0x80, 0x03, 0x9E, 0x00, 0x03, 0x3C,
  0x00, 0x06, 0x70, 0x00, 0x01, 0xE0, 0x00, 0x03, 0xC0, 0x00, 0x07, 0x80,
  0x00, 0x0F, 0x00, 0x00, 0x1C, 0x00, 0x00, 0x38, 0x00, 0x00, 0x70, 0x00,
  0x00, 0xE0, 0x00, 0x01, 0xE0, 0x00, 0x03, 0xC0, 0x00, 0x07, 0x80, 0x00,
  0x0F, 0x00, 0x00, 0x1F, 0x00, 0x00, 0x1E, 0x00, 0x00, 0x3E, 0x00, 0x00,
  0x3C, 0x00, 0x04, 0x7C, 0x00, 0x3C, 0x7E, 0x01, 0xF0, 0x7F, 0xFF, 0xC0,
  0x3F, 0xFE, 0x00, 0x3F, 0xF0, 0x00, 0x06, 0x00, 0x00, 0x0C, 0x00, 0x00,
  0x18, 0x00, 0x00, 0x3F, 0x00, 0x00, 0x1E, 0x00, 0x00, 0x0E, 0x00, 0x00,
  0x1C, 0x00, 0x08, 0x78, 0x00, 0x1F, 0xE0, 0x00, 0x1F, 0x80, 0x00, 0xC0,
  0x00, 0x07, 0x80, 0x00, 0x1F, 0x80, 0x00, 0x1F, 0x80, 0x00, 0x1F, 0x80,
  0x00, 0x1E, 0x00, 0x00, 0x10, 0x00, 0x00, 0x00, 0x00, 0x00, 0x03, 0xFF,
  0xFF, 0xEF, 0xFF, 0xFF, 0x87, 0xFF, 0xFE, 0x0E, 0x00, 0x18, 0x38, 0x00,
  0x60, 0xE0, 0x01, 0x83, 0x80, 0x06, 0x0E, 0x00, 0x00, 0x38, 0x00, 0x00,
  0xE0, 0x00, 0x03, 0x80, 0x00, 0x0E, 0x00, 0x00, 0x38, 0x00, 0x00, 0xFF,
  0xFC, 0x03, 0xFF, 0xF0, 0x0F, 0xFF, 0xC0, 0x38, 0x00, 0x00, 0xE0, 0x00,
  0x03, 0x80, 0x00, 0x0E, 0x00, 0x00, 0x38, 0x00, 0x00, 0xE0, 0x00, 0x03,
  0x80, 0x00, 0x0E, 0x00, 0x0C, 0x38, 0x00, 0x70, 0xE0, 0x01, 0xC3, 0x80,
  0x07, 0x1F, 0xFF, 0xFF, 0xFF, 0xFF, 0xFF, 0xFF, 0xFF, 0xC0, 0x00, 0x03,
  0x00, 0x00, 0x1E, 0x00, 0x01, 0xF8, 0x00, 0x1F, 0x80, 0x01, 0xF8, 0x00,
  0x07, 0x80, 0x00, 0x08, 0x00, 0x00, 0x00, 0x00, 0x00, 0x00, 0x03, 0xFF,
  0xFF, 0xEF, 0xFF, 0xFF, 0x87, 0xFF, 0xFE, 0x0E, 0x00, 0x18, 0x38, 0x00,
  0x60, 0xE0, 0x01, 0x83, 0x80, 0x06, 0x0E, 0x00, 0x00, 0x38, 0x00, 0x00,
  0xE0, 0x00, 0x03, 0x80, 0x00, 0x0E, 0x00, 0x00, 0x38, 0x00, 0x00, 0xFF,
  0xFC, 0x03, 0xFF, 0xF0, 0x0F, 0xFF, 0xC0, 0x38, 0x00, 0x00, 0xE0, 0x00,
  0x03, 0x80, 0x00, 0x0E, 0x00, 0x00, 0x38, 0x00, 0x00, 0xE0, 0x00, 0x03,
  0x80, 0x00, 0x0E, 0x00, 0x0C, 0x38, 0x00, 0x70, 0xE0, 0x01, 0xC3, 0x80,
  0x07, 0x1F, 0xFF, 0xFF, 0xFF, 0xFF, 0xFF, 0xFF, 0xFF, 0xC0, 0x00, 0x38,
  0x00, 0x01, 0xF0, 0x00, 0x0F, 0xE0, 0x00, 0x7B, 0xE0, 0x03, 0xC3, 0xC0,
  0x1C, 0x03, 0x80, 0x20, 0x04, 0x00, 0x00, 0x00, 0x00, 0x00, 0x03, 0xFF,
  0xFF, 0xEF, 0xFF, 0xFF, 0x87, 0xFF, 0xFE, 0x0E, 0x00, 0x18, 0x38, 0x00,
  0x60, 0xE0, 0x01, 0x83, 0x80, 0x06, 0x0E, 0x00, 0x00, 0x38, 0x00, 0x00,
  0xE0, 0x00, 0x03, 0x80, 0x00, 0x0E, 0x00, 0x00, 0x38, 0x00, 0x00, 0xFF,
  0xFC, 0x03, 0xFF, 0xF0, 0x0F, 0xFF, 0xC0, 0x38, 0x00, 0x00, 0xE0, 0x00,
  0x03, 0x80, 0x00, 0x0E, 0x00, 0x00, 0x38, 0x00, 0x00, 0xE0, 0x00, 0x03,
  0x80, 0x00, 0x0E, 0x00, 0x0C, 0x38, 0x00, 0x70, 0xE0, 0x01, 0xC3, 0x80,
  0x07, 0x1F, 0xFF, 0xFF, 0xFF, 0xFF, 0xFF, 0xFF, 0xFF, 0xC0, 0x03, 0x81,
  0xC0, 0x0F, 0x0F, 0x00, 0x7C, 0x3C, 0x00, 0xE0, 0xF0, 0x00, 0x00, 0x00,
  0x00, 0x00, 0x00, 0x00, 0x00, 0x3F, 0xFF, 0xFE, 0xFF, 0xFF, 0xF8, 0x7F,
  0xFF, 0xE0, 0xE0, 0x01, 0x83, 0x80, 0x06, 0x0E, 0x00, 0x18, 0x38, 0x00,
  0x60, 0xE0, 0x00, 0x03, 0x80, 0x00, 0x0E, 0x00, 0x00, 0x38, 0x00, 0x00,
  0xE0, 0x00, 0x03, 0x80, 0x00, 0x0F, 0xFF, 0xC0, 0x3F, 0xFF, 0x00, 0xFF,
  0xFC, 0x03, 0x80, 0x00, 0x0E, 0x00, 0x00, 0x38, 0x00, 0x00, 0xE0, 0x00,
  0x03, 0x80, 0x00, 0x0E, 0x00, 0x00, 0x38, 0x00, 0x00, 0xE0, 0x00, 0xC3,
  0x80, 0x07, 0x0E, 0x00, 0x1C, 0x38, 0x00, 0x71, 0xFF, 0xFF, 0xFF, 0xFF,
  0xFF, 0xFF, 0xFF, 0xFC, 0x30, 0x0F, 0x03, 0xF8, 0x1F, 0xC0, 0x7E, 0x03,
  0x80, 0x10, 0x00, 0x00, 0x1F, 0xFF, 0xFF, 0x8F, 0x80, 0xE0, 0x1C, 0x03,
  0x80, 0x70, 0x0E, 0x01, 0xC0, 0x38, 0x07, 0x00, 0xE0, 0x1C, 0x03, 0x80,
  0x70, 0x0E, 0x01, 0xC0, 0x38, 0x07, 0x00, 0xE0, 0x1C, 0x03, 0x80, 0x70,
  0x0E, 0x01, 0xC0, 0x38, 0x07, 0x01, 0xF1, 0xFF, 0xFF, 0xF8, 0x00, 0xC0,
  0x78, 0x1F, 0x8F, 0xC7, 0xE0, 0xE0, 0x10, 0x00, 0x00, 0x00, 0x1F, 0xFF,
  0xFF, 0x8F, 0x80, 0xE0, 0x1C, 0x03, 0x80, 0x70, 0x0E, 0x01, 0xC0, 0x38,
  0x07, 0x00, 0xE0, 0x1C, 0x03, 0x80, 0x70, 0x0E, 0x01, 0xC0, 0x38, 0x07,
  0x00, 0xE0, 0x1C, 0x03, 0x80, 0x70, 0x0E, 0x01, 0xC0, 0x38, 0x07, 0x01,
  0xF1, 0xFF, 0xFF, 0xF8, 0x03, 0x80, 0x0F, 0x80, 0x3F, 0x80, 0xF7, 0x83,
  0x83, 0xDE, 0x03, 0xD0, 0x01, 0x00, 0x00, 0x00, 0x00, 0x7F, 0xF0, 0xFF,
  0xE0, 0x3E, 0x00, 0x38, 0x00, 0x70, 0x00, 0xE0, 0x01, 0xC0, 0x03, 0x80,
  0x07, 0x00, 0x0E, 0x00, 0x1C, 0x00, 0x38, 0x00, 0x70, 0x00, 0xE0, 0x01,
  0xC0, 0x03, 0x80, 0x07, 0x00, 0x0E, 0x00, 0x1C, 0x00, 0x38, 0x00, 0x70,
  0x00, 0xE0, 0x01, 0xC0, 0x03, 0x80, 0x07, 0x00, 0x0E, 0x00, 0x1C, 0x00,
  0x7C, 0x07, 0xFF, 0x0F, 0xFE, 0x00, 0x70, 0x77, 0x83, 0xFC, 0x1E, 0xE0,
  0xE0, 0x00, 0x00, 0x00, 0x00, 0x0F, 0xFE, 0x7F, 0xF0, 0x7C, 0x01, 0xC0,
  0x0E, 0x00, 0x70, 0x03, 0x80, 0x1C, 0x00, 0xE0, 0x07, 0x00, 0x38, 0x01,
  0xC0, 0x0E, 0x00, 0x70, 0x03, 0x80, 0x1C, 0x00, 0xE0, 0x07, 0x00, 0x38,
  0x01, 0xC0, 0x0E, 0x00, 0x70, 0x03, 0x80, 0x1C, 0x00, 0xE0, 0x07, 0x00,
  0x38, 0x03, 0xE0, 0xFF, 0xE7, 0xFF, 0x00, 0xFF, 0xFF, 0x80, 0x3F, 0xFF,
  0xFC, 0x01, 0xFF, 0xFF, 0x80, 0x38, 0x01, 0xF8, 0x0E, 0x00, 0x1E, 0x03,
  0x80, 0x03, 0xC0, 0xE0, 0x00, 0x78, 0x38, 0x00, 0x1E, 0x0E, 0x00, 0x03,
  0xC3, 0x80, 0x00, 0xF0, 0xE0, 0x00, 0x3C, 0x38, 0x00, 0x0F, 0x0E, 0x00,
  0x03, 0xFF, 0xFF, 0x80, 0x7F, 0xFF, 0xE0, 0x1F, 0xFF, 0xF8, 0x07, 0x0E,
  0x00, 0x01, 0xC3, 0x80, 0x00, 0xF0, 0xE0, 0x00, 0x3C, 0x38, 0x00, 0x0F,
  0x0E, 0x00, 0x03, 0xC3, 0x80, 0x01, 0xE0, 0xE0, 0x00, 0x78, 0x38, 0x00,
  0x3C, 0x0E, 0x00, 0x0F, 0x03, 0x80, 0x0F, 0x80, 0xE0, 0x07, 0xC0, 0x7F,
  0xFF, 0xE0, 0xFF, 0xFF, 0xE0, 0x3F, 0xFF, 0xC0, 0x00, 0x00, 0x1C, 0x06,
  0x00, 0x00, 0x7F, 0x18, 0x00, 0x01, 0xFF, 0xF0, 0x00, 0x03, 0x0F, 0xC0,
  0x00, 0x04, 0x02, 0x00, 0x00, 0x00, 0x00, 0x00, 0x00, 0x00, 0x00, 0x00,
  0x00, 0x00, 0x00, 0x00, 0xFF, 0x00, 0x0F, 0xFF, 0xFF, 0x00, 0x1F, 0xFC,
  0x7F, 0x00, 0x07, 0x80, 0x7E, 0x00, 0x07, 0x00, 0xFE, 0x00, 0x0E, 0x01,
  0xFE, 0x00, 0x1C, 0x03, 0xBC, 0x00, 0x38, 0x07, 0x3C, 0x00, 0x70, 0x0E,
  0x78, 0x00, 0xE0, 0x1C, 0x78, 0x01, 0xC0, 0x38, 0x78, 0x03, 0x80, 0x70,
  0xF0, 0x07, 0x00, 0xE0, 0xF0, 0x0E, 0x01, 0xC1, 0xF0, 0x1C, 0x03, 0x81,
  0xE0, 0x38, 0x07, 0x01, 0xE0, 0x70, 0x0E, 0x03, 0xC0, 0xE0, 0x1C, 0x03,
  0xC1, 0xC0, 0x38, 0x03, 0xC3, 0x80, 0x70, 0x07, 0x87, 0x00, 0xE0, 0x07,
  0x8E, 0x01, 0xC0, 0x07, 0x9C, 0x03, 0x80, 0x0F, 0x38, 0x07, 0x00, 0x0F,
  0x70, 0x0E, 0x00, 0x1F, 0xE0, 0x1C, 0x00, 0x1F, 0xC0, 0x38, 0x00, 0x1F,
  0x80, 0xF0, 0x00, 0x3F, 0x0F, 0xFE, 0x00, 0x3E, 0x1F, 0xFC, 0x00, 0x3C,
  0x00, 0x00, 0x60, 0x00, 0x00, 0x0F, 0x00, 0x00, 0x03, 0xF8, 0x00, 0x00,
  0x1F, 0x80, 0x00, 0x00, 0xFC, 0x00, 0x00, 0x03, 0x80, 0x00, 0x00, 0x10,
  0x00, 0x00, 0x00, 0x00, 0x00, 0x00, 0x00, 0x00, 0x1F, 0xFC, 0x00, 0x0F,
  0xFF, 0xE0, 0x03, 0xF9, 0xFE, 0x00, 0xF8, 0x03, 0xE0, 0x3C, 0x00, 0x3E,
  0x0F, 0x00, 0x03, 0xC3, 0xC0, 0x00, 0x3C, 0x78, 0x00, 0x07, 0x8E, 0x00,
  0x00, 0x7B, 0xC0, 0x00, 0x0F, 0x78, 0x00, 0x01, 0xEF, 0x00, 0x00, 0x3D,
  0xC0, 0x00, 0x03, 0xB8, 0x00, 0x00, 0x77, 0x00, 0x00, 0x0F, 0xE0, 0x00,
  0x01, 0xDC, 0x00, 0x00, 0x3B, 0x80, 0x00, 0x07, 0x78, 0x00, 0x01, 0xEF,
  0x00, 0x00, 0x3D, 0xE0, 0x00, 0x07, 0xBC, 0x00, 0x00, 0xE3, 0xC0, 0x00,
  0x3C, 0x78, 0x00, 0x07, 0x07, 0x80, 0x01, 0xE0, 0xF8, 0x00, 0x78, 0x0F,
  0x80, 0x3E, 0x00, 0xFF, 0x3F, 0x80, 0x07, 0xFF, 0xE0, 0x00, 0x3F, 0xF0,
  0x00, 0x00, 0x00, 0x80, 0x00, 0x00, 0x78, 0x00, 0x00, 0x3F, 0x80, 0x00,
  0x1F, 0x80, 0x00, 0x0F, 0xC0, 0x00, 0x00, 0xE0, 0x00, 0x00, 0x10, 0x00,
  0x00, 0x00, 0x00, 0x00, 0x00, 0x00, 0x00, 0x00, 0x1F, 0xFC, 0x00, 0x0F,
  0xFF, 0xE0, 0x03, 0xF9, 0xFE, 0x00, 0xF8, 0x03, 0xE0, 0x3C, 0x00, 0x3E,
  0x0F, 0x00, 0x03, 0xC3, 0xC0, 0x00, 0x3C, 0x78, 0x00, 0x07, 0x8E, 0x00,
  0x00, 0x7B, 0xC0, 0x00, 0x0F, 0x78, 0x00, 0x01, 0xEF, 0x00, 0x00, 0x3D,
  0xC0, 0x00, 0x03, 0xB8, 0x00, 0x00, 0x77, 0x00, 0x00, 0x0F, 0xE0, 0x00,
  0x01, 0xDC, 0x00, 0x00, 0x3B, 0x80, 0x00, 0x07, 0x78, 0x00, 0x01, 0xEF,
  0x00, 0x00, 0x3D, 0xE0, 0x00, 0x07, 0xBC, 0x00, 0x00, 0xE3, 0xC0, 0x00,
  0x3C, 0x78, 0x00, 0x07, 0x07, 0x80, 0x01, 0xE0, 0xF8, 0x00, 0x78, 0x0F,
  0x80, 0x3E, 0x00, 0xFF, 0x3F, 0x80, 0x07, 0xFF, 0xE0, 0x00, 0x3F, 0xF0,
  0x00, 0x00, 0x0C, 0x00, 0x00, 0x03, 0xE0, 0x00, 0x01, 0xFE, 0x00, 0x00,
  0x79, 0xE0, 0x00, 0x1E, 0x1E, 0x00, 0x07, 0x00, 0xE0, 0x00, 0x40, 0x08,
  0x00, 0x00, 0x00, 0x00, 0x00, 0x00, 0x00, 0x00, 0x1F, 0xFC, 0x00, 0x0F,
  0xFF, 0xE0, 0x03, 0xF9, 0xFE, 0x00, 0xF8, 0x03, 0xE0, 0x3C, 0x00, 0x3E,
  0x0F, 0x00, 0x03, 0xC3, 0xC0, 0x00, 0x3C, 0x78, 0x00, 0x07, 0x8E, 0x00,
  0x00, 0x7B, 0xC0, 0x00, 0x0F, 0x78, 0x00, 0x01, 0xEF, 0x00, 0x00, 0x3D,
  0xC0, 0x00, 0x03, 0xB8, 0x00, 0x00, 0x77, 0x00, 0x00, 0x0F, 0xE0, 0x00,
  0x01, 0xDC, 0x00, 0x00, 0x3B, 0x80, 0x00, 0x07, 0x78, 0x00, 0x01, 0xEF,
  0x00, 0x00, 0x3D, 0xE0, 0x00, 0x07, 0xBC, 0x00, 0x00, 0xE3, 0xC0, 0x00,
  0x3C, 0x78, 0x00, 0x07, 0x07, 0x80, 0x01, 0xE0, 0xF8, 0x00, 0x78, 0x0F,
  0x80, 0x3E, 0x00, 0xFF, 0x3F, 0x80, 0x07, 0xFF, 0xE0, 0x00, 0x3F, 0xF0,
  0x00, 0x00, 0x70, 0x30, 0x00, 0x3F, 0x86, 0x00, 0x07, 0xFF, 0x80, 0x01,
  0xC3, 0xF0, 0x00, 0x10, 0x08, 0x00, 0x00, 0x00, 0x00, 0x00, 0x00, 0x00,
  0x00, 0x00, 0x00, 0x00, 0x00, 0xFF, 0xE0, 0x00, 0x7F, 0xFF, 0x00, 0x1F,
  0xCF, 0xF0, 0x07, 0xC0, 0x1F, 0x01, 0xE0, 0x01, 0xF0, 0x78, 0x00, 0x1E,
  0x1E, 0x00, 0x01, 0xE3, 0xC0, 0x00, 0x3C, 0x70, 0x00, 0x03, 0xDE, 0x00,
  0x00, 0x7B, 0xC0, 0x00, 0x0F, 0x78, 0x00, 0x01, 0xEE, 0x00, 0x00, 0x1D,
  0xC0, 0x00, 0x03, 0xB8, 0x00, 0x00, 0x7F, 0x00, 0x00, 0x0E, 0xE0, 0x00,
  0x01, 0xDC, 0x00, 0x00, 0x3B, 0xC0, 0x00, 0x0F, 0x78, 0x00, 0x01, 0xEF,
  0x00, 0x00, 0x3D, 0xE0, 0x00, 0x07, 0x1E, 0x00, 0x01, 0xE3, 0xC0, 0x00,
  0x38, 0x3C, 0x00, 0x0F, 0x07, 0xC0, 0x03, 0xC0, 0x7C, 0x01, 0xF0, 0x07,
  0xF9, 0xFC, 0x00, 0x3F, 0xFF, 0x00, 0x01, 0xFF, 0x80, 0x00, 0x01, 0xC0,
  0xE0, 0x00, 0x3C, 0x3C, 0x00, 0x07, 0x87, 0xC0, 0x00, 0xF0, 0x70, 0x00,
  0x00, 0x00, 0x00, 0x00, 0x00, 0x00, 0x00, 0x00, 0x00, 0x00, 0x07, 0xFF,
  0x00, 0x03, 0xFF, 0xF8, 0x00, 0xFE, 0x7F, 0x80, 0x3E, 0x00, 0xF8, 0x0F,
  0x00, 0x0F, 0x83, 0xC0, 0x00, 0xF0, 0xF0, 0x00, 0x0F, 0x1E, 0x00, 0x01,
  0xE3, 0x80, 0x00, 0x1E, 0xF0, 0x00, 0x03, 0xDE, 0x00, 0x00, 0x7B, 0xC0,
  0x00, 0x0F, 0x70, 0x00, 0x00, 0xEE, 0x00, 0x00, 0x1D, 0xC0, 0x00, 0x03,
  0xF8, 0x00, 0x00, 0x77, 0x00, 0x00, 0x0E, 0xE0, 0x00, 0x01, 0xDE, 0x00,
  0x00, 0x7B, 0xC0, 0x00, 0x0F, 0x78, 0x00, 0x01, 0xEF, 0x00, 0x00, 0x38,
  0xF0, 0x00, 0x0F, 0x1E, 0x00, 0x01, 0xC1, 0xE0, 0x00, 0x78, 0x3E, 0x00,
  0x1E, 0x03, 0xE0, 0x0F, 0x80, 0x3F, 0xCF, 0xE0, 0x01, 0xFF, 0xF8, 0x00,
  0x0F, 0xFC, 0x00, 0x60, 0x03, 0x78, 0x03, 0xCE, 0x03, 0xC3, 0x83, 0xC0,
  0xE3, 0xC0, 0x3B, 0xC0, 0x0F, 0xC0, 0x03, 0xC0, 0x03, 0xE0, 0x03, 0xF8,
  0x03, 0xDE, 0x03, 0xC7, 0x83, 0xC1, 0xE3, 0xC0, 0x7B, 0xC0, 0x1E, 0x40,
  0x06, 0x00, 0x00, 0x01, 0x00, 0x00, 0x00, 0x70, 0x00, 0x00, 0x1C, 0x00,
  0x7F, 0xF3, 0x80, 0x3F, 0xFF, 0xE0, 0x0F, 0xE7, 0xF8, 0x03, 0xE0, 0x0F,
  0x80, 0xF0, 0x01, 0xF8, 0x3C, 0x00, 0x3F, 0x0F, 0x00, 0x0E, 0xF1, 0xE0,
  0x03, 0x9E, 0x38, 0x00, 0x61, 0xEF, 0x00, 0x1C, 0x3D, 0xE0, 0x03, 0x07,
  0xBC, 0x00, 0xC0, 0x77, 0x80, 0x38, 0x0E, 0xE0, 0x06, 0x01, 0xFC, 0x01,
  0xC0, 0x3F, 0x80, 0x70, 0x07, 0xF0, 0x0C, 0x00, 0xEF, 0x03, 0x80, 0x1D,
  0xE0, 0xE0, 0x07, 0xBC, 0x18, 0x00, 0xF7, 0x87, 0x00, 0x1E, 0xF0, 0xC0,
  0x03, 0x8F, 0x38, 0x00, 0xF1, 0xEE, 0x00, 0x1E, 0x1F, 0x80, 0x07, 0x83,
  0xF0, 0x01, 0xE0, 0x3E, 0x00, 0xF8, 0x03, 0xFC, 0xFE, 0x00, 0xFF, 0xFF,
  0x80, 0x38, 0xFF, 0xC0, 0x07, 0x00, 0x00, 0x01, 0xC0, 0x00, 0x00, 0x10,
  0x00, 0x00, 0x00, 0x00, 0x18, 0x00, 0x00, 0x00, 0x78, 0x00, 0x00, 0x03,
  0xF8, 0x00, 0x00, 0x03, 0xF0, 0x00, 0x00, 0x03, 0xF0, 0x00, 0x00, 0x01,
  0xC0, 0x00, 0x00, 0x01, 0x00, 0x00, 0x00, 0x00, 0x00, 0x00, 0x00, 0x00,
  0x03, 0xFF, 0x80, 0x7F, 0xFF, 0xFE, 0x01, 0xFF, 0xC7, 0xC0, 0x00, 0xF8,
  0x0E, 0x00, 0x01, 0xC0, 0x38, 0x00, 0x07, 0x00, 0xE0, 0x00, 0x1C, 0x03,
  0x80, 0x00, 0x70, 0x0E, 0x00, 0x01, 0xC0, 0x38, 0x00, 0x07, 0x00, 0xE0,
  0x00, 0x1C, 0x03, 0x80, 0x00, 0x70, 0x0E, 0x00, 0x01, 0xC0, 0x38, 0x00,
  0x07, 0x00, 0xE0, 0x00, 0x1C, 0x03, 0x80, 0x00, 0x70, 0x0E, 0x00, 0x01,
  0xC0, 0x38, 0x00, 0x07, 0x00, 0xE0, 0x00, 0x1C, 0x03, 0x80, 0x00, 0x70,
  0x0E, 0x00, 0x01, 0xC0, 0x3C, 0x00, 0x07, 0x00, 0xF0, 0x00, 0x1C, 0x03,
  0xC0, 0x00, 0xF0, 0x0F, 0x00, 0x03, 0xC0, 0x1C, 0x00, 0x0E, 0x00, 0x78,
  0x00, 0x78, 0x00, 0xF0, 0x03, 0xC0, 0x03, 0xF8, 0x7E, 0x00, 0x03, 0xFF,
  0xF0, 0x00, 0x07, 0xFF, 0x00, 0x00, 0x00, 0x00, 0x20, 0x00, 0x00, 0x03,
  0xC0, 0x00, 0x00, 0x3F, 0x80, 0x00, 0x03, 0xF0, 0x00, 0x00, 0x3F, 0x00,
  0x00, 0x00, 0x70, 0x00, 0x00, 0x01, 0x00, 0x00, 0x00, 0x00, 0x00, 0x00,
  0x00, 0x00, 0x00, 0x03, 0xFF, 0x80, 0x7F, 0xFF, 0xFE, 0x01, 0xFF, 0xC7,
  0xC0, 0x00, 0xF8, 0x0E, 0x00, 0x01, 0xC0, 0x38, 0x00, 0x07, 0x00, 0xE0,
  0x00, 0x1C, 0x03, 0x80, 0x00, 0x70, 0x0E, 0x00, 0x01, 0xC0, 0x38, 0x00,
  0x07, 0x00, 0xE0, 0x00, 0x1C, 0x03, 0x80, 0x00, 0x70, 0x0E, 0x00, 0x01,
  0xC0, 0x38, 0x00, 0x07, 0x00, 0xE0, 0x00, 0x1C, 0x03, 0x80, 0x00, 0x70,
  0x0E, 0x00, 0x01, 0xC0, 0x38, 0x00, 0x07, 0x00, 0xE0, 0x00, 0x1C, 0x03,
  0x80, 0x00, 0x70, 0x0E, 0x00, 0x01, 0xC0, 0x3C, 0x00, 0x07, 0x00, 0xF0,
  0x00, 0x1C, 0x03, 0xC0, 0x00, 0xF0, 0x0F, 0x00, 0x03, 0xC0, 0x1C, 0x00,
  0x0E, 0x00, 0x78, 0x00, 0x78, 0x00, 0xF0, 0x03, 0xC0, 0x03, 0xF8, 0x7E,
  0x00, 0x03, 0xFF, 0xF0, 0x00, 0x07, 0xFF, 0x00, 0x00, 0x00, 0x03, 0x00,
  0x00, 0x00, 0x1F, 0x00, 0x00, 0x01, 0xFE, 0x00, 0x00, 0x0F, 0x3C, 0x00,
  0x00, 0x78, 0x78, 0x00, 0x03, 0x80, 0x70, 0x00, 0x04, 0x00, 0x80, 0x00,
  0x00, 0x00, 0x00, 0x00, 0x00, 0x00, 0x03, 0xFF, 0x80, 0x7F, 0xFF, 0xFE,
  0x01, 0xFF, 0xC7, 0xC0, 0x00, 0xF8, 0x0E, 0x00, 0x01, 0xC0, 0x38, 0x00,
  0x07, 0x00, 0xE0, 0x00, 0x1C, 0x03, 0x80, 0x00, 0x70, 0x0E, 0x00, 0x01,
  0xC0, 0x38, 0x00, 0x07, 0x00, 0xE0, 0x00, 0x1C, 0x03, 0x80, 0x00, 0x70,
  0x0E, 0x00, 0x01, 0xC0, 0x38, 0x00, 0x07, 0x00, 0xE0, 0x00, 0x1C, 0x03,
  0x80, 0x00, 0x70, 0x0E, 0x00, 0x01, 0xC0, 0x38, 0x00, 0x07, 0x00, 0xE0,
  0x00, 0x1C, 0x03, 0x80, 0x00, 0x70, 0x0E, 0x00, 0x01, 0xC0, 0x3C, 0x00,
  0x07, 0x00, 0xF0, 0x00, 0x1C, 0x03, 0xC0, 0x00, 0xF0, 0x0F, 0x00, 0x03,
  0xC0, 0x1C, 0x00, 0x0E, 0x00, 0x78, 0x00, 0x78, 0x00, 0xF0, 0x03, 0xC0,
  0x03, 0xF8, 0x7E, 0x00, 0x03, 0xFF, 0xF0, 0x00, 0x07, 0xFF, 0x00, 0x00,
  0x00, 0x70, 0x38, 0x00, 0x01, 0xE1, 0xE0, 0x00, 0x07, 0x87, 0xC0, 0x00,
  0x1E, 0x0E, 0x00, 0x00, 0x00, 0x00, 0x00, 0x00, 0x00, 0x00, 0x00, 0x00,
  0x00, 0x00, 0x3F, 0xF8, 0x07, 0xFF, 0xFF, 0xE0, 0x1F, 0xFC, 0x7C, 0x00,
  0x0F, 0x80, 0xE0, 0x00, 0x1C, 0x03, 0x80, 0x00, 0x70, 0x0E, 0x00, 0x01,
  0xC0, 0x38, 0x00, 0x07, 0x00, 0xE0, 0x00, 0x1C, 0x03, 0x80, 0x00, 0x70,
  0x0E, 0x00, 0x01, 0xC0, 0x38, 0x00, 0x07, 0x00, 0xE0, 0x00, 0x1C, 0x03,
  0x80, 0x00, 0x70, 0x0E, 0x00, 0x01, 0xC0, 0x38, 0x00, 0x07, 0x00, 0xE0,
  0x00, 0x1C, 0x03, 0x80, 0x00, 0x70, 0x0E, 0x00, 0x01, 0xC0, 0x38, 0x00,
  0x07, 0x00, 0xE0, 0x00, 0x1C, 0x03, 0xC0, 0x00, 0x70, 0x0F, 0x00, 0x01,
  0xC0, 0x3C, 0x00, 0x0F, 0x00, 0xF0, 0x00, 0x3C, 0x01, 0xC0, 0x00, 0xE0,
  0x07, 0x80, 0x07, 0x80, 0x0F, 0x00, 0x3C, 0x00, 0x3F, 0x87, 0xE0, 0x00,
  0x3F, 0xFF, 0x00, 0x00, 0x7F, 0xF0, 0x00, 0x00, 0x00, 0xC0, 0x00, 0x00,
  0x3C, 0x00, 0x00, 0x1F, 0x80, 0x00, 0x0F, 0xC0, 0x00, 0x07, 0xE0, 0x00,
  0x00, 0xF0, 0x00, 0x00, 0x08, 0x00, 0x00, 0x00, 0x00, 0x00, 0x00, 0x00,
  0x00, 0x1F, 0xFC, 0x0F, 0xFF, 0xFF, 0x81, 0xFF, 0x8F, 0x00, 0x07, 0x80,
  0xF0, 0x00, 0xF0, 0x0E, 0x00, 0x1C, 0x01, 0xE0, 0x07, 0x80, 0x1C, 0x00,
  0xE0, 0x03, 0xC0, 0x3C, 0x00, 0x38, 0x07, 0x00, 0x07, 0x81, 0xC0, 0x00,
  0x70, 0x38, 0x00, 0x0F, 0x0E, 0x00, 0x00, 0xE1, 0xC0, 0x00, 0x1E, 0x70,
  0x00, 0x01, 0xCE, 0x00, 0x00, 0x3F, 0x80, 0x00, 0x03, 0xF0, 0x00, 0x00,
  0x7C, 0x00, 0x00, 0x07, 0x80, 0x00, 0x00, 0xF0, 0x00, 0x00, 0x1E, 0x00,
  0x00, 0x03, 0xC0, 0x00, 0x00, 0x78, 0x00, 0x00, 0x0F, 0x00, 0x00, 0x01,
  0xE0, 0x00, 0x00, 0x3C, 0x00, 0x00, 0x07, 0x80, 0x00, 0x01, 0xF0, 0x00,
  0x01, 0xFF, 0xC0, 0x00, 0x3F, 0xF8, 0x00, 0xFF, 0xE0, 0x03, 0xFF, 0x80,
  0x01, 0xF0, 0x00, 0x03, 0x80, 0x00, 0x0E, 0x00, 0x00, 0x38, 0x00, 0x00,
  0xFF, 0xF0, 0x03, 0xFF, 0xF0, 0x0F, 0xFF, 0xF0, 0x38, 0x07, 0xC0, 0xE0,
  0x07, 0x83, 0x80, 0x1E, 0x0E, 0x00, 0x38, 0x38, 0x00, 0xE0, 0xE0, 0x03,
  0xC3, 0x80, 0x0E, 0x0E, 0x00, 0x38, 0x38, 0x01, 0xE0, 0xE0, 0x07, 0x83,
  0x80, 0x3C, 0x0E, 0x07, 0xE0, 0x3F, 0xFF, 0x00, 0xFF, 0xF0, 0x03, 0xF8,
  0x00, 0x0E, 0x00, 0x00, 0x38, 0x00, 0x00, 0xE0, 0x00, 0x07, 0xC0, 0x00,
  0xFF, 0xF0, 0x03, 0xFF, 0xC0, 0x00, 0x00, 0xFF, 0xC0, 0x01, 0xFF, 0xF0,
  0x01, 0xF0, 0x7C, 0x01, 0xE0, 0x0F, 0x00, 0xE0, 0x03, 0x80, 0xF0, 0x01,
  0xE0, 0x78, 0x00, 0xF0, 0x38, 0x00, 0x78, 0x1C, 0x00, 0x38, 0x0E, 0x00,
  0x38, 0x07, 0x00, 0x78, 0x1F, 0x80, 0x78, 0x0F, 0xC0, 0x70, 0x00, 0xE0,
  0x70, 0x00, 0x70, 0x38, 0x00, 0x38, 0x3C, 0x00, 0x1C, 0x0E, 0x00, 0x0E,
  0x07, 0x80, 0x07, 0x03, 0xE0, 0x03, 0x80, 0xFC, 0x01, 0xC0, 0x1F, 0x80,
  0xE0, 0x07, 0xF0, 0x70, 0x00, 0xFC, 0x38, 0x00, 0x1F, 0x1C, 0x00, 0x07,
  0x8E, 0x00, 0x01, 0xC7, 0x00, 0x00, 0xE3, 0x83, 0x80, 0x71, 0xC1, 0xC0,
  0x38, 0xE0, 0xE0, 0x3C, 0x70, 0x70, 0x3D, 0xF8, 0x3F, 0xFC, 0xFC, 0x1F,
  0xF8, 0x00, 0x02, 0x00, 0x00, 0x18, 0x00, 0x01, 0xE0, 0x00, 0x07, 0xC0,
  0x00, 0x1F, 0x00, 0x00, 0x3C, 0x00, 0x00, 0xF0, 0x00, 0x01, 0x80, 0x00,
  0x00, 0x00, 0x00, 0x00, 0x00, 0x00, 0x00, 0x00, 0x00, 0x00, 0x7F, 0xC0,
  0x3F, 0xFF, 0x81, 0xFF, 0xFC, 0x06, 0x00, 0xF0, 0x30, 0x07, 0x81, 0x80,
  0x1C, 0x0C, 0x00, 0xE0, 0x00, 0x07, 0x00, 0x00, 0x38, 0x00, 0x01, 0xC0,
  0x00, 0x0E, 0x03, 0xFF, 0xF0, 0x3F, 0xFF, 0x83, 0xC0, 0x1C, 0x1C, 0x00,
  0xE1, 0xE0, 0x07, 0x0F, 0x00, 0x38, 0x78, 0x01, 0xC3, 0xC0, 0x1E, 0x0E,
  0x03, 0xF0, 0x7C, 0x7B, 0xC1, 0xFF, 0x8F, 0xC7, 0xF0, 0x7E, 0x00, 0x04,
  0x00, 0x00, 0x60, 0x00, 0x07, 0xC0, 0x00, 0x7C, 0x00, 0x0F, 0x80, 0x00,
  0xF8, 0x00, 0x0F, 0x00, 0x00, 0x60, 0x00, 0x00, 0x00, 0x00, 0x00, 0x00,
  0x00, 0x00, 0x00, 0x00, 0x00, 0x00, 0x7F, 0xC0, 0x3F, 0xFF, 0x81, 0xFF,
  0xFC, 0x06, 0x00, 0xF0, 0x30, 0x07, 0x81, 0x80, 0x1C, 0x0C, 0x00, 0xE0,
  0x00, 0x07, 0x00, 0x00, 0x38, 0x00, 0x01, 0xC0, 0x00, 0x0E, 0x03, 0xFF,
  0xF0, 0x3F, 0xFF, 0x83, 0xC0, 0x1C, 0x1C, 0x00, 0xE1, 0xE0, 0x07, 0x0F,
  0x00, 0x38, 0x78, 0x01, 0xC3, 0xC0, 0x1E, 0x0E, 0x03, 0xF0, 0x7C, 0x7B,
  0xC1, 0xFF, 0x8F, 0xC7, 0xF0, 0x7E, 0x00, 0xE0, 0x00, 0x0F, 0x80, 0x00,
  0xFE, 0x00, 0x0F, 0x38, 0x00, 0xE0, 0xF0, 0x0E, 0x03, 0xC0, 0x20, 0x04,
  0x00, 0x00, 0x00, 0x00, 0x00, 0x00, 0x00, 0x00, 0x00, 0x00, 0x00, 0x0F,
  0xF8, 0x07, 0xFF, 0xF0, 0x3F, 0xFF, 0x80, 0xC0, 0x1E, 0x06, 0x00, 0xF0,
  0x30, 0x03, 0x81, 0x80, 0x1C, 0x00, 0x00, 0xE0, 0x00, 0x07, 0x00, 0x00,
  0x38, 0x00, 0x01, 0xC0, 0x7F, 0xFE, 0x07, 0xFF, 0xF0, 0x78, 0x03, 0x83,
  0x80, 0x1C, 0x3C, 0x00, 0xE1, 0xE0, 0x07, 0x0F, 0x00, 0x38, 0x78, 0x03,
  0xC1, 0xC0, 0x7E, 0x0F, 0x8F, 0x78, 0x3F, 0xF1, 0xF8, 0xFE, 0x0F, 0xC0,
  0x07, 0x01, 0x00, 0x7E, 0x1C, 0x07, 0xFF, 0xC0, 0x30, 0xFC, 0x03, 0x03,
  0xC0, 0x00, 0x00, 0x00, 0x00, 0x00, 0x00, 0x00, 0x00, 0x00, 0x00, 0x00,
  0x00, 0x00, 0x01, 0xFF, 0x00, 0xFF, 0xFE, 0x07, 0xFF, 0xF0, 0x18, 0x03,
  0xC0, 0xC0, 0x1E, 0x06, 0x00, 0x70, 0x30, 0x03, 0x80, 0x00, 0x1C, 0x00,
  0x00, 0xE0, 0x00, 0x07, 0x00, 0x00, 0x38, 0x0F, 0xFF, 0xC0, 0xFF, 0xFE,
  0x0F, 0x00, 0x70, 0x70, 0x03, 0x87, 0x80, 0x1C, 0x3C, 0x00, 0xE1, 0xE0,
  0x07, 0x0F, 0x00, 0x78, 0x38, 0x0F, 0xC1, 0xF1, 0xEF, 0x07, 0xFE, 0x3F,
  0x1F, 0xC1, 0xF8, 0x0E, 0x0E, 0x00, 0xF0, 0x78, 0x07, 0x83, 0xC0, 0x1C,
  0x1C, 0x00, 0x00, 0x00, 0x00, 0x00, 0x00, 0x00, 0x00, 0x00, 0x00, 0x00,
  0x00, 0x00, 0x00, 0x3F, 0xE0, 0x1F, 0xFF, 0xC0, 0xFF, 0xFE, 0x03, 0x00,
  0x78, 0x18, 0x03, 0xC0, 0xC0, 0x0E, 0x06, 0x00, 0x70, 0x00, 0x03, 0x80,
  0x00, 0x1C, 0x00, 0x00, 0xE0, 0x00, 0x07, 0x01, 0xFF, 0xF8, 0x1F, 0xFF,
  0xC1, 0xE0, 0x0E, 0x0E, 0x00, 0x70, 0xF0, 0x03, 0x87, 0x80, 0x1C, 0x3C,
  0x00, 0xE1, 0xE0, 0x0F, 0x07, 0x01, 0xF8, 0x3E, 0x3D, 0xE0, 0xFF, 0xC7,
  0xE3, 0xF8, 0x3F, 0x01, 0xF0, 0x00, 0x1F, 0xC0, 0x01, 0xC7, 0x00, 0x0C,
  0x18, 0x00, 0x60, 0xC0, 0x03, 0x86, 0x00, 0x0E, 0xE0, 0x00, 0x3E, 0x00,
  0x00, 0x00, 0x00, 0x00, 0x00, 0x00, 0x00, 0x00, 0x00, 0x00, 0x00, 0x7F,
  0xC0, 0x3F, 0xFF, 0x81, 0xFF, 0xFC, 0x06, 0x00, 0xF0, 0x30, 0x07, 0x81,
  0x80, 0x1C, 0x0C, 0x00, 0xE0, 0x00, 0x07, 0x00, 0x00, 0x38, 0x00, 0x01,
  0xC0, 0x00, 0x0E, 0x03, 0xFF, 0xF0, 0x3F, 0xFF, 0x83, 0xC0, 0x1C, 0x1C,
  0x00, 0xE1, 0xE0, 0x07, 0x0F, 0x00, 0x38, 0x78, 0x01, 0xC3, 0xC0, 0x1E,
  0x0E, 0x03, 0xF0, 0x7C, 0x7B, 0xC1, 0xFF, 0x8F, 0xC7, 0xF0, 0x7E, 0x07,
  0xF8, 0x07, 0xF0, 0x3F, 0xFF, 0x0F, 0xFE, 0x1F, 0xEF, 0xCF, 0x9F, 0x8E,
  0x00, 0xEF, 0x03, 0xE3, 0x00, 0x7E, 0x00, 0xF1, 0x80, 0x1F, 0x00, 0x3C,
  0xC0, 0x0F, 0x00, 0x1E, 0x00, 0x07, 0x80, 0x0F, 0x00, 0x03, 0xC0, 0x03,
  0x80, 0x01, 0xE0, 0x01, 0xC1, 0xFF, 0xFF, 0xFF, 0xE3, 0xFF, 0xFF, 0xFF,
  0xF3, 0xFF, 0xFF, 0xFF, 0xFB, 0xC0, 0x1E, 0x00, 0x01, 0xC0, 0x0F, 0x00,
  0x01, 0xE0, 0x07, 0x80, 0x00, 0xF0, 0x03, 0xC0, 0x00, 0x78, 0x00, 0xF0,
  0x00, 0x3C, 0x00, 0xF8, 0x00, 0x4F, 0x01, 0xDF, 0x00, 0xF7, 0xC3, 0xC7,
  0xE1, 0xF9, 0xFF, 0xC1, 0xFF, 0xF0, 0x7F, 0x80, 0x3F, 0xE0, 0x01, 0xFE,
  0x00, 0xFF, 0xF8, 0x3F, 0x3F, 0x0F, 0x00, 0xE3, 0xC0, 0x1C, 0xF0, 0x03,
  0x9E, 0x00, 0x77, 0x80, 0x00, 0xF0, 0x00, 0x1E, 0x00, 0x03, 0xC0, 0x00,
  0x78, 0x00, 0x0F, 0x00, 0x01, 0xE0, 0x00, 0x3C, 0x00, 0x07, 0x80, 0x00,
  0x70, 0x00, 0x0F, 0x00, 0x01, 0xF0, 0x01, 0x1F, 0x00, 0xE1, 0xF8, 0xFE,
  0x1F, 0xFE, 0x00, 0xFF, 0x00, 0x03, 0x00, 0x00, 0x60, 0x00, 0x1C, 0x00,
  0x03, 0xF0, 0x00, 0x0F, 0x00, 0x00, 0xE0, 0x00, 0x0C, 0x00, 0x43, 0x80,
  0x1F, 0xE0, 0x01, 0xF8, 0x00, 0x01, 0x00, 0x00, 0x70, 0x00, 0x1F, 0x00,
  0x01, 0xF0, 0x00, 0x0F, 0x80, 0x00, 0xF8, 0x00, 0x07, 0x80, 0x00, 0x60,
  0x00, 0x00, 0x00, 0x00, 0x00, 0x00, 0x00, 0x00, 0x00, 0x00, 0x1F, 0xC0,
  0x0F, 0xFE, 0x03, 0xFF, 0xE0, 0xF0, 0x1E, 0x3C, 0x01, 0xCF, 0x00, 0x3D,
  0xE0, 0x03, 0xB8, 0x00, 0x7F, 0x00, 0x0F, 0xFF, 0xFF, 0xFF, 0xFF, 0xFF,
  0xFF, 0xFF, 0xF0, 0x00, 0x1E, 0x00, 0x03, 0xC0, 0x00, 0x78, 0x00, 0x07,
  0x00, 0x00, 0xF0, 0x00, 0x1F, 0x00, 0x11, 0xF0, 0x07, 0x1F, 0x87, 0xE1,
  0xFF, 0xF0, 0x0F, 0xF8, 0x00, 0x00, 0x02, 0x00, 0x00, 0xC0, 0x00, 0x3C,
  0x00, 0x1F, 0x00, 0x07, 0xC0, 0x01, 0xE0, 0x00, 0xF8, 0x00, 0x0C, 0x00,
  0x00, 0x00, 0x00, 0x00, 0x00, 0x00, 0x00, 0x00, 0x00, 0x00, 0x1F, 0xC0,
  0x0F, 0xFE, 0x03, 0xFF, 0xE0, 0xF0, 0x1E, 0x3C, 0x01, 0xCF, 0x00, 0x3D,
  0xE0, 0x03, 0xB8, 0x00, 0x7F, 0x00, 0x0F, 0xFF, 0xFF, 0xFF, 0xFF, 0xFF,
  0xFF, 0xFF, 0xF0, 0x00, 0x1E, 0x00, 0x03, 0xC0, 0x00, 0x78, 0x00, 0x07,
  0x00, 0x00, 0xF0, 0x00, 0x1F, 0x00, 0x11, 0xF0, 0x07, 0x1F, 0x87, 0xE1,
  0xFF, 0xF0, 0x0F, 0xF8, 0x00, 0x00, 0x70, 0x00, 0x1F, 0x00, 0x07, 0xF0,
  0x03, 0xCF, 0x00, 0xF0, 0x70, 0x3C, 0x07, 0x02, 0x00, 0x40, 0x00, 0x00,
  0x00, 0x00, 0x00, 0x00, 0x00, 0x00, 0x00, 0x00, 0xFE, 0x00, 0x7F, 0xF0,
  0x1F, 0xFF, 0x07, 0x80, 0xF1, 0xE0, 0x0E, 0x78, 0x01, 0xEF, 0x00, 0x1D,
  0xC0, 0x03, 0xF8, 0x00, 0x7F, 0xFF, 0xFF, 0xFF, 0xFF, 0xFF, 0xFF, 0xFF,
  0x80, 0x00, 0xF0, 0x00, 0x1E, 0x00, 0x03, 0xC0, 0x00, 0x38, 0x00, 0x07,
  0x80, 0x00, 0xF8, 0x00, 0x8F, 0x80, 0x38, 0xFC, 0x3F, 0x0F, 0xFF, 0x80,
  0x7F, 0xC0, 0x0F, 0x07, 0x01, 0xE0, 0xF0, 0x3C, 0x3E, 0x07, 0x83, 0x80,
  0x00, 0x00, 0x00, 0x00, 0x00, 0x00, 0x00, 0x00, 0x00, 0x00, 0x00, 0x00,
  0x3F, 0x80, 0x1F, 0xFC, 0x07, 0xFF, 0xC1, 0xE0, 0x3C, 0x78, 0x03, 0x9E,
  0x00, 0x7B, 0xC0, 0x07, 0x70, 0x00, 0xFE, 0x00, 0x1F, 0xFF, 0xFF, 0xFF,
  0xFF, 0xFF, 0xFF, 0xFF, 0xE0, 0x00, 0x3C, 0x00, 0x07, 0x80, 0x00, 0xF0,
  0x00, 0x0E, 0x00, 0x01, 0xE0, 0x00, 0x3E, 0x00, 0x23, 0xE0, 0x0E, 0x3F,
  0x0F, 0xC3, 0xFF, 0xE0, 0x1F, 0xF0, 0x40, 0x0C, 0x03, 0xE0, 0x3E, 0x03,
  0xE0, 0x1E, 0x01, 0xF0, 0x0C, 0x00, 0x00, 0x00, 0x00, 0x00, 0x07, 0xE0,
  0xFC, 0x0F, 0x80, 0x70, 0x0E, 0x01, 0xC0, 0x38, 0x07, 0x00, 0xE0, 0x1C,
  0x03, 0x80, 0x70, 0x0E, 0x01, 0xC0, 0x38, 0x07, 0x00, 0xE0, 0x1C, 0x03,
  0x80, 0x70, 0x0F, 0x0F, 0xFD, 0xFF, 0x80, 0x00, 0x80, 0x30, 0x0F, 0x03,
  0xF1, 0xF0, 0x78, 0x1E, 0x03, 0x00, 0x00, 0x00, 0x00, 0x00, 0x00, 0x0F,
  0xC1, 0xF8, 0x1F, 0x00, 0xE0, 0x1C, 0x03, 0x80, 0x70, 0x0E, 0x01, 0xC0,
  0x38, 0x07, 0x00, 0xE0, 0x1C, 0x03, 0x80, 0x70, 0x0E, 0x01, 0xC0, 0x38,
  0x07, 0x00, 0xE0, 0x1E, 0x1F, 0xFB, 0xFF, 0x00, 0x07, 0x00, 0x7C, 0x07,
  0xF0, 0x7B, 0xC7, 0x8F, 0x70, 0x1D, 0x00, 0x40, 0x00, 0x00, 0x00, 0x00,
  0x00, 0x00, 0x7E, 0x03, 0xF0, 0x0F, 0x80, 0x1C, 0x00, 0xE0, 0x07, 0x00,
  0x38, 0x01, 0xC0, 0x0E, 0x00, 0x70, 0x03, 0x80, 0x1C, 0x00, 0xE0, 0x07,
  0x00, 0x38, 0x01, 0xC0, 0x0E, 0x00, 0x70, 0x03, 0x80, 0x1C, 0x00, 0xF0,
  0x3F, 0xF1, 0xFF, 0x80, 0x70, 0x7F, 0x0F, 0xF0, 0xF7, 0x07, 0x00, 0x00,
  0x00, 0x00, 0x00, 0x00, 0x00, 0x03, 0xF0, 0x3F, 0x01, 0xF0, 0x07, 0x00,
  0x70, 0x07, 0x00, 0x70, 0x07, 0x00, 0x70, 0x07, 0x00, 0x70, 0x07, 0x00,
  0x70, 0x07, 0x00, 0x70, 0x07, 0x00, 0x70, 0x07, 0x00, 0x70, 0x07, 0x00,
  0x78, 0x3F, 0xF3, 0xFF, 0x00, 0x00, 0x40, 0x7E, 0x06, 0x03, 0xFC, 0xF0,
  0x03, 0xFE, 0x00, 0x03, 0xE0, 0x00, 0x3F, 0x80, 0x03, 0x9E, 0x00, 0x78,
  0x70, 0x01, 0x03, 0xC0, 0x00, 0x0E, 0x00, 0x00, 0x38, 0x00, 0x01, 0xC0,
  0x3F, 0x8F, 0x07, 0xFF, 0x38, 0x7E, 0x3D, 0xC7, 0xC0, 0x7E, 0x3C, 0x01,
  0xF3, 0xC0, 0x07, 0xDC, 0x00, 0x3F, 0xE0, 0x00, 0xFF, 0x00, 0x07, 0xF8,
  0x00, 0x3F, 0xC0, 0x01, 0xFE, 0x00, 0x0F, 0xF0, 0x00, 0x77, 0x80, 0x03,
  0xBC, 0x00, 0x1D, 0xE0, 0x01, 0xE7, 0x80, 0x0E, 0x3C, 0x00, 0xF0, 0xF0,
  0x0F, 0x03, 0xE1, 0xF0, 0x0F, 0xFF, 0x00, 0x3F, 0xE0, 0x00, 0x00, 0xC0,
  0x40, 0x01, 0xF8, 0x30, 0x00, 0xFF, 0xF8, 0x00, 0xE3, 0xF8, 0x00, 0x60,
  0x78, 0x00, 0x00, 0x00, 0x00, 0x00, 0x00, 0x00, 0x00, 0x00, 0x00, 0x00,
  0x00, 0x00, 0x00, 0x00, 0x00, 0x3F, 0x07, 0xF0, 0x1F, 0x8F, 0xFC, 0x07,
  0xCF, 0xFF, 0x00, 0xFE, 0x07, 0xC0, 0x7C, 0x01, 0xE0, 0x3C, 0x00, 0xF0,
  0x1C, 0x00, 0x38, 0x0E, 0x00, 0x1C, 0x07, 0x00, 0x0E, 0x03, 0x80, 0x07,
  0x01, 0xC0, 0x03, 0x80, 0xE0, 0x01, 0xC0, 0x70, 0x00, 0xE0, 0x38, 0x00,
  0x70, 0x1C, 0x00, 0x38, 0x0E, 0x00, 0x1C, 0x07, 0x00, 0x0E, 0x03, 0x80,
  0x07, 0x01, 0xC0, 0x03, 0x80, 0xE0, 0x01, 0xC0, 0x78, 0x01, 0xF1, 0xFF,
  0x87, 0xFF, 0xFF, 0xC3, 0xFF, 0x80, 0x01, 0x00, 0x00, 0x0C, 0x00, 0x00,
  0xF0, 0x00, 0x07, 0xC0, 0x00, 0x0F, 0x80, 0x00, 0x1E, 0x00, 0x00, 0x78,
  0x00, 0x00, 0x80, 0x00, 0x00, 0x00, 0x00, 0x00, 0x00, 0x00, 0x00, 0x00,
  0x00, 0x00, 0x1F, 0xE0, 0x03, 0xFF, 0xC0, 0x7F, 0x7F, 0x03, 0xC0, 0x7C,
  0x3C, 0x01, 0xE3, 0xC0, 0x07, 0x9E, 0x00, 0x3C, 0xE0, 0x00, 0xEF, 0x00,
  0x07, 0xF8, 0x00, 0x3F, 0xC0, 0x01, 0xFE, 0x00, 0x0F, 0xF0, 0x00, 0x7F,
  0x80, 0x03, 0xFC, 0x00, 0x1D, 0xE0, 0x00, 0xE7, 0x00, 0x0F, 0x3C, 0x00,
  0x79, 0xE0, 0x07, 0x87, 0x80, 0x78, 0x1F, 0x0F, 0x80, 0x7F, 0xF8, 0x01,
  0xFF, 0x80, 0x00, 0x02, 0x00, 0x00, 0x30, 0x00, 0x03, 0xC0, 0x00, 0x7E,
  0x00, 0x07, 0xC0, 0x00, 0x78, 0x00, 0x07, 0x80, 0x00, 0x30, 0x00, 0x00,
  0x00, 0x00, 0x00, 0x00, 0x00, 0x00, 0x00, 0x00, 0x00, 0x00, 0x1F, 0xE0,
  0x03, 0xFF, 0xC0, 0x7F, 0x7F, 0x03, 0xC0, 0x7C, 0x3C, 0x01, 0xE3, 0xC0,
  0x07, 0x9E, 0x00, 0x3C, 0xE0, 0x00, 0xEF, 0x00, 0x07, 0xF8, 0x00, 0x3F,
  0xC0, 0x01, 0xFE, 0x00, 0x0F, 0xF0, 0x00, 0x7F, 0x80, 0x03, 0xFC, 0x00,
  0x1D, 0xE0, 0x00, 0xE7, 0x00, 0x0F, 0x3C, 0x00, 0x79, 0xE0, 0x07, 0x87,
  0x80, 0x78, 0x1F, 0x0F, 0x80, 0x7F, 0xF8, 0x01, 0xFF, 0x80, 0x00, 0x70,
  0x00, 0x07, 0xC0, 0x00, 0x7F, 0x00, 0x07, 0x3C, 0x00, 0xF0, 0x70, 0x0F,
  0x01, 0xC0, 0x20, 0x02, 0x00, 0x00, 0x00, 0x00, 0x00, 0x00, 0x00, 0x00,
  0x00, 0x00, 0x00, 0x03, 0xFC, 0x00, 0x7F, 0xF8, 0x0F, 0xEF, 0xE0, 0x78,
  0x0F, 0x87, 0x80, 0x3C, 0x78, 0x00, 0xF3, 0xC0, 0x07, 0x9C, 0x00, 0x1D,
  0xE0, 0x00, 0xFF, 0x00, 0x07, 0xF8, 0x00, 0x3F, 0xC0, 0x01, 0xFE, 0x00,
  0x0F, 0xF0, 0x00, 0x7F, 0x80, 0x03, 0xBC, 0x00, 0x1C, 0xE0, 0x01, 0xE7,
  0x80, 0x0F, 0x3C, 0x00, 0xF0, 0xF0, 0x0F, 0x03, 0xE1, 0xF0, 0x0F, 0xFF,
  0x00, 0x3F, 0xF0, 0x00, 0x03, 0x80, 0x80, 0x3F, 0x0E, 0x03, 0xFF, 0xE0,
  0x38, 0xFE, 0x00, 0x81, 0xE0, 0x00, 0x00, 0x00, 0x00, 0x00, 0x00, 0x00,
  0x00, 0x00, 0x00, 0x00, 0x00, 0x00, 0x00, 0x7F, 0x80, 0x0F, 0xFF, 0x01,
  0xFD, 0xFC, 0x0F, 0x01, 0xF0, 0xF0, 0x07, 0x8F, 0x00, 0x1E, 0x78, 0x00,
  0xF3, 0x80, 0x03, 0xBC, 0x00, 0x1F, 0xE0, 0x00, 0xFF, 0x00, 0x07, 0xF8,
  0x00, 0x3F, 0xC0, 0x01, 0xFE, 0x00, 0x0F, 0xF0, 0x00, 0x77, 0x80, 0x03,
  0x9C, 0x00, 0x3C, 0xF0, 0x01, 0xE7, 0x80, 0x1E, 0x1E, 0x01, 0xE0, 0x7C,
  0x3E, 0x01, 0xFF, 0xE0, 0x07, 0xFE, 0x00, 0x07, 0x07, 0x00, 0x78, 0x3C,
  0x03, 0xC1, 0xE0, 0x1E, 0x0E, 0x00, 0x00, 0x00, 0x00, 0x00, 0x00, 0x00,
  0x00, 0x00, 0x00, 0x00, 0x00, 0x00, 0x00, 0x0F, 0xF0, 0x01, 0xFF, 0xE0,
  0x3F, 0xBF, 0x81, 0xE0, 0x3E, 0x1E, 0x00, 0xF1, 0xE0, 0x03, 0xCF, 0x00,
  0x1E, 0x70, 0x00, 0x77, 0x80, 0x03, 0xFC, 0x00, 0x1F, 0xE0, 0x00, 0xFF,
  0x00, 0x07, 0xF8, 0x00, 0x3F, 0xC0, 0x01, 0xFE, 0x00, 0x0E, 0xF0, 0x00,
  0x73, 0x80, 0x07, 0x9E, 0x00, 0x3C, 0xF0, 0x03, 0xC3, 0xC0, 0x3C, 0x0F,
  0x87, 0xC0, 0x3F, 0xFC, 0x00, 0xFF, 0xC0, 0x00, 0xF0, 0x00, 0x0F, 0x00,
  0x00, 0xF0, 0x00, 0x0F, 0x00, 0x00, 0x00, 0x00, 0x00, 0x00, 0x00, 0x00,
  0x00, 0x00, 0x00, 0x00, 0x00, 0x0F, 0xFF, 0xFF, 0xFF, 0xFF, 0xF0, 0x00,
  0x00, 0x00, 0x00, 0x00, 0x00, 0x00, 0x00, 0x00, 0x00, 0x0F, 0x00, 0x00,
  0xF0, 0x00, 0x0F, 0x00, 0x00, 0xF0, 0x00, 0x00, 0x00, 0x30, 0x00, 0x03,
  0x80, 0x00, 0x18, 0x03, 0xFD, 0xC0, 0x7F, 0xFC, 0x07, 0xEF, 0xE0, 0x78,
  0x0F, 0x87, 0x80, 0x7C, 0x78, 0x06, 0xF3, 0xC0, 0x37, 0x9C, 0x03, 0x1D,
  0xE0, 0x38, 0xFF, 0x01, 0x87, 0xF8, 0x18, 0x3F, 0xC0, 0xC1, 0xFE, 0x0C,
  0x0F, 0xF0, 0xE0, 0x7F, 0x86, 0x03, 0xFC, 0x60, 0x1C, 0xE3, 0x01, 0xE7,
  0xB0, 0x0F, 0x3F, 0x00, 0xF0, 0xF8, 0x0F, 0x03, 0xE1, 0xF8, 0x1F, 0xFF,
  0x00, 0xFF, 0xF0, 0x0E, 0x00, 0x00, 0xE0, 0x00, 0x06, 0x00, 0x00, 0x10,
  0x00, 0x00, 0x00, 0x40, 0x00, 0x00, 0x70, 0x00, 0x00, 0x7C, 0x00, 0x00,
  0x1F, 0x00, 0x00, 0x07, 0xC0, 0x00, 0x00, 0xF8, 0x00, 0x00, 0x1E, 0x00,
  0x00, 0x06, 0x00, 0x00, 0x00, 0x00, 0x00, 0x00, 0x00, 0x00, 0x00, 0x00,
  0x00, 0x00, 0x00, 0x0F, 0xE0, 0x3F, 0x87, 0xF0, 0x1F, 0xC1, 0xF8, 0x03,
  0xE0, 0x3C, 0x00, 0x70, 0x1E, 0x00, 0x38, 0x0F, 0x00, 0x1C, 0x07, 0x80,
  0x0E, 0x03, 0xC0, 0x07, 0x01, 0xE0, 0x03, 0x80, 0xF0, 0x01, 0xC0, 0x78,
  0x00, 0xE0, 0x3C, 0x00, 0x70, 0x1E, 0x00, 0x38, 0x0F, 0x00, 0x1C, 0x07,
  0x80, 0x0E, 0x03, 0xC0, 0x07, 0x01, 0xE0, 0x03, 0x80, 0xF0, 0x01, 0xC0,
  0x78, 0x01, 0xE0, 0x1E, 0x03, 0xF0, 0x0F, 0xCF, 0xBC, 0x03, 0xFF, 0x9F,
  0xC0, 0xFF, 0x0F, 0xE0, 0x00, 0x01, 0x00, 0x00, 0x01, 0xC0, 0x00, 0x01,
  0xF0, 0x00, 0x01, 0xF0, 0x00, 0x01, 0xE0, 0x00, 0x03, 0xE0, 0x00, 0x03,
  0xC0, 0x00, 0x00, 0xC0, 0x00, 0x00, 0x00, 0x00, 0x00, 0x00, 0x00, 0x00,
  0x00, 0x00, 0x00, 0x00, 0x00, 0x0F, 0xE0, 0x3F, 0x87, 0xF0, 0x1F, 0xC1,
  0xF8, 0x03, 0xE0, 0x3C, 0x00, 0x70, 0x1E, 0x00, 0x38, 0x0F, 0x00, 0x1C,
  0x07, 0x80, 0x0E, 0x03, 0xC0, 0x07, 0x01, 0xE0, 0x03, 0x80, 0xF0, 0x01,
  0xC0, 0x78, 0x00, 0xE0, 0x3C, 0x00, 0x70, 0x1E, 0x00, 0x38, 0x0F, 0x00,
  0x1C, 0x07, 0x80, 0x0E, 0x03, 0xC0, 0x07, 0x01, 0xE0, 0x03, 0x80, 0xF0,
  0x01, 0xC0, 0x78, 0x01, 0xE0, 0x1E, 0x03, 0xF0, 0x0F, 0xCF, 0xBC, 0x03,
  0xFF, 0x9F, 0xC0, 0xFF, 0x0F, 0xE0, 0x00, 0x3C, 0x00, 0x00, 0x3F, 0x00,
  0x00, 0x3F, 0xC0, 0x00, 0x3C, 0xF0, 0x00, 0x3C, 0x3C, 0x00, 0x38, 0x07,
  0x00, 0x08, 0x01, 0x00, 0x00, 0x00, 0x00, 0x00, 0x00, 0x00, 0x00, 0x00,
  0x00, 0x00, 0x00, 0x00, 0x1F, 0xC0, 0x7F, 0x0F, 0xE0, 0x3F, 0x83, 0xF0,
  0x07, 0xC0, 0x78, 0x00, 0xE0, 0x3C, 0x00, 0x70, 0x1E, 0x00, 0x38, 0x0F,
  0x00, 0x1C, 0x07, 0x80, 0x0E, 0x03, 0xC0, 0x07, 0x01, 0xE0, 0x03, 0x80,
  0xF0, 0x01, 0xC0, 0x78, 0x00, 0xE0, 0x3C, 0x00, 0x70, 0x1E, 0x00, 0x38,
  0x0F, 0x00, 0x1C, 0x07, 0x80, 0x0E, 0x03, 0xC0, 0x07, 0x01, 0xE0, 0x03,
  0x80, 0xF0, 0x03, 0xC0, 0x3C, 0x07, 0xE0, 0x1F, 0x9F, 0x78, 0x07, 0xFF,
  0x3F, 0x81, 0xFE, 0x1F, 0xC0, 0x03, 0x81, 0xC0, 0x01, 0xE1, 0xE0, 0x00,
  0xF0, 0xF0, 0x00, 0x70, 0x38, 0x00, 0x00, 0x00, 0x00, 0x00, 0x00, 0x00,
  0x00, 0x00, 0x00, 0x00, 0x00, 0x00, 0x00, 0x00, 0x00, 0x7F, 0x01, 0xFC,
  0x3F, 0x80, 0xFE, 0x0F, 0xC0, 0x1F, 0x01, 0xE0, 0x03, 0x80, 0xF0, 0x01,
  0xC0, 0x78, 0x00, 0xE0, 0x3C, 0x00, 0x70, 0x1E, 0x00, 0x38, 0x0F, 0x00,
  0x1C, 0x07, 0x80, 0x0E, 0x03, 0xC0, 0x07, 0x01, 0xE0, 0x03, 0x80, 0xF0,
  0x01, 0xC0, 0x78, 0x00, 0xE0, 0x3C, 0x00, 0x70, 0x1E, 0x00, 0x38, 0x0F,
  0x00, 0x1C, 0x07, 0x80, 0x0E, 0x03, 0xC0, 0x0F, 0x00, 0xF0, 0x1F, 0x80,
  0x7E, 0x7D, 0xE0, 0x1F, 0xFC, 0xFE, 0x07, 0xF8, 0x7F, 0x00, 0x01, 0x00,
  0x00, 0x06, 0x00, 0x00, 0x1E, 0x00, 0x00, 0xFC, 0x00, 0x03, 0xE0, 0x00,
  0x0F, 0x00, 0x00, 0x3C, 0x00, 0x00, 0x60, 0x00, 0x00, 0x00, 0x00, 0x00,
  0x00, 0x00, 0x00, 0x00, 0x00, 0x00, 0x00, 0x0F, 0xF8, 0x3F, 0xFF, 0xF0,
  0x7F, 0xDF, 0x00, 0x3E, 0x0E, 0x00, 0x38, 0x1C, 0x00, 0x70, 0x3C, 0x01,
  0xC0, 0x38, 0x03, 0x80, 0x70, 0x07, 0x00, 0xF0, 0x1C, 0x00, 0xE0, 0x38,
  0x01, 0xC0, 0x70, 0x01, 0xC1, 0xC0, 0x03, 0x83, 0x80, 0x07, 0x86, 0x00,
  0x07, 0x1C, 0x00, 0x0E, 0x38, 0x00, 0x0E, 0x60, 0x00, 0x1D, 0xC0, 0x00,
  0x3B, 0x80, 0x00, 0x3E, 0x00, 0x00, 0x7C, 0x00, 0x00, 0xF8, 0x00, 0x00,
  0xE0, 0x00, 0x01, 0xC0, 0x00, 0x07, 0x00, 0x00, 0x0E, 0x00, 0x00, 0x1C,
  0x00, 0x00, 0x70, 0x00, 0x01, 0xE0, 0x00, 0x07, 0x80, 0x00, 0x1E, 0x00,
  0x03, 0xF8, 0x00, 0x07, 0xE0, 0x00, 0x00, 0xFC, 0x00, 0x03, 0xF0, 0x00,
  0x03, 0xC0, 0x00, 0x07, 0x00, 0x00, 0x1C, 0x00, 0x00, 0x70, 0x00, 0x01,
  0xC0, 0x00, 0x07, 0x00, 0x00, 0x1C, 0x00, 0x00, 0x70, 0x00, 0x01, 0xC3,
  0xF8, 0x07, 0x3F, 0xF0, 0x1D, 0xFF, 0xE0, 0x7E, 0x07, 0xC1, 0xE0, 0x0F,
  0x87, 0x00, 0x1E, 0x1C, 0x00, 0x78, 0x70, 0x00, 0xF1, 0xC0, 0x03, 0xC7,
  0x00, 0x0F, 0x1C, 0x00, 0x3C, 0x70, 0x00, 0xF1, 0xC0, 0x03, 0xC7, 0x00,
  0x0F, 0x1C, 0x00, 0x3C, 0x70, 0x00, 0xE1, 0xC0, 0x03, 0x87, 0x00, 0x1E,
  0x1C, 0x00, 0xF0, 0x70, 0x07, 0xC1, 0xF0, 0x7E, 0x07, 0xFF, 0xF0, 0x1F,
  0xFF, 0x00, 0x70, 0x00, 0x01, 0xC0, 0x00, 0x07, 0x00, 0x00, 0x1C, 0x00,
  0x00, 0x70, 0x00, 0x01, 0xC0, 0x00, 0x07, 0x00, 0x00, 0x3F, 0x00, 0x03,
  0xFF, 0x00, 0x0F, 0xFC, 0x00, 0x00, 0x03, 0x83, 0x80, 0x0F, 0x07, 0x80,
  0x1E, 0x0F, 0x00, 0x3C, 0x1C, 0x00, 0x00, 0x00, 0x00, 0x00, 0x00, 0x00,
  0x00, 0x00, 0x00, 0x00, 0x00, 0x00, 0x00, 0x01, 0xFF, 0x07, 0xFF, 0xFE,
  0x0F, 0xFB, 0xE0, 0x07, 0xC1, 0xC0, 0x07, 0x03, 0x80, 0x0E, 0x07, 0x80,
  0x38, 0x07, 0x00, 0x70, 0x0E, 0x00, 0xE0, 0x1E, 0x03, 0x80, 0x1C, 0x07,
  0x00, 0x38, 0x0E, 0x00, 0x38, 0x38, 0x00, 0x70, 0x70, 0x00, 0xF0, 0xC0,
  0x00, 0xE3, 0x80, 0x01, 0xC7, 0x00, 0x01, 0xCC, 0x00, 0x03, 0xB8, 0x00,
  0x07, 0x70, 0x00, 0x07, 0xC0, 0x00, 0x0F, 0x80, 0x00, 0x1F, 0x00, 0x00,
  0x1C, 0x00, 0x00, 0x38, 0x00, 0x00, 0xE0, 0x00, 0x01, 0xC0, 0x00, 0x03,
  0x80, 0x00, 0x0E, 0x00, 0x00, 0x3C, 0x00, 0x00, 0xF0, 0x00, 0x03, 0xC0,
  0x00, 0x7F, 0x00, 0x00, 0xFC, 0x00, 0x00 };

const GFXglyph Bitter_22pt8bGlyphs[] PROGMEM = {
  {     0,   1,   1,   9,    0,    0 }, // 0x20 ' '
  {     1,   4,  30,  14,    5,  -29 }, // 0x21 '!'
  {    16,  10,  10,  17,    3,  -32 }, // 0x22 '"'
  {    29,  25,  30,  29,    2,  -29 }, // 0x23 '#'
  {   123,  19,  42,  27,    4,  -35 }, // 0x24 '$'
  {   223,  31,  30,  36,    3,  -29 }, // 0x25 '%'
  {   340,  24,  30,  30,    4,  -29 }, // 0x26 '&'
  {   430,   4,  10,  10,    3,  -32 }, // 0x27 '''
  {   435,  11,  42,  13,    2,  -36 }, // 0x28 '('
  {   493,  10,  42,  13,    1,  -36 }, // 0x29 ')'
  {   546,  14,  13,  21,    3,  -32 }, // 0x2A '*'
  {   569,  20,  20,  25,    2,  -24 }, // 0x2B '+'
  {   619,   5,  10,  10,    2,   -3 }, // 0x2C ','
  {   626,  12,   3,  20,    4,  -13 }, // 0x2D '-'
  {   631,   5,   4,   9,    2,   -3 }, // 0x2E '.'
  {   634,  14,  38,  14,    0,  -34 }, // 0x2F '/'
  {   701,  22,  30,  28,    3,  -29 }, // 0x30 '0'
  {   784,  16,  30,  17,    1,  -29 }, // 0x31 '1'
  {   844,  20,  30,  23,    2,  -29 }, // 0x32 '2'
  {   919,  20,  30,  25,    2,  -29 }, // 0x33 '3'
  {   994,  23,  31,  25,    1,  -30 }, // 0x34 '4'
  {  1084,  19,  30,  23,    2,  -29 }, // 0x35 '5'
  {  1156,  20,  30,  25,    3,  -29 }, // 0x36 '6'
  {  1231,  20,  30,  22,    1,  -29 }, // 0x37 '7'
  {  1306,  20,  30,  26,    3,  -29 }, // 0x38 '8'
  {  1381,  21,  30,  25,    2,  -29 }, // 0x39 '9'
  {  1460,   5,  20,   9,    2,  -19 }, // 0x3A ':'
  {  1473,   6,  26,   9,    1,  -19 }, // 0x3B ';'
  {  1493,  19,  19,  24,    2,  -24 }, // 0x3C '<'
  {  1539,  20,  10,  24,    2,  -19 }, // 0x3D '='
  {  1564,  19,  18,  24,    3,  -23 }, // 0x3E '>'
  {  1607,  14,  31,  18,    2,  -30 }, // 0x3F '?'
  {  1662,  32,  33,  38,    3,  -27 }, // 0x40 '@'
  {  1794,  30,  30,  31,    0,  -29 }, // 0x41 'A'
  {  1907,  23,  30,  28,    2,  -29 }, // 0x42 'B'
  {  1994,  23,  30,  28,    3,  -29 }, // 0x43 'C'
  {  2081,  26,  30,  31,    2,  -29 }, // 0x44 'D'
  {  2179,  22,  30,  27,    2,  -29 }, // 0x45 'E'
  {  2262,  21,  30,  24,    2,  -29 }, // 0x46 'F'
  {  2341,  27,  30,  32,    3,  -29 }, // 0x47 'G'
  {  2443,  30,  30,  34,    2,  -29 }, // 0x48 'H'
  {  2556,  11,  30,  15,    2,  -29 }, // 0x49 'I'
  {  2598,  14,  36,  14,   -1,  -29 }, // 0x4A 'J'
  {  2661,  28,  30,  31,    2,  -29 }, // 0x4B 'K'
  {  2766,  21,  30,  24,    2,  -29 }, // 0x4C 'L'
  {  2845,  34,  30,  38,    2,  -29 }, // 0x4D 'M'
  {  2973,  31,  30,  34,    2,  -29 }, // 0x4E 'N'
  {  3090,  27,  30,  32,    3,  -29 }, // 0x4F 'O'
  {  3192,  22,  30,  26,    2,  -29 }, // 0x50 'P'
  {  3275,  32,  38,  32,    3,  -29 }, // 0x51 'Q'
  {  3427,  25,  30,  28,    2,  -29 }, // 0x52 'R'
  {  3521,  20,  30,  26,    3,  -29 }, // 0x53 'S'
  {  3596,  23,  30,  25,    1,  -29 }, // 0x54 'T'
  {  3683,  30,  30,  32,    1,  -29 }, // 0x55 'U'
  {  3796,  30,  30,  30,    0,  -29 }, // 0x56 'V'
  {  3909,  44,  30,  44,    0,  -29 }, // 0x57 'W'
  {  4074,  28,  30,  30,    1,  -29 }, // 0x58 'X'
  {  4179,  27,  30,  28,    0,  -29 }, // 0x59 'Y'
  {  4281,  22,  30,  27,    2,  -29 }, // 0x5A 'Z'
  {  4364,   9,  41,  15,    5,  -36 }, // 0x5B '['
  {  4411,  14,  38,  14,    0,  -34 }, // 0x5C '\'
  {  4478,   9,  41,  15,    1,  -36 }, // 0x5D ']'
  {  4525,  19,  14,  24,    2,  -36 }, // 0x5E '^'
  {  4559,  21,   2,  21,    0,    4 }, // 0x5F '_'
  {  4565,   9,   8,  13,    2,  -34 }, // 0x60 '`'
  {  4574,  21,  23,  24,    2,  -22 }, // 0x61 'a'
  {  4635,  23,  33,  25,    0,  -32 }, // 0x62 'b'
  {  4730,  19,  23,  22,    2,  -22 }, // 0x63 'c'
  {  4785,  23,  33,  26,    2,  -32 }, // 0x64 'd'
  {  4880,  19,  23,  24,    2,  -22 }, // 0x65 'e'
  {  4935,  15,  33,  15,    2,  -32 }, // 0x66 'f'
  {  4997,  22,  33,  24,    1,  -22 }, // 0x67 'g'
  {  5088,  25,  33,  27,    1,  -32 }, // 0x68 'h'
  {  5192,  10,  32,  13,    2,  -31 }, // 0x69 'i'
  {  5232,  10,  42,  12,   -2,  -31 }, // 0x6A 'j'
  {  5285,  23,  33,  24,    1,  -32 }, // 0x6B 'k'
  {  5380,  10,  33,  12,    1,  -32 }, // 0x6C 'l'
  {  5422,  38,  23,  41,    2,  -22 }, // 0x6D 'm'
  {  5532,  25,  23,  27,    2,  -22 }, // 0x6E 'n'
  {  5604,  21,  23,  25,    2,  -22 }, // 0x6F 'o'
  {  5665,  23,  33,  26,    1,  -22 }, // 0x70 'p'
  {  5760,  23,  33,  25,    2,  -22 }, // 0x71 'q'
  {  5855,  16,  23,  19,    2,  -22 }, // 0x72 'r'
  {  5901,  16,  23,  21,    2,  -22 }, // 0x73 's'
  {  5947,  14,  28,  16,    1,  -27 }, // 0x74 't'
  {  5996,  25,  23,  27,    1,  -22 }, // 0x75 'u'
  {  6068,  23,  23,  23,    0,  -22 }, // 0x76 'v'
  {  6135,  35,  23,  34,    0,  -22 }, // 0x77 'w'
  {  6236,  23,  23,  24,    0,  -22 }, // 0x78 'x'
  {  6303,  23,  33,  23,    0,  -22 }, // 0x79 'y'
  {  6398,  17,  23,  21,    2,  -22 }, // 0x7A 'z'
  {  6447,  12,  41,  15,    1,  -36 }, // 0x7B '{'
  {  6509,   2,  39,  14,    6,  -34 }, // 0x7C '|'
  {  6519,  12,  41,  15,    1,  -36 }, // 0x7D '}'
  {  6581,  21,   6,  26,    3,  -17 }, // 0x7E '~'
  {  6597,  14,  43,  22,    4,  -32 }, // 0x7F 
  {  6673,  14,  43,  22,    4,  -32 }, // 0x80 
  {  6749,  14,  43,  22,    4,  -32 }, // 0x81 
  {  6825,  14,  43,  22,    4,  -32 }, // 0x82 
  {  6901,  14,  43,  22,    4,  -32 }, // 0x83 
  {  6977,  14,  43,  22,    4,  -32 }, // 0x84 
  {  7053,  14,  43,  22,    4,  -32 }, // 0x85 
  {  7129,  14,  43,  22,    4,  -32 }, // 0x86 
  {  7205,  14,  43,  22,    4,  -32 }, // 0x87 
  {  7281,  14,  43,  22,    4,  -32 }, // 0x88 
  {  7357,  14,  43,  22,    4,  -32 }, // 0x89 
  {  7433,  14,  43,  22,    4,  -32 }, // 0x8A 
  {  7509,  14,  43,  22,    4,  -32 }, // 0x8B 
  {  7585,  14,  43,  22,    4,  -32 }, // 0x8C 
  {  7661,  14,  43,  22,    4,  -32 }, // 0x8D 
  {  7737,  14,  43,  22,    4,  -32 }, // 0x8E 
  {  7813,  14,  43,  22,    4,  -32 }, // 0x8F 
  {  7889,  14,  43,  22,    4,  -32 }, // 0x90 
  {  7965,  14,  43,  22,    4,  -32 }, // 0x91 
  {  8041,  14,  43,  22,    4,  -32 }, // 0x92 
  {  8117,  14,  43,  22,    4,  -32 }, // 0x93 
  {  8193,  14,  43,  22,    4,  -32 }, // 0x94 
  {  8269,  14,  43,  22,    4,  -32 }, // 0x95 
  {  8345,  14,  43,  22,    4,  -32 }, // 0x96 
  {  8421,  14,  43,  22,    4,  -32 }, // 0x97 
  {  8497,  14,  43,  22,    4,  -32 }, // 0x98 
  {  8573,  14,  43,  22,    4,  -32 }, // 0x99 
  {  8649,  14,  43,  22,    4,  -32 }, // 0x9A 
  {  8725,  14,  43,  22,    4,  -32 }, // 0x9B 
  {  8801,  14,  43,  22,    4,  -32 }, // 0x9C 
  {  8877,  14,  43,  22,    4,  -32 }, // 0x9D 
  {  8953,  14,  43,  22,    4,  -32 }, // 0x9E 
  {  9029,  14,  43,  22,    4,  -32 }, // 0x9F 
  {  9105,   1,   1,   9,    0,    0 }, // 0xA0 
  {  9106,   4,  30,  14,    5,  -20 }, // 0xA1 '¡'
  {  9121,  18,  33,  25,    3,  -31 }, // 0xA2 '¢'
  {  9196,  22,  30,  29,    3,  -29 }, // 0xA3 '£'
  {  9279,  21,  20,  29,    4,  -22 }, // 0xA4 '¤'
  {  9332,  27,  30,  31,    2,  -29 }, // 0xA5 '¥'
  {  9434,   2,  39,  14,    6,  -34 }, // 0xA6 '¦'
  {  9444,  17,  38,  25,    4,  -29 }, // 0xA7 '§'
  {  9525,  13,   4,  19,    3,  -31 }, // 0xA8 '¨'
  {  9532,  32,  30,  38,    3,  -29 }, // 0xA9 '©'
  {  9652,  15,  22,  19,    2,  -29 }, // 0xAA 'ª'
  {  9694,  17,  18,  21,    2,  -20 }, // 0xAB '«'
  {  9733,  21,  11,  26,    2,  -15 }, // 0xAC '¬'
  {  9762,  14,  43,  22,    4,  -32 }, // 0xAD '­'
  {  9838,  25,  25,  32,    4,  -31 }, // 0xAE '®'
  {  9917,  11,   2,  19,    4,  -30 }, // 0xAF '¯'
  {  9920,  13,  13,  19,    2,  -31 }, // 0xB0 '°'
  {  9942,  20,  25,  26,    3,  -26 }, // 0xB1 '±'
  { 10005,  13,  19,  15,    1,  -33 }, // 0xB2 '²'
  { 10036,  13,  18,  16,    1,  -32 }, // 0xB3 '³'
  { 10066,  10,   8,  14,    3,  -34 }, // 0xB4 '´'
  { 10076,  25,  33,  28,    1,  -22 }, // 0xB5 'µ'
  { 10180,  21,  37,  26,    2,  -29 }, // 0xB6 '¶'
  { 10278,   5,   4,   9,    2,  -15 }, // 0xB7 '·'
  { 10281,   9,  10,  14,    3,    1 }, // 0xB8 '¸'
  { 10293,  10,  18,  12,    1,  -32 }, // 0xB9 '¹'
  { 10316,  16,  22,  21,    2,  -29 }, // 0xBA 'º'
  { 10360,  16,  18,  21,    3,  -20 }, // 0xBB '»'
  { 10396,  32,  30,  36,    2,  -29 }, // 0xBC '¼'
  { 10516,  33,  30,  37,    2,  -29 }, // 0xBD '½'
  { 10640,  35,  30,  38,    1,  -29 }, // 0xBE '¾'
  { 10772,  15,  31,  18,    1,  -22 }, // 0xBF '¿'
  { 10831,  30,  39,  31,    0,  -38 }, // 0xC0 'À'
  { 10978,  30,  39,  31,    0,  -38 }, // 0xC1 'Á'
  { 11125,  30,  39,  31,    0,  -38 }, // 0xC2 'Â'
  { 11272,  30,  38,  31,    0,  -37 }, // 0xC3 'Ã'
  { 11415,  30,  37,  31,    0,  -36 }, // 0xC4 'Ä'
  { 11554,  30,  40,  31,    0,  -39 }, // 0xC5 'Å'
  { 11704,  38,  30,  41,    0,  -29 }, // 0xC6 'Æ'
  { 11847,  23,  40,  28,    3,  -29 }, // 0xC7 'Ç'
  { 11962,  22,  39,  27,    2,  -38 }, // 0xC8 'È'
  { 12070,  22,  39,  27,    2,  -38 }, // 0xC9 'É'
  { 12178,  22,  39,  27,    2,  -38 }, // 0xCA 'Ê'
  { 12286,  22,  37,  27,    2,  -36 }, // 0xCB 'Ë'
  { 12388,  11,  39,  15,    2,  -38 }, // 0xCC 'Ì'
  { 12442,  11,  39,  15,    2,  -38 }, // 0xCD 'Í'
  { 12496,  15,  39,  15,    0,  -38 }, // 0xCE 'Î'
  { 12570,  13,  37,  15,    1,  -36 }, // 0xCF 'Ï'
  { 12631,  26,  30,  31,    2,  -29 }, // 0xD0 'Ð'
  { 12729,  31,  38,  34,    2,  -37 }, // 0xD1 'Ñ'
  { 12877,  27,  39,  32,    3,  -38 }, // 0xD2 'Ò'
  { 13009,  27,  39,  32,    3,  -38 }, // 0xD3 'Ó'
  { 13141,  27,  39,  32,    3,  -38 }, // 0xD4 'Ô'
  { 13273,  27,  38,  32,    3,  -37 }, // 0xD5 'Õ'
  { 13402,  27,  37,  32,    3,  -36 }, // 0xD6 'Ö'
  { 13527,  17,  16,  22,    2,  -22 }, // 0xD7 '×'
  { 13561,  27,  36,  32,    3,  -32 }, // 0xD8 'Ø'
  { 13683,  30,  39,  32,    1,  -38 }, // 0xD9 'Ù'
  { 13830,  30,  39,  32,    1,  -38 }, // 0xDA 'Ú'
  { 13977,  30,  39,  32,    1,  -38 }, // 0xDB 'Û'
  { 14124,  30,  37,  32,    1,  -36 }, // 0xDC 'Ü'
  { 14263,  27,  39,  28,    0,  -38 }, // 0xDD 'Ý'
  { 14395,  22,  30,  25,    2,  -29 }, // 0xDE 'Þ'
  { 14478,  25,  33,  28,    2,  -32 }, // 0xDF 'ß'
  { 14582,  21,  35,  24,    2,  -34 }, // 0xE0 'à'
  { 14674,  21,  35,  24,    2,  -34 }, // 0xE1 'á'
  { 14766,  21,  34,  24,    2,  -33 }, // 0xE2 'â'
  { 14856,  21,  33,  24,    2,  -32 }, // 0xE3 'ã'
  { 14943,  21,  32,  24,    2,  -31 }, // 0xE4 'ä'
  { 15027,  21,  35,  24,    2,  -34 }, // 0xE5 'å'
  { 15119,  33,  23,  37,    2,  -22 }, // 0xE6 'æ'
  { 15214,  19,  33,  22,    2,  -22 }, // 0xE7 'ç'
  { 15293,  19,  35,  24,    2,  -34 }, // 0xE8 'è'
  { 15377,  19,  35,  24,    2,  -34 }, // 0xE9 'é'
  { 15461,  19,  34,  24,    2,  -33 }, // 0xEA 'ê'
  { 15542,  19,  32,  24,    2,  -31 }, // 0xEB 'ë'
  { 15618,  11,  35,  13,    1,  -34 }, // 0xEC 'ì'
  { 15667,  11,  35,  13,    2,  -34 }, // 0xED 'í'
  { 15716,  13,  34,  13,    0,  -33 }, // 0xEE 'î'
  { 15772,  12,  32,  13,    0,  -31 }, // 0xEF 'ï'
  { 15820,  21,  34,  25,    2,  -33 }, // 0xF0 'ð'
  { 15910,  25,  33,  27,    2,  -32 }, // 0xF1 'ñ'
  { 16014,  21,  35,  25,    2,  -34 }, // 0xF2 'ò'
  { 16106,  21,  35,  25,    2,  -34 }, // 0xF3 'ó'
  { 16198,  21,  34,  25,    2,  -33 }, // 0xF4 'ô'
  { 16288,  21,  33,  25,    2,  -32 }, // 0xF5 'õ'
  { 16375,  21,  32,  25,    2,  -31 }, // 0xF6 'ö'
  { 16459,  20,  19,  24,    2,  -24 }, // 0xF7 '÷'
  { 16507,  21,  30,  25,    2,  -25 }, // 0xF8 'ø'
  { 16586,  25,  35,  27,    1,  -34 }, // 0xF9 'ù'
  { 16696,  25,  35,  27,    1,  -34 }, // 0xFA 'ú'
  { 16806,  25,  34,  27,    1,  -33 }, // 0xFB 'û'
  { 16913,  25,  32,  27,    1,  -31 }, // 0xFC 'ü'
  { 17013,  23,  45,  23,    0,  -34 }, // 0xFD 'ý'
  { 17143,  22,  43,  25,    1,  -32 }, // 0xFE 'þ'
  { 17262,  23,  42,  23,    0,  -31 } }; // 0xFF 'ÿ'

const GFXfont Bitter_22pt8b PROGMEM = {
  (uint8_t  *)Bitter_22pt8bBitmaps,
  (GFXglyph *)Bitter_22pt8bGlyphs,
  0x20, 0xFF, 52 };

// Approx. 18958 bytes
