/* Moon-phase widget icons, drawn by
 * tools/generate_color_icons.py (see draw_moons). Pure
 * black/white, so unlike icons_color.h these are compiled
 * into EVERY panel build. Same 4-bit index format:
 * 0 transparent, 1 black, 2 white.
 *
 * 16 steps around the synodic cycle, index 0 = new. The
 * shadow and the limb are solid black; only the lit side
 * is dithered, which is what puts the craters there.
 *
 * GENERATED FILE -- do not edit by hand.
 */

#ifndef __ICONS_MOON_H__
#define __ICONS_MOON_H__

#include <Arduino.h>

static const uint8_t moon00_48[1152] PROGMEM = {
  0x00,0x00,0x00,0x00,0x00,0x00,0x00,0x00,0x00,0x00,0x00,0x00,0x00,0x00,0x00,0x00,0x00,0x00,0x00,0x00,
  0x00,0x00,0x00,0x00,0x00,0x00,0x00,0x00,0x00,0x00,0x00,0x00,0x00,0x00,0x00,0x00,0x00,0x00,0x00,0x00,
  0x00,0x00,0x00,0x00,0x00,0x00,0x00,0x00,0x00,0x00,0x00,0x00,0x00,0x00,0x00,0x00,0x00,0x00,0x00,0x00,
  0x00,0x00,0x00,0x00,0x00,0x00,0x00,0x00,0x00,0x00,0x00,0x00,0x00,0x00,0x00,0x00,0x00,0x00,0x00,0x00,
  0x00,0x00,0x00,0x21,0x21,0x00,0x00,0x00,0x00,0x00,0x00,0x00,0x00,0x00,0x00,0x00,0x00,0x00,0x00,0x00,
  0x00,0x00,0x00,0x00,0x01,0x11,0x11,0x11,0x11,0x11,0x11,0x10,0x00,0x00,0x00,0x00,0x00,0x00,0x00,0x00,
  0x00,0x00,0x00,0x00,0x00,0x00,0x00,0x01,0x11,0x11,0x11,0x11,0x11,0x11,0x11,0x11,0x10,0x00,0x00,0x00,
  0x00,0x00,0x00,0x00,0x00,0x00,0x00,0x00,0x00,0x00,0x01,0x11,0x11,0x11,0x11,0x11,0x11,0x11,0x11,0x11,
  0x11,0x10,0x00,0x00,0x00,0x00,0x00,0x00,0x00,0x00,0x00,0x00,0x00,0x00,0x11,0x11,0x11,0x11,0x11,0x11,
  0x11,0x11,0x11,0x11,0x11,0x11,0x00,0x00,0x00,0x00,0x00,0x00,0x00,0x00,0x00,0x00,0x00,0x01,0x11,0x11,
  0x11,0x11,0x11,0x11,0x11,0x11,0x11,0x11,0x11,0x11,0x11,0x00,0x00,0x00,0x00,0x00,0x00,0x00,0x00,0x00,
  0x01,0x11,0x11,0x11,0x11,0x11,0x11,0x11,0x11,0x11,0x11,0x11,0x11,0x11,0x11,0x10,0x00,0x00,0x00,0x00,
  0x00,0x00,0x00,0x00,0x01,0x11,0x11,0x11,0x11,0x11,0x11,0x11,0x11,0x11,0x11,0x11,0x11,0x11,0x11,0x12,
  0x00,0x00,0x00,0x00,0x00,0x00,0x00,0x00,0x11,0x11,0x11,0x11,0x11,0x11,0x11,0x11,0x11,0x11,0x11,0x11,
  0x11,0x11,0x11,0x11,0x00,0x00,0x00,0x00,0x00,0x00,0x00,0x01,0x11,0x11,0x11,0x11,0x11,0x11,0x11,0x11,
  0x11,0x11,0x11,0x11,0x11,0x11,0x11,0x11,0x10,0x00,0x00,0x00,0x00,0x00,0x00,0x11,0x11,0x11,0x11,0x11,
  0x11,0x11,0x11,0x11,0x11,0x11,0x11,0x11,0x11,0x11,0x11,0x11,0x11,0x00,0x00,0x00,0x00,0x00,0x00,0x11,
  0x11,0x11,0x11,0x11,0x11,0x11,0x11,0x11,0x11,0x11,0x11,0x11,0x11,0x11,0x11,0x11,0x11,0x00,0x00,0x00,
  0x00,0x00,0x01,0x11,0x11,0x11,0x11,0x11,0x11,0x11,0x11,0x11,0x11,0x11,0x11,0x11,0x11,0x11,0x11,0x11,
  0x11,0x10,0x00,0x00,0x00,0x00,0x01,0x11,0x11,0x11,0x11,0x11,0x11,0x11,0x11,0x11,0x11,0x11,0x11,0x11,
  0x11,0x11,0x11,0x11,0x11,0x10,0x00,0x00,0x00,0x00,0x11,0x11,0x11,0x11,0x11,0x11,0x11,0x11,0x11,0x11,
  0x11,0x11,0x11,0x11,0x11,0x11,0x11,0x11,0x11,0x11,0x00,0x00,0x00,0x00,0x11,0x11,0x11,0x11,0x11,0x11,
  0x11,0x11,0x11,0x11,0x11,0x11,0x11,0x11,0x11,0x11,0x11,0x11,0x11,0x11,0x00,0x00,0x00,0x00,0x11,0x11,
  0x11,0x11,0x11,0x11,0x11,0x11,0x11,0x11,0x11,0x11,0x11,0x11,0x11,0x11,0x11,0x11,0x11,0x11,0x00,0x00,
  0x00,0x00,0x11,0x11,0x11,0x11,0x11,0x11,0x11,0x11,0x11,0x11,0x11,0x11,0x11,0x11,0x11,0x11,0x11,0x11,
  0x11,0x11,0x00,0x00,0x00,0x00,0x11,0x11,0x11,0x11,0x11,0x11,0x11,0x11,0x11,0x11,0x11,0x11,0x11,0x11,
  0x11,0x11,0x11,0x11,0x11,0x11,0x10,0x00,0x00,0x02,0x11,0x11,0x11,0x11,0x11,0x11,0x11,0x11,0x11,0x11,
  0x11,0x11,0x11,0x11,0x11,0x11,0x11,0x11,0x11,0x11,0x20,0x00,0x00,0x01,0x11,0x11,0x11,0x11,0x11,0x11,
  0x11,0x11,0x11,0x11,0x11,0x11,0x11,0x11,0x11,0x11,0x11,0x11,0x11,0x11,0x10,0x00,0x00,0x02,0x11,0x11,
  0x11,0x11,0x11,0x11,0x11,0x11,0x11,0x11,0x11,0x11,0x11,0x11,0x11,0x11,0x11,0x11,0x11,0x11,0x10,0x00,
  0x00,0x01,0x11,0x11,0x11,0x11,0x11,0x11,0x11,0x11,0x11,0x11,0x11,0x11,0x11,0x11,0x11,0x11,0x11,0x11,
  0x11,0x11,0x20,0x00,0x00,0x00,0x11,0x11,0x11,0x11,0x11,0x11,0x11,0x11,0x11,0x11,0x11,0x11,0x11,0x11,
  0x11,0x11,0x11,0x11,0x11,0x11,0x10,0x00,0x00,0x00,0x11,0x11,0x11,0x11,0x11,0x11,0x11,0x11,0x11,0x11,
  0x11,0x11,0x11,0x11,0x11,0x11,0x11,0x11,0x11,0x11,0x00,0x00,0x00,0x00,0x11,0x11,0x11,0x11,0x11,0x11,
  0x11,0x11,0x11,0x11,0x11,0x11,0x11,0x11,0x11,0x11,0x11,0x11,0x11,0x11,0x00,0x00,0x00,0x00,0x11,0x11,
  0x11,0x11,0x11,0x11,0x11,0x11,0x11,0x11,0x11,0x11,0x11,0x11,0x11,0x11,0x11,0x11,0x11,0x11,0x00,0x00,
  0x00,0x00,0x11,0x11,0x11,0x11,0x11,0x11,0x11,0x11,0x11,0x11,0x11,0x11,0x11,0x11,0x11,0x11,0x11,0x11,
  0x11,0x11,0x00,0x00,0x00,0x00,0x01,0x11,0x11,0x11,0x11,0x11,0x11,0x11,0x11,0x11,0x11,0x11,0x11,0x11,
  0x11,0x11,0x11,0x11,0x11,0x10,0x00,0x00,0x00,0x00,0x01,0x11,0x11,0x11,0x11,0x11,0x11,0x11,0x11,0x11,
  0x11,0x11,0x11,0x11,0x11,0x11,0x11,0x11,0x11,0x10,0x00,0x00,0x00,0x00,0x00,0x11,0x11,0x11,0x11,0x11,
  0x11,0x11,0x11,0x11,0x11,0x11,0x11,0x11,0x11,0x11,0x11,0x11,0x11,0x00,0x00,0x00,0x00,0x00,0x00,0x11,
  0x11,0x11,0x11,0x11,0x11,0x11,0x11,0x11,0x11,0x11,0x11,0x11,0x11,0x11,0x11,0x11,0x11,0x00,0x00,0x00,
  0x00,0x00,0x00,0x01,0x11,0x11,0x11,0x11,0x11,0x11,0x11,0x11,0x11,0x11,0x11,0x11,0x11,0x11,0x11,0x11,
  0x10,0x00,0x00,0x00,0x00,0x00,0x00,0x00,0x11,0x11,0x11,0x11,0x11,0x11,0x11,0x11,0x11,0x11,0x11,0x11,
  0x11,0x11,0x11,0x11,0x00,0x00,0x00,0x00,0x00,0x00,0x00,0x00,0x11,0x11,0x11,0x11,0x11,0x11,0x11,0x11,
  0x11,0x11,0x11,0x11,0x11,0x11,0x11,0x11,0x00,0x00,0x00,0x00,0x00,0x00,0x00,0x00,0x01,0x11,0x11,0x11,
  0x11,0x11,0x11,0x11,0x11,0x11,0x11,0x11,0x11,0x11,0x11,0x10,0x00,0x00,0x00,0x00,0x00,0x00,0x00,0x00,
  0x00,0x21,0x11,0x11,0x11,0x11,0x11,0x11,0x11,0x11,0x11,0x11,0x11,0x11,0x11,0x00,0x00,0x00,0x00,0x00,
  0x00,0x00,0x00,0x00,0x00,0x00,0x11,0x11,0x11,0x11,0x11,0x11,0x11,0x11,0x11,0x11,0x11,0x11,0x00,0x00,
  0x00,0x00,0x00,0x00,0x00,0x00,0x00,0x00,0x00,0x00,0x01,0x11,0x11,0x11,0x11,0x11,0x11,0x11,0x11,0x11,
  0x11,0x10,0x00,0x00,0x00,0x00,0x00,0x00,0x00,0x00,0x00,0x00,0x00,0x00,0x00,0x01,0x11,0x11,0x11,0x11,
  0x11,0x11,0x11,0x11,0x10,0x00,0x00,0x00,0x00,0x00,0x00,0x00,0x00,0x00,0x00,0x00,0x00,0x00,0x00,0x00,
  0x01,0x11,0x11,0x11,0x11,0x11,0x11,0x10,0x00,0x00,0x00,0x00,0x00,0x00,0x00,0x00,0x00,0x00,0x00,0x00,
  0x00,0x00,0x00,0x00,0x00,0x00,0x01,0x21,0x21,0x20,0x00,0x00,0x00,0x00,0x00,0x00,0x00,0x00,0x00,0x00,
  0x00,0x00,0x00,0x00,0x00,0x00,0x00,0x00,0x00,0x00,0x00,0x00,0x00,0x00,0x00,0x00,0x00,0x00,0x00,0x00,
  0x00,0x00,0x00,0x00,0x00,0x00,0x00,0x00,0x00,0x00,0x00,0x00,0x00,0x00,0x00,0x00,0x00,0x00,0x00,0x00,
  0x00,0x00,0x00,0x00,0x00,0x00,0x00,0x00,0x00,0x00,0x00,0x00,0x00,0x00,0x00,0x00,0x00,0x00,0x00,0x00,
  0x00,0x00,0x00,0x00,0x00,0x00,0x00,0x00,0x00,0x00,0x00,0x00,
};

static const uint8_t moon00_40[800] PROGMEM = {
  0x00,0x00,0x00,0x00,0x00,0x00,0x00,0x00,0x00,0x00,0x00,0x00,0x00,0x00,0x00,0x00,0x00,0x00,0x00,0x00,
  0x00,0x00,0x00,0x00,0x00,0x00,0x00,0x00,0x00,0x00,0x00,0x00,0x00,0x00,0x00,0x00,0x00,0x00,0x00,0x00,
  0x00,0x00,0x00,0x00,0x00,0x00,0x00,0x00,0x00,0x00,0x00,0x00,0x00,0x00,0x00,0x00,0x00,0x00,0x00,0x00,
  0x00,0x00,0x00,0x00,0x00,0x00,0x00,0x01,0x11,0x11,0x11,0x11,0x20,0x00,0x00,0x00,0x00,0x00,0x00,0x00,
  0x00,0x00,0x00,0x00,0x00,0x00,0x01,0x11,0x11,0x11,0x11,0x11,0x11,0x10,0x00,0x00,0x00,0x00,0x00,0x00,
  0x00,0x00,0x00,0x00,0x00,0x01,0x11,0x11,0x11,0x11,0x11,0x11,0x11,0x11,0x10,0x00,0x00,0x00,0x00,0x00,
  0x00,0x00,0x00,0x00,0x01,0x11,0x11,0x11,0x11,0x11,0x11,0x11,0x11,0x11,0x11,0x10,0x00,0x00,0x00,0x00,
  0x00,0x00,0x00,0x00,0x11,0x11,0x11,0x11,0x11,0x11,0x11,0x11,0x11,0x11,0x11,0x11,0x00,0x00,0x00,0x00,
  0x00,0x00,0x00,0x01,0x11,0x11,0x11,0x11,0x11,0x11,0x11,0x11,0x11,0x11,0x11,0x11,0x10,0x00,0x00,0x00,
  0x00,0x00,0x00,0x21,0x11,0x11,0x11,0x11,0x11,0x11,0x11,0x11,0x11,0x11,0x11,0x11,0x12,0x00,0x00,0x00,
  0x00,0x00,0x00,0x11,0x11,0x11,0x11,0x11,0x11,0x11,0x11,0x11,0x11,0x11,0x11,0x11,0x11,0x00,0x00,0x00,
  0x00,0x00,0x01,0x11,0x11,0x11,0x11,0x11,0x11,0x11,0x11,0x11,0x11,0x11,0x11,0x11,0x11,0x10,0x00,0x00,
  0x00,0x00,0x01,0x11,0x11,0x11,0x11,0x11,0x11,0x11,0x11,0x11,0x11,0x11,0x11,0x11,0x11,0x10,0x00,0x00,
  0x00,0x00,0x11,0x11,0x11,0x11,0x11,0x11,0x11,0x11,0x11,0x11,0x11,0x11,0x11,0x11,0x11,0x11,0x00,0x00,
  0x00,0x00,0x11,0x11,0x11,0x11,0x11,0x11,0x11,0x11,0x11,0x11,0x11,0x11,0x11,0x11,0x11,0x11,0x00,0x00,
  0x00,0x01,0x11,0x11,0x11,0x11,0x11,0x11,0x11,0x11,0x11,0x11,0x11,0x11,0x11,0x11,0x11,0x11,0x10,0x00,
  0x00,0x01,0x11,0x11,0x11,0x11,0x11,0x11,0x11,0x11,0x11,0x11,0x11,0x11,0x11,0x11,0x11,0x11,0x10,0x00,
  0x00,0x01,0x11,0x11,0x11,0x11,0x11,0x11,0x11,0x11,0x11,0x11,0x11,0x11,0x11,0x11,0x11,0x11,0x10,0x00,
  0x00,0x01,0x11,0x11,0x11,0x11,0x11,0x11,0x11,0x11,0x11,0x11,0x11,0x11,0x11,0x11,0x11,0x11,0x10,0x00,
  0x00,0x01,0x11,0x11,0x11,0x11,0x11,0x11,0x11,0x11,0x11,0x11,0x11,0x11,0x11,0x11,0x11,0x11,0x10,0x00,
  0x00,0x01,0x11,0x11,0x11,0x11,0x11,0x11,0x11,0x11,0x11,0x11,0x11,0x11,0x11,0x11,0x11,0x11,0x10,0x00,
  0x00,0x01,0x11,0x11,0x11,0x11,0x11,0x11,0x11,0x11,0x11,0x11,0x11,0x11,0x11,0x11,0x11,0x11,0x10,0x00,
  0x00,0x01,0x11,0x11,0x11,0x11,0x11,0x11,0x11,0x11,0x11,0x11,0x11,0x11,0x11,0x11,0x11,0x11,0x10,0x00,
  0x00,0x01,0x11,0x11,0x11,0x11,0x11,0x11,0x11,0x11,0x11,0x11,0x11,0x11,0x11,0x11,0x11,0x11,0x10,0x00,
  0x00,0x02,0x11,0x11,0x11,0x11,0x11,0x11,0x11,0x11,0x11,0x11,0x11,0x11,0x11,0x11,0x11,0x11,0x10,0x00,
  0x00,0x00,0x11,0x11,0x11,0x11,0x11,0x11,0x11,0x11,0x11,0x11,0x11,0x11,0x11,0x11,0x11,0x11,0x00,0x00,
  0x00,0x00,0x11,0x11,0x11,0x11,0x11,0x11,0x11,0x11,0x11,0x11,0x11,0x11,0x11,0x11,0x11,0x11,0x00,0x00,
  0x00,0x00,0x01,0x11,0x11,0x11,0x11,0x11,0x11,0x11,0x11,0x11,0x11,0x11,0x11,0x11,0x11,0x12,0x00,0x00,
  0x00,0x00,0x01,0x11,0x11,0x11,0x11,0x11,0x11,0x11,0x11,0x11,0x11,0x11,0x11,0x11,0x11,0x10,0x00,0x00,
  0x00,0x00,0x00,0x11,0x11,0x11,0x11,0x11,0x11,0x11,0x11,0x11,0x11,0x11,0x11,0x11,0x11,0x00,0x00,0x00,
  0x00,0x00,0x00,0x11,0x11,0x11,0x11,0x11,0x11,0x11,0x11,0x11,0x11,0x11,0x11,0x11,0x11,0x00,0x00,0x00,
  0x00,0x00,0x00,0x01,0x11,0x11,0x11,0x11,0x11,0x11,0x11,0x11,0x11,0x11,0x11,0x11,0x10,0x00,0x00,0x00,
  0x00,0x00,0x00,0x00,0x11,0x11,0x11,0x11,0x11,0x11,0x11,0x11,0x11,0x11,0x11,0x11,0x00,0x00,0x00,0x00,
  0x00,0x00,0x00,0x00,0x02,0x11,0x11,0x11,0x11,0x11,0x11,0x11,0x11,0x11,0x11,0x10,0x00,0x00,0x00,0x00,
  0x00,0x00,0x00,0x00,0x00,0x01,0x11,0x11,0x11,0x11,0x11,0x11,0x11,0x11,0x10,0x00,0x00,0x00,0x00,0x00,
  0x00,0x00,0x00,0x00,0x00,0x00,0x01,0x11,0x11,0x11,0x11,0x11,0x11,0x12,0x00,0x00,0x00,0x00,0x00,0x00,
  0x00,0x00,0x00,0x00,0x00,0x00,0x00,0x01,0x11,0x11,0x11,0x11,0x10,0x00,0x00,0x00,0x00,0x00,0x00,0x00,
  0x00,0x00,0x00,0x00,0x00,0x00,0x00,0x00,0x00,0x00,0x00,0x00,0x00,0x00,0x00,0x00,0x00,0x00,0x00,0x00,
  0x00,0x00,0x00,0x00,0x00,0x00,0x00,0x00,0x00,0x00,0x00,0x00,0x00,0x00,0x00,0x00,0x00,0x00,0x00,0x00,
  0x00,0x00,0x00,0x00,0x00,0x00,0x00,0x00,0x00,0x00,0x00,0x00,0x00,0x00,0x00,0x00,0x00,0x00,0x00,0x00,
};

static const uint8_t moon01_48[1152] PROGMEM = {
  0x00,0x00,0x00,0x00,0x00,0x00,0x00,0x00,0x00,0x00,0x00,0x00,0x00,0x00,0x00,0x00,0x00,0x00,0x00,0x00,
  0x00,0x00,0x00,0x00,0x00,0x00,0x00,0x00,0x00,0x00,0x00,0x00,0x00,0x00,0x00,0x00,0x00,0x00,0x00,0x00,
  0x00,0x00,0x00,0x00,0x00,0x00,0x00,0x00,0x00,0x00,0x00,0x00,0x00,0x00,0x00,0x00,0x00,0x00,0x00,0x00,
  0x00,0x00,0x00,0x00,0x00,0x00,0x00,0x00,0x00,0x00,0x00,0x00,0x00,0x00,0x00,0x00,0x00,0x00,0x00,0x00,
  0x00,0x00,0x00,0x21,0x21,0x00,0x00,0x00,0x00,0x00,0x00,0x00,0x00,0x00,0x00,0x00,0x00,0x00,0x00,0x00,
  0x00,0x00,0x00,0x00,0x01,0x11,0x11,0x11,0x11,0x11,0x11,0x10,0x00,0x00,0x00,0x00,0x00,0x00,0x00,0x00,
  0x00,0x00,0x00,0x00,0x00,0x00,0x00,0x01,0x11,0x11,0x11,0x11,0x11,0x11,0x11,0x11,0x10,0x00,0x00,0x00,
  0x00,0x00,0x00,0x00,0x00,0x00,0x00,0x00,0x00,0x00,0x01,0x11,0x11,0x11,0x11,0x11,0x11,0x11,0x11,0x11,
  0x11,0x10,0x00,0x00,0x00,0x00,0x00,0x00,0x00,0x00,0x00,0x00,0x00,0x00,0x11,0x11,0x11,0x11,0x11,0x11,
  0x11,0x11,0x11,0x11,0x11,0x11,0x00,0x00,0x00,0x00,0x00,0x00,0x00,0x00,0x00,0x00,0x00,0x01,0x11,0x11,
  0x11,0x11,0x11,0x11,0x11,0x11,0x11,0x11,0x11,0x11,0x11,0x00,0x00,0x00,0x00,0x00,0x00,0x00,0x00,0x00,
  0x01,0x11,0x11,0x11,0x11,0x11,0x11,0x11,0x11,0x11,0x11,0x11,0x11,0x11,0x11,0x20,0x00,0x00,0x00,0x00,
  0x00,0x00,0x00,0x00,0x01,0x11,0x11,0x11,0x11,0x11,0x11,0x11,0x11,0x11,0x11,0x11,0x11,0x11,0x11,0x11,
  0x00,0x00,0x00,0x00,0x00,0x00,0x00,0x00,0x11,0x11,0x11,0x11,0x11,0x11,0x11,0x11,0x11,0x11,0x11,0x11,
  0x11,0x11,0x11,0x12,0x00,0x00,0x00,0x00,0x00,0x00,0x00,0x01,0x11,0x11,0x11,0x11,0x11,0x11,0x11,0x11,
  0x11,0x11,0x11,0x11,0x11,0x11,0x11,0x11,0x10,0x00,0x00,0x00,0x00,0x00,0x00,0x11,0x11,0x11,0x11,0x11,
  0x11,0x11,0x11,0x11,0x11,0x11,0x11,0x11,0x11,0x11,0x11,0x11,0x21,0x00,0x00,0x00,0x00,0x00,0x00,0x11,
  0x11,0x11,0x11,0x11,0x11,0x11,0x11,0x11,0x11,0x11,0x11,0x11,0x11,0x11,0x11,0x11,0x12,0x00,0x00,0x00,
  0x00,0x00,0x01,0x11,0x11,0x11,0x11,0x11,0x11,0x11,0x11,0x11,0x11,0x11,0x11,0x11,0x11,0x11,0x11,0x11,
  0x11,0x10,0x00,0x00,0x00,0x00,0x01,0x11,0x11,0x11,0x11,0x11,0x11,0x11,0x11,0x11,0x11,0x11,0x11,0x11,
  0x11,0x11,0x11,0x11,0x11,0x20,0x00,0x00,0x00,0x00,0x11,0x11,0x11,0x11,0x11,0x11,0x11,0x11,0x11,0x11,
  0x11,0x11,0x11,0x11,0x11,0x11,0x11,0x11,0x11,0x21,0x00,0x00,0x00,0x00,0x11,0x11,0x11,0x11,0x11,0x11,
  0x11,0x11,0x11,0x11,0x11,0x11,0x11,0x11,0x11,0x11,0x11,0x11,0x11,0x12,0x00,0x00,0x00,0x00,0x11,0x11,
  0x11,0x11,0x11,0x11,0x11,0x11,0x11,0x11,0x11,0x11,0x11,0x11,0x11,0x11,0x11,0x11,0x11,0x12,0x00,0x00,
  0x00,0x00,0x11,0x11,0x11,0x11,0x11,0x11,0x11,0x11,0x11,0x11,0x11,0x11,0x11,0x11,0x11,0x11,0x11,0x11,
  0x11,0x12,0x00,0x00,0x00,0x00,0x11,0x11,0x11,0x11,0x11,0x11,0x11,0x11,0x11,0x11,0x11,0x11,0x11,0x11,
  0x11,0x11,0x11,0x11,0x11,0x12,0x10,0x00,0x00,0x02,0x11,0x11,0x11,0x11,0x11,0x11,0x11,0x11,0x11,0x11,
  0x11,0x11,0x11,0x11,0x11,0x11,0x11,0x11,0x11,0x12,0x10,0x00,0x00,0x01,0x11,0x11,0x11,0x11,0x11,0x11,
  0x11,0x11,0x11,0x11,0x11,0x11,0x11,0x11,0x11,0x11,0x11,0x11,0x11,0x12,0x10,0x00,0x00,0x02,0x11,0x11,
  0x11,0x11,0x11,0x11,0x11,0x11,0x11,0x11,0x11,0x11,0x11,0x11,0x11,0x11,0x11,0x11,0x11,0x12,0x10,0x00,
  0x00,0x01,0x11,0x11,0x11,0x11,0x11,0x11,0x11,0x11,0x11,0x11,0x11,0x11,0x11,0x11,0x11,0x11,0x11,0x11,
  0x11,0x12,0x10,0x00,0x00,0x00,0x11,0x11,0x11,0x11,0x11,0x11,0x11,0x11,0x11,0x11,0x11,0x11,0x11,0x11,
  0x11,0x11,0x11,0x11,0x11,0x12,0x10,0x00,0x00,0x00,0x11,0x11,0x11,0x11,0x11,0x11,0x11,0x11,0x11,0x11,
  0x11,0x11,0x11,0x11,0x11,0x11,0x11,0x11,0x11,0x12,0x00,0x00,0x00,0x00,0x11,0x11,0x11,0x11,0x11,0x11,
  0x11,0x11,0x11,0x11,0x11,0x11,0x11,0x11,0x11,0x11,0x11,0x11,0x11,0x11,0x00,0x00,0x00,0x00,0x11,0x11,
  0x11,0x11,0x11,0x11,0x11,0x11,0x11,0x11,0x11,0x11,0x11,0x11,0x11,0x11,0x11,0x11,0x11,0x21,0x00,0x00,
  0x00,0x00,0x11,0x11,0x11,0x11,0x11,0x11,0x11,0x11,0x11,0x11,0x11,0x11,0x11,0x11,0x11,0x11,0x11,0x11,
  0x11,0x21,0x00,0x00,0x00,0x00,0x01,0x11,0x11,0x11,0x11,0x11,0x11,0x11,0x11,0x11,0x11,0x11,0x11,0x11,
  0x11,0x11,0x11,0x11,0x11,0x20,0x00,0x00,0x00,0x00,0x01,0x11,0x11,0x11,0x11,0x11,0x11,0x11,0x11,0x11,
  0x11,0x11,0x11,0x11,0x11,0x11,0x11,0x11,0x12,0x10,0x00,0x00,0x00,0x00,0x00,0x11,0x11,0x11,0x11,0x11,
  0x11,0x11,0x11,0x11,0x11,0x11,0x11,0x11,0x11,0x11,0x11,0x11,0x11,0x00,0x00,0x00,0x00,0x00,0x00,0x11,
  0x11,0x11,0x11,0x11,0x11,0x11,0x11,0x11,0x11,0x11,0x11,0x11,0x11,0x11,0x11,0x11,0x21,0x00,0x00,0x00,
  0x00,0x00,0x00,0x01,0x11,0x11,0x11,0x11,0x11,0x11,0x11,0x11,0x11,0x11,0x11,0x11,0x11,0x11,0x11,0x11,
  0x10,0x00,0x00,0x00,0x00,0x00,0x00,0x00,0x11,0x11,0x11,0x11,0x11,0x11,0x11,0x11,0x11,0x11,0x11,0x11,
  0x11,0x11,0x11,0x11,0x00,0x00,0x00,0x00,0x00,0x00,0x00,0x00,0x11,0x11,0x11,0x11,0x11,0x11,0x11,0x11,
  0x11,0x11,0x11,0x11,0x11,0x11,0x11,0x12,0x00,0x00,0x00,0x00,0x00,0x00,0x00,0x00,0x01,0x11,0x11,0x11,
  0x11,0x11,0x11,0x11,0x11,0x11,0x11,0x11,0x11,0x11,0x11,0x20,0x00,0x00,0x00,0x00,0x00,0x00,0x00,0x00,
  0x00,0x21,0x11,0x11,0x11,0x11,0x11,0x11,0x11,0x11,0x11,0x11,0x11,0x11,0x11,0x00,0x00,0x00,0x00,0x00,
  0x00,0x00,0x00,0x00,0x00,0x00,0x11,0x11,0x11,0x11,0x11,0x11,0x11,0x11,0x11,0x11,0x11,0x11,0x00,0x00,
  0x00,0x00,0x00,0x00,0x00,0x00,0x00,0x00,0x00,0x00,0x01,0x11,0x11,0x11,0x11,0x11,0x11,0x11,0x11,0x11,
  0x11,0x10,0x00,0x00,0x00,0x00,0x00,0x00,0x00,0x00,0x00,0x00,0x00,0x00,0x00,0x01,0x11,0x11,0x11,0x11,
  0x11,0x11,0x11,0x11,0x10,0x00,0x00,0x00,0x00,0x00,0x00,0x00,0x00,0x00,0x00,0x00,0x00,0x00,0x00,0x00,
  0x01,0x11,0x11,0x11,0x11,0x11,0x11,0x10,0x00,0x00,0x00,0x00,0x00,0x00,0x00,0x00,0x00,0x00,0x00,0x00,
  0x00,0x00,0x00,0x00,0x00,0x00,0x01,0x21,0x21,0x20,0x00,0x00,0x00,0x00,0x00,0x00,0x00,0x00,0x00,0x00,
  0x00,0x00,0x00,0x00,0x00,0x00,0x00,0x00,0x00,0x00,0x00,0x00,0x00,0x00,0x00,0x00,0x00,0x00,0x00,0x00,
  0x00,0x00,0x00,0x00,0x00,0x00,0x00,0x00,0x00,0x00,0x00,0x00,0x00,0x00,0x00,0x00,0x00,0x00,0x00,0x00,
  0x00,0x00,0x00,0x00,0x00,0x00,0x00,0x00,0x00,0x00,0x00,0x00,0x00,0x00,0x00,0x00,0x00,0x00,0x00,0x00,
  0x00,0x00,0x00,0x00,0x00,0x00,0x00,0x00,0x00,0x00,0x00,0x00,
};

static const uint8_t moon01_40[800] PROGMEM = {
  0x00,0x00,0x00,0x00,0x00,0x00,0x00,0x00,0x00,0x00,0x00,0x00,0x00,0x00,0x00,0x00,0x00,0x00,0x00,0x00,
  0x00,0x00,0x00,0x00,0x00,0x00,0x00,0x00,0x00,0x00,0x00,0x00,0x00,0x00,0x00,0x00,0x00,0x00,0x00,0x00,
  0x00,0x00,0x00,0x00,0x00,0x00,0x00,0x00,0x00,0x00,0x00,0x00,0x00,0x00,0x00,0x00,0x00,0x00,0x00,0x00,
  0x00,0x00,0x00,0x00,0x00,0x00,0x00,0x01,0x11,0x11,0x11,0x11,0x20,0x00,0x00,0x00,0x00,0x00,0x00,0x00,
  0x00,0x00,0x00,0x00,0x00,0x00,0x01,0x11,0x11,0x11,0x11,0x11,0x11,0x10,0x00,0x00,0x00,0x00,0x00,0x00,
  0x00,0x00,0x00,0x00,0x00,0x01,0x11,0x11,0x11,0x11,0x11,0x11,0x11,0x11,0x10,0x00,0x00,0x00,0x00,0x00,
  0x00,0x00,0x00,0x00,0x01,0x11,0x11,0x11,0x11,0x11,0x11,0x11,0x11,0x11,0x11,0x10,0x00,0x00,0x00,0x00,
  0x00,0x00,0x00,0x00,0x11,0x11,0x11,0x11,0x11,0x11,0x11,0x11,0x11,0x11,0x11,0x11,0x00,0x00,0x00,0x00,
  0x00,0x00,0x00,0x01,0x11,0x11,0x11,0x11,0x11,0x11,0x11,0x11,0x11,0x11,0x11,0x11,0x20,0x00,0x00,0x00,
  0x00,0x00,0x00,0x21,0x11,0x11,0x11,0x11,0x11,0x11,0x11,0x11,0x11,0x11,0x11,0x11,0x11,0x00,0x00,0x00,
  0x00,0x00,0x00,0x11,0x11,0x11,0x11,0x11,0x11,0x11,0x11,0x11,0x11,0x11,0x11,0x11,0x12,0x00,0x00,0x00,
  0x00,0x00,0x01,0x11,0x11,0x11,0x11,0x11,0x11,0x11,0x11,0x11,0x11,0x11,0x11,0x11,0x11,0x10,0x00,0x00,
  0x00,0x00,0x01,0x11,0x11,0x11,0x11,0x11,0x11,0x11,0x11,0x11,0x11,0x11,0x11,0x11,0x11,0x20,0x00,0x00,
  0x00,0x00,0x11,0x11,0x11,0x11,0x11,0x11,0x11,0x11,0x11,0x11,0x11,0x11,0x11,0x11,0x11,0x12,0x00,0x00,
  0x00,0x00,0x11,0x11,0x11,0x11,0x11,0x11,0x11,0x11,0x11,0x11,0x11,0x11,0x11,0x11,0x11,0x11,0x00,0x00,
  0x00,0x01,0x11,0x11,0x11,0x11,0x11,0x11,0x11,0x11,0x11,0x11,0x11,0x11,0x11,0x11,0x11,0x12,0x10,0x00,
  0x00,0x01,0x11,0x11,0x11,0x11,0x11,0x11,0x11,0x11,0x11,0x11,0x11,0x11,0x11,0x11,0x11,0x11,0x20,0x00,
  0x00,0x01,0x11,0x11,0x11,0x11,0x11,0x11,0x11,0x11,0x11,0x11,0x11,0x11,0x11,0x11,0x11,0x11,0x20,0x00,
  0x00,0x01,0x11,0x11,0x11,0x11,0x11,0x11,0x11,0x11,0x11,0x11,0x11,0x11,0x11,0x11,0x11,0x11,0x10,0x00,
  0x00,0x01,0x11,0x11,0x11,0x11,0x11,0x11,0x11,0x11,0x11,0x11,0x11,0x11,0x11,0x11,0x11,0x11,0x20,0x00,
  0x00,0x01,0x11,0x11,0x11,0x11,0x11,0x11,0x11,0x11,0x11,0x11,0x11,0x11,0x11,0x11,0x11,0x11,0x20,0x00,
  0x00,0x01,0x11,0x11,0x11,0x11,0x11,0x11,0x11,0x11,0x11,0x11,0x11,0x11,0x11,0x11,0x11,0x11,0x20,0x00,
  0x00,0x01,0x11,0x11,0x11,0x11,0x11,0x11,0x11,0x11,0x11,0x11,0x11,0x11,0x11,0x11,0x11,0x11,0x10,0x00,
  0x00,0x01,0x11,0x11,0x11,0x11,0x11,0x11,0x11,0x11,0x11,0x11,0x11,0x11,0x11,0x11,0x11,0x12,0x10,0x00,
  0x00,0x02,0x11,0x11,0x11,0x11,0x11,0x11,0x11,0x11,0x11,0x11,0x11,0x11,0x11,0x11,0x11,0x11,0x20,0x00,
  0x00,0x00,0x11,0x11,0x11,0x11,0x11,0x11,0x11,0x11,0x11,0x11,0x11,0x11,0x11,0x11,0x11,0x12,0x00,0x00,
  0x00,0x00,0x11,0x11,0x11,0x11,0x11,0x11,0x11,0x11,0x11,0x11,0x11,0x11,0x11,0x11,0x11,0x11,0x00,0x00,
  0x00,0x00,0x01,0x11,0x11,0x11,0x11,0x11,0x11,0x11,0x11,0x11,0x11,0x11,0x11,0x11,0x11,0x22,0x00,0x00,
  0x00,0x00,0x01,0x11,0x11,0x11,0x11,0x11,0x11,0x11,0x11,0x11,0x11,0x11,0x11,0x11,0x11,0x10,0x00,0x00,
  0x00,0x00,0x00,0x11,0x11,0x11,0x11,0x11,0x11,0x11,0x11,0x11,0x11,0x11,0x11,0x11,0x11,0x00,0x00,0x00,
  0x00,0x00,0x00,0x11,0x11,0x11,0x11,0x11,0x11,0x11,0x11,0x11,0x11,0x11,0x11,0x11,0x12,0x00,0x00,0x00,
  0x00,0x00,0x00,0x01,0x11,0x11,0x11,0x11,0x11,0x11,0x11,0x11,0x11,0x11,0x11,0x11,0x20,0x00,0x00,0x00,
  0x00,0x00,0x00,0x00,0x11,0x11,0x11,0x11,0x11,0x11,0x11,0x11,0x11,0x11,0x11,0x11,0x00,0x00,0x00,0x00,
  0x00,0x00,0x00,0x00,0x02,0x11,0x11,0x11,0x11,0x11,0x11,0x11,0x11,0x11,0x11,0x10,0x00,0x00,0x00,0x00,
  0x00,0x00,0x00,0x00,0x00,0x01,0x11,0x11,0x11,0x11,0x11,0x11,0x11,0x11,0x10,0x00,0x00,0x00,0x00,0x00,
  0x00,0x00,0x00,0x00,0x00,0x00,0x01,0x11,0x11,0x11,0x11,0x11,0x11,0x12,0x00,0x00,0x00,0x00,0x00,0x00,
  0x00,0x00,0x00,0x00,0x00,0x00,0x00,0x01,0x11,0x11,0x11,0x11,0x10,0x00,0x00,0x00,0x00,0x00,0x00,0x00,
  0x00,0x00,0x00,0x00,0x00,0x00,0x00,0x00,0x00,0x00,0x00,0x00,0x00,0x00,0x00,0x00,0x00,0x00,0x00,0x00,
  0x00,0x00,0x00,0x00,0x00,0x00,0x00,0x00,0x00,0x00,0x00,0x00,0x00,0x00,0x00,0x00,0x00,0x00,0x00,0x00,
  0x00,0x00,0x00,0x00,0x00,0x00,0x00,0x00,0x00,0x00,0x00,0x00,0x00,0x00,0x00,0x00,0x00,0x00,0x00,0x00,
};

static const uint8_t moon02_48[1152] PROGMEM = {
  0x00,0x00,0x00,0x00,0x00,0x00,0x00,0x00,0x00,0x00,0x00,0x00,0x00,0x00,0x00,0x00,0x00,0x00,0x00,0x00,
  0x00,0x00,0x00,0x00,0x00,0x00,0x00,0x00,0x00,0x00,0x00,0x00,0x00,0x00,0x00,0x00,0x00,0x00,0x00,0x00,
  0x00,0x00,0x00,0x00,0x00,0x00,0x00,0x00,0x00,0x00,0x00,0x00,0x00,0x00,0x00,0x00,0x00,0x00,0x00,0x00,
  0x00,0x00,0x00,0x00,0x00,0x00,0x00,0x00,0x00,0x00,0x00,0x00,0x00,0x00,0x00,0x00,0x00,0x00,0x00,0x00,
  0x00,0x00,0x00,0x21,0x21,0x00,0x00,0x00,0x00,0x00,0x00,0x00,0x00,0x00,0x00,0x00,0x00,0x00,0x00,0x00,
  0x00,0x00,0x00,0x00,0x01,0x11,0x11,0x11,0x11,0x11,0x11,0x20,0x00,0x00,0x00,0x00,0x00,0x00,0x00,0x00,
  0x00,0x00,0x00,0x00,0x00,0x00,0x00,0x01,0x11,0x11,0x11,0x11,0x11,0x11,0x11,0x11,0x10,0x00,0x00,0x00,
  0x00,0x00,0x00,0x00,0x00,0x00,0x00,0x00,0x00,0x00,0x01,0x11,0x11,0x11,0x11,0x11,0x11,0x11,0x11,0x12,
  0x21,0x10,0x00,0x00,0x00,0x00,0x00,0x00,0x00,0x00,0x00,0x00,0x00,0x00,0x11,0x11,0x11,0x11,0x11,0x11,
  0x11,0x11,0x11,0x11,0x12,0x21,0x00,0x00,0x00,0x00,0x00,0x00,0x00,0x00,0x00,0x00,0x00,0x01,0x11,0x11,
  0x11,0x11,0x11,0x11,0x11,0x11,0x11,0x11,0x11,0x22,0x11,0x00,0x00,0x00,0x00,0x00,0x00,0x00,0x00,0x00,
  0x01,0x11,0x11,0x11,0x11,0x11,0x11,0x11,0x11,0x11,0x11,0x11,0x11,0x22,0x22,0x10,0x00,0x00,0x00,0x00,
  0x00,0x00,0x00,0x00,0x01,0x11,0x11,0x11,0x11,0x11,0x11,0x11,0x11,0x11,0x11,0x11,0x11,0x12,0x22,0x12,
  0x00,0x00,0x00,0x00,0x00,0x00,0x00,0x00,0x11,0x11,0x11,0x11,0x11,0x11,0x11,0x11,0x11,0x11,0x11,0x11,
  0x11,0x11,0x22,0x21,0x00,0x00,0x00,0x00,0x00,0x00,0x00,0x01,0x11,0x11,0x11,0x11,0x11,0x11,0x11,0x11,
  0x11,0x11,0x11,0x11,0x11,0x11,0x21,0x22,0x10,0x00,0x00,0x00,0x00,0x00,0x00,0x11,0x11,0x11,0x11,0x11,
  0x11,0x11,0x11,0x11,0x11,0x11,0x11,0x11,0x11,0x11,0x12,0x22,0x21,0x00,0x00,0x00,0x00,0x00,0x00,0x11,
  0x11,0x11,0x11,0x11,0x11,0x11,0x11,0x11,0x11,0x11,0x11,0x11,0x11,0x11,0x12,0x21,0x21,0x00,0x00,0x00,
  0x00,0x00,0x01,0x11,0x11,0x11,0x11,0x11,0x11,0x11,0x11,0x11,0x11,0x11,0x11,0x11,0x11,0x11,0x11,0x22,
  0x22,0x10,0x00,0x00,0x00,0x00,0x01,0x11,0x11,0x11,0x11,0x11,0x11,0x11,0x11,0x11,0x11,0x11,0x11,0x11,
  0x11,0x11,0x12,0x22,0x22,0x10,0x00,0x00,0x00,0x00,0x11,0x11,0x11,0x11,0x11,0x11,0x11,0x11,0x11,0x11,
  0x11,0x11,0x11,0x11,0x11,0x11,0x11,0x21,0x22,0x21,0x00,0x00,0x00,0x00,0x11,0x11,0x11,0x11,0x11,0x11,
  0x11,0x11,0x11,0x11,0x11,0x11,0x11,0x11,0x11,0x11,0x11,0x22,0x21,0x21,0x00,0x00,0x00,0x00,0x11,0x11,
  0x11,0x11,0x11,0x11,0x11,0x11,0x11,0x11,0x11,0x11,0x11,0x11,0x11,0x11,0x11,0x12,0x22,0x21,0x00,0x00,
  0x00,0x00,0x11,0x11,0x11,0x11,0x11,0x11,0x11,0x11,0x11,0x11,0x11,0x11,0x11,0x11,0x11,0x11,0x11,0x22,
  0x21,0x22,0x00,0x00,0x00,0x00,0x11,0x11,0x11,0x11,0x11,0x11,0x11,0x11,0x11,0x11,0x11,0x11,0x11,0x11,
  0x11,0x11,0x11,0x12,0x22,0x21,0x10,0x00,0x00,0x02,0x11,0x11,0x11,0x11,0x11,0x11,0x11,0x11,0x11,0x11,
  0x11,0x11,0x11,0x11,0x11,0x11,0x11,0x12,0x21,0x22,0x20,0x00,0x00,0x01,0x11,0x11,0x11,0x11,0x11,0x11,
  0x11,0x11,0x11,0x11,0x11,0x11,0x11,0x11,0x11,0x11,0x11,0x12,0x22,0x22,0x10,0x00,0x00,0x02,0x11,0x11,
  0x11,0x11,0x11,0x11,0x11,0x11,0x11,0x11,0x11,0x11,0x11,0x11,0x11,0x11,0x11,0x22,0x21,0x22,0x10,0x00,
  0x00,0x01,0x11,0x11,0x11,0x11,0x11,0x11,0x11,0x11,0x11,0x11,0x11,0x11,0x11,0x11,0x11,0x11,0x11,0x12,
  0x22,0x21,0x20,0x00,0x00,0x00,0x11,0x11,0x11,0x11,0x11,0x11,0x11,0x11,0x11,0x11,0x11,0x11,0x11,0x11,
  0x11,0x11,0x11,0x12,0x21,0x22,0x10,0x00,0x00,0x00,0x11,0x11,0x11,0x11,0x11,0x11,0x11,0x11,0x11,0x11,
  0x11,0x11,0x11,0x11,0x11,0x11,0x11,0x22,0x22,0x21,0x00,0x00,0x00,0x00,0x11,0x11,0x11,0x11,0x11,0x11,
  0x11,0x11,0x11,0x11,0x11,0x11,0x11,0x11,0x11,0x11,0x11,0x12,0x21,0x22,0x00,0x00,0x00,0x00,0x11,0x11,
  0x11,0x11,0x11,0x11,0x11,0x11,0x11,0x11,0x11,0x11,0x11,0x11,0x11,0x11,0x11,0x22,0x22,0x21,0x00,0x00,
  0x00,0x00,0x11,0x11,0x11,0x11,0x11,0x11,0x11,0x11,0x11,0x11,0x11,0x11,0x11,0x11,0x11,0x11,0x11,0x22,
  0x12,0x21,0x00,0x00,0x00,0x00,0x01,0x11,0x11,0x11,0x11,0x11,0x11,0x11,0x11,0x11,0x11,0x11,0x11,0x11,
  0x11,0x11,0x11,0x22,0x22,0x10,0x00,0x00,0x00,0x00,0x01,0x11,0x11,0x11,0x11,0x11,0x11,0x11,0x11,0x11,
  0x11,0x11,0x11,0x11,0x11,0x11,0x12,0x21,0x22,0x10,0x00,0x00,0x00,0x00,0x00,0x11,0x11,0x11,0x11,0x11,
  0x11,0x11,0x11,0x11,0x11,0x11,0x11,0x11,0x11,0x11,0x12,0x22,0x21,0x00,0x00,0x00,0x00,0x00,0x00,0x11,
  0x11,0x11,0x11,0x11,0x11,0x11,0x11,0x11,0x11,0x11,0x11,0x11,0x11,0x11,0x12,0x21,0x21,0x00,0x00,0x00,
  0x00,0x00,0x00,0x01,0x11,0x11,0x11,0x11,0x11,0x11,0x11,0x11,0x11,0x11,0x11,0x11,0x11,0x11,0x22,0x22,
  0x10,0x00,0x00,0x00,0x00,0x00,0x00,0x00,0x11,0x11,0x11,0x11,0x11,0x11,0x11,0x11,0x11,0x11,0x11,0x11,
  0x11,0x11,0x21,0x21,0x00,0x00,0x00,0x00,0x00,0x00,0x00,0x00,0x11,0x11,0x11,0x11,0x11,0x11,0x11,0x11,
  0x11,0x11,0x11,0x11,0x11,0x12,0x22,0x21,0x00,0x00,0x00,0x00,0x00,0x00,0x00,0x00,0x01,0x11,0x11,0x11,
  0x11,0x11,0x11,0x11,0x11,0x11,0x11,0x11,0x11,0x12,0x21,0x10,0x00,0x00,0x00,0x00,0x00,0x00,0x00,0x00,
  0x00,0x21,0x11,0x11,0x11,0x11,0x11,0x11,0x11,0x11,0x11,0x11,0x11,0x22,0x12,0x00,0x00,0x00,0x00,0x00,
  0x00,0x00,0x00,0x00,0x00,0x00,0x11,0x11,0x11,0x11,0x11,0x11,0x11,0x11,0x11,0x11,0x12,0x21,0x00,0x00,
  0x00,0x00,0x00,0x00,0x00,0x00,0x00,0x00,0x00,0x00,0x01,0x11,0x11,0x11,0x11,0x11,0x11,0x11,0x11,0x11,
  0x22,0x10,0x00,0x00,0x00,0x00,0x00,0x00,0x00,0x00,0x00,0x00,0x00,0x00,0x00,0x01,0x11,0x11,0x11,0x11,
  0x11,0x11,0x11,0x12,0x10,0x00,0x00,0x00,0x00,0x00,0x00,0x00,0x00,0x00,0x00,0x00,0x00,0x00,0x00,0x00,
  0x01,0x11,0x11,0x11,0x11,0x11,0x11,0x20,0x00,0x00,0x00,0x00,0x00,0x00,0x00,0x00,0x00,0x00,0x00,0x00,
  0x00,0x00,0x00,0x00,0x00,0x00,0x01,0x21,0x21,0x20,0x00,0x00,0x00,0x00,0x00,0x00,0x00,0x00,0x00,0x00,
  0x00,0x00,0x00,0x00,0x00,0x00,0x00,0x00,0x00,0x00,0x00,0x00,0x00,0x00,0x00,0x00,0x00,0x00,0x00,0x00,
  0x00,0x00,0x00,0x00,0x00,0x00,0x00,0x00,0x00,0x00,0x00,0x00,0x00,0x00,0x00,0x00,0x00,0x00,0x00,0x00,
  0x00,0x00,0x00,0x00,0x00,0x00,0x00,0x00,0x00,0x00,0x00,0x00,0x00,0x00,0x00,0x00,0x00,0x00,0x00,0x00,
  0x00,0x00,0x00,0x00,0x00,0x00,0x00,0x00,0x00,0x00,0x00,0x00,
};

static const uint8_t moon02_40[800] PROGMEM = {
  0x00,0x00,0x00,0x00,0x00,0x00,0x00,0x00,0x00,0x00,0x00,0x00,0x00,0x00,0x00,0x00,0x00,0x00,0x00,0x00,
  0x00,0x00,0x00,0x00,0x00,0x00,0x00,0x00,0x00,0x00,0x00,0x00,0x00,0x00,0x00,0x00,0x00,0x00,0x00,0x00,
  0x00,0x00,0x00,0x00,0x00,0x00,0x00,0x00,0x00,0x00,0x00,0x00,0x00,0x00,0x00,0x00,0x00,0x00,0x00,0x00,
  0x00,0x00,0x00,0x00,0x00,0x00,0x00,0x01,0x11,0x11,0x11,0x11,0x20,0x00,0x00,0x00,0x00,0x00,0x00,0x00,
  0x00,0x00,0x00,0x00,0x00,0x00,0x01,0x11,0x11,0x11,0x11,0x11,0x11,0x10,0x00,0x00,0x00,0x00,0x00,0x00,
  0x00,0x00,0x00,0x00,0x00,0x01,0x11,0x11,0x11,0x11,0x11,0x11,0x11,0x21,0x10,0x00,0x00,0x00,0x00,0x00,
  0x00,0x00,0x00,0x00,0x01,0x11,0x11,0x11,0x11,0x11,0x11,0x11,0x11,0x12,0x21,0x20,0x00,0x00,0x00,0x00,
  0x00,0x00,0x00,0x00,0x11,0x11,0x11,0x11,0x11,0x11,0x11,0x11,0x11,0x11,0x22,0x11,0x00,0x00,0x00,0x00,
  0x00,0x00,0x00,0x01,0x11,0x11,0x11,0x11,0x11,0x11,0x11,0x11,0x11,0x11,0x12,0x22,0x10,0x00,0x00,0x00,
  0x00,0x00,0x00,0x21,0x11,0x11,0x11,0x11,0x11,0x11,0x11,0x11,0x11,0x11,0x11,0x22,0x21,0x00,0x00,0x00,
  0x00,0x00,0x00,0x11,0x11,0x11,0x11,0x11,0x11,0x11,0x11,0x11,0x11,0x11,0x11,0x22,0x21,0x00,0x00,0x00,
  0x00,0x00,0x01,0x11,0x11,0x11,0x11,0x11,0x11,0x11,0x11,0x11,0x11,0x11,0x11,0x12,0x22,0x10,0x00,0x00,
  0x00,0x00,0x01,0x11,0x11,0x11,0x11,0x11,0x11,0x11,0x11,0x11,0x11,0x11,0x11,0x12,0x22,0x20,0x00,0x00,
  0x00,0x00,0x11,0x11,0x11,0x11,0x11,0x11,0x11,0x11,0x11,0x11,0x11,0x11,0x11,0x11,0x21,0x21,0x00,0x00,
  0x00,0x00,0x11,0x11,0x11,0x11,0x11,0x11,0x11,0x11,0x11,0x11,0x11,0x11,0x11,0x12,0x22,0x22,0x00,0x00,
  0x00,0x01,0x11,0x11,0x11,0x11,0x11,0x11,0x11,0x11,0x11,0x11,0x11,0x11,0x11,0x11,0x22,0x21,0x10,0x00,
  0x00,0x01,0x11,0x11,0x11,0x11,0x11,0x11,0x11,0x11,0x11,0x11,0x11,0x11,0x11,0x11,0x21,0x22,0x20,0x00,
  0x00,0x01,0x11,0x11,0x11,0x11,0x11,0x11,0x11,0x11,0x11,0x11,0x11,0x11,0x11,0x11,0x22,0x22,0x10,0x00,
  0x00,0x01,0x11,0x11,0x11,0x11,0x11,0x11,0x11,0x11,0x11,0x11,0x11,0x11,0x11,0x11,0x22,0x12,0x10,0x00,
  0x00,0x01,0x11,0x11,0x11,0x11,0x11,0x11,0x11,0x11,0x11,0x11,0x11,0x11,0x11,0x11,0x12,0x22,0x20,0x00,
  0x00,0x01,0x11,0x11,0x11,0x11,0x11,0x11,0x11,0x11,0x11,0x11,0x11,0x11,0x11,0x11,0x22,0x22,0x10,0x00,
  0x00,0x01,0x11,0x11,0x11,0x11,0x11,0x11,0x11,0x11,0x11,0x11,0x11,0x11,0x11,0x11,0x21,0x22,0x10,0x00,
  0x00,0x01,0x11,0x11,0x11,0x11,0x11,0x11,0x11,0x11,0x11,0x11,0x11,0x11,0x11,0x11,0x22,0x22,0x10,0x00,
  0x00,0x01,0x11,0x11,0x11,0x11,0x11,0x11,0x11,0x11,0x11,0x11,0x11,0x11,0x11,0x11,0x22,0x12,0x10,0x00,
  0x00,0x02,0x11,0x11,0x11,0x11,0x11,0x11,0x11,0x11,0x11,0x11,0x11,0x11,0x11,0x11,0x22,0x22,0x20,0x00,
  0x00,0x00,0x11,0x11,0x11,0x11,0x11,0x11,0x11,0x11,0x11,0x11,0x11,0x11,0x11,0x11,0x22,0x21,0x00,0x00,
  0x00,0x00,0x11,0x11,0x11,0x11,0x11,0x11,0x11,0x11,0x11,0x11,0x11,0x11,0x11,0x12,0x21,0x21,0x00,0x00,
  0x00,0x00,0x01,0x11,0x11,0x11,0x11,0x11,0x11,0x11,0x11,0x11,0x11,0x11,0x11,0x12,0x22,0x21,0x00,0x00,
  0x00,0x00,0x01,0x11,0x11,0x11,0x11,0x11,0x11,0x11,0x11,0x11,0x11,0x11,0x11,0x12,0x22,0x10,0x00,0x00,
  0x00,0x00,0x00,0x11,0x11,0x11,0x11,0x11,0x11,0x11,0x11,0x11,0x11,0x11,0x11,0x22,0x12,0x00,0x00,0x00,
  0x00,0x00,0x00,0x11,0x11,0x11,0x11,0x11,0x11,0x11,0x11,0x11,0x11,0x11,0x11,0x22,0x21,0x00,0x00,0x00,
  0x00,0x00,0x00,0x01,0x11,0x11,0x11,0x11,0x11,0x11,0x11,0x11,0x11,0x11,0x12,0x22,0x10,0x00,0x00,0x00,
  0x00,0x00,0x00,0x00,0x11,0x11,0x11,0x11,0x11,0x11,0x11,0x11,0x11,0x11,0x12,0x21,0x00,0x00,0x00,0x00,
  0x00,0x00,0x00,0x00,0x02,0x11,0x11,0x11,0x11,0x11,0x11,0x11,0x11,0x12,0x21,0x10,0x00,0x00,0x00,0x00,
  0x00,0x00,0x00,0x00,0x00,0x01,0x11,0x11,0x11,0x11,0x11,0x11,0x11,0x12,0x10,0x00,0x00,0x00,0x00,0x00,
  0x00,0x00,0x00,0x00,0x00,0x00,0x01,0x11,0x11,0x11,0x11,0x11,0x11,0x21,0x00,0x00,0x00,0x00,0x00,0x00,
  0x00,0x00,0x00,0x00,0x00,0x00,0x00,0x01,0x11,0x11,0x11,0x11,0x20,0x00,0x00,0x00,0x00,0x00,0x00,0x00,
  0x00,0x00,0x00,0x00,0x00,0x00,0x00,0x00,0x00,0x00,0x00,0x00,0x00,0x00,0x00,0x00,0x00,0x00,0x00,0x00,
  0x00,0x00,0x00,0x00,0x00,0x00,0x00,0x00,0x00,0x00,0x00,0x00,0x00,0x00,0x00,0x00,0x00,0x00,0x00,0x00,
  0x00,0x00,0x00,0x00,0x00,0x00,0x00,0x00,0x00,0x00,0x00,0x00,0x00,0x00,0x00,0x00,0x00,0x00,0x00,0x00,
};

static const uint8_t moon03_48[1152] PROGMEM = {
  0x00,0x00,0x00,0x00,0x00,0x00,0x00,0x00,0x00,0x00,0x00,0x00,0x00,0x00,0x00,0x00,0x00,0x00,0x00,0x00,
  0x00,0x00,0x00,0x00,0x00,0x00,0x00,0x00,0x00,0x00,0x00,0x00,0x00,0x00,0x00,0x00,0x00,0x00,0x00,0x00,
  0x00,0x00,0x00,0x00,0x00,0x00,0x00,0x00,0x00,0x00,0x00,0x00,0x00,0x00,0x00,0x00,0x00,0x00,0x00,0x00,
  0x00,0x00,0x00,0x00,0x00,0x00,0x00,0x00,0x00,0x00,0x00,0x00,0x00,0x00,0x00,0x00,0x00,0x00,0x00,0x00,
  0x00,0x00,0x00,0x21,0x21,0x00,0x00,0x00,0x00,0x00,0x00,0x00,0x00,0x00,0x00,0x00,0x00,0x00,0x00,0x00,
  0x00,0x00,0x00,0x00,0x01,0x11,0x11,0x11,0x11,0x11,0x11,0x20,0x00,0x00,0x00,0x00,0x00,0x00,0x00,0x00,
  0x00,0x00,0x00,0x00,0x00,0x00,0x00,0x01,0x11,0x11,0x11,0x11,0x11,0x12,0x22,0x11,0x10,0x00,0x00,0x00,
  0x00,0x00,0x00,0x00,0x00,0x00,0x00,0x00,0x00,0x00,0x01,0x11,0x11,0x11,0x11,0x11,0x11,0x11,0x22,0x22,
  0x21,0x10,0x00,0x00,0x00,0x00,0x00,0x00,0x00,0x00,0x00,0x00,0x00,0x00,0x11,0x11,0x11,0x11,0x11,0x11,
  0x11,0x11,0x12,0x22,0x22,0x21,0x00,0x00,0x00,0x00,0x00,0x00,0x00,0x00,0x00,0x00,0x00,0x01,0x11,0x11,
  0x11,0x11,0x11,0x11,0x11,0x11,0x11,0x22,0x22,0x22,0x11,0x00,0x00,0x00,0x00,0x00,0x00,0x00,0x00,0x00,
  0x01,0x11,0x11,0x11,0x11,0x11,0x11,0x11,0x11,0x11,0x11,0x22,0x12,0x22,0x22,0x10,0x00,0x00,0x00,0x00,
  0x00,0x00,0x00,0x00,0x01,0x11,0x11,0x11,0x11,0x11,0x11,0x11,0x11,0x11,0x11,0x22,0x22,0x12,0x22,0x12,
  0x00,0x00,0x00,0x00,0x00,0x00,0x00,0x00,0x11,0x11,0x11,0x11,0x11,0x11,0x11,0x11,0x11,0x11,0x11,0x21,
  0x22,0x22,0x12,0x21,0x00,0x00,0x00,0x00,0x00,0x00,0x00,0x01,0x11,0x11,0x11,0x11,0x11,0x11,0x11,0x11,
  0x11,0x11,0x11,0x12,0x21,0x22,0x22,0x22,0x10,0x00,0x00,0x00,0x00,0x00,0x00,0x11,0x11,0x11,0x11,0x11,
  0x11,0x11,0x11,0x11,0x11,0x11,0x11,0x12,0x22,0x12,0x21,0x22,0x21,0x00,0x00,0x00,0x00,0x00,0x00,0x11,
  0x11,0x11,0x11,0x11,0x11,0x11,0x11,0x11,0x11,0x11,0x11,0x12,0x12,0x22,0x22,0x21,0x21,0x00,0x00,0x00,
  0x00,0x00,0x01,0x11,0x11,0x11,0x11,0x11,0x11,0x11,0x11,0x11,0x11,0x11,0x11,0x11,0x21,0x21,0x22,0x22,
  0x22,0x10,0x00,0x00,0x00,0x00,0x01,0x11,0x11,0x11,0x11,0x11,0x11,0x11,0x11,0x11,0x11,0x11,0x11,0x12,
  0x22,0x12,0x21,0x22,0x22,0x10,0x00,0x00,0x00,0x00,0x11,0x11,0x11,0x11,0x11,0x11,0x11,0x11,0x11,0x11,
  0x11,0x11,0x11,0x11,0x22,0x22,0x22,0x21,0x22,0x21,0x00,0x00,0x00,0x00,0x11,0x11,0x11,0x11,0x11,0x11,
  0x11,0x11,0x11,0x11,0x11,0x11,0x11,0x11,0x22,0x12,0x21,0x22,0x21,0x21,0x00,0x00,0x00,0x00,0x11,0x11,
  0x11,0x11,0x11,0x11,0x11,0x11,0x11,0x11,0x11,0x11,0x11,0x11,0x22,0x22,0x22,0x22,0x22,0x21,0x00,0x00,
  0x00,0x00,0x11,0x11,0x11,0x11,0x11,0x11,0x11,0x11,0x11,0x11,0x11,0x11,0x11,0x11,0x22,0x12,0x21,0x22,
  0x12,0x22,0x00,0x00,0x00,0x00,0x11,0x11,0x11,0x11,0x11,0x11,0x11,0x11,0x11,0x11,0x11,0x11,0x11,0x11,
  0x22,0x22,0x22,0x22,0x22,0x21,0x20,0x00,0x00,0x02,0x11,0x11,0x11,0x11,0x11,0x11,0x11,0x11,0x11,0x11,
  0x11,0x11,0x11,0x11,0x22,0x12,0x21,0x21,0x22,0x22,0x10,0x00,0x00,0x01,0x11,0x11,0x11,0x11,0x11,0x11,
  0x11,0x11,0x11,0x11,0x11,0x11,0x11,0x11,0x22,0x22,0x22,0x22,0x21,0x22,0x10,0x00,0x00,0x02,0x11,0x11,
  0x11,0x11,0x11,0x11,0x11,0x11,0x11,0x11,0x11,0x11,0x11,0x11,0x22,0x12,0x12,0x21,0x22,0x21,0x20,0x00,
  0x00,0x01,0x11,0x11,0x11,0x11,0x11,0x11,0x11,0x11,0x11,0x11,0x11,0x11,0x11,0x11,0x22,0x22,0x22,0x22,
  0x22,0x22,0x10,0x00,0x00,0x00,0x11,0x11,0x11,0x11,0x11,0x11,0x11,0x11,0x11,0x11,0x11,0x11,0x11,0x11,
  0x21,0x22,0x21,0x22,0x12,0x21,0x20,0x00,0x00,0x00,0x11,0x11,0x11,0x11,0x11,0x11,0x11,0x11,0x11,0x11,
  0x11,0x11,0x11,0x11,0x22,0x21,0x22,0x22,0x22,0x21,0x00,0x00,0x00,0x00,0x11,0x11,0x11,0x11,0x11,0x11,
  0x11,0x11,0x11,0x11,0x11,0x11,0x11,0x11,0x22,0x22,0x22,0x12,0x21,0x21,0x00,0x00,0x00,0x00,0x11,0x11,
  0x11,0x11,0x11,0x11,0x11,0x11,0x11,0x11,0x11,0x11,0x11,0x11,0x21,0x22,0x12,0x22,0x22,0x21,0x00,0x00,
  0x00,0x00,0x11,0x11,0x11,0x11,0x11,0x11,0x11,0x11,0x11,0x11,0x11,0x11,0x11,0x12,0x22,0x22,0x22,0x21,
  0x22,0x21,0x00,0x00,0x00,0x00,0x01,0x11,0x11,0x11,0x11,0x11,0x11,0x11,0x11,0x11,0x11,0x11,0x11,0x11,
  0x22,0x12,0x21,0x22,0x21,0x20,0x00,0x00,0x00,0x00,0x01,0x11,0x11,0x11,0x11,0x11,0x11,0x11,0x11,0x11,
  0x11,0x11,0x11,0x12,0x22,0x22,0x22,0x22,0x22,0x10,0x00,0x00,0x00,0x00,0x00,0x11,0x11,0x11,0x11,0x11,
  0x11,0x11,0x11,0x11,0x11,0x11,0x11,0x12,0x12,0x21,0x22,0x12,0x21,0x00,0x00,0x00,0x00,0x00,0x00,0x11,
  0x11,0x11,0x11,0x11,0x11,0x11,0x11,0x11,0x11,0x11,0x11,0x12,0x22,0x22,0x22,0x22,0x11,0x00,0x00,0x00,
  0x00,0x00,0x00,0x01,0x11,0x11,0x11,0x11,0x11,0x11,0x11,0x11,0x11,0x11,0x11,0x12,0x21,0x21,0x21,0x22,
  0x10,0x00,0x00,0x00,0x00,0x00,0x00,0x00,0x11,0x11,0x11,0x11,0x11,0x11,0x11,0x11,0x11,0x11,0x11,0x22,
  0x22,0x22,0x22,0x21,0x00,0x00,0x00,0x00,0x00,0x00,0x00,0x00,0x11,0x11,0x11,0x11,0x11,0x11,0x11,0x11,
  0x11,0x11,0x11,0x21,0x22,0x21,0x22,0x12,0x00,0x00,0x00,0x00,0x00,0x00,0x00,0x00,0x01,0x11,0x11,0x11,
  0x11,0x11,0x11,0x11,0x11,0x11,0x11,0x22,0x21,0x22,0x22,0x10,0x00,0x00,0x00,0x00,0x00,0x00,0x00,0x00,
  0x00,0x21,0x11,0x11,0x11,0x11,0x11,0x11,0x11,0x11,0x12,0x22,0x22,0x22,0x11,0x00,0x00,0x00,0x00,0x00,
  0x00,0x00,0x00,0x00,0x00,0x00,0x11,0x11,0x11,0x11,0x11,0x11,0x11,0x11,0x12,0x21,0x22,0x11,0x00,0x00,
  0x00,0x00,0x00,0x00,0x00,0x00,0x00,0x00,0x00,0x00,0x01,0x11,0x11,0x11,0x11,0x11,0x11,0x11,0x22,0x22,
  0x21,0x20,0x00,0x00,0x00,0x00,0x00,0x00,0x00,0x00,0x00,0x00,0x00,0x00,0x00,0x01,0x11,0x11,0x11,0x11,
  0x11,0x11,0x22,0x11,0x10,0x00,0x00,0x00,0x00,0x00,0x00,0x00,0x00,0x00,0x00,0x00,0x00,0x00,0x00,0x00,
  0x01,0x11,0x11,0x11,0x11,0x12,0x11,0x20,0x00,0x00,0x00,0x00,0x00,0x00,0x00,0x00,0x00,0x00,0x00,0x00,
  0x00,0x00,0x00,0x00,0x00,0x00,0x01,0x21,0x21,0x20,0x00,0x00,0x00,0x00,0x00,0x00,0x00,0x00,0x00,0x00,
  0x00,0x00,0x00,0x00,0x00,0x00,0x00,0x00,0x00,0x00,0x00,0x00,0x00,0x00,0x00,0x00,0x00,0x00,0x00,0x00,
  0x00,0x00,0x00,0x00,0x00,0x00,0x00,0x00,0x00,0x00,0x00,0x00,0x00,0x00,0x00,0x00,0x00,0x00,0x00,0x00,
  0x00,0x00,0x00,0x00,0x00,0x00,0x00,0x00,0x00,0x00,0x00,0x00,0x00,0x00,0x00,0x00,0x00,0x00,0x00,0x00,
  0x00,0x00,0x00,0x00,0x00,0x00,0x00,0x00,0x00,0x00,0x00,0x00,
};

static const uint8_t moon03_40[800] PROGMEM = {
  0x00,0x00,0x00,0x00,0x00,0x00,0x00,0x00,0x00,0x00,0x00,0x00,0x00,0x00,0x00,0x00,0x00,0x00,0x00,0x00,
  0x00,0x00,0x00,0x00,0x00,0x00,0x00,0x00,0x00,0x00,0x00,0x00,0x00,0x00,0x00,0x00,0x00,0x00,0x00,0x00,
  0x00,0x00,0x00,0x00,0x00,0x00,0x00,0x00,0x00,0x00,0x00,0x00,0x00,0x00,0x00,0x00,0x00,0x00,0x00,0x00,
  0x00,0x00,0x00,0x00,0x00,0x00,0x00,0x01,0x11,0x11,0x11,0x12,0x10,0x00,0x00,0x00,0x00,0x00,0x00,0x00,
  0x00,0x00,0x00,0x00,0x00,0x00,0x01,0x11,0x11,0x11,0x11,0x12,0x21,0x20,0x00,0x00,0x00,0x00,0x00,0x00,
  0x00,0x00,0x00,0x00,0x00,0x01,0x11,0x11,0x11,0x11,0x11,0x11,0x22,0x22,0x10,0x00,0x00,0x00,0x00,0x00,
  0x00,0x00,0x00,0x00,0x01,0x11,0x11,0x11,0x11,0x11,0x11,0x11,0x22,0x22,0x21,0x20,0x00,0x00,0x00,0x00,
  0x00,0x00,0x00,0x00,0x11,0x11,0x11,0x11,0x11,0x11,0x11,0x11,0x12,0x12,0x22,0x11,0x00,0x00,0x00,0x00,
  0x00,0x00,0x00,0x01,0x11,0x11,0x11,0x11,0x11,0x11,0x11,0x11,0x12,0x22,0x12,0x22,0x10,0x00,0x00,0x00,
  0x00,0x00,0x00,0x21,0x11,0x11,0x11,0x11,0x11,0x11,0x11,0x11,0x12,0x22,0x22,0x22,0x21,0x00,0x00,0x00,
  0x00,0x00,0x00,0x11,0x11,0x11,0x11,0x11,0x11,0x11,0x11,0x11,0x11,0x21,0x22,0x12,0x22,0x00,0x00,0x00,
  0x00,0x00,0x01,0x11,0x11,0x11,0x11,0x11,0x11,0x11,0x11,0x11,0x11,0x22,0x12,0x22,0x22,0x10,0x00,0x00,
  0x00,0x00,0x01,0x11,0x11,0x11,0x11,0x11,0x11,0x11,0x11,0x11,0x11,0x21,0x22,0x21,0x22,0x20,0x00,0x00,
  0x00,0x00,0x11,0x11,0x11,0x11,0x11,0x11,0x11,0x11,0x11,0x11,0x11,0x22,0x12,0x22,0x21,0x21,0x00,0x00,
  0x00,0x00,0x11,0x11,0x11,0x11,0x11,0x11,0x11,0x11,0x11,0x11,0x11,0x12,0x22,0x21,0x22,0x22,0x00,0x00,
  0x00,0x01,0x11,0x11,0x11,0x11,0x11,0x11,0x11,0x11,0x11,0x11,0x11,0x22,0x21,0x22,0x22,0x21,0x10,0x00,
  0x00,0x01,0x11,0x11,0x11,0x11,0x11,0x11,0x11,0x11,0x11,0x11,0x11,0x12,0x22,0x22,0x21,0x22,0x20,0x00,
  0x00,0x01,0x11,0x11,0x11,0x11,0x11,0x11,0x11,0x11,0x11,0x11,0x11,0x12,0x21,0x22,0x12,0x22,0x10,0x00,
  0x00,0x01,0x11,0x11,0x11,0x11,0x11,0x11,0x11,0x11,0x11,0x11,0x11,0x22,0x22,0x22,0x22,0x22,0x10,0x00,
  0x00,0x01,0x11,0x11,0x11,0x11,0x11,0x11,0x11,0x11,0x11,0x11,0x11,0x12,0x12,0x21,0x22,0x12,0x20,0x00,
  0x00,0x01,0x11,0x11,0x11,0x11,0x11,0x11,0x11,0x11,0x11,0x11,0x11,0x12,0x22,0x22,0x22,0x22,0x10,0x00,
  0x00,0x01,0x11,0x11,0x11,0x11,0x11,0x11,0x11,0x11,0x11,0x11,0x11,0x12,0x22,0x12,0x12,0x22,0x10,0x00,
  0x00,0x01,0x11,0x11,0x11,0x11,0x11,0x11,0x11,0x11,0x11,0x11,0x11,0x22,0x12,0x22,0x22,0x12,0x10,0x00,
  0x00,0x01,0x11,0x11,0x11,0x11,0x11,0x11,0x11,0x11,0x11,0x11,0x11,0x12,0x22,0x22,0x12,0x22,0x20,0x00,
  0x00,0x02,0x11,0x11,0x11,0x11,0x11,0x11,0x11,0x11,0x11,0x11,0x11,0x22,0x21,0x22,0x22,0x22,0x10,0x00,
  0x00,0x00,0x11,0x11,0x11,0x11,0x11,0x11,0x11,0x11,0x11,0x11,0x11,0x12,0x22,0x21,0x22,0x12,0x00,0x00,
  0x00,0x00,0x11,0x11,0x11,0x11,0x11,0x11,0x11,0x11,0x11,0x11,0x11,0x22,0x12,0x22,0x22,0x21,0x00,0x00,
  0x00,0x00,0x01,0x11,0x11,0x11,0x11,0x11,0x11,0x11,0x11,0x11,0x11,0x22,0x22,0x12,0x21,0x22,0x00,0x00,
  0x00,0x00,0x01,0x11,0x11,0x11,0x11,0x11,0x11,0x11,0x11,0x11,0x11,0x22,0x12,0x22,0x22,0x10,0x00,0x00,
  0x00,0x00,0x00,0x11,0x11,0x11,0x11,0x11,0x11,0x11,0x11,0x11,0x11,0x22,0x22,0x21,0x21,0x00,0x00,0x00,
  0x00,0x00,0x00,0x11,0x11,0x11,0x11,0x11,0x11,0x11,0x11,0x11,0x12,0x22,0x12,0x22,0x21,0x00,0x00,0x00,
  0x00,0x00,0x00,0x01,0x11,0x11,0x11,0x11,0x11,0x11,0x11,0x11,0x12,0x22,0x22,0x21,0x20,0x00,0x00,0x00,
  0x00,0x00,0x00,0x00,0x11,0x11,0x11,0x11,0x11,0x11,0x11,0x11,0x12,0x21,0x22,0x12,0x00,0x00,0x00,0x00,
  0x00,0x00,0x00,0x00,0x02,0x11,0x11,0x11,0x11,0x11,0x11,0x11,0x22,0x22,0x21,0x20,0x00,0x00,0x00,0x00,
  0x00,0x00,0x00,0x00,0x00,0x01,0x11,0x11,0x11,0x11,0x11,0x11,0x22,0x21,0x10,0x00,0x00,0x00,0x00,0x00,
  0x00,0x00,0x00,0x00,0x00,0x00,0x01,0x11,0x11,0x11,0x11,0x12,0x21,0x12,0x00,0x00,0x00,0x00,0x00,0x00,
  0x00,0x00,0x00,0x00,0x00,0x00,0x00,0x01,0x11,0x11,0x11,0x21,0x20,0x00,0x00,0x00,0x00,0x00,0x00,0x00,
  0x00,0x00,0x00,0x00,0x00,0x00,0x00,0x00,0x00,0x00,0x00,0x00,0x00,0x00,0x00,0x00,0x00,0x00,0x00,0x00,
  0x00,0x00,0x00,0x00,0x00,0x00,0x00,0x00,0x00,0x00,0x00,0x00,0x00,0x00,0x00,0x00,0x00,0x00,0x00,0x00,
  0x00,0x00,0x00,0x00,0x00,0x00,0x00,0x00,0x00,0x00,0x00,0x00,0x00,0x00,0x00,0x00,0x00,0x00,0x00,0x00,
};

static const uint8_t moon04_48[1152] PROGMEM = {
  0x00,0x00,0x00,0x00,0x00,0x00,0x00,0x00,0x00,0x00,0x00,0x00,0x00,0x00,0x00,0x00,0x00,0x00,0x00,0x00,
  0x00,0x00,0x00,0x00,0x00,0x00,0x00,0x00,0x00,0x00,0x00,0x00,0x00,0x00,0x00,0x00,0x00,0x00,0x00,0x00,
  0x00,0x00,0x00,0x00,0x00,0x00,0x00,0x00,0x00,0x00,0x00,0x00,0x00,0x00,0x00,0x00,0x00,0x00,0x00,0x00,
  0x00,0x00,0x00,0x00,0x00,0x00,0x00,0x00,0x00,0x00,0x00,0x00,0x00,0x00,0x00,0x00,0x00,0x00,0x00,0x00,
  0x00,0x00,0x00,0x21,0x21,0x00,0x00,0x00,0x00,0x00,0x00,0x00,0x00,0x00,0x00,0x00,0x00,0x00,0x00,0x00,
  0x00,0x00,0x00,0x00,0x01,0x11,0x11,0x11,0x22,0x11,0x11,0x20,0x00,0x00,0x00,0x00,0x00,0x00,0x00,0x00,
  0x00,0x00,0x00,0x00,0x00,0x00,0x00,0x01,0x11,0x11,0x11,0x11,0x22,0x22,0x22,0x11,0x10,0x00,0x00,0x00,
  0x00,0x00,0x00,0x00,0x00,0x00,0x00,0x00,0x00,0x00,0x01,0x11,0x11,0x11,0x11,0x11,0x12,0x22,0x22,0x22,
  0x21,0x10,0x00,0x00,0x00,0x00,0x00,0x00,0x00,0x00,0x00,0x00,0x00,0x00,0x11,0x11,0x11,0x11,0x11,0x11,
  0x22,0x12,0x21,0x22,0x22,0x21,0x00,0x00,0x00,0x00,0x00,0x00,0x00,0x00,0x00,0x00,0x00,0x01,0x11,0x11,
  0x11,0x11,0x11,0x11,0x22,0x22,0x22,0x22,0x22,0x22,0x11,0x00,0x00,0x00,0x00,0x00,0x00,0x00,0x00,0x00,
  0x01,0x11,0x11,0x11,0x11,0x11,0x11,0x11,0x21,0x22,0x12,0x21,0x21,0x22,0x22,0x10,0x00,0x00,0x00,0x00,
  0x00,0x00,0x00,0x00,0x01,0x11,0x11,0x11,0x11,0x11,0x11,0x11,0x22,0x22,0x22,0x22,0x22,0x22,0x12,0x21,
  0x00,0x00,0x00,0x00,0x00,0x00,0x00,0x00,0x11,0x11,0x11,0x11,0x11,0x11,0x11,0x11,0x21,0x22,0x12,0x12,
  0x21,0x22,0x22,0x21,0x00,0x00,0x00,0x00,0x00,0x00,0x00,0x01,0x11,0x11,0x11,0x11,0x11,0x11,0x11,0x11,
  0x22,0x22,0x22,0x22,0x22,0x21,0x22,0x22,0x10,0x00,0x00,0x00,0x00,0x00,0x00,0x11,0x11,0x11,0x11,0x11,
  0x11,0x11,0x11,0x11,0x21,0x22,0x12,0x21,0x21,0x22,0x21,0x22,0x21,0x00,0x00,0x00,0x00,0x00,0x00,0x11,
  0x11,0x11,0x11,0x11,0x11,0x11,0x11,0x11,0x22,0x22,0x22,0x21,0x22,0x12,0x22,0x21,0x21,0x00,0x00,0x00,
  0x00,0x00,0x01,0x11,0x11,0x11,0x11,0x11,0x11,0x11,0x11,0x11,0x21,0x22,0x12,0x22,0x12,0x22,0x21,0x22,
  0x22,0x10,0x00,0x00,0x00,0x00,0x01,0x11,0x11,0x11,0x11,0x11,0x11,0x11,0x11,0x11,0x22,0x22,0x22,0x12,
  0x21,0x21,0x22,0x22,0x22,0x10,0x00,0x00,0x00,0x00,0x11,0x11,0x11,0x11,0x11,0x11,0x11,0x11,0x11,0x11,
  0x21,0x22,0x12,0x22,0x22,0x22,0x22,0x12,0x22,0x21,0x00,0x00,0x00,0x00,0x11,0x11,0x11,0x11,0x11,0x11,
  0x11,0x11,0x11,0x11,0x22,0x22,0x22,0x21,0x21,0x22,0x12,0x22,0x12,0x21,0x00,0x00,0x00,0x00,0x11,0x11,
  0x11,0x11,0x11,0x11,0x11,0x11,0x11,0x11,0x21,0x22,0x12,0x22,0x22,0x22,0x22,0x22,0x22,0x21,0x00,0x00,
  0x00,0x00,0x11,0x11,0x11,0x11,0x11,0x11,0x11,0x11,0x11,0x11,0x22,0x22,0x22,0x12,0x22,0x12,0x21,0x22,
  0x12,0x21,0x00,0x00,0x00,0x00,0x11,0x11,0x11,0x11,0x11,0x11,0x11,0x11,0x11,0x11,0x21,0x22,0x12,0x22,
  0x12,0x22,0x22,0x22,0x22,0x22,0x10,0x00,0x00,0x02,0x11,0x11,0x11,0x11,0x11,0x11,0x11,0x11,0x11,0x11,
  0x22,0x22,0x22,0x22,0x22,0x21,0x22,0x12,0x12,0x21,0x20,0x00,0x00,0x01,0x11,0x11,0x11,0x11,0x11,0x11,
  0x11,0x11,0x11,0x11,0x21,0x22,0x12,0x12,0x21,0x22,0x22,0x22,0x22,0x22,0x10,0x00,0x00,0x02,0x11,0x11,
  0x11,0x11,0x11,0x11,0x11,0x11,0x11,0x11,0x22,0x21,0x22,0x21,0x22,0x22,0x12,0x21,0x22,0x12,0x10,0x00,
  0x00,0x01,0x11,0x11,0x11,0x11,0x11,0x11,0x11,0x11,0x11,0x11,0x21,0x22,0x12,0x12,0x22,0x12,0x22,0x22,
  0x22,0x22,0x10,0x00,0x00,0x00,0x11,0x11,0x11,0x11,0x11,0x11,0x11,0x11,0x11,0x11,0x22,0x21,0x22,0x21,
  0x22,0x22,0x21,0x22,0x12,0x21,0x20,0x00,0x00,0x00,0x11,0x11,0x11,0x11,0x11,0x11,0x11,0x11,0x11,0x11,
  0x22,0x12,0x21,0x22,0x12,0x21,0x22,0x22,0x22,0x22,0x00,0x00,0x00,0x00,0x11,0x11,0x11,0x11,0x11,0x11,
  0x11,0x11,0x11,0x11,0x12,0x22,0x12,0x12,0x22,0x22,0x22,0x12,0x21,0x21,0x00,0x00,0x00,0x00,0x11,0x11,
  0x11,0x11,0x11,0x11,0x11,0x11,0x11,0x11,0x22,0x22,0x22,0x21,0x22,0x12,0x22,0x22,0x22,0x21,0x00,0x00,
  0x00,0x00,0x11,0x11,0x11,0x11,0x11,0x11,0x11,0x11,0x11,0x11,0x22,0x12,0x12,0x22,0x22,0x22,0x12,0x12,
  0x12,0x21,0x00,0x00,0x00,0x00,0x01,0x11,0x11,0x11,0x11,0x11,0x11,0x11,0x11,0x11,0x12,0x22,0x22,0x12,
  0x21,0x22,0x22,0x22,0x22,0x10,0x00,0x00,0x00,0x00,0x01,0x11,0x11,0x11,0x11,0x11,0x11,0x11,0x11,0x11,
  0x22,0x22,0x12,0x22,0x22,0x21,0x22,0x21,0x22,0x10,0x00,0x00,0x00,0x00,0x00,0x11,0x11,0x11,0x11,0x11,
  0x11,0x11,0x11,0x11,0x21,0x22,0x22,0x21,0x22,0x22,0x21,0x22,0x21,0x00,0x00,0x00,0x00,0x00,0x00,0x11,
  0x11,0x11,0x11,0x11,0x11,0x11,0x11,0x11,0x22,0x21,0x22,0x22,0x21,0x22,0x22,0x22,0x21,0x00,0x00,0x00,
  0x00,0x00,0x00,0x01,0x11,0x11,0x11,0x11,0x11,0x11,0x11,0x11,0x21,0x22,0x21,0x22,0x22,0x21,0x22,0x12,
  0x10,0x00,0x00,0x00,0x00,0x00,0x00,0x00,0x11,0x11,0x11,0x11,0x11,0x11,0x11,0x11,0x22,0x22,0x22,0x21,
  0x21,0x22,0x22,0x21,0x00,0x00,0x00,0x00,0x00,0x00,0x00,0x00,0x11,0x11,0x11,0x11,0x11,0x11,0x11,0x11,
  0x22,0x12,0x21,0x22,0x22,0x22,0x12,0x21,0x00,0x00,0x00,0x00,0x00,0x00,0x00,0x00,0x01,0x11,0x11,0x11,
  0x11,0x11,0x11,0x11,0x12,0x22,0x22,0x22,0x21,0x22,0x21,0x10,0x00,0x00,0x00,0x00,0x00,0x00,0x00,0x00,
  0x00,0x21,0x11,0x11,0x11,0x11,0x11,0x11,0x22,0x21,0x22,0x12,0x22,0x22,0x12,0x00,0x00,0x00,0x00,0x00,
  0x00,0x00,0x00,0x00,0x00,0x00,0x11,0x11,0x11,0x11,0x11,0x11,0x22,0x22,0x22,0x22,0x12,0x21,0x00,0x00,
  0x00,0x00,0x00,0x00,0x00,0x00,0x00,0x00,0x00,0x00,0x01,0x11,0x11,0x11,0x11,0x11,0x21,0x22,0x12,0x22,
  0x21,0x10,0x00,0x00,0x00,0x00,0x00,0x00,0x00,0x00,0x00,0x00,0x00,0x00,0x00,0x01,0x11,0x11,0x11,0x11,
  0x22,0x22,0x22,0x11,0x10,0x00,0x00,0x00,0x00,0x00,0x00,0x00,0x00,0x00,0x00,0x00,0x00,0x00,0x00,0x00,
  0x01,0x11,0x11,0x11,0x21,0x21,0x11,0x20,0x00,0x00,0x00,0x00,0x00,0x00,0x00,0x00,0x00,0x00,0x00,0x00,
  0x00,0x00,0x00,0x00,0x00,0x00,0x01,0x21,0x12,0x10,0x00,0x00,0x00,0x00,0x00,0x00,0x00,0x00,0x00,0x00,
  0x00,0x00,0x00,0x00,0x00,0x00,0x00,0x00,0x00,0x00,0x00,0x00,0x00,0x00,0x00,0x00,0x00,0x00,0x00,0x00,
  0x00,0x00,0x00,0x00,0x00,0x00,0x00,0x00,0x00,0x00,0x00,0x00,0x00,0x00,0x00,0x00,0x00,0x00,0x00,0x00,
  0x00,0x00,0x00,0x00,0x00,0x00,0x00,0x00,0x00,0x00,0x00,0x00,0x00,0x00,0x00,0x00,0x00,0x00,0x00,0x00,
  0x00,0x00,0x00,0x00,0x00,0x00,0x00,0x00,0x00,0x00,0x00,0x00,
};

static const uint8_t moon04_40[800] PROGMEM = {
  0x00,0x00,0x00,0x00,0x00,0x00,0x00,0x00,0x00,0x00,0x00,0x00,0x00,0x00,0x00,0x00,0x00,0x00,0x00,0x00,
  0x00,0x00,0x00,0x00,0x00,0x00,0x00,0x00,0x00,0x00,0x00,0x00,0x00,0x00,0x00,0x00,0x00,0x00,0x00,0x00,
  0x00,0x00,0x00,0x00,0x00,0x00,0x00,0x00,0x00,0x00,0x00,0x00,0x00,0x00,0x00,0x00,0x00,0x00,0x00,0x00,
  0x00,0x00,0x00,0x00,0x00,0x00,0x00,0x01,0x11,0x11,0x11,0x21,0x20,0x00,0x00,0x00,0x00,0x00,0x00,0x00,
  0x00,0x00,0x00,0x00,0x00,0x00,0x01,0x11,0x11,0x11,0x22,0x22,0x12,0x10,0x00,0x00,0x00,0x00,0x00,0x00,
  0x00,0x00,0x00,0x00,0x00,0x01,0x11,0x11,0x11,0x11,0x22,0x22,0x22,0x21,0x10,0x00,0x00,0x00,0x00,0x00,
  0x00,0x00,0x00,0x00,0x01,0x11,0x11,0x11,0x11,0x11,0x21,0x22,0x12,0x22,0x21,0x20,0x00,0x00,0x00,0x00,
  0x00,0x00,0x00,0x00,0x11,0x11,0x11,0x11,0x11,0x11,0x22,0x22,0x22,0x12,0x22,0x11,0x00,0x00,0x00,0x00,
  0x00,0x00,0x00,0x01,0x11,0x11,0x11,0x11,0x11,0x11,0x22,0x12,0x22,0x22,0x22,0x22,0x10,0x00,0x00,0x00,
  0x00,0x00,0x00,0x21,0x11,0x11,0x11,0x11,0x11,0x11,0x22,0x22,0x12,0x21,0x22,0x22,0x21,0x00,0x00,0x00,
  0x00,0x00,0x00,0x11,0x11,0x11,0x11,0x11,0x11,0x11,0x12,0x21,0x22,0x22,0x21,0x22,0x21,0x00,0x00,0x00,
  0x00,0x00,0x01,0x11,0x11,0x11,0x11,0x11,0x11,0x11,0x22,0x22,0x21,0x21,0x22,0x21,0x22,0x10,0x00,0x00,
  0x00,0x00,0x01,0x11,0x11,0x11,0x11,0x11,0x11,0x11,0x22,0x12,0x22,0x21,0x21,0x22,0x22,0x20,0x00,0x00,
  0x00,0x00,0x11,0x11,0x11,0x11,0x11,0x11,0x11,0x11,0x22,0x22,0x21,0x22,0x22,0x22,0x21,0x21,0x00,0x00,
  0x00,0x00,0x11,0x11,0x11,0x11,0x11,0x11,0x11,0x11,0x12,0x21,0x22,0x21,0x22,0x12,0x22,0x22,0x00,0x00,
  0x00,0x01,0x11,0x11,0x11,0x11,0x11,0x11,0x11,0x11,0x22,0x22,0x22,0x22,0x12,0x22,0x12,0x21,0x10,0x00,
  0x00,0x01,0x11,0x11,0x11,0x11,0x11,0x11,0x11,0x11,0x22,0x12,0x21,0x22,0x22,0x22,0x22,0x22,0x20,0x00,
  0x00,0x01,0x11,0x11,0x11,0x11,0x11,0x11,0x11,0x11,0x22,0x22,0x22,0x21,0x22,0x12,0x21,0x22,0x10,0x00,
  0x00,0x01,0x11,0x11,0x11,0x11,0x11,0x11,0x11,0x11,0x12,0x21,0x21,0x22,0x22,0x22,0x22,0x22,0x10,0x00,
  0x00,0x01,0x11,0x11,0x11,0x11,0x11,0x11,0x11,0x11,0x22,0x22,0x22,0x22,0x12,0x21,0x22,0x12,0x20,0x00,
  0x00,0x01,0x11,0x11,0x11,0x11,0x11,0x11,0x11,0x11,0x22,0x12,0x12,0x12,0x22,0x22,0x22,0x22,0x10,0x00,
  0x00,0x01,0x11,0x11,0x11,0x11,0x11,0x11,0x11,0x11,0x22,0x21,0x22,0x22,0x21,0x21,0x21,0x22,0x10,0x00,
  0x00,0x01,0x11,0x11,0x11,0x11,0x11,0x11,0x11,0x11,0x12,0x12,0x21,0x21,0x22,0x22,0x22,0x22,0x10,0x00,
  0x00,0x01,0x11,0x11,0x11,0x11,0x11,0x11,0x11,0x11,0x22,0x21,0x21,0x22,0x22,0x21,0x22,0x12,0x10,0x00,
  0x00,0x02,0x11,0x11,0x11,0x11,0x11,0x11,0x11,0x11,0x22,0x22,0x22,0x12,0x21,0x22,0x22,0x22,0x20,0x00,
  0x00,0x00,0x11,0x11,0x11,0x11,0x11,0x11,0x11,0x11,0x21,0x22,0x12,0x22,0x22,0x22,0x12,0x21,0x00,0x00,
  0x00,0x00,0x11,0x11,0x11,0x11,0x11,0x11,0x11,0x11,0x22,0x22,0x22,0x21,0x22,0x12,0x22,0x21,0x00,0x00,
  0x00,0x00,0x01,0x11,0x11,0x11,0x11,0x11,0x11,0x11,0x12,0x21,0x22,0x22,0x22,0x22,0x21,0x22,0x00,0x00,
  0x00,0x00,0x01,0x11,0x11,0x11,0x11,0x11,0x11,0x11,0x22,0x22,0x21,0x21,0x22,0x12,0x22,0x10,0x00,0x00,
  0x00,0x00,0x00,0x11,0x11,0x11,0x11,0x11,0x11,0x11,0x22,0x12,0x22,0x22,0x22,0x22,0x21,0x00,0x00,0x00,
  0x00,0x00,0x00,0x11,0x11,0x11,0x11,0x11,0x11,0x11,0x22,0x22,0x12,0x21,0x22,0x12,0x21,0x00,0x00,0x00,
  0x00,0x00,0x00,0x01,0x11,0x11,0x11,0x11,0x11,0x11,0x12,0x22,0x22,0x22,0x22,0x22,0x10,0x00,0x00,0x00,
  0x00,0x00,0x00,0x00,0x11,0x11,0x11,0x11,0x11,0x11,0x22,0x12,0x21,0x22,0x12,0x11,0x00,0x00,0x00,0x00,
  0x00,0x00,0x00,0x00,0x02,0x11,0x11,0x11,0x11,0x11,0x22,0x22,0x22,0x22,0x22,0x10,0x00,0x00,0x00,0x00,
  0x00,0x00,0x00,0x00,0x00,0x01,0x11,0x11,0x11,0x11,0x21,0x21,0x22,0x12,0x10,0x00,0x00,0x00,0x00,0x00,
  0x00,0x00,0x00,0x00,0x00,0x00,0x01,0x11,0x11,0x11,0x22,0x22,0x21,0x21,0x00,0x00,0x00,0x00,0x00,0x00,
  0x00,0x00,0x00,0x00,0x00,0x00,0x00,0x01,0x11,0x11,0x12,0x11,0x20,0x00,0x00,0x00,0x00,0x00,0x00,0x00,
  0x00,0x00,0x00,0x00,0x00,0x00,0x00,0x00,0x00,0x00,0x00,0x00,0x00,0x00,0x00,0x00,0x00,0x00,0x00,0x00,
  0x00,0x00,0x00,0x00,0x00,0x00,0x00,0x00,0x00,0x00,0x00,0x00,0x00,0x00,0x00,0x00,0x00,0x00,0x00,0x00,
  0x00,0x00,0x00,0x00,0x00,0x00,0x00,0x00,0x00,0x00,0x00,0x00,0x00,0x00,0x00,0x00,0x00,0x00,0x00,0x00,
};

static const uint8_t moon05_48[1152] PROGMEM = {
  0x00,0x00,0x00,0x00,0x00,0x00,0x00,0x00,0x00,0x00,0x00,0x00,0x00,0x00,0x00,0x00,0x00,0x00,0x00,0x00,
  0x00,0x00,0x00,0x00,0x00,0x00,0x00,0x00,0x00,0x00,0x00,0x00,0x00,0x00,0x00,0x00,0x00,0x00,0x00,0x00,
  0x00,0x00,0x00,0x00,0x00,0x00,0x00,0x00,0x00,0x00,0x00,0x00,0x00,0x00,0x00,0x00,0x00,0x00,0x00,0x00,
  0x00,0x00,0x00,0x00,0x00,0x00,0x00,0x00,0x00,0x00,0x00,0x00,0x00,0x00,0x00,0x00,0x00,0x00,0x00,0x00,
  0x00,0x00,0x00,0x21,0x21,0x00,0x00,0x00,0x00,0x00,0x00,0x00,0x00,0x00,0x00,0x00,0x00,0x00,0x00,0x00,
  0x00,0x00,0x00,0x00,0x01,0x11,0x11,0x22,0x12,0x11,0x11,0x20,0x00,0x00,0x00,0x00,0x00,0x00,0x00,0x00,
  0x00,0x00,0x00,0x00,0x00,0x00,0x00,0x01,0x11,0x11,0x12,0x22,0x22,0x22,0x22,0x11,0x10,0x00,0x00,0x00,
  0x00,0x00,0x00,0x00,0x00,0x00,0x00,0x00,0x00,0x00,0x01,0x11,0x11,0x11,0x22,0x22,0x22,0x22,0x22,0x22,
  0x21,0x10,0x00,0x00,0x00,0x00,0x00,0x00,0x00,0x00,0x00,0x00,0x00,0x00,0x11,0x11,0x11,0x12,0x22,0x12,
  0x12,0x12,0x22,0x22,0x22,0x21,0x00,0x00,0x00,0x00,0x00,0x00,0x00,0x00,0x00,0x00,0x00,0x01,0x11,0x11,
  0x11,0x12,0x22,0x22,0x22,0x22,0x12,0x12,0x22,0x22,0x11,0x00,0x00,0x00,0x00,0x00,0x00,0x00,0x00,0x00,
  0x01,0x11,0x11,0x11,0x11,0x22,0x12,0x21,0x22,0x22,0x22,0x22,0x12,0x22,0x22,0x10,0x00,0x00,0x00,0x00,
  0x00,0x00,0x00,0x00,0x01,0x11,0x11,0x11,0x11,0x22,0x22,0x22,0x21,0x21,0x22,0x12,0x22,0x12,0x22,0x12,
  0x00,0x00,0x00,0x00,0x00,0x00,0x00,0x00,0x11,0x11,0x11,0x11,0x11,0x21,0x21,0x22,0x22,0x22,0x22,0x22,
  0x22,0x22,0x12,0x21,0x00,0x00,0x00,0x00,0x00,0x00,0x00,0x01,0x11,0x11,0x11,0x11,0x11,0x22,0x22,0x21,
  0x22,0x12,0x21,0x22,0x12,0x22,0x22,0x22,0x10,0x00,0x00,0x00,0x00,0x00,0x00,0x11,0x11,0x11,0x11,0x11,
  0x12,0x22,0x21,0x22,0x22,0x22,0x22,0x21,0x22,0x12,0x21,0x22,0x21,0x00,0x00,0x00,0x00,0x00,0x00,0x11,
  0x11,0x11,0x11,0x11,0x12,0x12,0x22,0x22,0x12,0x21,0x22,0x22,0x12,0x21,0x22,0x21,0x21,0x00,0x00,0x00,
  0x00,0x00,0x01,0x11,0x11,0x11,0x11,0x11,0x12,0x21,0x22,0x12,0x22,0x22,0x21,0x21,0x21,0x22,0x22,0x22,
  0x22,0x10,0x00,0x00,0x00,0x00,0x01,0x11,0x11,0x11,0x11,0x11,0x12,0x12,0x12,0x22,0x21,0x22,0x22,0x22,
  0x22,0x12,0x21,0x22,0x22,0x10,0x00,0x00,0x00,0x00,0x11,0x11,0x11,0x11,0x11,0x11,0x12,0x22,0x21,0x22,
  0x22,0x21,0x21,0x22,0x12,0x22,0x22,0x21,0x22,0x21,0x00,0x00,0x00,0x00,0x11,0x11,0x11,0x11,0x11,0x11,
  0x21,0x21,0x22,0x21,0x22,0x22,0x22,0x22,0x22,0x21,0x22,0x22,0x21,0x21,0x00,0x00,0x00,0x00,0x11,0x11,
  0x11,0x11,0x11,0x11,0x12,0x21,0x21,0x22,0x21,0x22,0x12,0x21,0x21,0x22,0x21,0x21,0x22,0x21,0x00,0x00,
  0x00,0x00,0x11,0x11,0x11,0x11,0x11,0x11,0x21,0x22,0x12,0x22,0x22,0x22,0x22,0x22,0x22,0x22,0x22,0x22,
  0x22,0x22,0x00,0x00,0x00,0x00,0x11,0x11,0x11,0x11,0x11,0x11,0x12,0x21,0x22,0x21,0x22,0x12,0x12,0x12,
  0x22,0x12,0x21,0x22,0x12,0x21,0x20,0x00,0x00,0x02,0x11,0x11,0x11,0x11,0x11,0x11,0x22,0x12,0x22,0x22,
  0x22,0x22,0x22,0x22,0x12,0x22,0x22,0x22,0x22,0x22,0x10,0x00,0x00,0x01,0x11,0x11,0x11,0x11,0x11,0x11,
  0x22,0x22,0x21,0x22,0x12,0x21,0x22,0x12,0x22,0x21,0x22,0x12,0x21,0x22,0x10,0x00,0x00,0x02,0x11,0x11,
  0x11,0x11,0x11,0x11,0x12,0x21,0x22,0x22,0x22,0x22,0x12,0x22,0x21,0x22,0x22,0x22,0x22,0x22,0x10,0x00,
  0x00,0x01,0x11,0x11,0x11,0x11,0x11,0x11,0x22,0x22,0x22,0x12,0x12,0x12,0x21,0x21,0x22,0x22,0x12,0x21,
  0x22,0x12,0x10,0x00,0x00,0x00,0x11,0x11,0x11,0x11,0x11,0x11,0x21,0x22,0x12,0x22,0x22,0x21,0x22,0x12,
  0x22,0x12,0x22,0x22,0x22,0x22,0x10,0x00,0x00,0x00,0x11,0x11,0x11,0x11,0x11,0x11,0x22,0x22,0x22,0x22,
  0x12,0x22,0x12,0x21,0x22,0x22,0x21,0x21,0x21,0x21,0x00,0x00,0x00,0x00,0x11,0x11,0x11,0x11,0x11,0x11,
  0x12,0x21,0x22,0x12,0x22,0x21,0x21,0x22,0x12,0x21,0x22,0x22,0x22,0x21,0x00,0x00,0x00,0x00,0x11,0x11,
  0x11,0x11,0x11,0x11,0x22,0x22,0x22,0x22,0x21,0x22,0x22,0x12,0x22,0x22,0x22,0x21,0x22,0x21,0x00,0x00,
  0x00,0x00,0x11,0x11,0x11,0x11,0x11,0x11,0x12,0x12,0x12,0x12,0x22,0x22,0x12,0x22,0x21,0x22,0x12,0x22,
  0x22,0x21,0x00,0x00,0x00,0x00,0x01,0x11,0x11,0x11,0x11,0x11,0x12,0x22,0x21,0x21,0x22,0x12,0x22,0x21,
  0x22,0x22,0x22,0x12,0x21,0x20,0x00,0x00,0x00,0x00,0x01,0x11,0x11,0x11,0x11,0x11,0x12,0x21,0x22,0x22,
  0x12,0x22,0x21,0x22,0x22,0x12,0x22,0x22,0x22,0x10,0x00,0x00,0x00,0x00,0x00,0x11,0x11,0x11,0x11,0x11,
  0x12,0x22,0x12,0x12,0x22,0x21,0x22,0x22,0x22,0x22,0x12,0x21,0x21,0x00,0x00,0x00,0x00,0x00,0x00,0x11,
  0x11,0x11,0x11,0x11,0x12,0x22,0x21,0x21,0x21,0x22,0x22,0x21,0x21,0x22,0x22,0x22,0x21,0x00,0x00,0x00,
  0x00,0x00,0x00,0x01,0x11,0x11,0x11,0x11,0x11,0x21,0x22,0x22,0x22,0x22,0x12,0x22,0x22,0x21,0x21,0x22,
  0x10,0x00,0x00,0x00,0x00,0x00,0x00,0x00,0x11,0x11,0x11,0x11,0x11,0x22,0x22,0x22,0x21,0x22,0x22,0x12,
  0x21,0x22,0x22,0x21,0x00,0x00,0x00,0x00,0x00,0x00,0x00,0x00,0x11,0x11,0x11,0x11,0x11,0x22,0x21,0x21,
  0x22,0x22,0x12,0x22,0x22,0x22,0x22,0x12,0x00,0x00,0x00,0x00,0x00,0x00,0x00,0x00,0x01,0x11,0x11,0x11,
  0x11,0x12,0x22,0x22,0x22,0x12,0x22,0x21,0x22,0x12,0x21,0x10,0x00,0x00,0x00,0x00,0x00,0x00,0x00,0x00,
  0x00,0x21,0x11,0x11,0x11,0x12,0x21,0x22,0x12,0x22,0x22,0x22,0x22,0x22,0x12,0x00,0x00,0x00,0x00,0x00,
  0x00,0x00,0x00,0x00,0x00,0x00,0x11,0x11,0x11,0x12,0x22,0x22,0x22,0x22,0x12,0x12,0x21,0x21,0x00,0x00,
  0x00,0x00,0x00,0x00,0x00,0x00,0x00,0x00,0x00,0x00,0x01,0x11,0x11,0x11,0x21,0x22,0x12,0x21,0x22,0x22,
  0x21,0x20,0x00,0x00,0x00,0x00,0x00,0x00,0x00,0x00,0x00,0x00,0x00,0x00,0x00,0x01,0x11,0x11,0x12,0x22,
  0x22,0x22,0x22,0x12,0x10,0x00,0x00,0x00,0x00,0x00,0x00,0x00,0x00,0x00,0x00,0x00,0x00,0x00,0x00,0x00,
  0x01,0x11,0x12,0x12,0x12,0x12,0x11,0x20,0x00,0x00,0x00,0x00,0x00,0x00,0x00,0x00,0x00,0x00,0x00,0x00,
  0x00,0x00,0x00,0x00,0x00,0x00,0x01,0x21,0x21,0x20,0x00,0x00,0x00,0x00,0x00,0x00,0x00,0x00,0x00,0x00,
  0x00,0x00,0x00,0x00,0x00,0x00,0x00,0x00,0x00,0x00,0x00,0x00,0x00,0x00,0x00,0x00,0x00,0x00,0x00,0x00,
  0x00,0x00,0x00,0x00,0x00,0x00,0x00,0x00,0x00,0x00,0x00,0x00,0x00,0x00,0x00,0x00,0x00,0x00,0x00,0x00,
  0x00,0x00,0x00,0x00,0x00,0x00,0x00,0x00,0x00,0x00,0x00,0x00,0x00,0x00,0x00,0x00,0x00,0x00,0x00,0x00,
  0x00,0x00,0x00,0x00,0x00,0x00,0x00,0x00,0x00,0x00,0x00,0x00,
};

static const uint8_t moon05_40[800] PROGMEM = {
  0x00,0x00,0x00,0x00,0x00,0x00,0x00,0x00,0x00,0x00,0x00,0x00,0x00,0x00,0x00,0x00,0x00,0x00,0x00,0x00,
  0x00,0x00,0x00,0x00,0x00,0x00,0x00,0x00,0x00,0x00,0x00,0x00,0x00,0x00,0x00,0x00,0x00,0x00,0x00,0x00,
  0x00,0x00,0x00,0x00,0x00,0x00,0x00,0x00,0x00,0x00,0x00,0x00,0x00,0x00,0x00,0x00,0x00,0x00,0x00,0x00,
  0x00,0x00,0x00,0x00,0x00,0x00,0x00,0x01,0x11,0x12,0x11,0x21,0x20,0x00,0x00,0x00,0x00,0x00,0x00,0x00,
  0x00,0x00,0x00,0x00,0x00,0x00,0x01,0x11,0x12,0x22,0x22,0x22,0x12,0x10,0x00,0x00,0x00,0x00,0x00,0x00,
  0x00,0x00,0x00,0x00,0x00,0x01,0x11,0x11,0x22,0x22,0x21,0x22,0x22,0x21,0x10,0x00,0x00,0x00,0x00,0x00,
  0x00,0x00,0x00,0x00,0x01,0x11,0x11,0x11,0x21,0x21,0x22,0x22,0x12,0x22,0x21,0x20,0x00,0x00,0x00,0x00,
  0x00,0x00,0x00,0x00,0x11,0x11,0x11,0x11,0x22,0x22,0x22,0x12,0x22,0x22,0x22,0x11,0x00,0x00,0x00,0x00,
  0x00,0x00,0x00,0x01,0x11,0x11,0x11,0x12,0x22,0x21,0x22,0x22,0x21,0x21,0x22,0x22,0x10,0x00,0x00,0x00,
  0x00,0x00,0x00,0x21,0x11,0x11,0x11,0x12,0x21,0x22,0x22,0x12,0x22,0x22,0x22,0x22,0x21,0x00,0x00,0x00,
  0x00,0x00,0x00,0x11,0x11,0x11,0x11,0x12,0x22,0x22,0x12,0x22,0x21,0x22,0x12,0x12,0x22,0x00,0x00,0x00,
  0x00,0x00,0x01,0x11,0x11,0x11,0x11,0x22,0x21,0x22,0x22,0x21,0x22,0x21,0x22,0x22,0x12,0x10,0x00,0x00,
  0x00,0x00,0x01,0x11,0x11,0x11,0x11,0x12,0x22,0x21,0x22,0x22,0x21,0x22,0x12,0x22,0x22,0x20,0x00,0x00,
  0x00,0x00,0x11,0x11,0x11,0x11,0x11,0x21,0x21,0x22,0x21,0x22,0x22,0x12,0x22,0x12,0x22,0x21,0x00,0x00,
  0x00,0x00,0x11,0x11,0x11,0x11,0x11,0x22,0x12,0x22,0x22,0x21,0x22,0x22,0x12,0x22,0x12,0x22,0x00,0x00,
  0x00,0x01,0x11,0x11,0x11,0x11,0x11,0x22,0x21,0x22,0x12,0x22,0x21,0x22,0x22,0x22,0x22,0x12,0x10,0x00,
  0x00,0x01,0x11,0x11,0x11,0x11,0x11,0x21,0x22,0x22,0x22,0x12,0x22,0x21,0x22,0x12,0x22,0x22,0x10,0x00,
  0x00,0x01,0x11,0x11,0x11,0x11,0x11,0x22,0x12,0x12,0x22,0x22,0x21,0x22,0x22,0x22,0x12,0x22,0x10,0x00,
  0x00,0x01,0x11,0x11,0x11,0x11,0x12,0x12,0x22,0x22,0x12,0x21,0x22,0x22,0x12,0x22,0x22,0x12,0x20,0x00,
  0x00,0x01,0x11,0x11,0x11,0x11,0x11,0x22,0x21,0x22,0x22,0x22,0x22,0x12,0x22,0x12,0x12,0x22,0x10,0x00,
  0x00,0x01,0x11,0x11,0x11,0x11,0x12,0x22,0x22,0x21,0x21,0x21,0x21,0x22,0x22,0x22,0x22,0x22,0x10,0x00,
  0x00,0x01,0x11,0x11,0x11,0x11,0x11,0x21,0x22,0x22,0x22,0x22,0x12,0x21,0x22,0x12,0x21,0x22,0x10,0x00,
  0x00,0x01,0x11,0x11,0x11,0x11,0x11,0x22,0x21,0x22,0x12,0x12,0x21,0x22,0x22,0x22,0x22,0x22,0x10,0x00,
  0x00,0x01,0x11,0x11,0x11,0x11,0x12,0x22,0x22,0x22,0x22,0x21,0x22,0x12,0x21,0x22,0x12,0x22,0x10,0x00,
  0x00,0x02,0x11,0x11,0x11,0x11,0x11,0x21,0x22,0x12,0x21,0x22,0x12,0x22,0x22,0x22,0x22,0x12,0x10,0x00,
  0x00,0x00,0x11,0x11,0x11,0x11,0x11,0x22,0x21,0x21,0x22,0x22,0x22,0x21,0x22,0x12,0x22,0x22,0x00,0x00,
  0x00,0x00,0x11,0x11,0x11,0x11,0x11,0x22,0x12,0x22,0x22,0x12,0x21,0x22,0x22,0x22,0x12,0x21,0x00,0x00,
  0x00,0x00,0x01,0x11,0x11,0x11,0x11,0x22,0x21,0x21,0x22,0x22,0x22,0x22,0x12,0x12,0x22,0x12,0x00,0x00,
  0x00,0x00,0x01,0x11,0x11,0x11,0x11,0x12,0x22,0x12,0x21,0x22,0x12,0x22,0x22,0x22,0x22,0x10,0x00,0x00,
  0x00,0x00,0x00,0x11,0x11,0x11,0x11,0x22,0x12,0x22,0x22,0x22,0x22,0x12,0x21,0x22,0x12,0x00,0x00,0x00,
  0x00,0x00,0x00,0x11,0x11,0x11,0x11,0x12,0x22,0x21,0x22,0x12,0x22,0x22,0x22,0x22,0x21,0x00,0x00,0x00,
  0x00,0x00,0x00,0x01,0x11,0x11,0x11,0x12,0x21,0x22,0x22,0x22,0x12,0x12,0x12,0x21,0x10,0x00,0x00,0x00,
  0x00,0x00,0x00,0x00,0x11,0x11,0x11,0x11,0x22,0x22,0x12,0x22,0x22,0x22,0x22,0x21,0x00,0x00,0x00,0x00,
  0x00,0x00,0x00,0x00,0x02,0x11,0x11,0x11,0x22,0x12,0x22,0x12,0x12,0x22,0x21,0x10,0x00,0x00,0x00,0x00,
  0x00,0x00,0x00,0x00,0x00,0x01,0x11,0x11,0x12,0x22,0x22,0x22,0x22,0x21,0x10,0x00,0x00,0x00,0x00,0x00,
  0x00,0x00,0x00,0x00,0x00,0x00,0x01,0x11,0x12,0x22,0x12,0x22,0x12,0x12,0x00,0x00,0x00,0x00,0x00,0x00,
  0x00,0x00,0x00,0x00,0x00,0x00,0x00,0x01,0x11,0x12,0x12,0x11,0x20,0x00,0x00,0x00,0x00,0x00,0x00,0x00,
  0x00,0x00,0x00,0x00,0x00,0x00,0x00,0x00,0x00,0x00,0x00,0x00,0x00,0x00,0x00,0x00,0x00,0x00,0x00,0x00,
  0x00,0x00,0x00,0x00,0x00,0x00,0x00,0x00,0x00,0x00,0x00,0x00,0x00,0x00,0x00,0x00,0x00,0x00,0x00,0x00,
  0x00,0x00,0x00,0x00,0x00,0x00,0x00,0x00,0x00,0x00,0x00,0x00,0x00,0x00,0x00,0x00,0x00,0x00,0x00,0x00,
};

static const uint8_t moon06_48[1152] PROGMEM = {
  0x00,0x00,0x00,0x00,0x00,0x00,0x00,0x00,0x00,0x00,0x00,0x00,0x00,0x00,0x00,0x00,0x00,0x00,0x00,0x00,
  0x00,0x00,0x00,0x00,0x00,0x00,0x00,0x00,0x00,0x00,0x00,0x00,0x00,0x00,0x00,0x00,0x00,0x00,0x00,0x00,
  0x00,0x00,0x00,0x00,0x00,0x00,0x00,0x00,0x00,0x00,0x00,0x00,0x00,0x00,0x00,0x00,0x00,0x00,0x00,0x00,
  0x00,0x00,0x00,0x00,0x00,0x00,0x00,0x00,0x00,0x00,0x00,0x00,0x00,0x00,0x00,0x00,0x00,0x00,0x00,0x00,
  0x00,0x00,0x00,0x21,0x21,0x00,0x00,0x00,0x00,0x00,0x00,0x00,0x00,0x00,0x00,0x00,0x00,0x00,0x00,0x00,
  0x00,0x00,0x00,0x00,0x01,0x11,0x22,0x12,0x22,0x11,0x11,0x20,0x00,0x00,0x00,0x00,0x00,0x00,0x00,0x00,
  0x00,0x00,0x00,0x00,0x00,0x00,0x00,0x01,0x12,0x22,0x22,0x22,0x22,0x22,0x22,0x11,0x10,0x00,0x00,0x00,
  0x00,0x00,0x00,0x00,0x00,0x00,0x00,0x00,0x00,0x00,0x01,0x11,0x12,0x22,0x12,0x21,0x21,0x22,0x22,0x22,
  0x21,0x10,0x00,0x00,0x00,0x00,0x00,0x00,0x00,0x00,0x00,0x00,0x00,0x00,0x11,0x12,0x22,0x22,0x22,0x22,
  0x22,0x22,0x12,0x22,0x22,0x21,0x00,0x00,0x00,0x00,0x00,0x00,0x00,0x00,0x00,0x00,0x00,0x01,0x11,0x12,
  0x21,0x21,0x22,0x12,0x22,0x12,0x22,0x21,0x22,0x22,0x11,0x00,0x00,0x00,0x00,0x00,0x00,0x00,0x00,0x00,
  0x01,0x11,0x11,0x22,0x22,0x22,0x22,0x22,0x12,0x22,0x21,0x22,0x22,0x12,0x22,0x10,0x00,0x00,0x00,0x00,
  0x00,0x00,0x00,0x00,0x01,0x11,0x12,0x22,0x12,0x22,0x12,0x22,0x22,0x21,0x22,0x22,0x12,0x22,0x22,0x21,
  0x00,0x00,0x00,0x00,0x00,0x00,0x00,0x00,0x11,0x11,0x22,0x22,0x22,0x12,0x22,0x12,0x21,0x22,0x22,0x22,
  0x22,0x22,0x12,0x21,0x00,0x00,0x00,0x00,0x00,0x00,0x00,0x01,0x11,0x11,0x21,0x22,0x12,0x22,0x22,0x22,
  0x22,0x22,0x12,0x12,0x21,0x22,0x22,0x22,0x10,0x00,0x00,0x00,0x00,0x00,0x00,0x11,0x11,0x11,0x22,0x22,
  0x22,0x21,0x22,0x12,0x12,0x22,0x22,0x22,0x12,0x21,0x22,0x12,0x21,0x00,0x00,0x00,0x00,0x00,0x00,0x11,
  0x11,0x12,0x22,0x12,0x12,0x22,0x22,0x22,0x22,0x12,0x21,0x21,0x22,0x12,0x22,0x22,0x21,0x00,0x00,0x00,
  0x00,0x00,0x01,0x11,0x11,0x12,0x22,0x22,0x12,0x12,0x12,0x12,0x22,0x22,0x22,0x22,0x12,0x22,0x12,0x21,
  0x22,0x10,0x00,0x00,0x00,0x00,0x01,0x11,0x11,0x22,0x12,0x12,0x21,0x22,0x12,0x22,0x12,0x21,0x22,0x12,
  0x21,0x22,0x22,0x22,0x22,0x10,0x00,0x00,0x00,0x00,0x11,0x11,0x11,0x12,0x22,0x21,0x22,0x12,0x22,0x22,
  0x22,0x22,0x22,0x22,0x22,0x21,0x22,0x12,0x22,0x21,0x00,0x00,0x00,0x00,0x11,0x11,0x11,0x22,0x21,0x22,
  0x12,0x21,0x21,0x21,0x22,0x12,0x12,0x21,0x21,0x22,0x22,0x22,0x12,0x21,0x00,0x00,0x00,0x00,0x11,0x11,
  0x11,0x22,0x22,0x12,0x21,0x22,0x12,0x22,0x22,0x22,0x22,0x22,0x22,0x22,0x12,0x22,0x22,0x21,0x00,0x00,
  0x00,0x00,0x11,0x11,0x11,0x22,0x12,0x21,0x22,0x12,0x22,0x21,0x22,0x12,0x21,0x22,0x12,0x22,0x22,0x12,
  0x12,0x21,0x00,0x00,0x00,0x00,0x11,0x11,0x12,0x22,0x22,0x12,0x12,0x21,0x21,0x22,0x22,0x22,0x22,0x22,
  0x22,0x12,0x22,0x22,0x22,0x22,0x10,0x00,0x00,0x02,0x11,0x11,0x11,0x22,0x12,0x22,0x21,0x22,0x22,0x22,
  0x12,0x21,0x22,0x12,0x22,0x22,0x12,0x21,0x22,0x12,0x10,0x00,0x00,0x01,0x11,0x11,0x12,0x22,0x22,0x22,
  0x22,0x22,0x12,0x22,0x22,0x22,0x21,0x22,0x12,0x22,0x22,0x22,0x22,0x22,0x10,0x00,0x00,0x02,0x11,0x11,
  0x11,0x21,0x22,0x12,0x12,0x22,0x22,0x12,0x21,0x21,0x22,0x12,0x22,0x12,0x12,0x12,0x21,0x22,0x10,0x00,
  0x00,0x01,0x11,0x11,0x11,0x22,0x22,0x22,0x22,0x12,0x22,0x22,0x22,0x22,0x12,0x21,0x22,0x22,0x22,0x22,
  0x22,0x22,0x10,0x00,0x00,0x00,0x11,0x11,0x12,0x22,0x12,0x21,0x22,0x22,0x12,0x12,0x12,0x12,0x21,0x22,
  0x12,0x21,0x22,0x21,0x22,0x12,0x10,0x00,0x00,0x00,0x11,0x11,0x11,0x22,0x21,0x22,0x22,0x12,0x22,0x22,
  0x22,0x21,0x22,0x12,0x22,0x22,0x21,0x22,0x22,0x22,0x00,0x00,0x00,0x00,0x11,0x11,0x11,0x21,0x22,0x12,
  0x22,0x22,0x22,0x12,0x22,0x22,0x12,0x21,0x21,0x22,0x22,0x22,0x12,0x21,0x00,0x00,0x00,0x00,0x11,0x11,
  0x11,0x22,0x12,0x22,0x12,0x21,0x22,0x22,0x12,0x12,0x21,0x22,0x22,0x21,0x22,0x12,0x22,0x21,0x00,0x00,
  0x00,0x00,0x11,0x11,0x11,0x22,0x21,0x22,0x22,0x22,0x12,0x12,0x22,0x22,0x22,0x21,0x22,0x22,0x22,0x22,
  0x21,0x21,0x00,0x00,0x00,0x00,0x01,0x11,0x11,0x12,0x22,0x21,0x22,0x12,0x22,0x21,0x22,0x21,0x22,0x22,
  0x21,0x22,0x12,0x21,0x22,0x10,0x00,0x00,0x00,0x00,0x01,0x11,0x11,0x12,0x21,0x22,0x22,0x22,0x12,0x12,
  0x12,0x22,0x21,0x22,0x22,0x22,0x22,0x22,0x22,0x10,0x00,0x00,0x00,0x00,0x00,0x11,0x11,0x12,0x22,0x22,
  0x12,0x21,0x21,0x22,0x22,0x12,0x22,0x21,0x22,0x12,0x12,0x12,0x21,0x00,0x00,0x00,0x00,0x00,0x00,0x11,
  0x11,0x11,0x22,0x12,0x22,0x22,0x22,0x12,0x12,0x22,0x21,0x22,0x22,0x22,0x22,0x22,0x21,0x00,0x00,0x00,
  0x00,0x00,0x00,0x01,0x11,0x11,0x22,0x22,0x21,0x22,0x12,0x22,0x22,0x21,0x22,0x22,0x12,0x21,0x22,0x21,
  0x10,0x00,0x00,0x00,0x00,0x00,0x00,0x00,0x11,0x11,0x12,0x21,0x22,0x22,0x22,0x22,0x21,0x22,0x22,0x12,
  0x22,0x22,0x21,0x22,0x00,0x00,0x00,0x00,0x00,0x00,0x00,0x00,0x11,0x11,0x12,0x22,0x22,0x12,0x21,0x21,
  0x22,0x22,0x22,0x22,0x21,0x22,0x22,0x21,0x00,0x00,0x00,0x00,0x00,0x00,0x00,0x00,0x01,0x11,0x11,0x22,
  0x12,0x22,0x22,0x22,0x22,0x12,0x12,0x21,0x22,0x21,0x21,0x10,0x00,0x00,0x00,0x00,0x00,0x00,0x00,0x00,
  0x00,0x21,0x11,0x12,0x22,0x21,0x22,0x12,0x22,0x22,0x22,0x22,0x22,0x22,0x12,0x00,0x00,0x00,0x00,0x00,
  0x00,0x00,0x00,0x00,0x00,0x00,0x11,0x12,0x22,0x22,0x22,0x22,0x12,0x22,0x12,0x21,0x22,0x11,0x00,0x00,
  0x00,0x00,0x00,0x00,0x00,0x00,0x00,0x00,0x00,0x00,0x01,0x11,0x12,0x12,0x12,0x22,0x22,0x12,0x22,0x22,
  0x21,0x20,0x00,0x00,0x00,0x00,0x00,0x00,0x00,0x00,0x00,0x00,0x00,0x00,0x00,0x01,0x11,0x22,0x22,0x21,
  0x22,0x22,0x21,0x21,0x10,0x00,0x00,0x00,0x00,0x00,0x00,0x00,0x00,0x00,0x00,0x00,0x00,0x00,0x00,0x00,
  0x02,0x11,0x21,0x22,0x21,0x21,0x21,0x10,0x00,0x00,0x00,0x00,0x00,0x00,0x00,0x00,0x00,0x00,0x00,0x00,
  0x00,0x00,0x00,0x00,0x00,0x00,0x01,0x11,0x21,0x20,0x00,0x00,0x00,0x00,0x00,0x00,0x00,0x00,0x00,0x00,
  0x00,0x00,0x00,0x00,0x00,0x00,0x00,0x00,0x00,0x00,0x00,0x00,0x00,0x00,0x00,0x00,0x00,0x00,0x00,0x00,
  0x00,0x00,0x00,0x00,0x00,0x00,0x00,0x00,0x00,0x00,0x00,0x00,0x00,0x00,0x00,0x00,0x00,0x00,0x00,0x00,
  0x00,0x00,0x00,0x00,0x00,0x00,0x00,0x00,0x00,0x00,0x00,0x00,0x00,0x00,0x00,0x00,0x00,0x00,0x00,0x00,
  0x00,0x00,0x00,0x00,0x00,0x00,0x00,0x00,0x00,0x00,0x00,0x00,
};

static const uint8_t moon06_40[800] PROGMEM = {
  0x00,0x00,0x00,0x00,0x00,0x00,0x00,0x00,0x00,0x00,0x00,0x00,0x00,0x00,0x00,0x00,0x00,0x00,0x00,0x00,
  0x00,0x00,0x00,0x00,0x00,0x00,0x00,0x00,0x00,0x00,0x00,0x00,0x00,0x00,0x00,0x00,0x00,0x00,0x00,0x00,
  0x00,0x00,0x00,0x00,0x00,0x00,0x00,0x00,0x00,0x00,0x00,0x00,0x00,0x00,0x00,0x00,0x00,0x00,0x00,0x00,
  0x00,0x00,0x00,0x00,0x00,0x00,0x00,0x01,0x21,0x12,0x11,0x21,0x20,0x00,0x00,0x00,0x00,0x00,0x00,0x00,
  0x00,0x00,0x00,0x00,0x00,0x00,0x01,0x12,0x22,0x22,0x22,0x22,0x12,0x10,0x00,0x00,0x00,0x00,0x00,0x00,
  0x00,0x00,0x00,0x00,0x00,0x01,0x11,0x22,0x22,0x21,0x22,0x22,0x22,0x21,0x10,0x00,0x00,0x00,0x00,0x00,
  0x00,0x00,0x00,0x00,0x01,0x11,0x12,0x22,0x12,0x22,0x21,0x21,0x22,0x22,0x21,0x20,0x00,0x00,0x00,0x00,
  0x00,0x00,0x00,0x00,0x11,0x11,0x22,0x22,0x22,0x12,0x22,0x22,0x21,0x22,0x22,0x11,0x00,0x00,0x00,0x00,
  0x00,0x00,0x00,0x01,0x11,0x12,0x22,0x12,0x22,0x22,0x21,0x22,0x22,0x21,0x22,0x22,0x10,0x00,0x00,0x00,
  0x00,0x00,0x00,0x21,0x11,0x22,0x22,0x22,0x12,0x21,0x22,0x21,0x22,0x22,0x22,0x22,0x21,0x00,0x00,0x00,
  0x00,0x00,0x00,0x11,0x11,0x22,0x12,0x22,0x22,0x12,0x22,0x22,0x21,0x21,0x21,0x22,0x21,0x00,0x00,0x00,
  0x00,0x00,0x01,0x11,0x11,0x22,0x22,0x12,0x12,0x22,0x21,0x22,0x22,0x22,0x22,0x21,0x22,0x10,0x00,0x00,
  0x00,0x00,0x01,0x11,0x12,0x22,0x12,0x21,0x22,0x22,0x22,0x21,0x21,0x21,0x21,0x22,0x22,0x20,0x00,0x00,
  0x00,0x00,0x11,0x11,0x12,0x21,0x21,0x22,0x12,0x21,0x21,0x22,0x22,0x21,0x22,0x22,0x12,0x21,0x00,0x00,
  0x00,0x00,0x11,0x11,0x12,0x22,0x22,0x12,0x21,0x22,0x22,0x22,0x21,0x22,0x21,0x22,0x22,0x22,0x00,0x00,
  0x00,0x01,0x11,0x11,0x22,0x21,0x21,0x22,0x12,0x22,0x21,0x22,0x22,0x22,0x22,0x22,0x12,0x21,0x10,0x00,
  0x00,0x01,0x11,0x11,0x21,0x22,0x12,0x21,0x22,0x12,0x22,0x21,0x22,0x12,0x12,0x22,0x22,0x22,0x10,0x00,
  0x00,0x01,0x11,0x11,0x22,0x22,0x21,0x22,0x12,0x22,0x12,0x22,0x22,0x22,0x22,0x12,0x21,0x22,0x10,0x00,
  0x00,0x01,0x11,0x11,0x22,0x12,0x22,0x12,0x22,0x22,0x22,0x12,0x21,0x22,0x12,0x22,0x22,0x22,0x10,0x00,
  0x00,0x01,0x11,0x11,0x22,0x22,0x12,0x22,0x21,0x21,0x22,0x22,0x22,0x22,0x22,0x21,0x21,0x22,0x20,0x00,
  0x00,0x01,0x11,0x11,0x22,0x12,0x22,0x21,0x22,0x22,0x22,0x12,0x12,0x12,0x21,0x22,0x22,0x22,0x10,0x00,
  0x00,0x01,0x11,0x11,0x22,0x22,0x21,0x22,0x22,0x21,0x22,0x21,0x21,0x22,0x22,0x22,0x21,0x22,0x10,0x00,
  0x00,0x01,0x11,0x11,0x21,0x22,0x22,0x22,0x12,0x22,0x21,0x22,0x22,0x12,0x12,0x21,0x22,0x22,0x10,0x00,
  0x00,0x01,0x11,0x11,0x22,0x12,0x12,0x22,0x22,0x12,0x22,0x21,0x21,0x22,0x22,0x22,0x22,0x12,0x10,0x00,
  0x00,0x02,0x11,0x11,0x12,0x21,0x22,0x12,0x22,0x22,0x12,0x21,0x22,0x22,0x12,0x21,0x22,0x22,0x20,0x00,
  0x00,0x00,0x11,0x11,0x22,0x22,0x22,0x22,0x12,0x12,0x22,0x22,0x21,0x22,0x22,0x22,0x21,0x21,0x00,0x00,
  0x00,0x00,0x11,0x11,0x12,0x12,0x12,0x22,0x21,0x21,0x22,0x12,0x22,0x21,0x21,0x22,0x22,0x21,0x00,0x00,
  0x00,0x00,0x01,0x11,0x12,0x22,0x22,0x12,0x21,0x22,0x12,0x22,0x21,0x22,0x22,0x21,0x22,0x21,0x00,0x00,
  0x00,0x00,0x01,0x11,0x11,0x22,0x22,0x22,0x22,0x12,0x22,0x21,0x22,0x22,0x21,0x22,0x21,0x10,0x00,0x00,
  0x00,0x00,0x00,0x11,0x11,0x22,0x12,0x12,0x12,0x22,0x21,0x22,0x22,0x12,0x22,0x22,0x22,0x00,0x00,0x00,
  0x00,0x00,0x00,0x11,0x11,0x12,0x22,0x22,0x22,0x21,0x22,0x22,0x22,0x22,0x12,0x21,0x21,0x00,0x00,0x00,
  0x00,0x00,0x00,0x01,0x11,0x12,0x22,0x12,0x21,0x22,0x22,0x21,0x21,0x22,0x22,0x22,0x10,0x00,0x00,0x00,
  0x00,0x00,0x00,0x00,0x11,0x11,0x22,0x22,0x22,0x22,0x21,0x22,0x22,0x22,0x12,0x12,0x00,0x00,0x00,0x00,
  0x00,0x00,0x00,0x00,0x02,0x11,0x12,0x21,0x22,0x12,0x22,0x22,0x12,0x22,0x22,0x10,0x00,0x00,0x00,0x00,
  0x00,0x00,0x00,0x00,0x00,0x01,0x11,0x22,0x22,0x22,0x12,0x22,0x22,0x12,0x10,0x00,0x00,0x00,0x00,0x00,
  0x00,0x00,0x00,0x00,0x00,0x00,0x01,0x12,0x22,0x12,0x22,0x21,0x21,0x21,0x00,0x00,0x00,0x00,0x00,0x00,
  0x00,0x00,0x00,0x00,0x00,0x00,0x00,0x01,0x11,0x21,0x21,0x12,0x10,0x00,0x00,0x00,0x00,0x00,0x00,0x00,
  0x00,0x00,0x00,0x00,0x00,0x00,0x00,0x00,0x00,0x00,0x00,0x00,0x00,0x00,0x00,0x00,0x00,0x00,0x00,0x00,
  0x00,0x00,0x00,0x00,0x00,0x00,0x00,0x00,0x00,0x00,0x00,0x00,0x00,0x00,0x00,0x00,0x00,0x00,0x00,0x00,
  0x00,0x00,0x00,0x00,0x00,0x00,0x00,0x00,0x00,0x00,0x00,0x00,0x00,0x00,0x00,0x00,0x00,0x00,0x00,0x00,
};

static const uint8_t moon07_48[1152] PROGMEM = {
  0x00,0x00,0x00,0x00,0x00,0x00,0x00,0x00,0x00,0x00,0x00,0x00,0x00,0x00,0x00,0x00,0x00,0x00,0x00,0x00,
  0x00,0x00,0x00,0x00,0x00,0x00,0x00,0x00,0x00,0x00,0x00,0x00,0x00,0x00,0x00,0x00,0x00,0x00,0x00,0x00,
  0x00,0x00,0x00,0x00,0x00,0x00,0x00,0x00,0x00,0x00,0x00,0x00,0x00,0x00,0x00,0x00,0x00,0x00,0x00,0x00,
  0x00,0x00,0x00,0x00,0x00,0x00,0x00,0x00,0x00,0x00,0x00,0x00,0x00,0x00,0x00,0x00,0x00,0x00,0x00,0x00,
  0x00,0x00,0x00,0x21,0x21,0x00,0x00,0x00,0x00,0x00,0x00,0x00,0x00,0x00,0x00,0x00,0x00,0x00,0x00,0x00,
  0x00,0x00,0x00,0x00,0x01,0x11,0x22,0x12,0x22,0x11,0x11,0x20,0x00,0x00,0x00,0x00,0x00,0x00,0x00,0x00,
  0x00,0x00,0x00,0x00,0x00,0x00,0x00,0x01,0x12,0x22,0x22,0x22,0x22,0x22,0x22,0x11,0x10,0x00,0x00,0x00,
  0x00,0x00,0x00,0x00,0x00,0x00,0x00,0x00,0x00,0x00,0x01,0x12,0x22,0x22,0x12,0x21,0x21,0x22,0x22,0x22,
  0x21,0x10,0x00,0x00,0x00,0x00,0x00,0x00,0x00,0x00,0x00,0x00,0x00,0x00,0x12,0x22,0x22,0x22,0x22,0x22,
  0x22,0x22,0x12,0x22,0x22,0x21,0x00,0x00,0x00,0x00,0x00,0x00,0x00,0x00,0x00,0x00,0x00,0x01,0x22,0x22,
  0x12,0x12,0x21,0x22,0x12,0x22,0x22,0x21,0x22,0x22,0x11,0x00,0x00,0x00,0x00,0x00,0x00,0x00,0x00,0x00,
  0x01,0x22,0x22,0x12,0x22,0x22,0x22,0x22,0x22,0x12,0x21,0x22,0x22,0x12,0x22,0x10,0x00,0x00,0x00,0x00,
  0x00,0x00,0x00,0x00,0x01,0x22,0x22,0x22,0x22,0x12,0x21,0x22,0x12,0x22,0x22,0x22,0x12,0x22,0x22,0x21,
  0x00,0x00,0x00,0x00,0x00,0x00,0x00,0x00,0x12,0x22,0x12,0x21,0x22,0x22,0x22,0x22,0x22,0x21,0x22,0x12,
  0x22,0x22,0x12,0x21,0x00,0x00,0x00,0x00,0x00,0x00,0x00,0x01,0x22,0x12,0x22,0x22,0x21,0x22,0x12,0x12,
  0x21,0x22,0x22,0x22,0x21,0x22,0x22,0x22,0x10,0x00,0x00,0x00,0x00,0x00,0x00,0x11,0x22,0x22,0x21,0x22,
  0x22,0x22,0x22,0x22,0x22,0x22,0x12,0x21,0x22,0x12,0x21,0x22,0x21,0x00,0x00,0x00,0x00,0x00,0x00,0x12,
  0x21,0x22,0x22,0x21,0x21,0x21,0x22,0x12,0x21,0x22,0x22,0x21,0x21,0x22,0x22,0x21,0x21,0x00,0x00,0x00,
  0x00,0x00,0x01,0x12,0x22,0x21,0x21,0x22,0x12,0x22,0x12,0x22,0x22,0x21,0x22,0x12,0x22,0x12,0x21,0x22,
  0x22,0x10,0x00,0x00,0x00,0x00,0x01,0x22,0x21,0x22,0x22,0x12,0x21,0x21,0x22,0x21,0x22,0x22,0x22,0x22,
  0x12,0x22,0x22,0x22,0x22,0x10,0x00,0x00,0x00,0x00,0x11,0x21,0x22,0x22,0x22,0x21,0x22,0x12,0x21,0x22,
  0x21,0x22,0x12,0x21,0x22,0x12,0x21,0x22,0x12,0x21,0x00,0x00,0x00,0x00,0x11,0x22,0x22,0x12,0x12,0x12,
  0x12,0x21,0x22,0x22,0x22,0x22,0x22,0x22,0x22,0x22,0x22,0x22,0x22,0x21,0x00,0x00,0x00,0x00,0x12,0x22,
  0x22,0x22,0x22,0x22,0x21,0x22,0x12,0x12,0x12,0x12,0x12,0x12,0x21,0x22,0x12,0x12,0x21,0x21,0x00,0x00,
  0x00,0x00,0x11,0x22,0x12,0x21,0x21,0x21,0x22,0x12,0x22,0x22,0x22,0x22,0x22,0x22,0x22,0x22,0x22,0x22,
  0x22,0x22,0x00,0x00,0x00,0x00,0x12,0x22,0x22,0x22,0x22,0x21,0x21,0x21,0x22,0x12,0x22,0x21,0x22,0x21,
  0x22,0x12,0x21,0x22,0x12,0x21,0x10,0x00,0x00,0x02,0x12,0x21,0x21,0x22,0x21,0x22,0x22,0x22,0x22,0x22,
  0x12,0x22,0x21,0x22,0x22,0x22,0x22,0x22,0x22,0x22,0x10,0x00,0x00,0x01,0x12,0x22,0x22,0x21,0x22,0x22,
  0x12,0x21,0x21,0x22,0x22,0x12,0x22,0x22,0x12,0x21,0x21,0x22,0x12,0x22,0x10,0x00,0x00,0x02,0x12,0x12,
  0x21,0x22,0x22,0x12,0x22,0x22,0x22,0x22,0x12,0x22,0x12,0x12,0x22,0x22,0x22,0x22,0x22,0x12,0x10,0x00,
  0x00,0x01,0x12,0x22,0x22,0x22,0x12,0x22,0x21,0x22,0x12,0x22,0x22,0x21,0x22,0x12,0x12,0x12,0x21,0x22,
  0x12,0x22,0x10,0x00,0x00,0x00,0x12,0x21,0x22,0x12,0x22,0x22,0x22,0x22,0x22,0x12,0x21,0x22,0x12,0x22,
  0x22,0x22,0x22,0x22,0x22,0x21,0x20,0x00,0x00,0x00,0x11,0x22,0x22,0x22,0x21,0x21,0x22,0x12,0x22,0x22,
  0x22,0x21,0x22,0x12,0x12,0x21,0x22,0x12,0x21,0x22,0x00,0x00,0x00,0x00,0x12,0x22,0x12,0x21,0x22,0x22,
  0x22,0x22,0x12,0x21,0x21,0x22,0x12,0x12,0x22,0x22,0x22,0x22,0x22,0x21,0x00,0x00,0x00,0x00,0x11,0x22,
  0x22,0x22,0x12,0x12,0x12,0x22,0x22,0x12,0x22,0x22,0x22,0x21,0x21,0x22,0x12,0x12,0x12,0x21,0x00,0x00,
  0x00,0x00,0x11,0x21,0x22,0x12,0x21,0x22,0x22,0x12,0x12,0x22,0x22,0x12,0x12,0x22,0x22,0x22,0x22,0x22,
  0x22,0x21,0x00,0x00,0x00,0x00,0x01,0x22,0x22,0x22,0x22,0x22,0x12,0x22,0x21,0x21,0x22,0x22,0x22,0x12,
  0x22,0x12,0x21,0x22,0x21,0x20,0x00,0x00,0x00,0x00,0x01,0x12,0x21,0x21,0x22,0x12,0x22,0x21,0x22,0x12,
  0x12,0x21,0x22,0x22,0x12,0x22,0x22,0x21,0x22,0x10,0x00,0x00,0x00,0x00,0x00,0x12,0x22,0x22,0x22,0x22,
  0x21,0x22,0x12,0x22,0x22,0x22,0x22,0x12,0x22,0x21,0x22,0x22,0x21,0x00,0x00,0x00,0x00,0x00,0x00,0x11,
  0x22,0x12,0x21,0x22,0x22,0x22,0x21,0x21,0x21,0x22,0x12,0x22,0x21,0x22,0x21,0x22,0x21,0x00,0x00,0x00,
  0x00,0x00,0x00,0x01,0x12,0x22,0x22,0x21,0x22,0x12,0x22,0x22,0x22,0x22,0x22,0x21,0x22,0x22,0x22,0x21,
  0x10,0x00,0x00,0x00,0x00,0x00,0x00,0x00,0x12,0x21,0x22,0x22,0x22,0x22,0x21,0x22,0x12,0x21,0x22,0x22,
  0x22,0x21,0x21,0x22,0x00,0x00,0x00,0x00,0x00,0x00,0x00,0x00,0x11,0x22,0x21,0x21,0x22,0x12,0x22,0x22,
  0x22,0x22,0x21,0x22,0x12,0x22,0x22,0x21,0x00,0x00,0x00,0x00,0x00,0x00,0x00,0x00,0x02,0x12,0x22,0x22,
  0x22,0x22,0x12,0x21,0x21,0x22,0x22,0x22,0x22,0x12,0x21,0x10,0x00,0x00,0x00,0x00,0x00,0x00,0x00,0x00,
  0x00,0x12,0x22,0x12,0x21,0x22,0x22,0x22,0x22,0x21,0x21,0x21,0x22,0x22,0x12,0x00,0x00,0x00,0x00,0x00,
  0x00,0x00,0x00,0x00,0x00,0x00,0x12,0x22,0x22,0x21,0x22,0x12,0x21,0x22,0x22,0x22,0x22,0x11,0x00,0x00,
  0x00,0x00,0x00,0x00,0x00,0x00,0x00,0x00,0x00,0x00,0x01,0x12,0x21,0x22,0x22,0x22,0x22,0x22,0x21,0x22,
  0x12,0x10,0x00,0x00,0x00,0x00,0x00,0x00,0x00,0x00,0x00,0x00,0x00,0x00,0x00,0x01,0x12,0x22,0x21,0x22,
  0x12,0x21,0x22,0x21,0x20,0x00,0x00,0x00,0x00,0x00,0x00,0x00,0x00,0x00,0x00,0x00,0x00,0x00,0x00,0x00,
  0x01,0x11,0x22,0x12,0x22,0x12,0x11,0x20,0x00,0x00,0x00,0x00,0x00,0x00,0x00,0x00,0x00,0x00,0x00,0x00,
  0x00,0x00,0x00,0x00,0x00,0x00,0x02,0x12,0x11,0x20,0x00,0x00,0x00,0x00,0x00,0x00,0x00,0x00,0x00,0x00,
  0x00,0x00,0x00,0x00,0x00,0x00,0x00,0x00,0x00,0x00,0x00,0x00,0x00,0x00,0x00,0x00,0x00,0x00,0x00,0x00,
  0x00,0x00,0x00,0x00,0x00,0x00,0x00,0x00,0x00,0x00,0x00,0x00,0x00,0x00,0x00,0x00,0x00,0x00,0x00,0x00,
  0x00,0x00,0x00,0x00,0x00,0x00,0x00,0x00,0x00,0x00,0x00,0x00,0x00,0x00,0x00,0x00,0x00,0x00,0x00,0x00,
  0x00,0x00,0x00,0x00,0x00,0x00,0x00,0x00,0x00,0x00,0x00,0x00,
};

static const uint8_t moon07_40[800] PROGMEM = {
  0x00,0x00,0x00,0x00,0x00,0x00,0x00,0x00,0x00,0x00,0x00,0x00,0x00,0x00,0x00,0x00,0x00,0x00,0x00,0x00,
  0x00,0x00,0x00,0x00,0x00,0x00,0x00,0x00,0x00,0x00,0x00,0x00,0x00,0x00,0x00,0x00,0x00,0x00,0x00,0x00,
  0x00,0x00,0x00,0x00,0x00,0x00,0x00,0x00,0x00,0x00,0x00,0x00,0x00,0x00,0x00,0x00,0x00,0x00,0x00,0x00,
  0x00,0x00,0x00,0x00,0x00,0x00,0x00,0x01,0x21,0x12,0x11,0x21,0x20,0x00,0x00,0x00,0x00,0x00,0x00,0x00,
  0x00,0x00,0x00,0x00,0x00,0x00,0x01,0x22,0x22,0x22,0x22,0x22,0x12,0x10,0x00,0x00,0x00,0x00,0x00,0x00,
  0x00,0x00,0x00,0x00,0x00,0x01,0x22,0x21,0x22,0x21,0x22,0x22,0x22,0x21,0x10,0x00,0x00,0x00,0x00,0x00,
  0x00,0x00,0x00,0x00,0x01,0x22,0x21,0x22,0x21,0x22,0x22,0x12,0x21,0x22,0x21,0x20,0x00,0x00,0x00,0x00,
  0x00,0x00,0x00,0x00,0x12,0x21,0x22,0x22,0x22,0x22,0x12,0x22,0x22,0x22,0x22,0x11,0x00,0x00,0x00,0x00,
  0x00,0x00,0x00,0x01,0x22,0x22,0x22,0x12,0x21,0x22,0x22,0x21,0x22,0x12,0x22,0x22,0x10,0x00,0x00,0x00,
  0x00,0x00,0x00,0x21,0x22,0x21,0x22,0x22,0x22,0x21,0x22,0x22,0x22,0x22,0x12,0x22,0x21,0x00,0x00,0x00,
  0x00,0x00,0x00,0x12,0x21,0x22,0x22,0x12,0x12,0x22,0x21,0x21,0x21,0x22,0x22,0x12,0x22,0x00,0x00,0x00,
  0x00,0x00,0x01,0x22,0x22,0x22,0x12,0x22,0x22,0x21,0x22,0x22,0x22,0x12,0x12,0x22,0x22,0x10,0x00,0x00,
  0x00,0x00,0x01,0x21,0x22,0x12,0x22,0x12,0x12,0x22,0x22,0x22,0x22,0x21,0x22,0x21,0x22,0x20,0x00,0x00,
  0x00,0x00,0x11,0x22,0x22,0x22,0x12,0x21,0x22,0x12,0x21,0x21,0x21,0x22,0x12,0x22,0x21,0x21,0x00,0x00,
  0x00,0x00,0x12,0x22,0x12,0x21,0x21,0x22,0x12,0x22,0x22,0x22,0x22,0x22,0x22,0x12,0x22,0x22,0x00,0x00,
  0x00,0x01,0x12,0x22,0x22,0x22,0x22,0x12,0x21,0x22,0x12,0x21,0x22,0x12,0x22,0x22,0x21,0x22,0x10,0x00,
  0x00,0x01,0x22,0x12,0x21,0x21,0x21,0x21,0x22,0x22,0x22,0x22,0x22,0x22,0x12,0x21,0x22,0x22,0x10,0x00,
  0x00,0x01,0x12,0x22,0x22,0x22,0x12,0x22,0x12,0x12,0x21,0x22,0x12,0x22,0x22,0x22,0x22,0x12,0x10,0x00,
  0x00,0x01,0x22,0x21,0x22,0x12,0x22,0x12,0x22,0x22,0x22,0x22,0x22,0x12,0x12,0x12,0x22,0x22,0x20,0x00,
  0x00,0x01,0x22,0x22,0x22,0x22,0x22,0x22,0x12,0x21,0x22,0x12,0x12,0x22,0x22,0x22,0x12,0x22,0x10,0x00,
  0x00,0x01,0x12,0x21,0x22,0x12,0x12,0x12,0x22,0x22,0x22,0x22,0x21,0x22,0x21,0x22,0x22,0x12,0x10,0x00,
  0x00,0x01,0x22,0x22,0x22,0x22,0x22,0x22,0x21,0x22,0x12,0x12,0x12,0x12,0x22,0x22,0x12,0x22,0x20,0x00,
  0x00,0x01,0x12,0x12,0x12,0x21,0x22,0x21,0x22,0x22,0x22,0x21,0x22,0x21,0x22,0x12,0x22,0x22,0x10,0x00,
  0x00,0x01,0x22,0x22,0x22,0x12,0x21,0x22,0x22,0x12,0x21,0x22,0x12,0x12,0x22,0x22,0x21,0x22,0x10,0x00,
  0x00,0x01,0x12,0x22,0x12,0x21,0x22,0x22,0x22,0x22,0x22,0x21,0x22,0x22,0x21,0x22,0x22,0x22,0x10,0x00,
  0x00,0x00,0x12,0x22,0x22,0x22,0x22,0x12,0x12,0x12,0x12,0x22,0x22,0x12,0x22,0x21,0x22,0x12,0x00,0x00,
  0x00,0x00,0x11,0x21,0x22,0x12,0x12,0x22,0x22,0x12,0x22,0x12,0x22,0x22,0x12,0x22,0x22,0x21,0x00,0x00,
  0x00,0x00,0x01,0x22,0x22,0x22,0x22,0x22,0x12,0x21,0x22,0x22,0x12,0x22,0x22,0x12,0x21,0x21,0x00,0x00,
  0x00,0x00,0x01,0x22,0x12,0x21,0x22,0x12,0x21,0x22,0x12,0x22,0x22,0x12,0x22,0x22,0x22,0x10,0x00,0x00,
  0x00,0x00,0x00,0x12,0x22,0x22,0x22,0x22,0x22,0x22,0x22,0x12,0x22,0x22,0x12,0x21,0x21,0x00,0x00,0x00,
  0x00,0x00,0x00,0x11,0x22,0x12,0x21,0x22,0x12,0x12,0x22,0x22,0x12,0x12,0x22,0x22,0x21,0x00,0x00,0x00,
  0x00,0x00,0x00,0x01,0x22,0x22,0x22,0x22,0x22,0x22,0x12,0x22,0x22,0x22,0x21,0x22,0x10,0x00,0x00,0x00,
  0x00,0x00,0x00,0x00,0x12,0x21,0x21,0x22,0x12,0x22,0x22,0x12,0x12,0x21,0x22,0x21,0x00,0x00,0x00,0x00,
  0x00,0x00,0x00,0x00,0x01,0x22,0x22,0x22,0x22,0x12,0x22,0x22,0x22,0x22,0x21,0x10,0x00,0x00,0x00,0x00,
  0x00,0x00,0x00,0x00,0x00,0x01,0x22,0x12,0x22,0x22,0x12,0x12,0x22,0x12,0x10,0x00,0x00,0x00,0x00,0x00,
  0x00,0x00,0x00,0x00,0x00,0x00,0x02,0x12,0x21,0x22,0x22,0x22,0x12,0x12,0x00,0x00,0x00,0x00,0x00,0x00,
  0x00,0x00,0x00,0x00,0x00,0x00,0x00,0x01,0x12,0x12,0x12,0x11,0x20,0x00,0x00,0x00,0x00,0x00,0x00,0x00,
  0x00,0x00,0x00,0x00,0x00,0x00,0x00,0x00,0x00,0x00,0x00,0x00,0x00,0x00,0x00,0x00,0x00,0x00,0x00,0x00,
  0x00,0x00,0x00,0x00,0x00,0x00,0x00,0x00,0x00,0x00,0x00,0x00,0x00,0x00,0x00,0x00,0x00,0x00,0x00,0x00,
  0x00,0x00,0x00,0x00,0x00,0x00,0x00,0x00,0x00,0x00,0x00,0x00,0x00,0x00,0x00,0x00,0x00,0x00,0x00,0x00,
};

static const uint8_t moon08_48[1152] PROGMEM = {
  0x00,0x00,0x00,0x00,0x00,0x00,0x00,0x00,0x00,0x00,0x00,0x00,0x00,0x00,0x00,0x00,0x00,0x00,0x00,0x00,
  0x00,0x00,0x00,0x00,0x00,0x00,0x00,0x00,0x00,0x00,0x00,0x00,0x00,0x00,0x00,0x00,0x00,0x00,0x00,0x00,
  0x00,0x00,0x00,0x00,0x00,0x00,0x00,0x00,0x00,0x00,0x00,0x00,0x00,0x00,0x00,0x00,0x00,0x00,0x00,0x00,
  0x00,0x00,0x00,0x00,0x00,0x00,0x00,0x00,0x00,0x00,0x00,0x00,0x00,0x00,0x00,0x00,0x00,0x00,0x00,0x00,
  0x00,0x00,0x00,0x21,0x21,0x00,0x00,0x00,0x00,0x00,0x00,0x00,0x00,0x00,0x00,0x00,0x00,0x00,0x00,0x00,
  0x00,0x00,0x00,0x00,0x01,0x11,0x22,0x12,0x22,0x11,0x11,0x20,0x00,0x00,0x00,0x00,0x00,0x00,0x00,0x00,
  0x00,0x00,0x00,0x00,0x00,0x00,0x00,0x01,0x12,0x22,0x22,0x22,0x22,0x22,0x22,0x11,0x10,0x00,0x00,0x00,
  0x00,0x00,0x00,0x00,0x00,0x00,0x00,0x00,0x00,0x00,0x01,0x12,0x22,0x22,0x12,0x21,0x21,0x22,0x22,0x22,
  0x21,0x10,0x00,0x00,0x00,0x00,0x00,0x00,0x00,0x00,0x00,0x00,0x00,0x00,0x12,0x22,0x22,0x22,0x22,0x22,
  0x22,0x22,0x12,0x22,0x22,0x21,0x00,0x00,0x00,0x00,0x00,0x00,0x00,0x00,0x00,0x00,0x00,0x01,0x22,0x22,
  0x12,0x12,0x21,0x22,0x12,0x22,0x22,0x21,0x22,0x22,0x11,0x00,0x00,0x00,0x00,0x00,0x00,0x00,0x00,0x00,
  0x02,0x22,0x22,0x12,0x22,0x22,0x22,0x22,0x22,0x12,0x21,0x22,0x22,0x12,0x22,0x10,0x00,0x00,0x00,0x00,
  0x00,0x00,0x00,0x00,0x01,0x22,0x12,0x22,0x22,0x12,0x21,0x22,0x12,0x22,0x22,0x22,0x12,0x22,0x22,0x21,
  0x00,0x00,0x00,0x00,0x00,0x00,0x00,0x00,0x12,0x22,0x22,0x22,0x12,0x22,0x22,0x22,0x22,0x21,0x22,0x12,
  0x22,0x22,0x12,0x21,0x00,0x00,0x00,0x00,0x00,0x00,0x00,0x01,0x22,0x21,0x22,0x12,0x22,0x21,0x22,0x12,
  0x21,0x22,0x22,0x22,0x21,0x22,0x22,0x22,0x10,0x00,0x00,0x00,0x00,0x00,0x00,0x12,0x22,0x22,0x22,0x22,
  0x21,0x22,0x22,0x22,0x22,0x22,0x12,0x21,0x22,0x12,0x21,0x22,0x21,0x00,0x00,0x00,0x00,0x00,0x00,0x12,
  0x21,0x22,0x12,0x21,0x22,0x21,0x22,0x12,0x12,0x22,0x22,0x21,0x21,0x22,0x22,0x21,0x21,0x00,0x00,0x00,
  0x00,0x00,0x01,0x22,0x22,0x22,0x22,0x12,0x21,0x22,0x12,0x22,0x22,0x12,0x12,0x22,0x12,0x21,0x22,0x22,
  0x22,0x10,0x00,0x00,0x00,0x00,0x01,0x22,0x21,0x22,0x12,0x21,0x22,0x12,0x22,0x21,0x22,0x22,0x22,0x12,
  0x21,0x22,0x21,0x22,0x22,0x10,0x00,0x00,0x00,0x00,0x22,0x21,0x22,0x22,0x21,0x22,0x12,0x21,0x21,0x22,
  0x22,0x12,0x22,0x22,0x22,0x22,0x22,0x21,0x22,0x21,0x00,0x00,0x00,0x00,0x12,0x22,0x22,0x12,0x22,0x12,
  0x21,0x22,0x12,0x22,0x12,0x22,0x12,0x21,0x22,0x12,0x12,0x22,0x21,0x21,0x00,0x00,0x00,0x00,0x12,0x21,
  0x22,0x22,0x12,0x21,0x22,0x12,0x21,0x22,0x22,0x22,0x22,0x22,0x22,0x22,0x22,0x12,0x22,0x21,0x00,0x00,
  0x00,0x00,0x12,0x22,0x21,0x22,0x22,0x12,0x12,0x21,0x22,0x22,0x12,0x21,0x22,0x12,0x12,0x21,0x22,0x22,
  0x21,0x22,0x00,0x00,0x00,0x00,0x12,0x21,0x22,0x22,0x12,0x22,0x21,0x22,0x12,0x22,0x22,0x22,0x22,0x22,
  0x22,0x22,0x22,0x12,0x22,0x21,0x10,0x00,0x00,0x01,0x22,0x22,0x22,0x12,0x22,0x21,0x22,0x12,0x22,0x12,
  0x21,0x21,0x21,0x22,0x12,0x21,0x22,0x22,0x12,0x22,0x20,0x00,0x00,0x02,0x12,0x22,0x12,0x22,0x21,0x22,
  0x22,0x22,0x22,0x22,0x22,0x22,0x22,0x22,0x22,0x22,0x21,0x22,0x22,0x21,0x10,0x00,0x00,0x01,0x22,0x22,
  0x22,0x22,0x22,0x22,0x12,0x21,0x22,0x12,0x12,0x21,0x21,0x21,0x21,0x22,0x22,0x21,0x22,0x22,0x10,0x00,
  0x00,0x02,0x12,0x21,0x22,0x12,0x12,0x22,0x22,0x22,0x22,0x22,0x22,0x22,0x12,0x21,0x22,0x21,0x22,0x22,
  0x21,0x22,0x10,0x00,0x00,0x00,0x22,0x22,0x22,0x22,0x22,0x12,0x21,0x22,0x12,0x21,0x22,0x12,0x21,0x22,
  0x22,0x22,0x21,0x22,0x22,0x21,0x20,0x00,0x00,0x00,0x12,0x21,0x21,0x22,0x12,0x22,0x22,0x22,0x22,0x22,
  0x22,0x21,0x22,0x12,0x12,0x12,0x22,0x21,0x22,0x22,0x00,0x00,0x00,0x00,0x12,0x22,0x22,0x22,0x21,0x21,
  0x22,0x12,0x12,0x12,0x21,0x22,0x12,0x21,0x22,0x22,0x12,0x22,0x21,0x21,0x00,0x00,0x00,0x00,0x12,0x22,
  0x12,0x21,0x22,0x12,0x22,0x22,0x22,0x22,0x22,0x22,0x21,0x22,0x22,0x12,0x22,0x21,0x22,0x21,0x00,0x00,
  0x00,0x00,0x21,0x22,0x22,0x22,0x12,0x22,0x21,0x22,0x12,0x12,0x12,0x12,0x22,0x21,0x22,0x22,0x21,0x22,
  0x22,0x21,0x00,0x00,0x00,0x00,0x01,0x22,0x21,0x22,0x22,0x12,0x22,0x22,0x12,0x21,0x22,0x22,0x12,0x22,
  0x22,0x12,0x22,0x22,0x12,0x10,0x00,0x00,0x00,0x00,0x01,0x22,0x22,0x21,0x22,0x22,0x12,0x21,0x22,0x12,
  0x22,0x22,0x22,0x12,0x22,0x22,0x21,0x22,0x22,0x10,0x00,0x00,0x00,0x00,0x00,0x12,0x12,0x22,0x21,0x22,
  0x22,0x22,0x12,0x21,0x21,0x22,0x12,0x22,0x12,0x21,0x22,0x22,0x21,0x00,0x00,0x00,0x00,0x00,0x00,0x12,
  0x22,0x12,0x22,0x22,0x12,0x22,0x21,0x22,0x22,0x22,0x22,0x22,0x22,0x22,0x22,0x12,0x21,0x00,0x00,0x00,
  0x00,0x00,0x00,0x01,0x22,0x22,0x21,0x22,0x22,0x12,0x22,0x21,0x22,0x12,0x21,0x22,0x12,0x12,0x22,0x22,
  0x10,0x00,0x00,0x00,0x00,0x00,0x00,0x00,0x12,0x21,0x22,0x21,0x22,0x22,0x12,0x22,0x22,0x22,0x22,0x22,
  0x22,0x22,0x12,0x21,0x00,0x00,0x00,0x00,0x00,0x00,0x00,0x00,0x12,0x22,0x22,0x22,0x21,0x22,0x22,0x21,
  0x22,0x12,0x12,0x12,0x21,0x22,0x22,0x11,0x00,0x00,0x00,0x00,0x00,0x00,0x00,0x00,0x01,0x22,0x12,0x21,
  0x22,0x22,0x12,0x22,0x22,0x22,0x22,0x22,0x22,0x21,0x22,0x10,0x00,0x00,0x00,0x00,0x00,0x00,0x00,0x00,
  0x00,0x11,0x22,0x22,0x22,0x12,0x22,0x12,0x21,0x22,0x21,0x22,0x12,0x22,0x11,0x00,0x00,0x00,0x00,0x00,
  0x00,0x00,0x00,0x00,0x00,0x00,0x12,0x21,0x22,0x22,0x22,0x22,0x22,0x21,0x22,0x22,0x22,0x12,0x00,0x00,
  0x00,0x00,0x00,0x00,0x00,0x00,0x00,0x00,0x00,0x00,0x01,0x12,0x22,0x12,0x21,0x22,0x12,0x22,0x22,0x12,
  0x21,0x20,0x00,0x00,0x00,0x00,0x00,0x00,0x00,0x00,0x00,0x00,0x00,0x00,0x00,0x01,0x12,0x22,0x22,0x22,
  0x22,0x21,0x22,0x21,0x10,0x00,0x00,0x00,0x00,0x00,0x00,0x00,0x00,0x00,0x00,0x00,0x00,0x00,0x00,0x00,
  0x01,0x11,0x21,0x21,0x21,0x22,0x11,0x10,0x00,0x00,0x00,0x00,0x00,0x00,0x00,0x00,0x00,0x00,0x00,0x00,
  0x00,0x00,0x00,0x00,0x00,0x00,0x01,0x21,0x21,0x10,0x00,0x00,0x00,0x00,0x00,0x00,0x00,0x00,0x00,0x00,
  0x00,0x00,0x00,0x00,0x00,0x00,0x00,0x00,0x00,0x00,0x00,0x00,0x00,0x00,0x00,0x00,0x00,0x00,0x00,0x00,
  0x00,0x00,0x00,0x00,0x00,0x00,0x00,0x00,0x00,0x00,0x00,0x00,0x00,0x00,0x00,0x00,0x00,0x00,0x00,0x00,
  0x00,0x00,0x00,0x00,0x00,0x00,0x00,0x00,0x00,0x00,0x00,0x00,0x00,0x00,0x00,0x00,0x00,0x00,0x00,0x00,
  0x00,0x00,0x00,0x00,0x00,0x00,0x00,0x00,0x00,0x00,0x00,0x00,
};

static const uint8_t moon08_40[800] PROGMEM = {
  0x00,0x00,0x00,0x00,0x00,0x00,0x00,0x00,0x00,0x00,0x00,0x00,0x00,0x00,0x00,0x00,0x00,0x00,0x00,0x00,
  0x00,0x00,0x00,0x00,0x00,0x00,0x00,0x00,0x00,0x00,0x00,0x00,0x00,0x00,0x00,0x00,0x00,0x00,0x00,0x00,
  0x00,0x00,0x00,0x00,0x00,0x00,0x00,0x00,0x00,0x00,0x00,0x00,0x00,0x00,0x00,0x00,0x00,0x00,0x00,0x00,
  0x00,0x00,0x00,0x00,0x00,0x00,0x00,0x01,0x21,0x12,0x11,0x21,0x20,0x00,0x00,0x00,0x00,0x00,0x00,0x00,
  0x00,0x00,0x00,0x00,0x00,0x00,0x01,0x22,0x22,0x22,0x22,0x22,0x12,0x10,0x00,0x00,0x00,0x00,0x00,0x00,
  0x00,0x00,0x00,0x00,0x00,0x01,0x22,0x21,0x22,0x21,0x22,0x22,0x22,0x21,0x10,0x00,0x00,0x00,0x00,0x00,
  0x00,0x00,0x00,0x00,0x01,0x22,0x21,0x22,0x21,0x22,0x22,0x12,0x21,0x22,0x21,0x20,0x00,0x00,0x00,0x00,
  0x00,0x00,0x00,0x00,0x12,0x21,0x22,0x22,0x22,0x22,0x12,0x22,0x22,0x22,0x22,0x11,0x00,0x00,0x00,0x00,
  0x00,0x00,0x00,0x01,0x22,0x22,0x22,0x12,0x21,0x22,0x22,0x21,0x22,0x12,0x22,0x22,0x10,0x00,0x00,0x00,
  0x00,0x00,0x00,0x22,0x22,0x12,0x22,0x22,0x22,0x21,0x22,0x22,0x22,0x22,0x12,0x22,0x21,0x00,0x00,0x00,
  0x00,0x00,0x00,0x12,0x12,0x22,0x12,0x21,0x22,0x22,0x21,0x21,0x21,0x22,0x22,0x12,0x22,0x00,0x00,0x00,
  0x00,0x00,0x01,0x22,0x22,0x22,0x22,0x22,0x21,0x22,0x22,0x22,0x22,0x12,0x12,0x22,0x22,0x10,0x00,0x00,
  0x00,0x00,0x02,0x22,0x21,0x22,0x12,0x12,0x12,0x21,0x22,0x12,0x22,0x21,0x22,0x21,0x22,0x20,0x00,0x00,
  0x00,0x00,0x12,0x12,0x22,0x21,0x22,0x12,0x22,0x22,0x22,0x22,0x12,0x12,0x21,0x22,0x21,0x21,0x00,0x00,
  0x00,0x00,0x12,0x22,0x12,0x22,0x12,0x21,0x21,0x21,0x22,0x12,0x22,0x22,0x22,0x22,0x22,0x22,0x00,0x00,
  0x00,0x01,0x22,0x22,0x22,0x12,0x21,0x22,0x12,0x22,0x22,0x22,0x22,0x12,0x21,0x22,0x12,0x21,0x10,0x00,
  0x00,0x02,0x22,0x12,0x22,0x21,0x22,0x12,0x21,0x22,0x12,0x21,0x22,0x22,0x22,0x22,0x22,0x22,0x20,0x00,
  0x00,0x01,0x22,0x22,0x12,0x22,0x12,0x21,0x22,0x22,0x22,0x22,0x21,0x22,0x12,0x12,0x21,0x22,0x10,0x00,
  0x00,0x01,0x22,0x12,0x22,0x22,0x21,0x22,0x12,0x21,0x21,0x22,0x22,0x22,0x22,0x22,0x22,0x22,0x10,0x00,
  0x00,0x02,0x22,0x22,0x21,0x21,0x22,0x22,0x22,0x22,0x22,0x21,0x21,0x22,0x12,0x21,0x22,0x12,0x20,0x00,
  0x00,0x01,0x21,0x22,0x22,0x22,0x22,0x12,0x21,0x22,0x12,0x22,0x22,0x12,0x22,0x22,0x22,0x22,0x10,0x00,
  0x00,0x01,0x22,0x21,0x22,0x12,0x22,0x22,0x22,0x22,0x22,0x12,0x12,0x22,0x21,0x22,0x12,0x12,0x10,0x00,
  0x00,0x01,0x22,0x22,0x22,0x22,0x12,0x21,0x22,0x12,0x22,0x12,0x21,0x21,0x22,0x22,0x22,0x22,0x20,0x00,
  0x00,0x02,0x22,0x12,0x21,0x21,0x22,0x22,0x22,0x22,0x12,0x21,0x22,0x12,0x22,0x12,0x21,0x22,0x10,0x00,
  0x00,0x01,0x22,0x22,0x22,0x12,0x22,0x12,0x12,0x12,0x22,0x22,0x12,0x22,0x22,0x22,0x22,0x22,0x10,0x00,
  0x00,0x00,0x12,0x21,0x22,0x21,0x22,0x22,0x22,0x22,0x12,0x22,0x22,0x12,0x12,0x21,0x22,0x12,0x00,0x00,
  0x00,0x00,0x12,0x22,0x21,0x22,0x21,0x22,0x12,0x12,0x22,0x12,0x12,0x22,0x22,0x22,0x22,0x21,0x00,0x00,
  0x00,0x00,0x01,0x22,0x22,0x22,0x22,0x22,0x21,0x21,0x22,0x22,0x22,0x22,0x12,0x21,0x21,0x21,0x00,0x00,
  0x00,0x00,0x01,0x22,0x12,0x21,0x22,0x12,0x22,0x22,0x12,0x22,0x12,0x22,0x22,0x22,0x22,0x10,0x00,0x00,
  0x00,0x00,0x00,0x12,0x22,0x22,0x22,0x22,0x12,0x12,0x22,0x12,0x22,0x12,0x21,0x21,0x22,0x00,0x00,0x00,
  0x00,0x00,0x00,0x21,0x22,0x12,0x12,0x22,0x22,0x22,0x22,0x22,0x22,0x22,0x22,0x22,0x21,0x00,0x00,0x00,
  0x00,0x00,0x00,0x01,0x22,0x22,0x22,0x12,0x21,0x22,0x12,0x21,0x22,0x12,0x12,0x21,0x10,0x00,0x00,0x00,
  0x00,0x00,0x00,0x00,0x12,0x22,0x12,0x22,0x22,0x22,0x22,0x22,0x22,0x22,0x22,0x21,0x00,0x00,0x00,0x00,
  0x00,0x00,0x00,0x00,0x01,0x12,0x22,0x21,0x22,0x12,0x21,0x21,0x21,0x22,0x21,0x10,0x00,0x00,0x00,0x00,
  0x00,0x00,0x00,0x00,0x00,0x01,0x22,0x22,0x22,0x22,0x12,0x22,0x22,0x21,0x10,0x00,0x00,0x00,0x00,0x00,
  0x00,0x00,0x00,0x00,0x00,0x00,0x01,0x21,0x22,0x12,0x22,0x22,0x21,0x22,0x00,0x00,0x00,0x00,0x00,0x00,
  0x00,0x00,0x00,0x00,0x00,0x00,0x00,0x01,0x12,0x12,0x12,0x11,0x10,0x00,0x00,0x00,0x00,0x00,0x00,0x00,
  0x00,0x00,0x00,0x00,0x00,0x00,0x00,0x00,0x00,0x00,0x00,0x00,0x00,0x00,0x00,0x00,0x00,0x00,0x00,0x00,
  0x00,0x00,0x00,0x00,0x00,0x00,0x00,0x00,0x00,0x00,0x00,0x00,0x00,0x00,0x00,0x00,0x00,0x00,0x00,0x00,
  0x00,0x00,0x00,0x00,0x00,0x00,0x00,0x00,0x00,0x00,0x00,0x00,0x00,0x00,0x00,0x00,0x00,0x00,0x00,0x00,
};

static const uint8_t moon09_48[1152] PROGMEM = {
  0x00,0x00,0x00,0x00,0x00,0x00,0x00,0x00,0x00,0x00,0x00,0x00,0x00,0x00,0x00,0x00,0x00,0x00,0x00,0x00,
  0x00,0x00,0x00,0x00,0x00,0x00,0x00,0x00,0x00,0x00,0x00,0x00,0x00,0x00,0x00,0x00,0x00,0x00,0x00,0x00,
  0x00,0x00,0x00,0x00,0x00,0x00,0x00,0x00,0x00,0x00,0x00,0x00,0x00,0x00,0x00,0x00,0x00,0x00,0x00,0x00,
  0x00,0x00,0x00,0x00,0x00,0x00,0x00,0x00,0x00,0x00,0x00,0x00,0x00,0x00,0x00,0x00,0x00,0x00,0x00,0x00,
  0x00,0x00,0x00,0x21,0x21,0x00,0x00,0x00,0x00,0x00,0x00,0x00,0x00,0x00,0x00,0x00,0x00,0x00,0x00,0x00,
  0x00,0x00,0x00,0x00,0x01,0x11,0x22,0x12,0x22,0x11,0x11,0x20,0x00,0x00,0x00,0x00,0x00,0x00,0x00,0x00,
  0x00,0x00,0x00,0x00,0x00,0x00,0x00,0x01,0x12,0x22,0x22,0x22,0x22,0x22,0x22,0x11,0x10,0x00,0x00,0x00,
  0x00,0x00,0x00,0x00,0x00,0x00,0x00,0x00,0x00,0x00,0x01,0x12,0x22,0x22,0x12,0x21,0x21,0x22,0x22,0x22,
  0x21,0x10,0x00,0x00,0x00,0x00,0x00,0x00,0x00,0x00,0x00,0x00,0x00,0x00,0x12,0x22,0x22,0x22,0x22,0x22,
  0x22,0x22,0x12,0x22,0x22,0x21,0x00,0x00,0x00,0x00,0x00,0x00,0x00,0x00,0x00,0x00,0x00,0x01,0x22,0x22,
  0x12,0x12,0x21,0x22,0x12,0x22,0x22,0x21,0x22,0x22,0x11,0x00,0x00,0x00,0x00,0x00,0x00,0x00,0x00,0x00,
  0x02,0x22,0x22,0x12,0x22,0x22,0x22,0x22,0x22,0x12,0x21,0x22,0x22,0x12,0x22,0x10,0x00,0x00,0x00,0x00,
  0x00,0x00,0x00,0x00,0x01,0x22,0x12,0x22,0x22,0x12,0x21,0x22,0x12,0x22,0x22,0x22,0x12,0x22,0x22,0x12,
  0x00,0x00,0x00,0x00,0x00,0x00,0x00,0x00,0x12,0x22,0x22,0x22,0x12,0x22,0x22,0x22,0x22,0x21,0x22,0x12,
  0x22,0x22,0x12,0x21,0x00,0x00,0x00,0x00,0x00,0x00,0x00,0x01,0x22,0x21,0x22,0x12,0x22,0x21,0x22,0x12,
  0x21,0x22,0x22,0x22,0x21,0x22,0x22,0x22,0x10,0x00,0x00,0x00,0x00,0x00,0x00,0x12,0x22,0x22,0x22,0x22,
  0x21,0x22,0x22,0x22,0x22,0x22,0x12,0x21,0x22,0x12,0x21,0x22,0x11,0x00,0x00,0x00,0x00,0x00,0x00,0x12,
  0x21,0x22,0x12,0x21,0x22,0x21,0x22,0x12,0x12,0x22,0x22,0x21,0x21,0x22,0x22,0x22,0x21,0x00,0x00,0x00,
  0x00,0x00,0x01,0x22,0x22,0x22,0x22,0x12,0x21,0x22,0x12,0x22,0x22,0x12,0x12,0x22,0x12,0x21,0x22,0x12,
  0x21,0x10,0x00,0x00,0x00,0x00,0x01,0x22,0x21,0x22,0x12,0x21,0x22,0x12,0x22,0x21,0x22,0x22,0x22,0x12,
  0x21,0x22,0x22,0x22,0x21,0x10,0x00,0x00,0x00,0x00,0x22,0x21,0x22,0x22,0x21,0x22,0x12,0x21,0x21,0x22,
  0x22,0x12,0x22,0x22,0x22,0x22,0x12,0x21,0x22,0x11,0x00,0x00,0x00,0x00,0x12,0x22,0x22,0x12,0x22,0x12,
  0x21,0x22,0x12,0x22,0x12,0x22,0x12,0x21,0x22,0x12,0x22,0x22,0x22,0x11,0x00,0x00,0x00,0x00,0x12,0x21,
  0x22,0x22,0x12,0x21,0x22,0x12,0x21,0x22,0x22,0x22,0x22,0x22,0x22,0x22,0x21,0x22,0x12,0x21,0x00,0x00,
  0x00,0x00,0x12,0x22,0x21,0x22,0x22,0x12,0x12,0x21,0x22,0x22,0x12,0x21,0x22,0x12,0x12,0x21,0x22,0x22,
  0x22,0x11,0x00,0x00,0x00,0x00,0x12,0x21,0x22,0x22,0x12,0x22,0x21,0x22,0x12,0x22,0x22,0x22,0x22,0x22,
  0x22,0x22,0x22,0x12,0x22,0x21,0x10,0x00,0x00,0x01,0x22,0x22,0x22,0x12,0x22,0x21,0x22,0x12,0x22,0x12,
  0x21,0x21,0x21,0x22,0x12,0x21,0x22,0x22,0x12,0x21,0x10,0x00,0x00,0x02,0x12,0x22,0x12,0x22,0x21,0x22,
  0x22,0x22,0x22,0x22,0x22,0x22,0x22,0x22,0x22,0x22,0x21,0x22,0x22,0x21,0x20,0x00,0x00,0x01,0x22,0x22,
  0x22,0x22,0x22,0x22,0x12,0x21,0x22,0x12,0x12,0x21,0x21,0x21,0x21,0x22,0x22,0x21,0x21,0x21,0x10,0x00,
  0x00,0x02,0x12,0x21,0x22,0x12,0x12,0x22,0x22,0x22,0x22,0x22,0x22,0x22,0x12,0x21,0x22,0x21,0x22,0x22,
  0x22,0x21,0x10,0x00,0x00,0x00,0x22,0x22,0x22,0x22,0x22,0x12,0x21,0x22,0x12,0x21,0x22,0x12,0x21,0x22,
  0x22,0x22,0x21,0x22,0x12,0x21,0x20,0x00,0x00,0x00,0x12,0x21,0x21,0x22,0x12,0x22,0x22,0x22,0x22,0x22,
  0x22,0x21,0x22,0x12,0x12,0x12,0x22,0x22,0x22,0x11,0x00,0x00,0x00,0x00,0x12,0x22,0x22,0x22,0x21,0x21,
  0x22,0x12,0x12,0x12,0x21,0x22,0x12,0x21,0x22,0x22,0x12,0x12,0x22,0x11,0x00,0x00,0x00,0x00,0x12,0x22,
  0x12,0x21,0x22,0x12,0x22,0x22,0x22,0x22,0x22,0x22,0x21,0x22,0x22,0x12,0x22,0x22,0x12,0x21,0x00,0x00,
  0x00,0x00,0x21,0x22,0x22,0x22,0x12,0x22,0x21,0x22,0x12,0x12,0x12,0x12,0x22,0x21,0x22,0x22,0x22,0x22,
  0x22,0x11,0x00,0x00,0x00,0x00,0x01,0x22,0x21,0x22,0x22,0x12,0x22,0x22,0x12,0x21,0x22,0x22,0x12,0x22,
  0x22,0x12,0x21,0x21,0x21,0x10,0x00,0x00,0x00,0x00,0x01,0x22,0x22,0x21,0x22,0x22,0x12,0x21,0x22,0x12,
  0x22,0x22,0x22,0x12,0x22,0x22,0x22,0x22,0x21,0x10,0x00,0x00,0x00,0x00,0x00,0x12,0x12,0x22,0x21,0x22,
  0x22,0x22,0x12,0x21,0x21,0x22,0x12,0x22,0x12,0x21,0x22,0x12,0x21,0x00,0x00,0x00,0x00,0x00,0x00,0x12,
  0x22,0x12,0x22,0x22,0x12,0x22,0x21,0x22,0x22,0x22,0x22,0x22,0x22,0x22,0x22,0x22,0x11,0x00,0x00,0x00,
  0x00,0x00,0x00,0x01,0x22,0x22,0x21,0x22,0x22,0x12,0x22,0x21,0x22,0x12,0x21,0x22,0x12,0x12,0x12,0x21,
  0x10,0x00,0x00,0x00,0x00,0x00,0x00,0x00,0x12,0x21,0x22,0x21,0x22,0x22,0x12,0x22,0x22,0x22,0x22,0x22,
  0x22,0x22,0x22,0x21,0x00,0x00,0x00,0x00,0x00,0x00,0x00,0x00,0x12,0x22,0x22,0x22,0x21,0x22,0x22,0x21,
  0x22,0x12,0x12,0x12,0x21,0x22,0x12,0x11,0x00,0x00,0x00,0x00,0x00,0x00,0x00,0x00,0x01,0x22,0x12,0x21,
  0x22,0x22,0x12,0x22,0x22,0x22,0x22,0x22,0x22,0x22,0x22,0x10,0x00,0x00,0x00,0x00,0x00,0x00,0x00,0x00,
  0x00,0x11,0x22,0x22,0x22,0x12,0x22,0x12,0x21,0x22,0x21,0x22,0x12,0x22,0x11,0x00,0x00,0x00,0x00,0x00,
  0x00,0x00,0x00,0x00,0x00,0x00,0x12,0x21,0x22,0x22,0x22,0x22,0x22,0x21,0x22,0x22,0x22,0x11,0x00,0x00,
  0x00,0x00,0x00,0x00,0x00,0x00,0x00,0x00,0x00,0x00,0x01,0x12,0x22,0x12,0x21,0x22,0x12,0x22,0x22,0x12,
  0x21,0x20,0x00,0x00,0x00,0x00,0x00,0x00,0x00,0x00,0x00,0x00,0x00,0x00,0x00,0x01,0x12,0x22,0x22,0x22,
  0x22,0x21,0x22,0x21,0x10,0x00,0x00,0x00,0x00,0x00,0x00,0x00,0x00,0x00,0x00,0x00,0x00,0x00,0x00,0x00,
  0x01,0x11,0x21,0x21,0x21,0x22,0x11,0x10,0x00,0x00,0x00,0x00,0x00,0x00,0x00,0x00,0x00,0x00,0x00,0x00,
  0x00,0x00,0x00,0x00,0x00,0x00,0x01,0x21,0x21,0x10,0x00,0x00,0x00,0x00,0x00,0x00,0x00,0x00,0x00,0x00,
  0x00,0x00,0x00,0x00,0x00,0x00,0x00,0x00,0x00,0x00,0x00,0x00,0x00,0x00,0x00,0x00,0x00,0x00,0x00,0x00,
  0x00,0x00,0x00,0x00,0x00,0x00,0x00,0x00,0x00,0x00,0x00,0x00,0x00,0x00,0x00,0x00,0x00,0x00,0x00,0x00,
  0x00,0x00,0x00,0x00,0x00,0x00,0x00,0x00,0x00,0x00,0x00,0x00,0x00,0x00,0x00,0x00,0x00,0x00,0x00,0x00,
  0x00,0x00,0x00,0x00,0x00,0x00,0x00,0x00,0x00,0x00,0x00,0x00,
};

static const uint8_t moon09_40[800] PROGMEM = {
  0x00,0x00,0x00,0x00,0x00,0x00,0x00,0x00,0x00,0x00,0x00,0x00,0x00,0x00,0x00,0x00,0x00,0x00,0x00,0x00,
  0x00,0x00,0x00,0x00,0x00,0x00,0x00,0x00,0x00,0x00,0x00,0x00,0x00,0x00,0x00,0x00,0x00,0x00,0x00,0x00,
  0x00,0x00,0x00,0x00,0x00,0x00,0x00,0x00,0x00,0x00,0x00,0x00,0x00,0x00,0x00,0x00,0x00,0x00,0x00,0x00,
  0x00,0x00,0x00,0x00,0x00,0x00,0x00,0x01,0x21,0x12,0x11,0x21,0x20,0x00,0x00,0x00,0x00,0x00,0x00,0x00,
  0x00,0x00,0x00,0x00,0x00,0x00,0x01,0x22,0x22,0x22,0x22,0x22,0x12,0x10,0x00,0x00,0x00,0x00,0x00,0x00,
  0x00,0x00,0x00,0x00,0x00,0x01,0x22,0x21,0x22,0x21,0x22,0x22,0x22,0x21,0x10,0x00,0x00,0x00,0x00,0x00,
  0x00,0x00,0x00,0x00,0x01,0x22,0x21,0x22,0x21,0x22,0x22,0x12,0x21,0x22,0x21,0x20,0x00,0x00,0x00,0x00,
  0x00,0x00,0x00,0x00,0x12,0x21,0x22,0x22,0x22,0x22,0x12,0x22,0x22,0x22,0x22,0x11,0x00,0x00,0x00,0x00,
  0x00,0x00,0x00,0x01,0x22,0x22,0x22,0x12,0x21,0x22,0x22,0x21,0x22,0x12,0x22,0x22,0x10,0x00,0x00,0x00,
  0x00,0x00,0x00,0x22,0x22,0x12,0x22,0x22,0x22,0x21,0x22,0x22,0x22,0x22,0x12,0x22,0x12,0x00,0x00,0x00,
  0x00,0x00,0x00,0x12,0x12,0x22,0x12,0x21,0x22,0x22,0x21,0x21,0x21,0x22,0x22,0x12,0x21,0x00,0x00,0x00,
  0x00,0x00,0x01,0x22,0x22,0x22,0x22,0x22,0x21,0x22,0x22,0x22,0x22,0x12,0x12,0x22,0x21,0x10,0x00,0x00,
  0x00,0x00,0x02,0x22,0x21,0x22,0x12,0x12,0x12,0x21,0x22,0x12,0x22,0x21,0x22,0x21,0x22,0x10,0x00,0x00,
  0x00,0x00,0x12,0x12,0x22,0x21,0x22,0x12,0x22,0x22,0x22,0x22,0x12,0x12,0x21,0x22,0x22,0x21,0x00,0x00,
  0x00,0x00,0x12,0x22,0x12,0x22,0x12,0x21,0x21,0x21,0x22,0x12,0x22,0x22,0x22,0x22,0x21,0x21,0x00,0x00,
  0x00,0x01,0x22,0x22,0x22,0x12,0x21,0x22,0x12,0x22,0x22,0x22,0x22,0x12,0x21,0x22,0x22,0x21,0x10,0x00,
  0x00,0x02,0x22,0x12,0x22,0x21,0x22,0x12,0x21,0x22,0x12,0x21,0x22,0x22,0x22,0x21,0x22,0x21,0x10,0x00,
  0x00,0x01,0x22,0x22,0x12,0x22,0x12,0x21,0x22,0x22,0x22,0x22,0x21,0x22,0x12,0x22,0x21,0x22,0x10,0x00,
  0x00,0x01,0x22,0x12,0x22,0x22,0x21,0x22,0x12,0x21,0x21,0x22,0x22,0x22,0x22,0x12,0x22,0x21,0x10,0x00,
  0x00,0x02,0x22,0x22,0x21,0x21,0x22,0x22,0x22,0x22,0x22,0x21,0x21,0x22,0x12,0x22,0x21,0x22,0x10,0x00,
  0x00,0x01,0x21,0x22,0x22,0x22,0x22,0x12,0x21,0x22,0x12,0x22,0x22,0x12,0x22,0x21,0x22,0x22,0x10,0x00,
  0x00,0x01,0x22,0x21,0x22,0x12,0x22,0x22,0x22,0x22,0x22,0x12,0x12,0x22,0x21,0x22,0x22,0x21,0x10,0x00,
  0x00,0x01,0x22,0x22,0x22,0x22,0x12,0x21,0x22,0x12,0x22,0x12,0x21,0x21,0x22,0x22,0x12,0x22,0x10,0x00,
  0x00,0x02,0x22,0x12,0x21,0x21,0x22,0x22,0x22,0x22,0x12,0x21,0x22,0x12,0x22,0x12,0x22,0x21,0x10,0x00,
  0x00,0x01,0x22,0x22,0x22,0x12,0x22,0x12,0x12,0x12,0x22,0x22,0x12,0x22,0x22,0x22,0x21,0x21,0x20,0x00,
  0x00,0x00,0x12,0x21,0x22,0x21,0x22,0x22,0x22,0x22,0x12,0x22,0x22,0x12,0x12,0x21,0x22,0x21,0x00,0x00,
  0x00,0x00,0x12,0x22,0x21,0x22,0x21,0x22,0x12,0x12,0x22,0x12,0x12,0x22,0x22,0x22,0x22,0x11,0x00,0x00,
  0x00,0x00,0x01,0x22,0x22,0x22,0x22,0x22,0x21,0x21,0x22,0x22,0x22,0x22,0x12,0x21,0x22,0x12,0x00,0x00,
  0x00,0x00,0x01,0x22,0x12,0x21,0x22,0x12,0x22,0x22,0x12,0x22,0x12,0x22,0x22,0x22,0x22,0x10,0x00,0x00,
  0x00,0x00,0x00,0x12,0x22,0x22,0x22,0x22,0x12,0x12,0x22,0x12,0x22,0x12,0x21,0x22,0x11,0x00,0x00,0x00,
  0x00,0x00,0x00,0x21,0x22,0x12,0x12,0x22,0x22,0x22,0x22,0x22,0x22,0x22,0x22,0x22,0x21,0x00,0x00,0x00,
  0x00,0x00,0x00,0x01,0x22,0x22,0x22,0x12,0x21,0x22,0x12,0x21,0x22,0x12,0x12,0x21,0x10,0x00,0x00,0x00,
  0x00,0x00,0x00,0x00,0x12,0x22,0x12,0x22,0x22,0x22,0x22,0x22,0x22,0x22,0x22,0x12,0x00,0x00,0x00,0x00,
  0x00,0x00,0x00,0x00,0x01,0x12,0x22,0x21,0x22,0x12,0x21,0x21,0x21,0x22,0x21,0x20,0x00,0x00,0x00,0x00,
  0x00,0x00,0x00,0x00,0x00,0x01,0x22,0x22,0x22,0x22,0x12,0x22,0x22,0x21,0x10,0x00,0x00,0x00,0x00,0x00,
  0x00,0x00,0x00,0x00,0x00,0x00,0x01,0x21,0x22,0x12,0x22,0x22,0x21,0x22,0x00,0x00,0x00,0x00,0x00,0x00,
  0x00,0x00,0x00,0x00,0x00,0x00,0x00,0x01,0x12,0x12,0x12,0x11,0x10,0x00,0x00,0x00,0x00,0x00,0x00,0x00,
  0x00,0x00,0x00,0x00,0x00,0x00,0x00,0x00,0x00,0x00,0x00,0x00,0x00,0x00,0x00,0x00,0x00,0x00,0x00,0x00,
  0x00,0x00,0x00,0x00,0x00,0x00,0x00,0x00,0x00,0x00,0x00,0x00,0x00,0x00,0x00,0x00,0x00,0x00,0x00,0x00,
  0x00,0x00,0x00,0x00,0x00,0x00,0x00,0x00,0x00,0x00,0x00,0x00,0x00,0x00,0x00,0x00,0x00,0x00,0x00,0x00,
};

static const uint8_t moon10_48[1152] PROGMEM = {
  0x00,0x00,0x00,0x00,0x00,0x00,0x00,0x00,0x00,0x00,0x00,0x00,0x00,0x00,0x00,0x00,0x00,0x00,0x00,0x00,
  0x00,0x00,0x00,0x00,0x00,0x00,0x00,0x00,0x00,0x00,0x00,0x00,0x00,0x00,0x00,0x00,0x00,0x00,0x00,0x00,
  0x00,0x00,0x00,0x00,0x00,0x00,0x00,0x00,0x00,0x00,0x00,0x00,0x00,0x00,0x00,0x00,0x00,0x00,0x00,0x00,
  0x00,0x00,0x00,0x00,0x00,0x00,0x00,0x00,0x00,0x00,0x00,0x00,0x00,0x00,0x00,0x00,0x00,0x00,0x00,0x00,
  0x00,0x00,0x00,0x21,0x21,0x00,0x00,0x00,0x00,0x00,0x00,0x00,0x00,0x00,0x00,0x00,0x00,0x00,0x00,0x00,
  0x00,0x00,0x00,0x00,0x01,0x11,0x22,0x12,0x22,0x11,0x11,0x20,0x00,0x00,0x00,0x00,0x00,0x00,0x00,0x00,
  0x00,0x00,0x00,0x00,0x00,0x00,0x00,0x01,0x12,0x22,0x22,0x22,0x22,0x22,0x22,0x11,0x10,0x00,0x00,0x00,
  0x00,0x00,0x00,0x00,0x00,0x00,0x00,0x00,0x00,0x00,0x01,0x12,0x22,0x22,0x12,0x21,0x21,0x22,0x22,0x21,
  0x11,0x10,0x00,0x00,0x00,0x00,0x00,0x00,0x00,0x00,0x00,0x00,0x00,0x00,0x12,0x22,0x22,0x22,0x22,0x22,
  0x22,0x22,0x12,0x22,0x21,0x11,0x00,0x00,0x00,0x00,0x00,0x00,0x00,0x00,0x00,0x00,0x00,0x01,0x22,0x22,
  0x12,0x12,0x21,0x22,0x12,0x22,0x22,0x22,0x21,0x11,0x11,0x00,0x00,0x00,0x00,0x00,0x00,0x00,0x00,0x00,
  0x02,0x22,0x22,0x12,0x22,0x22,0x22,0x22,0x22,0x12,0x21,0x21,0x22,0x11,0x11,0x10,0x00,0x00,0x00,0x00,
  0x00,0x00,0x00,0x00,0x01,0x22,0x12,0x22,0x22,0x12,0x21,0x22,0x12,0x22,0x22,0x22,0x22,0x21,0x11,0x12,
  0x00,0x00,0x00,0x00,0x00,0x00,0x00,0x00,0x12,0x22,0x22,0x22,0x12,0x22,0x22,0x22,0x22,0x21,0x22,0x12,
  0x21,0x22,0x11,0x11,0x00,0x00,0x00,0x00,0x00,0x00,0x00,0x01,0x22,0x21,0x22,0x12,0x22,0x21,0x22,0x12,
  0x21,0x22,0x22,0x22,0x22,0x22,0x11,0x11,0x10,0x00,0x00,0x00,0x00,0x00,0x00,0x12,0x22,0x22,0x22,0x22,
  0x21,0x22,0x22,0x22,0x22,0x22,0x12,0x21,0x21,0x22,0x11,0x11,0x11,0x00,0x00,0x00,0x00,0x00,0x00,0x12,
  0x21,0x22,0x12,0x21,0x22,0x21,0x22,0x12,0x12,0x22,0x22,0x12,0x21,0x22,0x21,0x11,0x11,0x00,0x00,0x00,
  0x00,0x00,0x01,0x22,0x22,0x22,0x22,0x12,0x21,0x22,0x12,0x22,0x22,0x12,0x12,0x21,0x22,0x12,0x21,0x11,
  0x11,0x10,0x00,0x00,0x00,0x00,0x01,0x22,0x21,0x22,0x12,0x21,0x22,0x12,0x22,0x21,0x22,0x22,0x22,0x22,
  0x12,0x22,0x21,0x11,0x11,0x10,0x00,0x00,0x00,0x00,0x22,0x21,0x22,0x22,0x21,0x22,0x12,0x21,0x21,0x22,
  0x22,0x12,0x22,0x12,0x22,0x12,0x22,0x11,0x11,0x11,0x00,0x00,0x00,0x00,0x12,0x22,0x22,0x12,0x22,0x12,
  0x21,0x22,0x12,0x22,0x12,0x22,0x12,0x22,0x22,0x22,0x12,0x11,0x11,0x11,0x00,0x00,0x00,0x00,0x12,0x21,
  0x22,0x22,0x12,0x21,0x22,0x12,0x21,0x22,0x22,0x22,0x22,0x21,0x22,0x12,0x22,0x11,0x11,0x11,0x00,0x00,
  0x00,0x00,0x12,0x22,0x21,0x22,0x22,0x12,0x12,0x21,0x22,0x22,0x12,0x21,0x22,0x22,0x22,0x22,0x22,0x11,
  0x11,0x11,0x00,0x00,0x00,0x00,0x12,0x21,0x22,0x22,0x12,0x22,0x21,0x22,0x12,0x22,0x22,0x22,0x21,0x22,
  0x12,0x21,0x22,0x11,0x11,0x11,0x10,0x00,0x00,0x01,0x22,0x22,0x22,0x12,0x22,0x21,0x22,0x12,0x22,0x12,
  0x21,0x22,0x22,0x22,0x22,0x22,0x22,0x11,0x11,0x11,0x20,0x00,0x00,0x02,0x12,0x22,0x12,0x22,0x21,0x22,
  0x22,0x22,0x22,0x22,0x22,0x21,0x21,0x21,0x21,0x21,0x22,0x21,0x11,0x11,0x10,0x00,0x00,0x01,0x22,0x22,
  0x22,0x22,0x22,0x22,0x12,0x21,0x22,0x12,0x12,0x22,0x22,0x12,0x22,0x22,0x22,0x11,0x11,0x11,0x20,0x00,
  0x00,0x02,0x12,0x21,0x22,0x12,0x12,0x22,0x22,0x22,0x22,0x22,0x22,0x12,0x12,0x21,0x22,0x21,0x22,0x11,
  0x11,0x11,0x10,0x00,0x00,0x00,0x22,0x22,0x22,0x22,0x22,0x12,0x21,0x22,0x12,0x21,0x22,0x21,0x21,0x22,
  0x12,0x22,0x22,0x11,0x11,0x11,0x20,0x00,0x00,0x00,0x12,0x21,0x21,0x22,0x12,0x22,0x22,0x22,0x22,0x22,
  0x21,0x22,0x22,0x12,0x22,0x12,0x22,0x11,0x11,0x11,0x00,0x00,0x00,0x00,0x12,0x22,0x22,0x22,0x21,0x21,
  0x22,0x12,0x12,0x12,0x22,0x21,0x21,0x21,0x22,0x22,0x12,0x11,0x11,0x11,0x00,0x00,0x00,0x00,0x12,0x22,
  0x12,0x21,0x22,0x12,0x22,0x22,0x22,0x22,0x21,0x22,0x22,0x22,0x21,0x22,0x22,0x11,0x11,0x11,0x00,0x00,
  0x00,0x00,0x21,0x22,0x22,0x22,0x12,0x22,0x21,0x22,0x12,0x12,0x22,0x22,0x12,0x12,0x22,0x22,0x21,0x11,
  0x11,0x12,0x00,0x00,0x00,0x00,0x01,0x22,0x21,0x22,0x22,0x12,0x22,0x22,0x12,0x21,0x22,0x12,0x22,0x22,
  0x12,0x21,0x22,0x11,0x11,0x10,0x00,0x00,0x00,0x00,0x01,0x22,0x22,0x21,0x22,0x22,0x12,0x21,0x22,0x12,
  0x12,0x22,0x21,0x22,0x22,0x22,0x21,0x11,0x11,0x10,0x00,0x00,0x00,0x00,0x00,0x12,0x12,0x22,0x21,0x22,
  0x22,0x22,0x12,0x22,0x22,0x21,0x22,0x22,0x12,0x21,0x21,0x11,0x11,0x00,0x00,0x00,0x00,0x00,0x00,0x12,
  0x22,0x12,0x22,0x22,0x12,0x22,0x21,0x21,0x21,0x22,0x22,0x12,0x22,0x22,0x11,0x11,0x11,0x00,0x00,0x00,
  0x00,0x00,0x00,0x01,0x22,0x22,0x21,0x22,0x22,0x12,0x22,0x22,0x22,0x22,0x12,0x22,0x21,0x22,0x11,0x11,
  0x10,0x00,0x00,0x00,0x00,0x00,0x00,0x00,0x12,0x21,0x22,0x21,0x22,0x22,0x12,0x21,0x22,0x12,0x22,0x22,
  0x22,0x21,0x11,0x11,0x00,0x00,0x00,0x00,0x00,0x00,0x00,0x00,0x12,0x22,0x22,0x22,0x21,0x22,0x22,0x22,
  0x22,0x22,0x22,0x12,0x12,0x21,0x11,0x11,0x00,0x00,0x00,0x00,0x00,0x00,0x00,0x00,0x01,0x22,0x12,0x21,
  0x22,0x22,0x12,0x21,0x22,0x12,0x22,0x22,0x22,0x11,0x11,0x20,0x00,0x00,0x00,0x00,0x00,0x00,0x00,0x00,
  0x00,0x11,0x22,0x22,0x22,0x12,0x22,0x22,0x22,0x22,0x12,0x21,0x21,0x11,0x11,0x00,0x00,0x00,0x00,0x00,
  0x00,0x00,0x00,0x00,0x00,0x00,0x12,0x21,0x22,0x22,0x21,0x22,0x12,0x22,0x22,0x22,0x21,0x11,0x00,0x00,
  0x00,0x00,0x00,0x00,0x00,0x00,0x00,0x00,0x00,0x00,0x01,0x12,0x22,0x12,0x22,0x22,0x22,0x12,0x12,0x21,
  0x11,0x10,0x00,0x00,0x00,0x00,0x00,0x00,0x00,0x00,0x00,0x00,0x00,0x00,0x00,0x01,0x12,0x22,0x21,0x22,
  0x12,0x22,0x22,0x11,0x10,0x00,0x00,0x00,0x00,0x00,0x00,0x00,0x00,0x00,0x00,0x00,0x00,0x00,0x00,0x00,
  0x01,0x11,0x22,0x12,0x22,0x12,0x11,0x20,0x00,0x00,0x00,0x00,0x00,0x00,0x00,0x00,0x00,0x00,0x00,0x00,
  0x00,0x00,0x00,0x00,0x00,0x00,0x02,0x12,0x11,0x20,0x00,0x00,0x00,0x00,0x00,0x00,0x00,0x00,0x00,0x00,
  0x00,0x00,0x00,0x00,0x00,0x00,0x00,0x00,0x00,0x00,0x00,0x00,0x00,0x00,0x00,0x00,0x00,0x00,0x00,0x00,
  0x00,0x00,0x00,0x00,0x00,0x00,0x00,0x00,0x00,0x00,0x00,0x00,0x00,0x00,0x00,0x00,0x00,0x00,0x00,0x00,
  0x00,0x00,0x00,0x00,0x00,0x00,0x00,0x00,0x00,0x00,0x00,0x00,0x00,0x00,0x00,0x00,0x00,0x00,0x00,0x00,
  0x00,0x00,0x00,0x00,0x00,0x00,0x00,0x00,0x00,0x00,0x00,0x00,
};

static const uint8_t moon10_40[800] PROGMEM = {
  0x00,0x00,0x00,0x00,0x00,0x00,0x00,0x00,0x00,0x00,0x00,0x00,0x00,0x00,0x00,0x00,0x00,0x00,0x00,0x00,
  0x00,0x00,0x00,0x00,0x00,0x00,0x00,0x00,0x00,0x00,0x00,0x00,0x00,0x00,0x00,0x00,0x00,0x00,0x00,0x00,
  0x00,0x00,0x00,0x00,0x00,0x00,0x00,0x00,0x00,0x00,0x00,0x00,0x00,0x00,0x00,0x00,0x00,0x00,0x00,0x00,
  0x00,0x00,0x00,0x00,0x00,0x00,0x00,0x01,0x21,0x12,0x11,0x21,0x20,0x00,0x00,0x00,0x00,0x00,0x00,0x00,
  0x00,0x00,0x00,0x00,0x00,0x00,0x01,0x22,0x22,0x22,0x22,0x22,0x11,0x10,0x00,0x00,0x00,0x00,0x00,0x00,
  0x00,0x00,0x00,0x00,0x00,0x01,0x22,0x21,0x22,0x21,0x22,0x22,0x22,0x11,0x10,0x00,0x00,0x00,0x00,0x00,
  0x00,0x00,0x00,0x00,0x01,0x22,0x21,0x22,0x21,0x22,0x22,0x12,0x22,0x21,0x11,0x10,0x00,0x00,0x00,0x00,
  0x00,0x00,0x00,0x00,0x12,0x21,0x22,0x22,0x22,0x22,0x12,0x22,0x12,0x22,0x11,0x11,0x00,0x00,0x00,0x00,
  0x00,0x00,0x00,0x01,0x22,0x22,0x22,0x12,0x21,0x22,0x22,0x22,0x22,0x22,0x21,0x11,0x10,0x00,0x00,0x00,
  0x00,0x00,0x00,0x22,0x22,0x12,0x22,0x22,0x22,0x21,0x22,0x12,0x21,0x22,0x21,0x11,0x12,0x00,0x00,0x00,
  0x00,0x00,0x00,0x12,0x12,0x22,0x12,0x21,0x22,0x22,0x22,0x22,0x22,0x21,0x22,0x11,0x11,0x00,0x00,0x00,
  0x00,0x00,0x01,0x22,0x22,0x22,0x22,0x22,0x21,0x22,0x12,0x21,0x21,0x22,0x12,0x21,0x11,0x10,0x00,0x00,
  0x00,0x00,0x02,0x22,0x21,0x22,0x12,0x12,0x12,0x22,0x22,0x22,0x22,0x12,0x22,0x11,0x11,0x10,0x00,0x00,
  0x00,0x00,0x12,0x12,0x22,0x21,0x22,0x12,0x22,0x12,0x21,0x21,0x22,0x21,0x22,0x21,0x11,0x11,0x00,0x00,
  0x00,0x00,0x12,0x22,0x12,0x22,0x12,0x21,0x21,0x22,0x22,0x22,0x21,0x22,0x12,0x21,0x11,0x11,0x00,0x00,
  0x00,0x01,0x22,0x22,0x22,0x12,0x21,0x22,0x12,0x22,0x12,0x21,0x22,0x22,0x22,0x22,0x11,0x11,0x10,0x00,
  0x00,0x02,0x22,0x12,0x22,0x21,0x22,0x12,0x21,0x22,0x22,0x22,0x22,0x21,0x22,0x12,0x11,0x11,0x10,0x00,
  0x00,0x01,0x22,0x22,0x12,0x22,0x12,0x21,0x22,0x21,0x22,0x12,0x21,0x22,0x22,0x22,0x11,0x11,0x10,0x00,
  0x00,0x01,0x22,0x12,0x22,0x22,0x21,0x22,0x21,0x22,0x22,0x22,0x22,0x22,0x12,0x22,0x11,0x11,0x10,0x00,
  0x00,0x02,0x22,0x22,0x21,0x21,0x22,0x21,0x22,0x22,0x12,0x21,0x21,0x22,0x22,0x12,0x11,0x11,0x10,0x00,
  0x00,0x01,0x21,0x22,0x22,0x22,0x22,0x22,0x22,0x12,0x22,0x22,0x12,0x22,0x12,0x22,0x11,0x11,0x10,0x00,
  0x00,0x01,0x22,0x21,0x22,0x12,0x21,0x22,0x12,0x22,0x21,0x21,0x22,0x12,0x22,0x22,0x11,0x11,0x10,0x00,
  0x00,0x01,0x22,0x22,0x22,0x22,0x22,0x22,0x22,0x22,0x22,0x22,0x12,0x21,0x22,0x12,0x11,0x11,0x10,0x00,
  0x00,0x02,0x22,0x12,0x21,0x21,0x21,0x22,0x12,0x21,0x21,0x21,0x21,0x22,0x22,0x22,0x11,0x11,0x10,0x00,
  0x00,0x01,0x22,0x22,0x22,0x12,0x22,0x22,0x22,0x22,0x22,0x22,0x22,0x21,0x22,0x12,0x11,0x11,0x10,0x00,
  0x00,0x00,0x12,0x21,0x22,0x21,0x22,0x12,0x12,0x12,0x12,0x21,0x21,0x22,0x22,0x21,0x11,0x11,0x00,0x00,
  0x00,0x00,0x12,0x22,0x21,0x22,0x22,0x22,0x21,0x22,0x22,0x22,0x22,0x22,0x12,0x21,0x11,0x11,0x00,0x00,
  0x00,0x00,0x01,0x22,0x22,0x22,0x12,0x21,0x22,0x12,0x12,0x12,0x22,0x12,0x22,0x21,0x11,0x12,0x00,0x00,
  0x00,0x00,0x01,0x22,0x12,0x22,0x22,0x22,0x21,0x22,0x22,0x22,0x12,0x22,0x22,0x11,0x11,0x10,0x00,0x00,
  0x00,0x00,0x00,0x12,0x22,0x12,0x12,0x12,0x22,0x21,0x22,0x12,0x22,0x21,0x22,0x11,0x11,0x00,0x00,0x00,
  0x00,0x00,0x00,0x21,0x22,0x22,0x22,0x22,0x21,0x22,0x22,0x22,0x22,0x22,0x21,0x11,0x11,0x00,0x00,0x00,
  0x00,0x00,0x00,0x01,0x22,0x21,0x22,0x21,0x22,0x22,0x12,0x21,0x21,0x22,0x21,0x11,0x10,0x00,0x00,0x00,
  0x00,0x00,0x00,0x00,0x12,0x22,0x21,0x22,0x22,0x12,0x22,0x22,0x22,0x21,0x11,0x11,0x00,0x00,0x00,0x00,
  0x00,0x00,0x00,0x00,0x01,0x12,0x22,0x22,0x12,0x22,0x21,0x22,0x21,0x22,0x11,0x20,0x00,0x00,0x00,0x00,
  0x00,0x00,0x00,0x00,0x00,0x01,0x22,0x22,0x22,0x21,0x22,0x21,0x22,0x11,0x10,0x00,0x00,0x00,0x00,0x00,
  0x00,0x00,0x00,0x00,0x00,0x00,0x01,0x12,0x22,0x22,0x22,0x22,0x21,0x12,0x00,0x00,0x00,0x00,0x00,0x00,
  0x00,0x00,0x00,0x00,0x00,0x00,0x00,0x01,0x11,0x12,0x11,0x21,0x10,0x00,0x00,0x00,0x00,0x00,0x00,0x00,
  0x00,0x00,0x00,0x00,0x00,0x00,0x00,0x00,0x00,0x00,0x00,0x00,0x00,0x00,0x00,0x00,0x00,0x00,0x00,0x00,
  0x00,0x00,0x00,0x00,0x00,0x00,0x00,0x00,0x00,0x00,0x00,0x00,0x00,0x00,0x00,0x00,0x00,0x00,0x00,0x00,
  0x00,0x00,0x00,0x00,0x00,0x00,0x00,0x00,0x00,0x00,0x00,0x00,0x00,0x00,0x00,0x00,0x00,0x00,0x00,0x00,
};

static const uint8_t moon11_48[1152] PROGMEM = {
  0x00,0x00,0x00,0x00,0x00,0x00,0x00,0x00,0x00,0x00,0x00,0x00,0x00,0x00,0x00,0x00,0x00,0x00,0x00,0x00,
  0x00,0x00,0x00,0x00,0x00,0x00,0x00,0x00,0x00,0x00,0x00,0x00,0x00,0x00,0x00,0x00,0x00,0x00,0x00,0x00,
  0x00,0x00,0x00,0x00,0x00,0x00,0x00,0x00,0x00,0x00,0x00,0x00,0x00,0x00,0x00,0x00,0x00,0x00,0x00,0x00,
  0x00,0x00,0x00,0x00,0x00,0x00,0x00,0x00,0x00,0x00,0x00,0x00,0x00,0x00,0x00,0x00,0x00,0x00,0x00,0x00,
  0x00,0x00,0x00,0x21,0x21,0x00,0x00,0x00,0x00,0x00,0x00,0x00,0x00,0x00,0x00,0x00,0x00,0x00,0x00,0x00,
  0x00,0x00,0x00,0x00,0x01,0x11,0x22,0x12,0x22,0x11,0x11,0x10,0x00,0x00,0x00,0x00,0x00,0x00,0x00,0x00,
  0x00,0x00,0x00,0x00,0x00,0x00,0x00,0x01,0x12,0x22,0x22,0x22,0x21,0x21,0x11,0x11,0x10,0x00,0x00,0x00,
  0x00,0x00,0x00,0x00,0x00,0x00,0x00,0x00,0x00,0x00,0x01,0x12,0x22,0x22,0x12,0x21,0x22,0x22,0x11,0x11,
  0x11,0x10,0x00,0x00,0x00,0x00,0x00,0x00,0x00,0x00,0x00,0x00,0x00,0x00,0x12,0x22,0x22,0x22,0x22,0x22,
  0x22,0x22,0x21,0x11,0x11,0x11,0x00,0x00,0x00,0x00,0x00,0x00,0x00,0x00,0x00,0x00,0x00,0x01,0x22,0x22,
  0x12,0x12,0x21,0x22,0x12,0x21,0x21,0x11,0x11,0x11,0x11,0x00,0x00,0x00,0x00,0x00,0x00,0x00,0x00,0x00,
  0x02,0x22,0x22,0x12,0x22,0x22,0x22,0x22,0x22,0x22,0x21,0x11,0x11,0x11,0x11,0x10,0x00,0x00,0x00,0x00,
  0x00,0x00,0x00,0x00,0x01,0x22,0x12,0x22,0x22,0x12,0x21,0x21,0x21,0x22,0x22,0x11,0x11,0x11,0x11,0x12,
  0x00,0x00,0x00,0x00,0x00,0x00,0x00,0x00,0x12,0x22,0x22,0x22,0x12,0x22,0x22,0x22,0x22,0x21,0x22,0x11,
  0x11,0x11,0x11,0x11,0x00,0x00,0x00,0x00,0x00,0x00,0x00,0x01,0x22,0x21,0x22,0x12,0x22,0x21,0x22,0x12,
  0x22,0x22,0x22,0x11,0x11,0x11,0x11,0x11,0x10,0x00,0x00,0x00,0x00,0x00,0x00,0x12,0x22,0x22,0x22,0x22,
  0x21,0x22,0x22,0x22,0x12,0x21,0x22,0x21,0x11,0x11,0x11,0x11,0x11,0x00,0x00,0x00,0x00,0x00,0x00,0x12,
  0x21,0x22,0x12,0x21,0x22,0x21,0x22,0x12,0x22,0x22,0x21,0x21,0x11,0x11,0x11,0x11,0x11,0x00,0x00,0x00,
  0x00,0x00,0x01,0x22,0x22,0x22,0x22,0x12,0x21,0x22,0x12,0x22,0x21,0x22,0x22,0x21,0x11,0x11,0x11,0x11,
  0x11,0x10,0x00,0x00,0x00,0x00,0x01,0x22,0x21,0x22,0x12,0x21,0x22,0x12,0x22,0x21,0x22,0x21,0x22,0x21,
  0x11,0x11,0x11,0x11,0x11,0x10,0x00,0x00,0x00,0x00,0x22,0x21,0x22,0x22,0x21,0x22,0x12,0x21,0x21,0x22,
  0x22,0x22,0x21,0x21,0x11,0x11,0x11,0x11,0x11,0x11,0x00,0x00,0x00,0x00,0x12,0x22,0x22,0x12,0x22,0x12,
  0x21,0x22,0x12,0x22,0x12,0x21,0x22,0x22,0x11,0x11,0x11,0x11,0x11,0x11,0x00,0x00,0x00,0x00,0x12,0x21,
  0x22,0x22,0x12,0x21,0x22,0x12,0x21,0x22,0x22,0x22,0x22,0x21,0x11,0x11,0x11,0x11,0x11,0x11,0x00,0x00,
  0x00,0x00,0x12,0x22,0x21,0x22,0x22,0x12,0x12,0x21,0x22,0x22,0x12,0x21,0x21,0x22,0x11,0x11,0x11,0x11,
  0x11,0x11,0x00,0x00,0x00,0x00,0x12,0x21,0x22,0x22,0x12,0x22,0x21,0x22,0x12,0x22,0x22,0x22,0x22,0x21,
  0x11,0x11,0x11,0x11,0x11,0x11,0x10,0x00,0x00,0x01,0x22,0x22,0x22,0x12,0x22,0x21,0x22,0x12,0x22,0x12,
  0x21,0x22,0x12,0x22,0x11,0x11,0x11,0x11,0x11,0x11,0x20,0x00,0x00,0x02,0x12,0x22,0x12,0x22,0x21,0x22,
  0x22,0x22,0x22,0x22,0x22,0x22,0x22,0x21,0x11,0x11,0x11,0x11,0x11,0x11,0x10,0x00,0x00,0x01,0x22,0x22,
  0x22,0x22,0x22,0x22,0x12,0x21,0x22,0x12,0x12,0x12,0x12,0x12,0x11,0x11,0x11,0x11,0x11,0x11,0x10,0x00,
  0x00,0x02,0x12,0x21,0x22,0x12,0x12,0x22,0x22,0x22,0x22,0x22,0x22,0x22,0x12,0x21,0x11,0x11,0x11,0x11,
  0x11,0x11,0x20,0x00,0x00,0x00,0x22,0x22,0x22,0x22,0x22,0x12,0x21,0x22,0x12,0x21,0x22,0x12,0x21,0x22,
  0x11,0x11,0x11,0x11,0x11,0x11,0x10,0x00,0x00,0x00,0x12,0x21,0x21,0x22,0x12,0x22,0x22,0x22,0x22,0x22,
  0x22,0x21,0x22,0x12,0x11,0x11,0x11,0x11,0x11,0x11,0x00,0x00,0x00,0x00,0x12,0x22,0x22,0x22,0x21,0x21,
  0x22,0x12,0x12,0x12,0x21,0x22,0x12,0x21,0x11,0x11,0x11,0x11,0x11,0x11,0x00,0x00,0x00,0x00,0x12,0x22,
  0x12,0x21,0x22,0x12,0x22,0x22,0x22,0x22,0x22,0x22,0x21,0x21,0x11,0x11,0x11,0x11,0x11,0x11,0x00,0x00,
  0x00,0x00,0x21,0x22,0x22,0x22,0x12,0x22,0x21,0x22,0x12,0x12,0x12,0x21,0x22,0x22,0x11,0x11,0x11,0x11,
  0x11,0x11,0x00,0x00,0x00,0x00,0x01,0x22,0x21,0x22,0x22,0x12,0x22,0x22,0x12,0x21,0x22,0x22,0x22,0x21,
  0x11,0x11,0x11,0x11,0x11,0x10,0x00,0x00,0x00,0x00,0x01,0x22,0x22,0x21,0x22,0x22,0x12,0x21,0x22,0x12,
  0x22,0x12,0x21,0x21,0x11,0x11,0x11,0x11,0x11,0x10,0x00,0x00,0x00,0x00,0x00,0x12,0x12,0x22,0x21,0x22,
  0x22,0x22,0x12,0x21,0x22,0x22,0x22,0x21,0x11,0x11,0x11,0x11,0x11,0x00,0x00,0x00,0x00,0x00,0x00,0x12,
  0x22,0x12,0x22,0x22,0x12,0x22,0x21,0x22,0x21,0x21,0x22,0x11,0x11,0x11,0x11,0x11,0x11,0x00,0x00,0x00,
  0x00,0x00,0x00,0x01,0x22,0x22,0x21,0x22,0x22,0x12,0x22,0x21,0x22,0x22,0x22,0x11,0x11,0x11,0x11,0x11,
  0x10,0x00,0x00,0x00,0x00,0x00,0x00,0x00,0x12,0x21,0x22,0x21,0x22,0x22,0x12,0x22,0x22,0x21,0x22,0x11,
  0x11,0x11,0x11,0x11,0x00,0x00,0x00,0x00,0x00,0x00,0x00,0x00,0x12,0x22,0x22,0x22,0x21,0x22,0x22,0x21,
  0x22,0x22,0x22,0x11,0x11,0x11,0x11,0x11,0x00,0x00,0x00,0x00,0x00,0x00,0x00,0x00,0x01,0x22,0x12,0x21,
  0x22,0x22,0x12,0x22,0x21,0x21,0x21,0x11,0x11,0x11,0x11,0x10,0x00,0x00,0x00,0x00,0x00,0x00,0x00,0x00,
  0x00,0x11,0x22,0x22,0x22,0x12,0x22,0x12,0x22,0x22,0x21,0x11,0x11,0x11,0x12,0x00,0x00,0x00,0x00,0x00,
  0x00,0x00,0x00,0x00,0x00,0x00,0x12,0x21,0x22,0x22,0x22,0x22,0x12,0x22,0x11,0x11,0x11,0x11,0x00,0x00,
  0x00,0x00,0x00,0x00,0x00,0x00,0x00,0x00,0x00,0x00,0x01,0x12,0x22,0x12,0x21,0x22,0x22,0x12,0x11,0x11,
  0x11,0x10,0x00,0x00,0x00,0x00,0x00,0x00,0x00,0x00,0x00,0x00,0x00,0x00,0x00,0x01,0x12,0x22,0x22,0x22,
  0x12,0x22,0x11,0x11,0x10,0x00,0x00,0x00,0x00,0x00,0x00,0x00,0x00,0x00,0x00,0x00,0x00,0x00,0x00,0x00,
  0x01,0x11,0x21,0x22,0x22,0x11,0x11,0x20,0x00,0x00,0x00,0x00,0x00,0x00,0x00,0x00,0x00,0x00,0x00,0x00,
  0x00,0x00,0x00,0x00,0x00,0x00,0x01,0x11,0x12,0x10,0x00,0x00,0x00,0x00,0x00,0x00,0x00,0x00,0x00,0x00,
  0x00,0x00,0x00,0x00,0x00,0x00,0x00,0x00,0x00,0x00,0x00,0x00,0x00,0x00,0x00,0x00,0x00,0x00,0x00,0x00,
  0x00,0x00,0x00,0x00,0x00,0x00,0x00,0x00,0x00,0x00,0x00,0x00,0x00,0x00,0x00,0x00,0x00,0x00,0x00,0x00,
  0x00,0x00,0x00,0x00,0x00,0x00,0x00,0x00,0x00,0x00,0x00,0x00,0x00,0x00,0x00,0x00,0x00,0x00,0x00,0x00,
  0x00,0x00,0x00,0x00,0x00,0x00,0x00,0x00,0x00,0x00,0x00,0x00,
};

static const uint8_t moon11_40[800] PROGMEM = {
  0x00,0x00,0x00,0x00,0x00,0x00,0x00,0x00,0x00,0x00,0x00,0x00,0x00,0x00,0x00,0x00,0x00,0x00,0x00,0x00,
  0x00,0x00,0x00,0x00,0x00,0x00,0x00,0x00,0x00,0x00,0x00,0x00,0x00,0x00,0x00,0x00,0x00,0x00,0x00,0x00,
  0x00,0x00,0x00,0x00,0x00,0x00,0x00,0x00,0x00,0x00,0x00,0x00,0x00,0x00,0x00,0x00,0x00,0x00,0x00,0x00,
  0x00,0x00,0x00,0x00,0x00,0x00,0x00,0x01,0x21,0x12,0x11,0x11,0x20,0x00,0x00,0x00,0x00,0x00,0x00,0x00,
  0x00,0x00,0x00,0x00,0x00,0x00,0x01,0x22,0x22,0x22,0x22,0x21,0x11,0x10,0x00,0x00,0x00,0x00,0x00,0x00,
  0x00,0x00,0x00,0x00,0x00,0x01,0x22,0x21,0x22,0x21,0x22,0x21,0x11,0x11,0x10,0x00,0x00,0x00,0x00,0x00,
  0x00,0x00,0x00,0x00,0x01,0x22,0x21,0x22,0x21,0x22,0x22,0x22,0x11,0x11,0x11,0x10,0x00,0x00,0x00,0x00,
  0x00,0x00,0x00,0x00,0x12,0x21,0x22,0x22,0x22,0x22,0x12,0x22,0x11,0x11,0x11,0x11,0x00,0x00,0x00,0x00,
  0x00,0x00,0x00,0x01,0x22,0x22,0x22,0x12,0x21,0x22,0x22,0x12,0x21,0x11,0x11,0x11,0x10,0x00,0x00,0x00,
  0x00,0x00,0x00,0x22,0x22,0x12,0x22,0x22,0x22,0x21,0x22,0x22,0x21,0x11,0x11,0x11,0x12,0x00,0x00,0x00,
  0x00,0x00,0x00,0x12,0x12,0x22,0x12,0x21,0x22,0x22,0x21,0x22,0x21,0x11,0x11,0x11,0x11,0x00,0x00,0x00,
  0x00,0x00,0x01,0x22,0x22,0x22,0x22,0x22,0x21,0x22,0x22,0x21,0x22,0x11,0x11,0x11,0x11,0x10,0x00,0x00,
  0x00,0x00,0x02,0x22,0x21,0x22,0x12,0x12,0x12,0x21,0x22,0x22,0x21,0x11,0x11,0x11,0x11,0x10,0x00,0x00,
  0x00,0x00,0x12,0x12,0x22,0x21,0x22,0x12,0x22,0x22,0x21,0x22,0x22,0x11,0x11,0x11,0x11,0x11,0x00,0x00,
  0x00,0x00,0x12,0x22,0x12,0x22,0x12,0x21,0x21,0x21,0x22,0x21,0x22,0x11,0x11,0x11,0x11,0x11,0x00,0x00,
  0x00,0x01,0x22,0x22,0x22,0x12,0x21,0x22,0x12,0x22,0x22,0x22,0x22,0x11,0x11,0x11,0x11,0x11,0x10,0x00,
  0x00,0x02,0x22,0x12,0x22,0x21,0x22,0x12,0x21,0x22,0x12,0x21,0x22,0x11,0x11,0x11,0x11,0x11,0x10,0x00,
  0x00,0x01,0x22,0x22,0x12,0x22,0x12,0x21,0x22,0x22,0x22,0x22,0x22,0x11,0x11,0x11,0x11,0x11,0x10,0x00,
  0x00,0x01,0x22,0x12,0x22,0x22,0x21,0x22,0x12,0x21,0x22,0x12,0x12,0x21,0x11,0x11,0x11,0x11,0x10,0x00,
  0x00,0x02,0x22,0x22,0x21,0x21,0x22,0x22,0x22,0x22,0x22,0x22,0x22,0x11,0x11,0x11,0x11,0x11,0x10,0x00,
  0x00,0x01,0x21,0x22,0x22,0x22,0x22,0x12,0x21,0x22,0x12,0x12,0x12,0x11,0x11,0x11,0x11,0x11,0x10,0x00,
  0x00,0x01,0x22,0x21,0x22,0x12,0x22,0x22,0x22,0x22,0x22,0x22,0x12,0x21,0x11,0x11,0x11,0x11,0x10,0x00,
  0x00,0x01,0x22,0x22,0x22,0x22,0x12,0x21,0x22,0x12,0x21,0x21,0x22,0x11,0x11,0x11,0x11,0x11,0x10,0x00,
  0x00,0x02,0x22,0x12,0x21,0x21,0x22,0x22,0x22,0x22,0x22,0x22,0x12,0x11,0x11,0x11,0x11,0x11,0x10,0x00,
  0x00,0x01,0x22,0x22,0x22,0x12,0x22,0x12,0x12,0x12,0x12,0x12,0x22,0x11,0x11,0x11,0x11,0x11,0x10,0x00,
  0x00,0x00,0x12,0x21,0x22,0x21,0x22,0x22,0x22,0x22,0x22,0x22,0x12,0x11,0x11,0x11,0x11,0x11,0x00,0x00,
  0x00,0x00,0x12,0x22,0x21,0x22,0x21,0x22,0x12,0x12,0x12,0x22,0x22,0x11,0x11,0x11,0x11,0x11,0x00,0x00,
  0x00,0x00,0x01,0x22,0x22,0x22,0x22,0x22,0x21,0x22,0x22,0x12,0x21,0x11,0x11,0x11,0x11,0x12,0x00,0x00,
  0x00,0x00,0x01,0x22,0x12,0x21,0x22,0x12,0x22,0x12,0x12,0x22,0x22,0x11,0x11,0x11,0x11,0x10,0x00,0x00,
  0x00,0x00,0x00,0x12,0x22,0x22,0x22,0x22,0x12,0x22,0x22,0x21,0x21,0x11,0x11,0x11,0x11,0x00,0x00,0x00,
  0x00,0x00,0x00,0x21,0x22,0x12,0x12,0x22,0x22,0x21,0x22,0x22,0x21,0x11,0x11,0x11,0x11,0x00,0x00,0x00,
  0x00,0x00,0x00,0x01,0x22,0x22,0x22,0x12,0x21,0x22,0x21,0x22,0x11,0x11,0x11,0x11,0x10,0x00,0x00,0x00,
  0x00,0x00,0x00,0x00,0x12,0x22,0x12,0x22,0x22,0x22,0x22,0x22,0x11,0x11,0x11,0x11,0x00,0x00,0x00,0x00,
  0x00,0x00,0x00,0x00,0x01,0x12,0x22,0x21,0x22,0x12,0x12,0x12,0x11,0x11,0x11,0x20,0x00,0x00,0x00,0x00,
  0x00,0x00,0x00,0x00,0x00,0x01,0x22,0x22,0x22,0x22,0x22,0x22,0x11,0x11,0x10,0x00,0x00,0x00,0x00,0x00,
  0x00,0x00,0x00,0x00,0x00,0x00,0x01,0x21,0x22,0x12,0x22,0x11,0x11,0x12,0x00,0x00,0x00,0x00,0x00,0x00,
  0x00,0x00,0x00,0x00,0x00,0x00,0x00,0x01,0x12,0x12,0x12,0x11,0x20,0x00,0x00,0x00,0x00,0x00,0x00,0x00,
  0x00,0x00,0x00,0x00,0x00,0x00,0x00,0x00,0x00,0x00,0x00,0x00,0x00,0x00,0x00,0x00,0x00,0x00,0x00,0x00,
  0x00,0x00,0x00,0x00,0x00,0x00,0x00,0x00,0x00,0x00,0x00,0x00,0x00,0x00,0x00,0x00,0x00,0x00,0x00,0x00,
  0x00,0x00,0x00,0x00,0x00,0x00,0x00,0x00,0x00,0x00,0x00,0x00,0x00,0x00,0x00,0x00,0x00,0x00,0x00,0x00,
};

static const uint8_t moon12_48[1152] PROGMEM = {
  0x00,0x00,0x00,0x00,0x00,0x00,0x00,0x00,0x00,0x00,0x00,0x00,0x00,0x00,0x00,0x00,0x00,0x00,0x00,0x00,
  0x00,0x00,0x00,0x00,0x00,0x00,0x00,0x00,0x00,0x00,0x00,0x00,0x00,0x00,0x00,0x00,0x00,0x00,0x00,0x00,
  0x00,0x00,0x00,0x00,0x00,0x00,0x00,0x00,0x00,0x00,0x00,0x00,0x00,0x00,0x00,0x00,0x00,0x00,0x00,0x00,
  0x00,0x00,0x00,0x00,0x00,0x00,0x00,0x00,0x00,0x00,0x00,0x00,0x00,0x00,0x00,0x00,0x00,0x00,0x00,0x00,
  0x00,0x00,0x00,0x21,0x21,0x00,0x00,0x00,0x00,0x00,0x00,0x00,0x00,0x00,0x00,0x00,0x00,0x00,0x00,0x00,
  0x00,0x00,0x00,0x00,0x01,0x11,0x22,0x12,0x11,0x11,0x11,0x10,0x00,0x00,0x00,0x00,0x00,0x00,0x00,0x00,
  0x00,0x00,0x00,0x00,0x00,0x00,0x00,0x01,0x12,0x22,0x22,0x22,0x11,0x11,0x11,0x11,0x10,0x00,0x00,0x00,
  0x00,0x00,0x00,0x00,0x00,0x00,0x00,0x00,0x00,0x00,0x01,0x12,0x22,0x22,0x12,0x22,0x11,0x11,0x11,0x11,
  0x11,0x10,0x00,0x00,0x00,0x00,0x00,0x00,0x00,0x00,0x00,0x00,0x00,0x00,0x12,0x22,0x22,0x22,0x22,0x12,
  0x11,0x11,0x11,0x11,0x11,0x11,0x00,0x00,0x00,0x00,0x00,0x00,0x00,0x00,0x00,0x00,0x00,0x01,0x22,0x22,
  0x12,0x12,0x22,0x22,0x11,0x11,0x11,0x11,0x11,0x11,0x11,0x00,0x00,0x00,0x00,0x00,0x00,0x00,0x00,0x00,
  0x02,0x22,0x22,0x12,0x22,0x22,0x12,0x21,0x11,0x11,0x11,0x11,0x11,0x11,0x11,0x10,0x00,0x00,0x00,0x00,
  0x00,0x00,0x00,0x00,0x01,0x22,0x12,0x22,0x22,0x12,0x22,0x22,0x11,0x11,0x11,0x11,0x11,0x11,0x11,0x12,
  0x00,0x00,0x00,0x00,0x00,0x00,0x00,0x00,0x12,0x22,0x22,0x22,0x12,0x22,0x21,0x22,0x11,0x11,0x11,0x11,
  0x11,0x11,0x11,0x11,0x00,0x00,0x00,0x00,0x00,0x00,0x00,0x01,0x22,0x21,0x22,0x12,0x22,0x21,0x22,0x22,
  0x11,0x11,0x11,0x11,0x11,0x11,0x11,0x11,0x10,0x00,0x00,0x00,0x00,0x00,0x00,0x12,0x22,0x22,0x22,0x22,
  0x21,0x22,0x22,0x12,0x11,0x11,0x11,0x11,0x11,0x11,0x11,0x11,0x11,0x00,0x00,0x00,0x00,0x00,0x00,0x12,
  0x21,0x22,0x12,0x21,0x22,0x22,0x12,0x22,0x11,0x11,0x11,0x11,0x11,0x11,0x11,0x11,0x11,0x00,0x00,0x00,
  0x00,0x00,0x01,0x22,0x22,0x22,0x22,0x12,0x21,0x21,0x22,0x22,0x11,0x11,0x11,0x11,0x11,0x11,0x11,0x11,
  0x11,0x10,0x00,0x00,0x00,0x00,0x01,0x22,0x21,0x22,0x12,0x21,0x22,0x12,0x21,0x22,0x11,0x11,0x11,0x11,
  0x11,0x11,0x11,0x11,0x11,0x10,0x00,0x00,0x00,0x00,0x22,0x21,0x22,0x22,0x21,0x22,0x12,0x21,0x22,0x21,
  0x11,0x11,0x11,0x11,0x11,0x11,0x11,0x11,0x11,0x11,0x00,0x00,0x00,0x00,0x12,0x22,0x22,0x12,0x22,0x12,
  0x21,0x22,0x12,0x22,0x11,0x11,0x11,0x11,0x11,0x11,0x11,0x11,0x11,0x11,0x00,0x00,0x00,0x00,0x12,0x21,
  0x22,0x22,0x12,0x21,0x22,0x12,0x21,0x22,0x11,0x11,0x11,0x11,0x11,0x11,0x11,0x11,0x11,0x11,0x00,0x00,
  0x00,0x00,0x12,0x22,0x21,0x22,0x22,0x12,0x21,0x21,0x22,0x22,0x11,0x11,0x11,0x11,0x11,0x11,0x11,0x11,
  0x11,0x11,0x00,0x00,0x00,0x00,0x12,0x21,0x22,0x22,0x12,0x21,0x22,0x22,0x12,0x21,0x11,0x11,0x11,0x11,
  0x11,0x11,0x11,0x11,0x11,0x11,0x10,0x00,0x00,0x01,0x22,0x22,0x22,0x12,0x22,0x22,0x12,0x12,0x22,0x22,
  0x11,0x11,0x11,0x11,0x11,0x11,0x11,0x11,0x11,0x11,0x20,0x00,0x00,0x02,0x12,0x22,0x12,0x22,0x22,0x12,
  0x22,0x22,0x21,0x22,0x11,0x11,0x11,0x11,0x11,0x11,0x11,0x11,0x11,0x11,0x10,0x00,0x00,0x01,0x22,0x22,
  0x22,0x22,0x12,0x22,0x22,0x12,0x22,0x22,0x11,0x11,0x11,0x11,0x11,0x11,0x11,0x11,0x11,0x11,0x10,0x00,
  0x00,0x02,0x12,0x21,0x22,0x12,0x22,0x22,0x12,0x22,0x21,0x22,0x11,0x11,0x11,0x11,0x11,0x11,0x11,0x11,
  0x11,0x11,0x20,0x00,0x00,0x00,0x22,0x22,0x22,0x22,0x21,0x22,0x22,0x21,0x22,0x21,0x11,0x11,0x11,0x11,
  0x11,0x11,0x11,0x11,0x11,0x11,0x10,0x00,0x00,0x00,0x12,0x21,0x21,0x22,0x12,0x21,0x22,0x22,0x22,0x22,
  0x11,0x11,0x11,0x11,0x11,0x11,0x11,0x11,0x11,0x11,0x00,0x00,0x00,0x00,0x12,0x22,0x22,0x22,0x21,0x22,
  0x21,0x22,0x12,0x22,0x11,0x11,0x11,0x11,0x11,0x11,0x11,0x11,0x11,0x11,0x00,0x00,0x00,0x00,0x12,0x22,
  0x12,0x21,0x22,0x12,0x22,0x22,0x22,0x12,0x11,0x11,0x11,0x11,0x11,0x11,0x11,0x11,0x11,0x11,0x00,0x00,
  0x00,0x00,0x21,0x22,0x22,0x22,0x12,0x22,0x21,0x22,0x12,0x21,0x11,0x11,0x11,0x11,0x11,0x11,0x11,0x11,
  0x11,0x11,0x00,0x00,0x00,0x00,0x01,0x22,0x21,0x22,0x22,0x12,0x22,0x21,0x21,0x22,0x11,0x11,0x11,0x11,
  0x11,0x11,0x11,0x11,0x11,0x10,0x00,0x00,0x00,0x00,0x01,0x22,0x22,0x21,0x22,0x22,0x12,0x22,0x22,0x12,
  0x11,0x11,0x11,0x11,0x11,0x11,0x11,0x11,0x11,0x10,0x00,0x00,0x00,0x00,0x00,0x12,0x12,0x22,0x21,0x22,
  0x22,0x12,0x12,0x21,0x11,0x11,0x11,0x11,0x11,0x11,0x11,0x11,0x11,0x00,0x00,0x00,0x00,0x00,0x00,0x12,
  0x22,0x12,0x22,0x22,0x12,0x22,0x21,0x22,0x11,0x11,0x11,0x11,0x11,0x11,0x11,0x11,0x11,0x00,0x00,0x00,
  0x00,0x00,0x00,0x01,0x22,0x22,0x21,0x22,0x22,0x22,0x22,0x22,0x11,0x11,0x11,0x11,0x11,0x11,0x11,0x11,
  0x10,0x00,0x00,0x00,0x00,0x00,0x00,0x00,0x12,0x21,0x22,0x21,0x22,0x12,0x12,0x12,0x11,0x11,0x11,0x11,
  0x11,0x11,0x11,0x11,0x00,0x00,0x00,0x00,0x00,0x00,0x00,0x00,0x12,0x22,0x22,0x22,0x22,0x22,0x22,0x22,
  0x11,0x11,0x11,0x11,0x11,0x11,0x11,0x11,0x00,0x00,0x00,0x00,0x00,0x00,0x00,0x00,0x01,0x22,0x12,0x21,
  0x22,0x12,0x22,0x21,0x11,0x11,0x11,0x11,0x11,0x11,0x11,0x10,0x00,0x00,0x00,0x00,0x00,0x00,0x00,0x00,
  0x00,0x11,0x22,0x22,0x22,0x22,0x12,0x22,0x11,0x11,0x11,0x11,0x11,0x11,0x11,0x00,0x00,0x00,0x00,0x00,
  0x00,0x00,0x00,0x00,0x00,0x00,0x12,0x21,0x21,0x22,0x22,0x12,0x11,0x11,0x11,0x11,0x11,0x11,0x00,0x00,
  0x00,0x00,0x00,0x00,0x00,0x00,0x00,0x00,0x00,0x00,0x01,0x12,0x22,0x22,0x12,0x22,0x11,0x11,0x11,0x11,
  0x11,0x10,0x00,0x00,0x00,0x00,0x00,0x00,0x00,0x00,0x00,0x00,0x00,0x00,0x00,0x01,0x21,0x22,0x22,0x22,
  0x11,0x11,0x11,0x11,0x10,0x00,0x00,0x00,0x00,0x00,0x00,0x00,0x00,0x00,0x00,0x00,0x00,0x00,0x00,0x00,
  0x01,0x11,0x21,0x21,0x11,0x11,0x11,0x20,0x00,0x00,0x00,0x00,0x00,0x00,0x00,0x00,0x00,0x00,0x00,0x00,
  0x00,0x00,0x00,0x00,0x00,0x00,0x01,0x21,0x21,0x20,0x00,0x00,0x00,0x00,0x00,0x00,0x00,0x00,0x00,0x00,
  0x00,0x00,0x00,0x00,0x00,0x00,0x00,0x00,0x00,0x00,0x00,0x00,0x00,0x00,0x00,0x00,0x00,0x00,0x00,0x00,
  0x00,0x00,0x00,0x00,0x00,0x00,0x00,0x00,0x00,0x00,0x00,0x00,0x00,0x00,0x00,0x00,0x00,0x00,0x00,0x00,
  0x00,0x00,0x00,0x00,0x00,0x00,0x00,0x00,0x00,0x00,0x00,0x00,0x00,0x00,0x00,0x00,0x00,0x00,0x00,0x00,
  0x00,0x00,0x00,0x00,0x00,0x00,0x00,0x00,0x00,0x00,0x00,0x00,
};

static const uint8_t moon12_40[800] PROGMEM = {
  0x00,0x00,0x00,0x00,0x00,0x00,0x00,0x00,0x00,0x00,0x00,0x00,0x00,0x00,0x00,0x00,0x00,0x00,0x00,0x00,
  0x00,0x00,0x00,0x00,0x00,0x00,0x00,0x00,0x00,0x00,0x00,0x00,0x00,0x00,0x00,0x00,0x00,0x00,0x00,0x00,
  0x00,0x00,0x00,0x00,0x00,0x00,0x00,0x00,0x00,0x00,0x00,0x00,0x00,0x00,0x00,0x00,0x00,0x00,0x00,0x00,
  0x00,0x00,0x00,0x00,0x00,0x00,0x00,0x01,0x21,0x12,0x11,0x11,0x20,0x00,0x00,0x00,0x00,0x00,0x00,0x00,
  0x00,0x00,0x00,0x00,0x00,0x00,0x01,0x22,0x22,0x22,0x11,0x11,0x11,0x10,0x00,0x00,0x00,0x00,0x00,0x00,
  0x00,0x00,0x00,0x00,0x00,0x01,0x22,0x21,0x22,0x21,0x11,0x11,0x11,0x11,0x10,0x00,0x00,0x00,0x00,0x00,
  0x00,0x00,0x00,0x00,0x01,0x22,0x21,0x22,0x21,0x22,0x11,0x11,0x11,0x11,0x11,0x10,0x00,0x00,0x00,0x00,
  0x00,0x00,0x00,0x00,0x12,0x21,0x22,0x22,0x22,0x22,0x11,0x11,0x11,0x11,0x11,0x11,0x00,0x00,0x00,0x00,
  0x00,0x00,0x00,0x01,0x22,0x22,0x22,0x12,0x21,0x22,0x11,0x11,0x11,0x11,0x11,0x11,0x10,0x00,0x00,0x00,
  0x00,0x00,0x00,0x22,0x22,0x12,0x22,0x22,0x22,0x22,0x11,0x11,0x11,0x11,0x11,0x11,0x12,0x00,0x00,0x00,
  0x00,0x00,0x00,0x12,0x12,0x22,0x12,0x21,0x22,0x12,0x11,0x11,0x11,0x11,0x11,0x11,0x11,0x00,0x00,0x00,
  0x00,0x00,0x01,0x22,0x22,0x22,0x22,0x22,0x22,0x22,0x11,0x11,0x11,0x11,0x11,0x11,0x11,0x10,0x00,0x00,
  0x00,0x00,0x02,0x22,0x21,0x22,0x12,0x12,0x12,0x12,0x11,0x11,0x11,0x11,0x11,0x11,0x11,0x10,0x00,0x00,
  0x00,0x00,0x12,0x12,0x22,0x21,0x22,0x12,0x22,0x22,0x11,0x11,0x11,0x11,0x11,0x11,0x11,0x11,0x00,0x00,
  0x00,0x00,0x12,0x22,0x12,0x22,0x12,0x21,0x21,0x22,0x11,0x11,0x11,0x11,0x11,0x11,0x11,0x11,0x00,0x00,
  0x00,0x01,0x22,0x22,0x22,0x12,0x21,0x22,0x12,0x21,0x11,0x11,0x11,0x11,0x11,0x11,0x11,0x11,0x10,0x00,
  0x00,0x02,0x22,0x12,0x22,0x21,0x22,0x12,0x21,0x22,0x11,0x11,0x11,0x11,0x11,0x11,0x11,0x11,0x10,0x00,
  0x00,0x01,0x22,0x22,0x12,0x22,0x12,0x21,0x22,0x22,0x11,0x11,0x11,0x11,0x11,0x11,0x11,0x11,0x10,0x00,
  0x00,0x01,0x22,0x12,0x22,0x22,0x21,0x22,0x12,0x21,0x11,0x11,0x11,0x11,0x11,0x11,0x11,0x11,0x10,0x00,
  0x00,0x02,0x22,0x22,0x21,0x21,0x22,0x22,0x22,0x22,0x11,0x11,0x11,0x11,0x11,0x11,0x11,0x11,0x10,0x00,
  0x00,0x01,0x21,0x22,0x22,0x22,0x22,0x12,0x21,0x22,0x11,0x11,0x11,0x11,0x11,0x11,0x11,0x11,0x10,0x00,
  0x00,0x01,0x22,0x21,0x22,0x12,0x22,0x22,0x22,0x22,0x11,0x11,0x11,0x11,0x11,0x11,0x11,0x11,0x10,0x00,
  0x00,0x01,0x22,0x22,0x22,0x22,0x12,0x21,0x22,0x12,0x11,0x11,0x11,0x11,0x11,0x11,0x11,0x11,0x10,0x00,
  0x00,0x02,0x22,0x12,0x21,0x21,0x22,0x22,0x22,0x22,0x11,0x11,0x11,0x11,0x11,0x11,0x11,0x11,0x10,0x00,
  0x00,0x01,0x22,0x22,0x22,0x12,0x22,0x12,0x12,0x21,0x11,0x11,0x11,0x11,0x11,0x11,0x11,0x11,0x10,0x00,
  0x00,0x00,0x12,0x21,0x22,0x21,0x22,0x22,0x21,0x22,0x11,0x11,0x11,0x11,0x11,0x11,0x11,0x11,0x00,0x00,
  0x00,0x00,0x12,0x22,0x21,0x22,0x21,0x22,0x22,0x12,0x11,0x11,0x11,0x11,0x11,0x11,0x11,0x11,0x00,0x00,
  0x00,0x00,0x01,0x22,0x22,0x22,0x22,0x21,0x21,0x22,0x11,0x11,0x11,0x11,0x11,0x11,0x11,0x12,0x00,0x00,
  0x00,0x00,0x01,0x22,0x12,0x21,0x22,0x22,0x22,0x12,0x11,0x11,0x11,0x11,0x11,0x11,0x11,0x10,0x00,0x00,
  0x00,0x00,0x00,0x12,0x22,0x22,0x21,0x22,0x12,0x22,0x11,0x11,0x11,0x11,0x11,0x11,0x11,0x00,0x00,0x00,
  0x00,0x00,0x00,0x21,0x22,0x12,0x22,0x22,0x22,0x21,0x11,0x11,0x11,0x11,0x11,0x11,0x11,0x00,0x00,0x00,
  0x00,0x00,0x00,0x01,0x22,0x22,0x12,0x12,0x21,0x22,0x11,0x11,0x11,0x11,0x11,0x11,0x10,0x00,0x00,0x00,
  0x00,0x00,0x00,0x00,0x12,0x22,0x22,0x22,0x22,0x22,0x11,0x11,0x11,0x11,0x11,0x11,0x00,0x00,0x00,0x00,
  0x00,0x00,0x00,0x00,0x01,0x12,0x22,0x12,0x21,0x22,0x11,0x11,0x11,0x11,0x11,0x10,0x00,0x00,0x00,0x00,
  0x00,0x00,0x00,0x00,0x00,0x01,0x22,0x22,0x22,0x21,0x11,0x11,0x11,0x11,0x10,0x00,0x00,0x00,0x00,0x00,
  0x00,0x00,0x00,0x00,0x00,0x00,0x01,0x21,0x22,0x22,0x11,0x11,0x11,0x12,0x00,0x00,0x00,0x00,0x00,0x00,
  0x00,0x00,0x00,0x00,0x00,0x00,0x00,0x01,0x11,0x21,0x11,0x11,0x20,0x00,0x00,0x00,0x00,0x00,0x00,0x00,
  0x00,0x00,0x00,0x00,0x00,0x00,0x00,0x00,0x00,0x00,0x00,0x00,0x00,0x00,0x00,0x00,0x00,0x00,0x00,0x00,
  0x00,0x00,0x00,0x00,0x00,0x00,0x00,0x00,0x00,0x00,0x00,0x00,0x00,0x00,0x00,0x00,0x00,0x00,0x00,0x00,
  0x00,0x00,0x00,0x00,0x00,0x00,0x00,0x00,0x00,0x00,0x00,0x00,0x00,0x00,0x00,0x00,0x00,0x00,0x00,0x00,
};

static const uint8_t moon13_48[1152] PROGMEM = {
  0x00,0x00,0x00,0x00,0x00,0x00,0x00,0x00,0x00,0x00,0x00,0x00,0x00,0x00,0x00,0x00,0x00,0x00,0x00,0x00,
  0x00,0x00,0x00,0x00,0x00,0x00,0x00,0x00,0x00,0x00,0x00,0x00,0x00,0x00,0x00,0x00,0x00,0x00,0x00,0x00,
  0x00,0x00,0x00,0x00,0x00,0x00,0x00,0x00,0x00,0x00,0x00,0x00,0x00,0x00,0x00,0x00,0x00,0x00,0x00,0x00,
  0x00,0x00,0x00,0x00,0x00,0x00,0x00,0x00,0x00,0x00,0x00,0x00,0x00,0x00,0x00,0x00,0x00,0x00,0x00,0x00,
  0x00,0x00,0x00,0x21,0x21,0x00,0x00,0x00,0x00,0x00,0x00,0x00,0x00,0x00,0x00,0x00,0x00,0x00,0x00,0x00,
  0x00,0x00,0x00,0x00,0x01,0x11,0x21,0x11,0x11,0x11,0x11,0x10,0x00,0x00,0x00,0x00,0x00,0x00,0x00,0x00,
  0x00,0x00,0x00,0x00,0x00,0x00,0x00,0x01,0x12,0x22,0x21,0x11,0x11,0x11,0x11,0x11,0x10,0x00,0x00,0x00,
  0x00,0x00,0x00,0x00,0x00,0x00,0x00,0x00,0x00,0x00,0x01,0x12,0x22,0x22,0x11,0x11,0x11,0x11,0x11,0x11,
  0x11,0x10,0x00,0x00,0x00,0x00,0x00,0x00,0x00,0x00,0x00,0x00,0x00,0x00,0x12,0x22,0x22,0x21,0x11,0x11,
  0x11,0x11,0x11,0x11,0x11,0x11,0x00,0x00,0x00,0x00,0x00,0x00,0x00,0x00,0x00,0x00,0x00,0x01,0x22,0x22,
  0x12,0x11,0x11,0x11,0x11,0x11,0x11,0x11,0x11,0x11,0x11,0x00,0x00,0x00,0x00,0x00,0x00,0x00,0x00,0x00,
  0x02,0x22,0x22,0x12,0x22,0x11,0x11,0x11,0x11,0x11,0x11,0x11,0x11,0x11,0x11,0x10,0x00,0x00,0x00,0x00,
  0x00,0x00,0x00,0x00,0x01,0x22,0x12,0x22,0x22,0x11,0x11,0x11,0x11,0x11,0x11,0x11,0x11,0x11,0x11,0x12,
  0x00,0x00,0x00,0x00,0x00,0x00,0x00,0x00,0x12,0x22,0x22,0x22,0x12,0x11,0x11,0x11,0x11,0x11,0x11,0x11,
  0x11,0x11,0x11,0x11,0x00,0x00,0x00,0x00,0x00,0x00,0x00,0x01,0x22,0x21,0x22,0x12,0x21,0x11,0x11,0x11,
  0x11,0x11,0x11,0x11,0x11,0x11,0x11,0x11,0x10,0x00,0x00,0x00,0x00,0x00,0x00,0x12,0x22,0x22,0x22,0x22,
  0x21,0x11,0x11,0x11,0x11,0x11,0x11,0x11,0x11,0x11,0x11,0x11,0x11,0x00,0x00,0x00,0x00,0x00,0x00,0x12,
  0x21,0x22,0x12,0x21,0x21,0x11,0x11,0x11,0x11,0x11,0x11,0x11,0x11,0x11,0x11,0x11,0x11,0x00,0x00,0x00,
  0x00,0x00,0x01,0x22,0x22,0x22,0x22,0x12,0x11,0x11,0x11,0x11,0x11,0x11,0x11,0x11,0x11,0x11,0x11,0x11,
  0x11,0x10,0x00,0x00,0x00,0x00,0x01,0x22,0x21,0x22,0x12,0x22,0x21,0x11,0x11,0x11,0x11,0x11,0x11,0x11,
  0x11,0x11,0x11,0x11,0x11,0x10,0x00,0x00,0x00,0x00,0x22,0x21,0x22,0x22,0x21,0x21,0x11,0x11,0x11,0x11,
  0x11,0x11,0x11,0x11,0x11,0x11,0x11,0x11,0x11,0x11,0x00,0x00,0x00,0x00,0x12,0x22,0x22,0x12,0x22,0x12,
  0x11,0x11,0x11,0x11,0x11,0x11,0x11,0x11,0x11,0x11,0x11,0x11,0x11,0x11,0x00,0x00,0x00,0x00,0x12,0x21,
  0x22,0x22,0x12,0x22,0x11,0x11,0x11,0x11,0x11,0x11,0x11,0x11,0x11,0x11,0x11,0x11,0x11,0x11,0x00,0x00,
  0x00,0x00,0x12,0x22,0x21,0x22,0x22,0x12,0x11,0x11,0x11,0x11,0x11,0x11,0x11,0x11,0x11,0x11,0x11,0x11,
  0x11,0x11,0x00,0x00,0x00,0x00,0x12,0x21,0x22,0x22,0x12,0x22,0x11,0x11,0x11,0x11,0x11,0x11,0x11,0x11,
  0x11,0x11,0x11,0x11,0x11,0x11,0x10,0x00,0x00,0x01,0x22,0x22,0x22,0x12,0x22,0x21,0x11,0x11,0x11,0x11,
  0x11,0x11,0x11,0x11,0x11,0x11,0x11,0x11,0x11,0x11,0x20,0x00,0x00,0x02,0x12,0x22,0x12,0x22,0x21,0x22,
  0x11,0x11,0x11,0x11,0x11,0x11,0x11,0x11,0x11,0x11,0x11,0x11,0x11,0x11,0x10,0x00,0x00,0x01,0x22,0x22,
  0x22,0x21,0x22,0x22,0x11,0x11,0x11,0x11,0x11,0x11,0x11,0x11,0x11,0x11,0x11,0x11,0x11,0x11,0x10,0x00,
  0x00,0x02,0x12,0x21,0x22,0x22,0x22,0x22,0x11,0x11,0x11,0x11,0x11,0x11,0x11,0x11,0x11,0x11,0x11,0x11,
  0x11,0x11,0x20,0x00,0x00,0x00,0x22,0x22,0x21,0x22,0x12,0x12,0x11,0x11,0x11,0x11,0x11,0x11,0x11,0x11,
  0x11,0x11,0x11,0x11,0x11,0x11,0x10,0x00,0x00,0x00,0x12,0x21,0x22,0x22,0x22,0x22,0x11,0x11,0x11,0x11,
  0x11,0x11,0x11,0x11,0x11,0x11,0x11,0x11,0x11,0x11,0x00,0x00,0x00,0x00,0x12,0x22,0x22,0x12,0x12,0x12,
  0x11,0x11,0x11,0x11,0x11,0x11,0x11,0x11,0x11,0x11,0x11,0x11,0x11,0x11,0x00,0x00,0x00,0x00,0x12,0x22,
  0x12,0x22,0x12,0x22,0x11,0x11,0x11,0x11,0x11,0x11,0x11,0x11,0x11,0x11,0x11,0x11,0x11,0x11,0x00,0x00,
  0x00,0x00,0x21,0x22,0x22,0x22,0x21,0x22,0x21,0x11,0x11,0x11,0x11,0x11,0x11,0x11,0x11,0x11,0x11,0x11,
  0x11,0x11,0x00,0x00,0x00,0x00,0x01,0x22,0x21,0x21,0x22,0x22,0x11,0x11,0x11,0x11,0x11,0x11,0x11,0x11,
  0x11,0x11,0x11,0x11,0x11,0x10,0x00,0x00,0x00,0x00,0x01,0x22,0x22,0x22,0x22,0x12,0x21,0x11,0x11,0x11,
  0x11,0x11,0x11,0x11,0x11,0x11,0x11,0x11,0x11,0x10,0x00,0x00,0x00,0x00,0x00,0x12,0x12,0x22,0x12,0x22,
  0x21,0x11,0x11,0x11,0x11,0x11,0x11,0x11,0x11,0x11,0x11,0x11,0x11,0x00,0x00,0x00,0x00,0x00,0x00,0x12,
  0x22,0x12,0x22,0x21,0x21,0x11,0x11,0x11,0x11,0x11,0x11,0x11,0x11,0x11,0x11,0x11,0x11,0x00,0x00,0x00,
  0x00,0x00,0x00,0x01,0x22,0x22,0x21,0x22,0x21,0x11,0x11,0x11,0x11,0x11,0x11,0x11,0x11,0x11,0x11,0x11,
  0x10,0x00,0x00,0x00,0x00,0x00,0x00,0x00,0x12,0x21,0x22,0x22,0x22,0x11,0x11,0x11,0x11,0x11,0x11,0x11,
  0x11,0x11,0x11,0x11,0x00,0x00,0x00,0x00,0x00,0x00,0x00,0x00,0x12,0x22,0x22,0x21,0x22,0x11,0x11,0x11,
  0x11,0x11,0x11,0x11,0x11,0x11,0x11,0x11,0x00,0x00,0x00,0x00,0x00,0x00,0x00,0x00,0x01,0x22,0x12,0x22,
  0x22,0x11,0x11,0x11,0x11,0x11,0x11,0x11,0x11,0x11,0x11,0x10,0x00,0x00,0x00,0x00,0x00,0x00,0x00,0x00,
  0x00,0x11,0x22,0x12,0x21,0x21,0x11,0x11,0x11,0x11,0x11,0x11,0x11,0x11,0x11,0x00,0x00,0x00,0x00,0x00,
  0x00,0x00,0x00,0x00,0x00,0x00,0x12,0x22,0x22,0x21,0x11,0x11,0x11,0x11,0x11,0x11,0x11,0x11,0x00,0x00,
  0x00,0x00,0x00,0x00,0x00,0x00,0x00,0x00,0x00,0x00,0x01,0x12,0x22,0x22,0x11,0x11,0x11,0x11,0x11,0x11,
  0x11,0x10,0x00,0x00,0x00,0x00,0x00,0x00,0x00,0x00,0x00,0x00,0x00,0x00,0x00,0x01,0x12,0x12,0x11,0x11,
  0x11,0x11,0x11,0x11,0x10,0x00,0x00,0x00,0x00,0x00,0x00,0x00,0x00,0x00,0x00,0x00,0x00,0x00,0x00,0x00,
  0x01,0x21,0x21,0x11,0x11,0x11,0x11,0x20,0x00,0x00,0x00,0x00,0x00,0x00,0x00,0x00,0x00,0x00,0x00,0x00,
  0x00,0x00,0x00,0x00,0x00,0x00,0x02,0x12,0x12,0x10,0x00,0x00,0x00,0x00,0x00,0x00,0x00,0x00,0x00,0x00,
  0x00,0x00,0x00,0x00,0x00,0x00,0x00,0x00,0x00,0x00,0x00,0x00,0x00,0x00,0x00,0x00,0x00,0x00,0x00,0x00,
  0x00,0x00,0x00,0x00,0x00,0x00,0x00,0x00,0x00,0x00,0x00,0x00,0x00,0x00,0x00,0x00,0x00,0x00,0x00,0x00,
  0x00,0x00,0x00,0x00,0x00,0x00,0x00,0x00,0x00,0x00,0x00,0x00,0x00,0x00,0x00,0x00,0x00,0x00,0x00,0x00,
  0x00,0x00,0x00,0x00,0x00,0x00,0x00,0x00,0x00,0x00,0x00,0x00,
};

static const uint8_t moon13_40[800] PROGMEM = {
  0x00,0x00,0x00,0x00,0x00,0x00,0x00,0x00,0x00,0x00,0x00,0x00,0x00,0x00,0x00,0x00,0x00,0x00,0x00,0x00,
  0x00,0x00,0x00,0x00,0x00,0x00,0x00,0x00,0x00,0x00,0x00,0x00,0x00,0x00,0x00,0x00,0x00,0x00,0x00,0x00,
  0x00,0x00,0x00,0x00,0x00,0x00,0x00,0x00,0x00,0x00,0x00,0x00,0x00,0x00,0x00,0x00,0x00,0x00,0x00,0x00,
  0x00,0x00,0x00,0x00,0x00,0x00,0x00,0x01,0x21,0x11,0x11,0x11,0x20,0x00,0x00,0x00,0x00,0x00,0x00,0x00,
  0x00,0x00,0x00,0x00,0x00,0x00,0x01,0x22,0x21,0x11,0x11,0x11,0x11,0x10,0x00,0x00,0x00,0x00,0x00,0x00,
  0x00,0x00,0x00,0x00,0x00,0x01,0x22,0x21,0x21,0x11,0x11,0x11,0x11,0x11,0x10,0x00,0x00,0x00,0x00,0x00,
  0x00,0x00,0x00,0x00,0x01,0x22,0x21,0x22,0x11,0x11,0x11,0x11,0x11,0x11,0x11,0x10,0x00,0x00,0x00,0x00,
  0x00,0x00,0x00,0x00,0x12,0x21,0x22,0x21,0x11,0x11,0x11,0x11,0x11,0x11,0x11,0x11,0x00,0x00,0x00,0x00,
  0x00,0x00,0x00,0x01,0x22,0x22,0x22,0x21,0x11,0x11,0x11,0x11,0x11,0x11,0x11,0x11,0x10,0x00,0x00,0x00,
  0x00,0x00,0x00,0x22,0x22,0x12,0x21,0x21,0x11,0x11,0x11,0x11,0x11,0x11,0x11,0x11,0x12,0x00,0x00,0x00,
  0x00,0x00,0x00,0x12,0x12,0x22,0x22,0x11,0x11,0x11,0x11,0x11,0x11,0x11,0x11,0x11,0x11,0x00,0x00,0x00,
  0x00,0x00,0x01,0x22,0x22,0x21,0x22,0x11,0x11,0x11,0x11,0x11,0x11,0x11,0x11,0x11,0x11,0x10,0x00,0x00,
  0x00,0x00,0x02,0x22,0x21,0x22,0x21,0x11,0x11,0x11,0x11,0x11,0x11,0x11,0x11,0x11,0x11,0x10,0x00,0x00,
  0x00,0x00,0x12,0x12,0x22,0x22,0x12,0x11,0x11,0x11,0x11,0x11,0x11,0x11,0x11,0x11,0x11,0x11,0x00,0x00,
  0x00,0x00,0x12,0x22,0x12,0x21,0x22,0x11,0x11,0x11,0x11,0x11,0x11,0x11,0x11,0x11,0x11,0x11,0x00,0x00,
  0x00,0x01,0x22,0x22,0x22,0x22,0x11,0x11,0x11,0x11,0x11,0x11,0x11,0x11,0x11,0x11,0x11,0x11,0x10,0x00,
  0x00,0x02,0x22,0x12,0x21,0x21,0x22,0x11,0x11,0x11,0x11,0x11,0x11,0x11,0x11,0x11,0x11,0x11,0x10,0x00,
  0x00,0x01,0x22,0x22,0x22,0x22,0x21,0x11,0x11,0x11,0x11,0x11,0x11,0x11,0x11,0x11,0x11,0x11,0x10,0x00,
  0x00,0x01,0x22,0x12,0x12,0x21,0x21,0x11,0x11,0x11,0x11,0x11,0x11,0x11,0x11,0x11,0x11,0x11,0x10,0x00,
  0x00,0x02,0x22,0x22,0x22,0x22,0x21,0x11,0x11,0x11,0x11,0x11,0x11,0x11,0x11,0x11,0x11,0x11,0x10,0x00,
  0x00,0x01,0x21,0x22,0x21,0x22,0x21,0x11,0x11,0x11,0x11,0x11,0x11,0x11,0x11,0x11,0x11,0x11,0x10,0x00,
  0x00,0x01,0x22,0x21,0x22,0x21,0x22,0x11,0x11,0x11,0x11,0x11,0x11,0x11,0x11,0x11,0x11,0x11,0x10,0x00,
  0x00,0x01,0x22,0x22,0x22,0x22,0x21,0x11,0x11,0x11,0x11,0x11,0x11,0x11,0x11,0x11,0x11,0x11,0x10,0x00,
  0x00,0x02,0x22,0x12,0x21,0x21,0x21,0x11,0x11,0x11,0x11,0x11,0x11,0x11,0x11,0x11,0x11,0x11,0x10,0x00,
  0x00,0x01,0x22,0x22,0x22,0x12,0x22,0x11,0x11,0x11,0x11,0x11,0x11,0x11,0x11,0x11,0x11,0x11,0x10,0x00,
  0x00,0x00,0x12,0x21,0x22,0x21,0x21,0x11,0x11,0x11,0x11,0x11,0x11,0x11,0x11,0x11,0x11,0x11,0x00,0x00,
  0x00,0x00,0x12,0x22,0x21,0x22,0x22,0x11,0x11,0x11,0x11,0x11,0x11,0x11,0x11,0x11,0x11,0x11,0x00,0x00,
  0x00,0x00,0x01,0x22,0x22,0x22,0x22,0x11,0x11,0x11,0x11,0x11,0x11,0x11,0x11,0x11,0x11,0x12,0x00,0x00,
  0x00,0x00,0x01,0x22,0x12,0x21,0x22,0x11,0x11,0x11,0x11,0x11,0x11,0x11,0x11,0x11,0x11,0x10,0x00,0x00,
  0x00,0x00,0x00,0x12,0x22,0x22,0x22,0x11,0x11,0x11,0x11,0x11,0x11,0x11,0x11,0x11,0x11,0x00,0x00,0x00,
  0x00,0x00,0x00,0x21,0x22,0x12,0x12,0x21,0x11,0x11,0x11,0x11,0x11,0x11,0x11,0x11,0x11,0x00,0x00,0x00,
  0x00,0x00,0x00,0x01,0x22,0x22,0x22,0x21,0x11,0x11,0x11,0x11,0x11,0x11,0x11,0x11,0x10,0x00,0x00,0x00,
  0x00,0x00,0x00,0x00,0x12,0x22,0x12,0x21,0x11,0x11,0x11,0x11,0x11,0x11,0x11,0x11,0x00,0x00,0x00,0x00,
  0x00,0x00,0x00,0x00,0x01,0x12,0x22,0x22,0x11,0x11,0x11,0x11,0x11,0x11,0x11,0x10,0x00,0x00,0x00,0x00,
  0x00,0x00,0x00,0x00,0x00,0x01,0x22,0x12,0x11,0x11,0x11,0x11,0x11,0x11,0x10,0x00,0x00,0x00,0x00,0x00,
  0x00,0x00,0x00,0x00,0x00,0x00,0x02,0x22,0x21,0x11,0x11,0x11,0x11,0x12,0x00,0x00,0x00,0x00,0x00,0x00,
  0x00,0x00,0x00,0x00,0x00,0x00,0x00,0x01,0x21,0x11,0x11,0x11,0x20,0x00,0x00,0x00,0x00,0x00,0x00,0x00,
  0x00,0x00,0x00,0x00,0x00,0x00,0x00,0x00,0x00,0x00,0x00,0x00,0x00,0x00,0x00,0x00,0x00,0x00,0x00,0x00,
  0x00,0x00,0x00,0x00,0x00,0x00,0x00,0x00,0x00,0x00,0x00,0x00,0x00,0x00,0x00,0x00,0x00,0x00,0x00,0x00,
  0x00,0x00,0x00,0x00,0x00,0x00,0x00,0x00,0x00,0x00,0x00,0x00,0x00,0x00,0x00,0x00,0x00,0x00,0x00,0x00,
};

static const uint8_t moon14_48[1152] PROGMEM = {
  0x00,0x00,0x00,0x00,0x00,0x00,0x00,0x00,0x00,0x00,0x00,0x00,0x00,0x00,0x00,0x00,0x00,0x00,0x00,0x00,
  0x00,0x00,0x00,0x00,0x00,0x00,0x00,0x00,0x00,0x00,0x00,0x00,0x00,0x00,0x00,0x00,0x00,0x00,0x00,0x00,
  0x00,0x00,0x00,0x00,0x00,0x00,0x00,0x00,0x00,0x00,0x00,0x00,0x00,0x00,0x00,0x00,0x00,0x00,0x00,0x00,
  0x00,0x00,0x00,0x00,0x00,0x00,0x00,0x00,0x00,0x00,0x00,0x00,0x00,0x00,0x00,0x00,0x00,0x00,0x00,0x00,
  0x00,0x00,0x00,0x21,0x21,0x00,0x00,0x00,0x00,0x00,0x00,0x00,0x00,0x00,0x00,0x00,0x00,0x00,0x00,0x00,
  0x00,0x00,0x00,0x00,0x01,0x11,0x11,0x11,0x11,0x11,0x11,0x10,0x00,0x00,0x00,0x00,0x00,0x00,0x00,0x00,
  0x00,0x00,0x00,0x00,0x00,0x00,0x00,0x01,0x21,0x11,0x11,0x11,0x11,0x11,0x11,0x11,0x10,0x00,0x00,0x00,
  0x00,0x00,0x00,0x00,0x00,0x00,0x00,0x00,0x00,0x00,0x01,0x12,0x11,0x11,0x11,0x11,0x11,0x11,0x11,0x11,
  0x11,0x10,0x00,0x00,0x00,0x00,0x00,0x00,0x00,0x00,0x00,0x00,0x00,0x00,0x12,0x21,0x11,0x11,0x11,0x11,
  0x11,0x11,0x11,0x11,0x11,0x11,0x00,0x00,0x00,0x00,0x00,0x00,0x00,0x00,0x00,0x00,0x00,0x01,0x22,0x11,
  0x11,0x11,0x11,0x11,0x11,0x11,0x11,0x11,0x11,0x11,0x11,0x00,0x00,0x00,0x00,0x00,0x00,0x00,0x00,0x00,
  0x02,0x22,0x22,0x11,0x11,0x11,0x11,0x11,0x11,0x11,0x11,0x11,0x11,0x11,0x11,0x10,0x00,0x00,0x00,0x00,
  0x00,0x00,0x00,0x00,0x01,0x22,0x11,0x11,0x11,0x11,0x11,0x11,0x11,0x11,0x11,0x11,0x11,0x11,0x11,0x12,
  0x00,0x00,0x00,0x00,0x00,0x00,0x00,0x00,0x12,0x22,0x11,0x11,0x11,0x11,0x11,0x11,0x11,0x11,0x11,0x11,
  0x11,0x11,0x11,0x11,0x00,0x00,0x00,0x00,0x00,0x00,0x00,0x01,0x22,0x22,0x11,0x11,0x11,0x11,0x11,0x11,
  0x11,0x11,0x11,0x11,0x11,0x11,0x11,0x11,0x10,0x00,0x00,0x00,0x00,0x00,0x00,0x12,0x22,0x11,0x11,0x11,
  0x11,0x11,0x11,0x11,0x11,0x11,0x11,0x11,0x11,0x11,0x11,0x11,0x11,0x00,0x00,0x00,0x00,0x00,0x00,0x12,
  0x22,0x21,0x11,0x11,0x11,0x11,0x11,0x11,0x11,0x11,0x11,0x11,0x11,0x11,0x11,0x11,0x11,0x00,0x00,0x00,
  0x00,0x00,0x01,0x22,0x21,0x21,0x11,0x11,0x11,0x11,0x11,0x11,0x11,0x11,0x11,0x11,0x11,0x11,0x11,0x11,
  0x11,0x10,0x00,0x00,0x00,0x00,0x01,0x22,0x22,0x11,0x11,0x11,0x11,0x11,0x11,0x11,0x11,0x11,0x11,0x11,
  0x11,0x11,0x11,0x11,0x11,0x10,0x00,0x00,0x00,0x00,0x22,0x21,0x22,0x11,0x11,0x11,0x11,0x11,0x11,0x11,
  0x11,0x11,0x11,0x11,0x11,0x11,0x11,0x11,0x11,0x11,0x00,0x00,0x00,0x00,0x12,0x22,0x22,0x11,0x11,0x11,
  0x11,0x11,0x11,0x11,0x11,0x11,0x11,0x11,0x11,0x11,0x11,0x11,0x11,0x11,0x00,0x00,0x00,0x00,0x12,0x21,
  0x21,0x11,0x11,0x11,0x11,0x11,0x11,0x11,0x11,0x11,0x11,0x11,0x11,0x11,0x11,0x11,0x11,0x11,0x00,0x00,
  0x00,0x00,0x12,0x22,0x22,0x11,0x11,0x11,0x11,0x11,0x11,0x11,0x11,0x11,0x11,0x11,0x11,0x11,0x11,0x11,
  0x11,0x11,0x00,0x00,0x00,0x00,0x12,0x22,0x12,0x11,0x11,0x11,0x11,0x11,0x11,0x11,0x11,0x11,0x11,0x11,
  0x11,0x11,0x11,0x11,0x11,0x11,0x10,0x00,0x00,0x01,0x22,0x22,0x21,0x11,0x11,0x11,0x11,0x11,0x11,0x11,
  0x11,0x11,0x11,0x11,0x11,0x11,0x11,0x11,0x11,0x11,0x20,0x00,0x00,0x02,0x12,0x21,0x21,0x11,0x11,0x11,
  0x11,0x11,0x11,0x11,0x11,0x11,0x11,0x11,0x11,0x11,0x11,0x11,0x11,0x11,0x10,0x00,0x00,0x01,0x22,0x22,
  0x21,0x11,0x11,0x11,0x11,0x11,0x11,0x11,0x11,0x11,0x11,0x11,0x11,0x11,0x11,0x11,0x11,0x11,0x10,0x00,
  0x00,0x02,0x12,0x21,0x22,0x11,0x11,0x11,0x11,0x11,0x11,0x11,0x11,0x11,0x11,0x11,0x11,0x11,0x11,0x11,
  0x11,0x11,0x20,0x00,0x00,0x00,0x22,0x22,0x21,0x11,0x11,0x11,0x11,0x11,0x11,0x11,0x11,0x11,0x11,0x11,
  0x11,0x11,0x11,0x11,0x11,0x11,0x10,0x00,0x00,0x00,0x12,0x21,0x22,0x11,0x11,0x11,0x11,0x11,0x11,0x11,
  0x11,0x11,0x11,0x11,0x11,0x11,0x11,0x11,0x11,0x11,0x00,0x00,0x00,0x00,0x12,0x22,0x21,0x11,0x11,0x11,
  0x11,0x11,0x11,0x11,0x11,0x11,0x11,0x11,0x11,0x11,0x11,0x11,0x11,0x11,0x00,0x00,0x00,0x00,0x12,0x22,
  0x22,0x11,0x11,0x11,0x11,0x11,0x11,0x11,0x11,0x11,0x11,0x11,0x11,0x11,0x11,0x11,0x11,0x11,0x00,0x00,
  0x00,0x00,0x21,0x22,0x12,0x11,0x11,0x11,0x11,0x11,0x11,0x11,0x11,0x11,0x11,0x11,0x11,0x11,0x11,0x11,
  0x11,0x11,0x00,0x00,0x00,0x00,0x01,0x22,0x22,0x11,0x11,0x11,0x11,0x11,0x11,0x11,0x11,0x11,0x11,0x11,
  0x11,0x11,0x11,0x11,0x11,0x10,0x00,0x00,0x00,0x00,0x01,0x22,0x22,0x21,0x11,0x11,0x11,0x11,0x11,0x11,
  0x11,0x11,0x11,0x11,0x11,0x11,0x11,0x11,0x11,0x10,0x00,0x00,0x00,0x00,0x00,0x12,0x12,0x21,0x11,0x11,
  0x11,0x11,0x11,0x11,0x11,0x11,0x11,0x11,0x11,0x11,0x11,0x11,0x11,0x00,0x00,0x00,0x00,0x00,0x00,0x12,
  0x22,0x21,0x11,0x11,0x11,0x11,0x11,0x11,0x11,0x11,0x11,0x11,0x11,0x11,0x11,0x11,0x11,0x00,0x00,0x00,
  0x00,0x00,0x00,0x01,0x22,0x22,0x11,0x11,0x11,0x11,0x11,0x11,0x11,0x11,0x11,0x11,0x11,0x11,0x11,0x11,
  0x10,0x00,0x00,0x00,0x00,0x00,0x00,0x00,0x12,0x12,0x11,0x11,0x11,0x11,0x11,0x11,0x11,0x11,0x11,0x11,
  0x11,0x11,0x11,0x11,0x00,0x00,0x00,0x00,0x00,0x00,0x00,0x00,0x12,0x22,0x21,0x11,0x11,0x11,0x11,0x11,
  0x11,0x11,0x11,0x11,0x11,0x11,0x11,0x11,0x00,0x00,0x00,0x00,0x00,0x00,0x00,0x00,0x01,0x22,0x21,0x11,
  0x11,0x11,0x11,0x11,0x11,0x11,0x11,0x11,0x11,0x11,0x11,0x10,0x00,0x00,0x00,0x00,0x00,0x00,0x00,0x00,
  0x00,0x11,0x22,0x11,0x11,0x11,0x11,0x11,0x11,0x11,0x11,0x11,0x11,0x11,0x12,0x00,0x00,0x00,0x00,0x00,
  0x00,0x00,0x00,0x00,0x00,0x00,0x12,0x21,0x11,0x11,0x11,0x11,0x11,0x11,0x11,0x11,0x11,0x11,0x00,0x00,
  0x00,0x00,0x00,0x00,0x00,0x00,0x00,0x00,0x00,0x00,0x01,0x22,0x11,0x11,0x11,0x11,0x11,0x11,0x11,0x11,
  0x11,0x10,0x00,0x00,0x00,0x00,0x00,0x00,0x00,0x00,0x00,0x00,0x00,0x00,0x00,0x01,0x21,0x11,0x11,0x11,
  0x11,0x11,0x11,0x11,0x10,0x00,0x00,0x00,0x00,0x00,0x00,0x00,0x00,0x00,0x00,0x00,0x00,0x00,0x00,0x00,
  0x01,0x21,0x11,0x11,0x11,0x11,0x11,0x20,0x00,0x00,0x00,0x00,0x00,0x00,0x00,0x00,0x00,0x00,0x00,0x00,
  0x00,0x00,0x00,0x00,0x00,0x00,0x01,0x21,0x21,0x20,0x00,0x00,0x00,0x00,0x00,0x00,0x00,0x00,0x00,0x00,
  0x00,0x00,0x00,0x00,0x00,0x00,0x00,0x00,0x00,0x00,0x00,0x00,0x00,0x00,0x00,0x00,0x00,0x00,0x00,0x00,
  0x00,0x00,0x00,0x00,0x00,0x00,0x00,0x00,0x00,0x00,0x00,0x00,0x00,0x00,0x00,0x00,0x00,0x00,0x00,0x00,
  0x00,0x00,0x00,0x00,0x00,0x00,0x00,0x00,0x00,0x00,0x00,0x00,0x00,0x00,0x00,0x00,0x00,0x00,0x00,0x00,
  0x00,0x00,0x00,0x00,0x00,0x00,0x00,0x00,0x00,0x00,0x00,0x00,
};

static const uint8_t moon14_40[800] PROGMEM = {
  0x00,0x00,0x00,0x00,0x00,0x00,0x00,0x00,0x00,0x00,0x00,0x00,0x00,0x00,0x00,0x00,0x00,0x00,0x00,0x00,
  0x00,0x00,0x00,0x00,0x00,0x00,0x00,0x00,0x00,0x00,0x00,0x00,0x00,0x00,0x00,0x00,0x00,0x00,0x00,0x00,
  0x00,0x00,0x00,0x00,0x00,0x00,0x00,0x00,0x00,0x00,0x00,0x00,0x00,0x00,0x00,0x00,0x00,0x00,0x00,0x00,
  0x00,0x00,0x00,0x00,0x00,0x00,0x00,0x01,0x11,0x11,0x11,0x11,0x20,0x00,0x00,0x00,0x00,0x00,0x00,0x00,
  0x00,0x00,0x00,0x00,0x00,0x00,0x01,0x11,0x11,0x11,0x11,0x11,0x11,0x10,0x00,0x00,0x00,0x00,0x00,0x00,
  0x00,0x00,0x00,0x00,0x00,0x01,0x21,0x11,0x11,0x11,0x11,0x11,0x11,0x11,0x10,0x00,0x00,0x00,0x00,0x00,
  0x00,0x00,0x00,0x00,0x01,0x22,0x11,0x11,0x11,0x11,0x11,0x11,0x11,0x11,0x11,0x10,0x00,0x00,0x00,0x00,
  0x00,0x00,0x00,0x00,0x12,0x21,0x11,0x11,0x11,0x11,0x11,0x11,0x11,0x11,0x11,0x11,0x00,0x00,0x00,0x00,
  0x00,0x00,0x00,0x01,0x22,0x21,0x11,0x11,0x11,0x11,0x11,0x11,0x11,0x11,0x11,0x11,0x10,0x00,0x00,0x00,
  0x00,0x00,0x00,0x22,0x22,0x11,0x11,0x11,0x11,0x11,0x11,0x11,0x11,0x11,0x11,0x11,0x12,0x00,0x00,0x00,
  0x00,0x00,0x00,0x12,0x21,0x11,0x11,0x11,0x11,0x11,0x11,0x11,0x11,0x11,0x11,0x11,0x11,0x00,0x00,0x00,
  0x00,0x00,0x01,0x22,0x21,0x11,0x11,0x11,0x11,0x11,0x11,0x11,0x11,0x11,0x11,0x11,0x11,0x10,0x00,0x00,
  0x00,0x00,0x02,0x21,0x21,0x11,0x11,0x11,0x11,0x11,0x11,0x11,0x11,0x11,0x11,0x11,0x11,0x10,0x00,0x00,
  0x00,0x00,0x12,0x22,0x21,0x11,0x11,0x11,0x11,0x11,0x11,0x11,0x11,0x11,0x11,0x11,0x11,0x11,0x00,0x00,
  0x00,0x00,0x12,0x21,0x21,0x11,0x11,0x11,0x11,0x11,0x11,0x11,0x11,0x11,0x11,0x11,0x11,0x11,0x00,0x00,
  0x00,0x01,0x22,0x22,0x11,0x11,0x11,0x11,0x11,0x11,0x11,0x11,0x11,0x11,0x11,0x11,0x11,0x11,0x10,0x00,
  0x00,0x02,0x22,0x12,0x11,0x11,0x11,0x11,0x11,0x11,0x11,0x11,0x11,0x11,0x11,0x11,0x11,0x11,0x10,0x00,
  0x00,0x01,0x22,0x22,0x11,0x11,0x11,0x11,0x11,0x11,0x11,0x11,0x11,0x11,0x11,0x11,0x11,0x11,0x10,0x00,
  0x00,0x01,0x22,0x12,0x11,0x11,0x11,0x11,0x11,0x11,0x11,0x11,0x11,0x11,0x11,0x11,0x11,0x11,0x10,0x00,
  0x00,0x01,0x22,0x22,0x11,0x11,0x11,0x11,0x11,0x11,0x11,0x11,0x11,0x11,0x11,0x11,0x11,0x11,0x10,0x00,
  0x00,0x02,0x22,0x12,0x11,0x11,0x11,0x11,0x11,0x11,0x11,0x11,0x11,0x11,0x11,0x11,0x11,0x11,0x10,0x00,
  0x00,0x01,0x22,0x22,0x11,0x11,0x11,0x11,0x11,0x11,0x11,0x11,0x11,0x11,0x11,0x11,0x11,0x11,0x10,0x00,
  0x00,0x01,0x22,0x12,0x11,0x11,0x11,0x11,0x11,0x11,0x11,0x11,0x11,0x11,0x11,0x11,0x11,0x11,0x10,0x00,
  0x00,0x01,0x22,0x22,0x11,0x11,0x11,0x11,0x11,0x11,0x11,0x11,0x11,0x11,0x11,0x11,0x11,0x11,0x10,0x00,
  0x00,0x02,0x22,0x12,0x11,0x11,0x11,0x11,0x11,0x11,0x11,0x11,0x11,0x11,0x11,0x11,0x11,0x11,0x10,0x00,
  0x00,0x00,0x12,0x22,0x11,0x11,0x11,0x11,0x11,0x11,0x11,0x11,0x11,0x11,0x11,0x11,0x11,0x11,0x00,0x00,
  0x00,0x00,0x12,0x22,0x21,0x11,0x11,0x11,0x11,0x11,0x11,0x11,0x11,0x11,0x11,0x11,0x11,0x11,0x00,0x00,
  0x00,0x00,0x01,0x22,0x21,0x11,0x11,0x11,0x11,0x11,0x11,0x11,0x11,0x11,0x11,0x11,0x11,0x12,0x00,0x00,
  0x00,0x00,0x01,0x22,0x12,0x11,0x11,0x11,0x11,0x11,0x11,0x11,0x11,0x11,0x11,0x11,0x11,0x10,0x00,0x00,
  0x00,0x00,0x00,0x12,0x22,0x11,0x11,0x11,0x11,0x11,0x11,0x11,0x11,0x11,0x11,0x11,0x11,0x00,0x00,0x00,
  0x00,0x00,0x00,0x21,0x22,0x11,0x11,0x11,0x11,0x11,0x11,0x11,0x11,0x11,0x11,0x11,0x11,0x00,0x00,0x00,
  0x00,0x00,0x00,0x01,0x22,0x21,0x11,0x11,0x11,0x11,0x11,0x11,0x11,0x11,0x11,0x11,0x10,0x00,0x00,0x00,
  0x00,0x00,0x00,0x00,0x12,0x21,0x11,0x11,0x11,0x11,0x11,0x11,0x11,0x11,0x11,0x11,0x00,0x00,0x00,0x00,
  0x00,0x00,0x00,0x00,0x01,0x22,0x11,0x11,0x11,0x11,0x11,0x11,0x11,0x11,0x11,0x20,0x00,0x00,0x00,0x00,
  0x00,0x00,0x00,0x00,0x00,0x01,0x22,0x11,0x11,0x11,0x11,0x11,0x11,0x11,0x10,0x00,0x00,0x00,0x00,0x00,
  0x00,0x00,0x00,0x00,0x00,0x00,0x02,0x11,0x11,0x11,0x11,0x11,0x11,0x12,0x00,0x00,0x00,0x00,0x00,0x00,
  0x00,0x00,0x00,0x00,0x00,0x00,0x00,0x01,0x11,0x11,0x11,0x11,0x20,0x00,0x00,0x00,0x00,0x00,0x00,0x00,
  0x00,0x00,0x00,0x00,0x00,0x00,0x00,0x00,0x00,0x00,0x00,0x00,0x00,0x00,0x00,0x00,0x00,0x00,0x00,0x00,
  0x00,0x00,0x00,0x00,0x00,0x00,0x00,0x00,0x00,0x00,0x00,0x00,0x00,0x00,0x00,0x00,0x00,0x00,0x00,0x00,
  0x00,0x00,0x00,0x00,0x00,0x00,0x00,0x00,0x00,0x00,0x00,0x00,0x00,0x00,0x00,0x00,0x00,0x00,0x00,0x00,
};

static const uint8_t moon15_48[1152] PROGMEM = {
  0x00,0x00,0x00,0x00,0x00,0x00,0x00,0x00,0x00,0x00,0x00,0x00,0x00,0x00,0x00,0x00,0x00,0x00,0x00,0x00,
  0x00,0x00,0x00,0x00,0x00,0x00,0x00,0x00,0x00,0x00,0x00,0x00,0x00,0x00,0x00,0x00,0x00,0x00,0x00,0x00,
  0x00,0x00,0x00,0x00,0x00,0x00,0x00,0x00,0x00,0x00,0x00,0x00,0x00,0x00,0x00,0x00,0x00,0x00,0x00,0x00,
  0x00,0x00,0x00,0x00,0x00,0x00,0x00,0x00,0x00,0x00,0x00,0x00,0x00,0x00,0x00,0x00,0x00,0x00,0x00,0x00,
  0x00,0x00,0x00,0x21,0x21,0x00,0x00,0x00,0x00,0x00,0x00,0x00,0x00,0x00,0x00,0x00,0x00,0x00,0x00,0x00,
  0x00,0x00,0x00,0x00,0x01,0x11,0x11,0x11,0x11,0x11,0x11,0x10,0x00,0x00,0x00,0x00,0x00,0x00,0x00,0x00,
  0x00,0x00,0x00,0x00,0x00,0x00,0x00,0x01,0x11,0x11,0x11,0x11,0x11,0x11,0x11,0x11,0x10,0x00,0x00,0x00,
  0x00,0x00,0x00,0x00,0x00,0x00,0x00,0x00,0x00,0x00,0x01,0x11,0x11,0x11,0x11,0x11,0x11,0x11,0x11,0x11,
  0x11,0x10,0x00,0x00,0x00,0x00,0x00,0x00,0x00,0x00,0x00,0x00,0x00,0x00,0x11,0x11,0x11,0x11,0x11,0x11,
  0x11,0x11,0x11,0x11,0x11,0x11,0x00,0x00,0x00,0x00,0x00,0x00,0x00,0x00,0x00,0x00,0x00,0x01,0x11,0x11,
  0x11,0x11,0x11,0x11,0x11,0x11,0x11,0x11,0x11,0x11,0x11,0x00,0x00,0x00,0x00,0x00,0x00,0x00,0x00,0x00,
  0x02,0x11,0x11,0x11,0x11,0x11,0x11,0x11,0x11,0x11,0x11,0x11,0x11,0x11,0x11,0x10,0x00,0x00,0x00,0x00,
  0x00,0x00,0x00,0x00,0x01,0x11,0x11,0x11,0x11,0x11,0x11,0x11,0x11,0x11,0x11,0x11,0x11,0x11,0x11,0x12,
  0x00,0x00,0x00,0x00,0x00,0x00,0x00,0x00,0x11,0x11,0x11,0x11,0x11,0x11,0x11,0x11,0x11,0x11,0x11,0x11,
  0x11,0x11,0x11,0x11,0x00,0x00,0x00,0x00,0x00,0x00,0x00,0x01,0x21,0x11,0x11,0x11,0x11,0x11,0x11,0x11,
  0x11,0x11,0x11,0x11,0x11,0x11,0x11,0x11,0x10,0x00,0x00,0x00,0x00,0x00,0x00,0x12,0x11,0x11,0x11,0x11,
  0x11,0x11,0x11,0x11,0x11,0x11,0x11,0x11,0x11,0x11,0x11,0x11,0x11,0x00,0x00,0x00,0x00,0x00,0x00,0x11,
  0x11,0x11,0x11,0x11,0x11,0x11,0x11,0x11,0x11,0x11,0x11,0x11,0x11,0x11,0x11,0x11,0x11,0x00,0x00,0x00,
  0x00,0x00,0x01,0x21,0x11,0x11,0x11,0x11,0x11,0x11,0x11,0x11,0x11,0x11,0x11,0x11,0x11,0x11,0x11,0x11,
  0x11,0x10,0x00,0x00,0x00,0x00,0x01,0x11,0x11,0x11,0x11,0x11,0x11,0x11,0x11,0x11,0x11,0x11,0x11,0x11,
  0x11,0x11,0x11,0x11,0x11,0x10,0x00,0x00,0x00,0x00,0x22,0x11,0x11,0x11,0x11,0x11,0x11,0x11,0x11,0x11,
  0x11,0x11,0x11,0x11,0x11,0x11,0x11,0x11,0x11,0x11,0x00,0x00,0x00,0x00,0x11,0x11,0x11,0x11,0x11,0x11,
  0x11,0x11,0x11,0x11,0x11,0x11,0x11,0x11,0x11,0x11,0x11,0x11,0x11,0x11,0x00,0x00,0x00,0x00,0x12,0x11,
  0x11,0x11,0x11,0x11,0x11,0x11,0x11,0x11,0x11,0x11,0x11,0x11,0x11,0x11,0x11,0x11,0x11,0x11,0x00,0x00,
  0x00,0x00,0x21,0x11,0x11,0x11,0x11,0x11,0x11,0x11,0x11,0x11,0x11,0x11,0x11,0x11,0x11,0x11,0x11,0x11,
  0x11,0x11,0x00,0x00,0x00,0x00,0x21,0x11,0x11,0x11,0x11,0x11,0x11,0x11,0x11,0x11,0x11,0x11,0x11,0x11,
  0x11,0x11,0x11,0x11,0x11,0x11,0x10,0x00,0x00,0x02,0x11,0x11,0x11,0x11,0x11,0x11,0x11,0x11,0x11,0x11,
  0x11,0x11,0x11,0x11,0x11,0x11,0x11,0x11,0x11,0x11,0x20,0x00,0x00,0x01,0x21,0x11,0x11,0x11,0x11,0x11,
  0x11,0x11,0x11,0x11,0x11,0x11,0x11,0x11,0x11,0x11,0x11,0x11,0x11,0x11,0x10,0x00,0x00,0x02,0x11,0x11,
  0x11,0x11,0x11,0x11,0x11,0x11,0x11,0x11,0x11,0x11,0x11,0x11,0x11,0x11,0x11,0x11,0x11,0x11,0x10,0x00,
  0x00,0x01,0x21,0x11,0x11,0x11,0x11,0x11,0x11,0x11,0x11,0x11,0x11,0x11,0x11,0x11,0x11,0x11,0x11,0x11,
  0x11,0x11,0x20,0x00,0x00,0x00,0x21,0x11,0x11,0x11,0x11,0x11,0x11,0x11,0x11,0x11,0x11,0x11,0x11,0x11,
  0x11,0x11,0x11,0x11,0x11,0x11,0x10,0x00,0x00,0x00,0x21,0x11,0x11,0x11,0x11,0x11,0x11,0x11,0x11,0x11,
  0x11,0x11,0x11,0x11,0x11,0x11,0x11,0x11,0x11,0x11,0x00,0x00,0x00,0x00,0x12,0x11,0x11,0x11,0x11,0x11,
  0x11,0x11,0x11,0x11,0x11,0x11,0x11,0x11,0x11,0x11,0x11,0x11,0x11,0x11,0x00,0x00,0x00,0x00,0x12,0x11,
  0x11,0x11,0x11,0x11,0x11,0x11,0x11,0x11,0x11,0x11,0x11,0x11,0x11,0x11,0x11,0x11,0x11,0x11,0x00,0x00,
  0x00,0x00,0x21,0x11,0x11,0x11,0x11,0x11,0x11,0x11,0x11,0x11,0x11,0x11,0x11,0x11,0x11,0x11,0x11,0x11,
  0x11,0x11,0x00,0x00,0x00,0x00,0x01,0x21,0x11,0x11,0x11,0x11,0x11,0x11,0x11,0x11,0x11,0x11,0x11,0x11,
  0x11,0x11,0x11,0x11,0x11,0x10,0x00,0x00,0x00,0x00,0x01,0x21,0x11,0x11,0x11,0x11,0x11,0x11,0x11,0x11,
  0x11,0x11,0x11,0x11,0x11,0x11,0x11,0x11,0x11,0x10,0x00,0x00,0x00,0x00,0x00,0x11,0x11,0x11,0x11,0x11,
  0x11,0x11,0x11,0x11,0x11,0x11,0x11,0x11,0x11,0x11,0x11,0x11,0x11,0x00,0x00,0x00,0x00,0x00,0x00,0x12,
  0x11,0x11,0x11,0x11,0x11,0x11,0x11,0x11,0x11,0x11,0x11,0x11,0x11,0x11,0x11,0x11,0x11,0x00,0x00,0x00,
  0x00,0x00,0x00,0x01,0x11,0x11,0x11,0x11,0x11,0x11,0x11,0x11,0x11,0x11,0x11,0x11,0x11,0x11,0x11,0x11,
  0x10,0x00,0x00,0x00,0x00,0x00,0x00,0x00,0x11,0x11,0x11,0x11,0x11,0x11,0x11,0x11,0x11,0x11,0x11,0x11,
  0x11,0x11,0x11,0x11,0x00,0x00,0x00,0x00,0x00,0x00,0x00,0x00,0x21,0x11,0x11,0x11,0x11,0x11,0x11,0x11,
  0x11,0x11,0x11,0x11,0x11,0x11,0x11,0x11,0x00,0x00,0x00,0x00,0x00,0x00,0x00,0x00,0x01,0x11,0x11,0x11,
  0x11,0x11,0x11,0x11,0x11,0x11,0x11,0x11,0x11,0x11,0x11,0x10,0x00,0x00,0x00,0x00,0x00,0x00,0x00,0x00,
  0x00,0x21,0x11,0x11,0x11,0x11,0x11,0x11,0x11,0x11,0x11,0x11,0x11,0x11,0x11,0x00,0x00,0x00,0x00,0x00,
  0x00,0x00,0x00,0x00,0x00,0x00,0x11,0x11,0x11,0x11,0x11,0x11,0x11,0x11,0x11,0x11,0x11,0x11,0x00,0x00,
  0x00,0x00,0x00,0x00,0x00,0x00,0x00,0x00,0x00,0x00,0x01,0x11,0x11,0x11,0x11,0x11,0x11,0x11,0x11,0x11,
  0x11,0x10,0x00,0x00,0x00,0x00,0x00,0x00,0x00,0x00,0x00,0x00,0x00,0x00,0x00,0x01,0x11,0x11,0x11,0x11,
  0x11,0x11,0x11,0x11,0x10,0x00,0x00,0x00,0x00,0x00,0x00,0x00,0x00,0x00,0x00,0x00,0x00,0x00,0x00,0x00,
  0x01,0x11,0x11,0x11,0x11,0x11,0x11,0x10,0x00,0x00,0x00,0x00,0x00,0x00,0x00,0x00,0x00,0x00,0x00,0x00,
  0x00,0x00,0x00,0x00,0x00,0x00,0x01,0x21,0x21,0x20,0x00,0x00,0x00,0x00,0x00,0x00,0x00,0x00,0x00,0x00,
  0x00,0x00,0x00,0x00,0x00,0x00,0x00,0x00,0x00,0x00,0x00,0x00,0x00,0x00,0x00,0x00,0x00,0x00,0x00,0x00,
  0x00,0x00,0x00,0x00,0x00,0x00,0x00,0x00,0x00,0x00,0x00,0x00,0x00,0x00,0x00,0x00,0x00,0x00,0x00,0x00,
  0x00,0x00,0x00,0x00,0x00,0x00,0x00,0x00,0x00,0x00,0x00,0x00,0x00,0x00,0x00,0x00,0x00,0x00,0x00,0x00,
  0x00,0x00,0x00,0x00,0x00,0x00,0x00,0x00,0x00,0x00,0x00,0x00,
};

static const uint8_t moon15_40[800] PROGMEM = {
  0x00,0x00,0x00,0x00,0x00,0x00,0x00,0x00,0x00,0x00,0x00,0x00,0x00,0x00,0x00,0x00,0x00,0x00,0x00,0x00,
  0x00,0x00,0x00,0x00,0x00,0x00,0x00,0x00,0x00,0x00,0x00,0x00,0x00,0x00,0x00,0x00,0x00,0x00,0x00,0x00,
  0x00,0x00,0x00,0x00,0x00,0x00,0x00,0x00,0x00,0x00,0x00,0x00,0x00,0x00,0x00,0x00,0x00,0x00,0x00,0x00,
  0x00,0x00,0x00,0x00,0x00,0x00,0x00,0x01,0x11,0x11,0x11,0x11,0x20,0x00,0x00,0x00,0x00,0x00,0x00,0x00,
  0x00,0x00,0x00,0x00,0x00,0x00,0x01,0x11,0x11,0x11,0x11,0x11,0x11,0x10,0x00,0x00,0x00,0x00,0x00,0x00,
  0x00,0x00,0x00,0x00,0x00,0x01,0x11,0x11,0x11,0x11,0x11,0x11,0x11,0x11,0x10,0x00,0x00,0x00,0x00,0x00,
  0x00,0x00,0x00,0x00,0x01,0x11,0x11,0x11,0x11,0x11,0x11,0x11,0x11,0x11,0x11,0x10,0x00,0x00,0x00,0x00,
  0x00,0x00,0x00,0x00,0x11,0x11,0x11,0x11,0x11,0x11,0x11,0x11,0x11,0x11,0x11,0x11,0x00,0x00,0x00,0x00,
  0x00,0x00,0x00,0x01,0x21,0x11,0x11,0x11,0x11,0x11,0x11,0x11,0x11,0x11,0x11,0x11,0x10,0x00,0x00,0x00,
  0x00,0x00,0x00,0x21,0x11,0x11,0x11,0x11,0x11,0x11,0x11,0x11,0x11,0x11,0x11,0x11,0x12,0x00,0x00,0x00,
  0x00,0x00,0x00,0x11,0x11,0x11,0x11,0x11,0x11,0x11,0x11,0x11,0x11,0x11,0x11,0x11,0x11,0x00,0x00,0x00,
  0x00,0x00,0x01,0x11,0x11,0x11,0x11,0x11,0x11,0x11,0x11,0x11,0x11,0x11,0x11,0x11,0x11,0x10,0x00,0x00,
  0x00,0x00,0x01,0x11,0x11,0x11,0x11,0x11,0x11,0x11,0x11,0x11,0x11,0x11,0x11,0x11,0x11,0x10,0x00,0x00,
  0x00,0x00,0x12,0x11,0x11,0x11,0x11,0x11,0x11,0x11,0x11,0x11,0x11,0x11,0x11,0x11,0x11,0x11,0x00,0x00,
  0x00,0x00,0x11,0x11,0x11,0x11,0x11,0x11,0x11,0x11,0x11,0x11,0x11,0x11,0x11,0x11,0x11,0x11,0x00,0x00,
  0x00,0x02,0x11,0x11,0x11,0x11,0x11,0x11,0x11,0x11,0x11,0x11,0x11,0x11,0x11,0x11,0x11,0x11,0x10,0x00,
  0x00,0x01,0x21,0x11,0x11,0x11,0x11,0x11,0x11,0x11,0x11,0x11,0x11,0x11,0x11,0x11,0x11,0x11,0x10,0x00,
  0x00,0x02,0x11,0x11,0x11,0x11,0x11,0x11,0x11,0x11,0x11,0x11,0x11,0x11,0x11,0x11,0x11,0x11,0x10,0x00,
  0x00,0x01,0x11,0x11,0x11,0x11,0x11,0x11,0x11,0x11,0x11,0x11,0x11,0x11,0x11,0x11,0x11,0x11,0x10,0x00,
  0x00,0x02,0x11,0x11,0x11,0x11,0x11,0x11,0x11,0x11,0x11,0x11,0x11,0x11,0x11,0x11,0x11,0x11,0x10,0x00,
  0x00,0x01,0x11,0x11,0x11,0x11,0x11,0x11,0x11,0x11,0x11,0x11,0x11,0x11,0x11,0x11,0x11,0x11,0x10,0x00,
  0x00,0x02,0x11,0x11,0x11,0x11,0x11,0x11,0x11,0x11,0x11,0x11,0x11,0x11,0x11,0x11,0x11,0x11,0x10,0x00,
  0x00,0x01,0x21,0x11,0x11,0x11,0x11,0x11,0x11,0x11,0x11,0x11,0x11,0x11,0x11,0x11,0x11,0x11,0x10,0x00,
  0x00,0x01,0x11,0x11,0x11,0x11,0x11,0x11,0x11,0x11,0x11,0x11,0x11,0x11,0x11,0x11,0x11,0x11,0x10,0x00,
  0x00,0x02,0x21,0x11,0x11,0x11,0x11,0x11,0x11,0x11,0x11,0x11,0x11,0x11,0x11,0x11,0x11,0x11,0x10,0x00,
  0x00,0x00,0x11,0x11,0x11,0x11,0x11,0x11,0x11,0x11,0x11,0x11,0x11,0x11,0x11,0x11,0x11,0x11,0x00,0x00,
  0x00,0x00,0x12,0x11,0x11,0x11,0x11,0x11,0x11,0x11,0x11,0x11,0x11,0x11,0x11,0x11,0x11,0x11,0x00,0x00,
  0x00,0x00,0x01,0x11,0x11,0x11,0x11,0x11,0x11,0x11,0x11,0x11,0x11,0x11,0x11,0x11,0x11,0x12,0x00,0x00,
  0x00,0x00,0x01,0x11,0x11,0x11,0x11,0x11,0x11,0x11,0x11,0x11,0x11,0x11,0x11,0x11,0x11,0x10,0x00,0x00,
  0x00,0x00,0x00,0x11,0x11,0x11,0x11,0x11,0x11,0x11,0x11,0x11,0x11,0x11,0x11,0x11,0x11,0x00,0x00,0x00,
  0x00,0x00,0x00,0x21,0x11,0x11,0x11,0x11,0x11,0x11,0x11,0x11,0x11,0x11,0x11,0x11,0x11,0x00,0x00,0x00,
  0x00,0x00,0x00,0x01,0x21,0x11,0x11,0x11,0x11,0x11,0x11,0x11,0x11,0x11,0x11,0x11,0x10,0x00,0x00,0x00,
  0x00,0x00,0x00,0x00,0x11,0x11,0x11,0x11,0x11,0x11,0x11,0x11,0x11,0x11,0x11,0x11,0x00,0x00,0x00,0x00,
  0x00,0x00,0x00,0x00,0x01,0x11,0x11,0x11,0x11,0x11,0x11,0x11,0x11,0x11,0x11,0x10,0x00,0x00,0x00,0x00,
  0x00,0x00,0x00,0x00,0x00,0x01,0x11,0x11,0x11,0x11,0x11,0x11,0x11,0x11,0x10,0x00,0x00,0x00,0x00,0x00,
  0x00,0x00,0x00,0x00,0x00,0x00,0x01,0x11,0x11,0x11,0x11,0x11,0x11,0x12,0x00,0x00,0x00,0x00,0x00,0x00,
  0x00,0x00,0x00,0x00,0x00,0x00,0x00,0x01,0x11,0x11,0x11,0x11,0x20,0x00,0x00,0x00,0x00,0x00,0x00,0x00,
  0x00,0x00,0x00,0x00,0x00,0x00,0x00,0x00,0x00,0x00,0x00,0x00,0x00,0x00,0x00,0x00,0x00,0x00,0x00,0x00,
  0x00,0x00,0x00,0x00,0x00,0x00,0x00,0x00,0x00,0x00,0x00,0x00,0x00,0x00,0x00,0x00,0x00,0x00,0x00,0x00,
  0x00,0x00,0x00,0x00,0x00,0x00,0x00,0x00,0x00,0x00,0x00,0x00,0x00,0x00,0x00,0x00,0x00,0x00,0x00,0x00,
};

static const uint8_t * const MOON_DITHER_48[16] = {
  moon00_48,
  moon01_48,
  moon02_48,
  moon03_48,
  moon04_48,
  moon05_48,
  moon06_48,
  moon07_48,
  moon08_48,
  moon09_48,
  moon10_48,
  moon11_48,
  moon12_48,
  moon13_48,
  moon14_48,
  moon15_48,
};
static const uint8_t * const MOON_DITHER_40[16] = {
  moon00_40,
  moon01_40,
  moon02_40,
  moon03_40,
  moon04_40,
  moon05_40,
  moon06_40,
  moon07_40,
  moon08_40,
  moon09_40,
  moon10_40,
  moon11_40,
  moon12_40,
  moon13_40,
  moon14_40,
  moon15_40,
};

#endif
